Image,Row,Col,Pixel_X,Pixel_Y,Northing,Easting,Average_NDVI,Vegetation_Ratio,Status,Latitude,Longitude
jpr_20240528_AB01_MS_aligned_sun-all,0,16,1056,27,4300385.721739285,621347.9849466707,0.52366817,0.8119318181818181,HEALTHY,38.843924098155895,-7.601716343305757
jpr_20240528_AB01_MS_aligned_sun-all,0,17,1120,27,4300385.721739285,621351.1849466516,0.5343342,0.8227272727272728,HEALTHY,38.843923656794644,-7.60167948016655
jpr_20240528_AB01_MS_aligned_sun-all,1,13,864,82,4300382.971930315,621338.3849467281,0.51788557,0.6178977272727273,HEALTHY,38.84390064939063,-7.601827417655494
jpr_20240528_AB01_MS_aligned_sun-all,1,14,928,82,4300382.971930315,621341.584946709,0.52828926,0.9491477272727272,HEALTHY,38.84390020806466,-7.601790554526638
jpr_20240528_AB01_MS_aligned_sun-all,1,15,992,82,4300382.971930315,621344.7849466898,0.49509776,1.0,HEALTHY,38.84389976672704,-7.60175369139859
jpr_20240528_AB01_MS_aligned_sun-all,1,16,1056,82,4300382.971930315,621347.9849466707,0.52782303,1.0,HEALTHY,38.843899325377805,-7.601716828271349
jpr_20240528_AB01_MS_aligned_sun-all,1,17,1120,82,4300382.971930315,621351.1849466516,0.54946035,0.9392045454545456,HEALTHY,38.84389888401692,-7.601679965144917
jpr_20240528_AB01_MS_aligned_sun-all,1,18,1184,82,4300382.971930315,621354.3849466324,0.5578754,1.0,HEALTHY,38.84389844264443,-7.601643102019292
jpr_20240528_AB01_MS_aligned_sun-all,1,19,1248,82,4300382.971930315,621357.5849466133,0.5595048,0.94375,HEALTHY,38.84389800126031,-7.601606238894475
jpr_20240528_AB01_MS_aligned_sun-all,1,20,1312,82,4300382.971930315,621360.7849465943,0.53520906,0.5974431818181818,HEALTHY,38.843897559864544,-7.601569375770467
jpr_20240528_AB01_MS_aligned_sun-all,2,12,800,137,4300380.222121344,621335.1849467471,0.46725297,0.7377840909090909,HEALTHY,38.84387631792521,-7.601864765699058
jpr_20240528_AB01_MS_aligned_sun-all,2,13,864,137,4300380.222121344,621338.3849467281,0.518768,0.9650568181818182,HEALTHY,38.84387587661124,-7.601827902582166
jpr_20240528_AB01_MS_aligned_sun-all,2,14,928,137,4300380.222121344,621341.584946709,0.48231193,0.9775568181818182,HEALTHY,38.843875435285646,-7.601791039466084
jpr_20240528_AB01_MS_aligned_sun-all,2,15,992,137,4300380.222121344,621344.7849466898,0.5296217,1.0,HEALTHY,38.843874993948425,-7.601754176350811
jpr_20240528_AB01_MS_aligned_sun-all,2,16,1056,137,4300380.222121344,621347.9849466707,0.5088913,0.9198863636363636,HEALTHY,38.843874552599566,-7.601717313236344
jpr_20240528_AB01_MS_aligned_sun-all,2,17,1120,137,4300380.222121344,621351.1849466516,0.5778313,1.0,HEALTHY,38.84387411123909,-7.601680450122688
jpr_20240528_AB01_MS_aligned_sun-all,2,18,1184,137,4300380.222121344,621354.3849466324,0.53488463,0.9829545454545454,HEALTHY,38.84387366986697,-7.601643587009838
jpr_20240528_AB01_MS_aligned_sun-all,2,19,1248,137,4300380.222121344,621357.5849466133,0.5546936,0.9494318181818182,HEALTHY,38.843873228483226,-7.601606723897796
jpr_20240528_AB01_MS_aligned_sun-all,2,20,1312,137,4300380.222121344,621360.7849465943,0.5658789,0.9667613636363636,HEALTHY,38.84387278708787,-7.6015698607865625
jpr_20240528_AB01_MS_aligned_sun-all,2,21,1376,137,4300380.222121344,621363.9849465751,0.5676731,0.9301136363636364,HEALTHY,38.843872345680865,-7.601532997676138
jpr_20240528_AB01_MS_aligned_sun-all,2,22,1440,137,4300380.222121344,621367.184946556,0.5718622,0.6522727272727272,HEALTHY,38.84387190426224,-7.6014961345665215
jpr_20240528_AB01_MS_aligned_sun-all,3,11,736,192,4300377.472312373,621331.9849467663,0.50447744,0.5673295454545455,HEALTHY,38.84385198644726,-7.601902113717278
jpr_20240528_AB01_MS_aligned_sun-all,3,12,800,192,4300377.472312373,621335.1849467471,0.49322832,0.9914772727272728,HEALTHY,38.84385154514532,-7.601865250612356
jpr_20240528_AB01_MS_aligned_sun-all,3,13,864,192,4300377.472312373,621338.3849467281,0.4796304,1.0,HEALTHY,38.84385110383173,-7.601828387508238
jpr_20240528_AB01_MS_aligned_sun-all,3,14,928,192,4300377.472312373,621341.584946709,0.49980596,0.9857954545454546,HEALTHY,38.843850662506526,-7.601791524404932
jpr_20240528_AB01_MS_aligned_sun-all,3,15,992,192,4300377.472312373,621344.7849466898,0.50512576,0.9806818181818182,HEALTHY,38.843850221169696,-7.601754661302434
jpr_20240528_AB01_MS_aligned_sun-all,3,16,1056,192,4300377.472312373,621347.9849466707,0.542447,0.9065340909090908,HEALTHY,38.84384977982124,-7.601717798200743
jpr_20240528_AB01_MS_aligned_sun-all,3,17,1120,192,4300377.472312373,621351.1849466516,0.5403411,0.921875,HEALTHY,38.84384933846113,-7.6016809350998615
jpr_20240528_AB01_MS_aligned_sun-all,3,18,1184,192,4300377.472312373,621354.3849466324,0.56905425,0.9051136363636364,HEALTHY,38.84384889708941,-7.601644071999787
jpr_20240528_AB01_MS_aligned_sun-all,3,19,1248,192,4300377.472312373,621357.5849466133,0.53250974,0.9190340909090908,HEALTHY,38.84384845570606,-7.60160720890052
jpr_20240528_AB01_MS_aligned_sun-all,3,20,1312,192,4300377.472312373,621360.7849465943,0.58710504,0.91875,HEALTHY,38.84384801431108,-7.601570345802061
jpr_20240528_AB01_MS_aligned_sun-all,3,21,1376,192,4300377.472312373,621363.9849465751,0.598745,0.93125,HEALTHY,38.843847572904465,-7.601533482704411
jpr_20240528_AB01_MS_aligned_sun-all,3,22,1440,192,4300377.472312373,621367.184946556,0.5586103,0.9258522727272728,HEALTHY,38.843847131486235,-7.60149661960757
jpr_20240528_AB01_MS_aligned_sun-all,3,23,1504,192,4300377.472312373,621370.3849465369,0.55339146,0.928409090909091,HEALTHY,38.84384669005637,-7.601459756511535
jpr_20240528_AB01_MS_aligned_sun-all,3,24,1568,192,4300377.472312373,621373.5849465177,0.5605713,0.625,HEALTHY,38.84384624861486,-7.601422893416311
jpr_20240528_AB01_MS_aligned_sun-all,4,10,672,247,4300374.722503403,621328.7849467854,0.54726845,0.6517045454545455,HEALTHY,38.84382765495681,-7.6019394617101606
jpr_20240528_AB01_MS_aligned_sun-all,4,11,736,247,4300374.722503403,621331.9849467663,0.50126874,0.9471590909090908,HEALTHY,38.843827213666884,-7.6019025986172055
jpr_20240528_AB01_MS_aligned_sun-all,4,12,800,247,4300374.722503403,621335.1849467471,0.5282758,0.984375,HEALTHY,38.84382677236532,-7.601865735525058
jpr_20240528_AB01_MS_aligned_sun-all,4,13,864,247,4300374.722503403,621338.3849467281,0.4844829,0.9048295454545454,HEALTHY,38.84382633105213,-7.601828872433716
jpr_20240528_AB01_MS_aligned_sun-all,4,14,928,247,4300374.722503403,621341.584946709,0.5268103,0.9119318181818182,HEALTHY,38.843825889727306,-7.601792009343185
jpr_20240528_AB01_MS_aligned_sun-all,4,15,992,247,4300374.722503403,621344.7849466898,0.51852953,0.8329545454545455,HEALTHY,38.84382544839086,-7.601755146253462
jpr_20240528_AB01_MS_aligned_sun-all,4,16,1056,247,4300374.722503403,621347.9849466707,0.5815362,0.8764204545454546,HEALTHY,38.843825007042774,-7.601718283164545
jpr_20240528_AB01_MS_aligned_sun-all,4,17,1120,247,4300374.722503403,621351.1849466516,0.51457775,0.8485795454545455,HEALTHY,38.84382456568308,-7.601681420076439
jpr_20240528_AB01_MS_aligned_sun-all,4,18,1184,247,4300374.722503403,621354.3849466324,0.55654407,0.8411931818181818,HEALTHY,38.843824124311745,-7.601644556989139
jpr_20240528_AB01_MS_aligned_sun-all,4,19,1248,247,4300374.722503403,621357.5849466133,0.5299982,0.8286931818181819,HEALTHY,38.84382368292877,-7.601607693902648
jpr_20240528_AB01_MS_aligned_sun-all,4,20,1312,247,4300374.722503403,621360.7849465943,0.59419507,0.9255681818181818,HEALTHY,38.84382324153418,-7.6015708308169625
jpr_20240528_AB01_MS_aligned_sun-all,4,21,1376,247,4300374.722503403,621363.9849465751,0.58423895,0.8630681818181818,HEALTHY,38.84382280012797,-7.601533967732088
jpr_20240528_AB01_MS_aligned_sun-all,4,22,1440,247,4300374.722503403,621367.184946556,0.561712,0.9125,HEALTHY,38.84382235871011,-7.601497104648022
jpr_20240528_AB01_MS_aligned_sun-all,4,23,1504,247,4300374.722503403,621370.3849465369,0.5475771,0.853125,HEALTHY,38.843821917280636,-7.601460241564762
jpr_20240528_AB01_MS_aligned_sun-all,4,24,1568,247,4300374.722503403,621373.5849465177,0.5822437,0.9943181818181818,HEALTHY,38.84382147583952,-7.601423378482313
jpr_20240528_AB01_MS_aligned_sun-all,4,25,1632,247,4300374.722503403,621376.7849464986,0.5599693,0.990625,HEALTHY,38.8438210343868,-7.60138651540067
jpr_20240528_AB01_MS_aligned_sun-all,4,26,1696,247,4300374.722503403,621379.9849464794,0.5396717,0.569034090909091,HEALTHY,38.84382059292242,-7.601349652319838
jpr_20240528_AB01_MS_aligned_sun-all,5,9,608,302,4300371.972694432,621325.5849468046,0.5481938,0.5204545454545455,HEALTHY,38.843803323453834,-7.601976809677704
jpr_20240528_AB01_MS_aligned_sun-all,5,10,672,302,4300371.972694432,621328.7849467854,0.51437336,0.9264204545454544,HEALTHY,38.843802882175915,-7.6019399465967155
jpr_20240528_AB01_MS_aligned_sun-all,5,11,736,302,4300371.972694432,621331.9849467663,0.52623165,0.9252840909090908,HEALTHY,38.84380244088638,-7.601903083516535
jpr_20240528_AB01_MS_aligned_sun-all,5,12,800,302,4300371.972694432,621335.1849467471,0.5024501,0.9553977272727272,HEALTHY,38.8438019995852,-7.601866220437162
jpr_20240528_AB01_MS_aligned_sun-all,5,13,864,302,4300371.972694432,621338.3849467281,0.5076093,0.8420454545454545,HEALTHY,38.8438015582724,-7.6018293573585956
jpr_20240528_AB01_MS_aligned_sun-all,5,14,928,302,4300371.972694432,621341.584946709,0.5073726,0.7741477272727273,HEALTHY,38.843801116947965,-7.60179249428084
jpr_20240528_AB01_MS_aligned_sun-all,5,15,992,302,4300371.972694432,621344.7849466898,0.5402555,0.7701704545454545,HEALTHY,38.84380067561192,-7.601755631203891
jpr_20240528_AB01_MS_aligned_sun-all,5,16,1056,302,4300371.972694432,621347.9849466707,0.52849114,0.8255681818181818,HEALTHY,38.84380023426423,-7.60171876812775
jpr_20240528_AB01_MS_aligned_sun-all,5,17,1120,302,4300371.972694432,621351.1849466516,0.5625975,0.8053977272727273,HEALTHY,38.8437997929049,-7.601681905052418
jpr_20240528_AB01_MS_aligned_sun-all,5,18,1184,302,4300371.972694432,621354.3849466324,0.54193777,0.8130681818181819,HEALTHY,38.84379935153396,-7.601645041977894
jpr_20240528_AB01_MS_aligned_sun-all,5,19,1248,302,4300371.972694432,621357.5849466133,0.58352935,0.8474431818181818,HEALTHY,38.843798910151385,-7.601608178904177
jpr_20240528_AB01_MS_aligned_sun-all,5,20,1312,302,4300371.972694432,621360.7849465943,0.5731704,0.8434659090909091,HEALTHY,38.84379846875718,-7.601571315831269
jpr_20240528_AB01_MS_aligned_sun-all,5,21,1376,302,4300371.972694432,621363.9849465751,0.59554267,0.9454545454545454,HEALTHY,38.84379802735135,-7.601534452759169
jpr_20240528_AB01_MS_aligned_sun-all,5,22,1440,302,4300371.972694432,621367.184946556,0.5742478,0.8434659090909091,HEALTHY,38.843797585933885,-7.6014975896878765
jpr_20240528_AB01_MS_aligned_sun-all,5,23,1504,302,4300371.972694432,621370.3849465369,0.5809901,0.837215909090909,HEALTHY,38.843797144504784,-7.601460726617393
jpr_20240528_AB01_MS_aligned_sun-all,5,24,1568,302,4300371.972694432,621373.5849465177,0.56400174,0.938068181818182,HEALTHY,38.84379670306407,-7.601423863547718
jpr_20240528_AB01_MS_aligned_sun-all,5,25,1632,302,4300371.972694432,621376.7849464986,0.54493856,0.921875,HEALTHY,38.84379626161173,-7.601387000478851
jpr_20240528_AB01_MS_aligned_sun-all,5,26,1696,302,4300371.972694432,621379.9849464794,0.53247505,0.9602272727272728,HEALTHY,38.84379582014775,-7.601350137410792
jpr_20240528_AB01_MS_aligned_sun-all,5,27,1760,302,4300371.972694432,621383.1849464604,0.50499654,0.8360795454545454,HEALTHY,38.84379537867214,-7.601313274343541
jpr_20240528_AB01_MS_aligned_sun-all,6,9,608,357,4300369.2228854615,621325.5849468046,0.5719103,0.9073863636363636,HEALTHY,38.84377855067245,-7.601977294550888
jpr_20240528_AB01_MS_aligned_sun-all,6,10,672,357,4300369.2228854615,621328.7849467854,0.5214656,0.9306818181818182,HEALTHY,38.84377810939492,-7.601940431482674
jpr_20240528_AB01_MS_aligned_sun-all,6,11,736,357,4300369.2228854615,621331.9849467663,0.5268188,0.9599431818181818,HEALTHY,38.843777668105766,-7.60190356841527
jpr_20240528_AB01_MS_aligned_sun-all,6,12,800,357,4300369.2228854615,621335.1849467471,0.47863576,0.8201704545454546,HEALTHY,38.84377722680499,-7.601866705348672
jpr_20240528_AB01_MS_aligned_sun-all,6,13,864,357,4300369.2228854615,621338.3849467281,0.51909256,0.8079545454545455,HEALTHY,38.843776785492565,-7.60182984228288
jpr_20240528_AB01_MS_aligned_sun-all,6,14,928,357,4300369.2228854615,621341.584946709,0.50070167,0.8045454545454546,HEALTHY,38.843776344168525,-7.601792979217899
jpr_20240528_AB01_MS_aligned_sun-all,6,15,992,357,4300369.2228854615,621344.7849466898,0.55182827,0.7582386363636363,HEALTHY,38.84377590283286,-7.601756116153725
jpr_20240528_AB01_MS_aligned_sun-all,6,16,1056,357,4300369.2228854615,621347.9849466707,0.5398233,0.8045454545454546,HEALTHY,38.843775461485556,-7.6017192530903595
jpr_20240528_AB01_MS_aligned_sun-all,6,17,1120,357,4300369.2228854615,621351.1849466516,0.5229387,0.7818181818181819,HEALTHY,38.84377502012662,-7.601682390027802
jpr_20240528_AB01_MS_aligned_sun-all,6,18,1184,357,4300369.2228854615,621354.3849466324,0.57406473,0.7789772727272727,HEALTHY,38.84377457875607,-7.6016455269660534
jpr_20240528_AB01_MS_aligned_sun-all,6,19,1248,357,4300369.2228854615,621357.5849466133,0.5798453,0.7963068181818181,HEALTHY,38.843774137373885,-7.601608663905112
jpr_20240528_AB01_MS_aligned_sun-all,6,20,1312,357,4300369.2228854615,621360.7849465943,0.571173,0.825,HEALTHY,38.84377369598007,-7.601571800844978
jpr_20240528_AB01_MS_aligned_sun-all,6,21,1376,357,4300369.2228854615,621363.9849465751,0.6051763,0.8954545454545455,HEALTHY,38.84377325457463,-7.601534937785652
jpr_20240528_AB01_MS_aligned_sun-all,6,22,1440,357,4300369.2228854615,621367.184946556,0.5601186,0.7982954545454546,HEALTHY,38.84377281315755,-7.601498074727136
jpr_20240528_AB01_MS_aligned_sun-all,6,23,1504,357,4300369.2228854615,621370.3849465369,0.5583877,0.9161931818181818,HEALTHY,38.84377237172885,-7.601461211669427
jpr_20240528_AB01_MS_aligned_sun-all,6,24,1568,357,4300369.2228854615,621373.5849465177,0.5458645,0.8392045454545455,HEALTHY,38.843771930288504,-7.601424348612527
jpr_20240528_AB01_MS_aligned_sun-all,6,25,1632,357,4300369.2228854615,621376.7849464986,0.54272234,0.8397727272727272,HEALTHY,38.84377148883655,-7.601387485556434
jpr_20240528_AB01_MS_aligned_sun-all,6,26,1696,357,4300369.2228854615,621379.9849464794,0.5551099,0.8536931818181818,HEALTHY,38.84377104737296,-7.601350622501151
jpr_20240528_AB01_MS_aligned_sun-all,6,27,1760,357,4300369.2228854615,621383.1849464604,0.53429365,0.8542613636363636,HEALTHY,38.84377060589774,-7.601313759446674
jpr_20240528_AB01_MS_aligned_sun-all,6,28,1824,357,4300369.2228854615,621386.3849464413,0.54957104,0.9988636363636364,HEALTHY,38.84377016441089,-7.601276896393008
jpr_20240528_AB01_MS_aligned_sun-all,6,29,1888,357,4300369.2228854615,621389.5849464221,0.529554,0.8946022727272728,HEALTHY,38.84376972291241,-7.601240033340148
jpr_20240528_AB01_MS_aligned_sun-all,7,7,480,412,4300366.473076492,621319.1849468428,0.56338394,0.5227272727272727,HEALTHY,38.84375466041035,-7.602051505536777
jpr_20240528_AB01_MS_aligned_sun-all,7,8,544,412,4300366.473076492,621322.3849468237,0.5533858,0.9522727272727272,HEALTHY,38.843754219156466,-7.602014642479722
jpr_20240528_AB01_MS_aligned_sun-all,7,9,608,412,4300366.473076492,621325.5849468046,0.53618646,0.9267045454545456,HEALTHY,38.84375377789095,-7.601977779423476
jpr_20240528_AB01_MS_aligned_sun-all,7,10,672,412,4300366.473076492,621328.7849467854,0.55767584,0.9801136363636364,HEALTHY,38.84375333661382,-7.6019409163680365
jpr_20240528_AB01_MS_aligned_sun-all,7,11,736,412,4300366.473076492,621331.9849467663,0.51490676,0.8630681818181818,HEALTHY,38.843752895325046,-7.601904053313406
jpr_20240528_AB01_MS_aligned_sun-all,7,12,800,412,4300366.473076492,621335.1849467471,0.4978279,0.821875,HEALTHY,38.84375245402465,-7.601867190259584
jpr_20240528_AB01_MS_aligned_sun-all,7,13,864,412,4300366.473076492,621338.3849467281,0.48857987,0.7792613636363637,HEALTHY,38.843752012712635,-7.601830327206567
jpr_20240528_AB01_MS_aligned_sun-all,7,14,928,412,4300366.473076492,621341.584946709,0.5522702,0.8457386363636363,HEALTHY,38.84375157138898,-7.601793464154362
jpr_20240528_AB01_MS_aligned_sun-all,7,15,992,412,4300366.473076492,621344.7849466898,0.5529443,0.7965909090909091,HEALTHY,38.8437511300537,-7.601756601102962
jpr_20240528_AB01_MS_aligned_sun-all,7,16,1056,412,4300366.473076492,621347.9849466707,0.5502336,0.8167613636363636,HEALTHY,38.843750688706784,-7.601719738052371
jpr_20240528_AB01_MS_aligned_sun-all,7,17,1120,412,4300366.473076492,621351.1849466516,0.54460573,0.8150568181818182,HEALTHY,38.84375024734824,-7.601682875002589
jpr_20240528_AB01_MS_aligned_sun-all,7,18,1184,412,4300366.473076492,621354.3849466324,0.58529234,0.815625,HEALTHY,38.84374980597807,-7.601646011953615
jpr_20240528_AB01_MS_aligned_sun-all,7,19,1248,412,4300366.473076492,621357.5849466133,0.5479984,0.8153409090909091,HEALTHY,38.84374936459627,-7.601609148905449
jpr_20240528_AB01_MS_aligned_sun-all,7,20,1312,412,4300366.473076492,621360.7849465943,0.5314157,0.8335227272727272,HEALTHY,38.843748923202845,-7.601572285858088
jpr_20240528_AB01_MS_aligned_sun-all,7,21,1376,412,4300366.473076492,621363.9849465751,0.53020376,0.8139204545454546,HEALTHY,38.84374848179779,-7.601535422811539
jpr_20240528_AB01_MS_aligned_sun-all,7,22,1440,412,4300366.473076492,621367.184946556,0.5721977,0.8326704545454545,HEALTHY,38.8437480403811,-7.601498559765798
jpr_20240528_AB01_MS_aligned_sun-all,7,23,1504,412,4300366.473076492,621370.3849465369,0.54022586,0.8011363636363636,HEALTHY,38.84374759895279,-7.601461696720864
jpr_20240528_AB01_MS_aligned_sun-all,7,24,1568,412,4300366.473076492,621373.5849465177,0.5410933,0.8278409090909091,HEALTHY,38.843747157512844,-7.601424833676738
jpr_20240528_AB01_MS_aligned_sun-all,7,25,1632,412,4300366.473076492,621376.7849464986,0.5542005,0.8306818181818182,HEALTHY,38.84374671606127,-7.6013879706334215
jpr_20240528_AB01_MS_aligned_sun-all,7,26,1696,412,4300366.473076492,621379.9849464794,0.5215867,0.8269886363636364,HEALTHY,38.84374627459807,-7.601351107590913
jpr_20240528_AB01_MS_aligned_sun-all,7,27,1760,412,4300366.473076492,621383.1849464604,0.54884297,0.8727272727272727,HEALTHY,38.843745833123236,-7.601314244549211
jpr_20240528_AB01_MS_aligned_sun-all,7,28,1824,412,4300366.473076492,621386.3849464413,0.5503369,0.9178977272727272,HEALTHY,38.84374539163677,-7.60127738150832
jpr_20240528_AB01_MS_aligned_sun-all,7,29,1888,412,4300366.473076492,621389.5849464221,0.57953465,0.9076704545454546,HEALTHY,38.84374495013868,-7.601240518468234
jpr_20240528_AB01_MS_aligned_sun-all,7,30,1952,412,4300366.473076492,621392.784946403,0.5397838,0.9721590909090908,HEALTHY,38.84374450862897,-7.601203655428959
jpr_20240528_AB01_MS_aligned_sun-all,7,31,2016,412,4300366.473076492,621395.9849463839,0.5377714,0.7301136363636364,HEALTHY,38.84374406710763,-7.601166792390493
jpr_20240528_AB01_MS_aligned_sun-all,8,7,480,467,4300363.723267521,621319.1849468428,0.39889443,0.9980113636363636,HEALTHY,38.843729887627966,-7.6020519903832176
jpr_20240528_AB01_MS_aligned_sun-all,8,8,544,467,4300363.723267521,621322.3849468237,0.49114197,1.0,HEALTHY,38.84372944637447,-7.602015127338937
jpr_20240528_AB01_MS_aligned_sun-all,8,9,608,467,4300363.723267521,621325.5849468046,0.5618588,1.0,HEALTHY,38.84372900510935,-7.601978264295466
jpr_20240528_AB01_MS_aligned_sun-all,8,10,672,467,4300363.723267521,621328.7849467854,0.5531775,1.0,HEALTHY,38.8437285638326,-7.601941401252802
jpr_20240528_AB01_MS_aligned_sun-all,8,11,736,467,4300363.723267521,621331.9849467663,0.527452,0.9008522727272728,HEALTHY,38.84372812254423,-7.601904538210947
jpr_20240528_AB01_MS_aligned_sun-all,8,12,800,467,4300363.723267521,621335.1849467471,0.48196784,0.7755681818181818,HEALTHY,38.84372768124422,-7.601867675169898
jpr_20240528_AB01_MS_aligned_sun-all,8,13,864,467,4300363.723267521,621338.3849467281,0.5640588,0.7636363636363637,HEALTHY,38.843727239932576,-7.601830812129657
jpr_20240528_AB01_MS_aligned_sun-all,8,14,928,467,4300363.723267521,621341.584946709,0.54385436,0.8198863636363637,HEALTHY,38.84372679860931,-7.601793949090226
jpr_20240528_AB01_MS_aligned_sun-all,8,15,992,467,4300363.723267521,621344.7849466898,0.5738463,0.8221590909090909,HEALTHY,38.84372635727442,-7.601757086051602
jpr_20240528_AB01_MS_aligned_sun-all,8,16,1056,467,4300363.723267521,621347.9849466707,0.5423961,0.7928977272727272,HEALTHY,38.84372591592789,-7.601720223013787
jpr_20240528_AB01_MS_aligned_sun-all,8,17,1120,467,4300363.723267521,621351.1849466516,0.56441367,0.7960227272727273,HEALTHY,38.84372547456974,-7.6016833599767795
jpr_20240528_AB01_MS_aligned_sun-all,8,18,1184,467,4300363.723267521,621354.3849466324,0.5369598,0.7389204545454545,HEALTHY,38.84372503319996,-7.601646496940579
jpr_20240528_AB01_MS_aligned_sun-all,8,19,1248,467,4300363.723267521,621357.5849466133,0.55038226,0.7866477272727272,HEALTHY,38.843724591818535,-7.601609633905189
jpr_20240528_AB01_MS_aligned_sun-all,8,20,1312,467,4300363.723267521,621360.7849465943,0.5187833,0.7176136363636364,HEALTHY,38.84372415042551,-7.601572770870605
jpr_20240528_AB01_MS_aligned_sun-all,8,21,1376,467,4300363.723267521,621363.9849465751,0.5358134,0.7892045454545454,HEALTHY,38.843723709020836,-7.601535907836828
jpr_20240528_AB01_MS_aligned_sun-all,8,22,1440,467,4300363.723267521,621367.184946556,0.55311304,0.8113636363636364,HEALTHY,38.84372326760454,-7.601499044803862
jpr_20240528_AB01_MS_aligned_sun-all,8,23,1504,467,4300363.723267521,621370.3849465369,0.54402196,0.8073863636363636,HEALTHY,38.84372282617662,-7.601462181771704
jpr_20240528_AB01_MS_aligned_sun-all,8,24,1568,467,4300363.723267521,621373.5849465177,0.52670014,0.8230113636363636,HEALTHY,38.84372238473705,-7.601425318740352
jpr_20240528_AB01_MS_aligned_sun-all,8,25,1632,467,4300363.723267521,621376.7849464986,0.54109067,0.8667613636363637,HEALTHY,38.84372194328587,-7.601388455709811
jpr_20240528_AB01_MS_aligned_sun-all,8,26,1696,467,4300363.723267521,621379.9849464794,0.547554,0.8303977272727273,HEALTHY,38.843721501823055,-7.601351592680077
jpr_20240528_AB01_MS_aligned_sun-all,8,27,1760,467,4300363.723267521,621383.1849464604,0.55754155,0.9670454545454544,HEALTHY,38.843721060348614,-7.6013147296511505
jpr_20240528_AB01_MS_aligned_sun-all,8,28,1824,467,4300363.723267521,621386.3849464413,0.54224735,0.8590909090909091,HEALTHY,38.84372061886255,-7.6012778666230325
jpr_20240528_AB01_MS_aligned_sun-all,8,29,1888,467,4300363.723267521,621389.5849464221,0.5454333,0.8852272727272728,HEALTHY,38.843720177364844,-7.6012410035957245
jpr_20240528_AB01_MS_aligned_sun-all,8,30,1952,467,4300363.723267521,621392.784946403,0.5535445,0.9394886363636364,HEALTHY,38.843719735855515,-7.601204140569223
jpr_20240528_AB01_MS_aligned_sun-all,8,31,2016,467,4300363.723267521,621395.9849463839,0.5371979,0.9511363636363636,HEALTHY,38.843719294334555,-7.6011672775435315
jpr_20240528_AB01_MS_aligned_sun-all,8,32,2080,467,4300363.723267521,621399.1849463647,0.55699635,0.9301136363636364,HEALTHY,38.84371885280198,-7.601130414518648
jpr_20240528_AB01_MS_aligned_sun-all,8,33,2144,467,4300363.723267521,621402.3849463456,0.55940276,0.743465909090909,HEALTHY,38.843718411257754,-7.601093551494572
jpr_20240528_AB01_MS_aligned_sun-all,9,6,416,522,4300360.973458551,621315.9849468619,0.596979,0.5267045454545455,HEALTHY,38.84370555608695,-7.602089338261376
jpr_20240528_AB01_MS_aligned_sun-all,9,7,480,522,4300360.973458551,621319.1849468428,0.44830218,1.0,HEALTHY,38.84370511484549,-7.602052475229061
jpr_20240528_AB01_MS_aligned_sun-all,9,8,544,522,4300360.973458551,621322.3849468237,0.38205442,1.0,HEALTHY,38.84370467359237,-7.602015612197557
jpr_20240528_AB01_MS_aligned_sun-all,9,9,608,522,4300360.973458551,621325.5849468046,0.4180109,1.0,HEALTHY,38.843704232327646,-7.601978749166861
jpr_20240528_AB01_MS_aligned_sun-all,9,10,672,522,4300360.973458551,621328.7849467854,0.4988823,1.0,HEALTHY,38.84370379105128,-7.601941886136971
jpr_20240528_AB01_MS_aligned_sun-all,9,11,736,522,4300360.973458551,621331.9849467663,0.52464694,0.9397727272727272,HEALTHY,38.84370334976329,-7.601905023107889
jpr_20240528_AB01_MS_aligned_sun-all,9,12,800,522,4300360.973458551,621335.1849467471,0.52211726,0.7832386363636363,HEALTHY,38.843702908463676,-7.601868160079617
jpr_20240528_AB01_MS_aligned_sun-all,9,13,864,522,4300360.973458551,621338.3849467281,0.57230633,0.8295454545454546,HEALTHY,38.843702467152426,-7.601831297052151
jpr_20240528_AB01_MS_aligned_sun-all,9,14,928,522,4300360.973458551,621341.584946709,0.55495447,0.803125,HEALTHY,38.84370202582955,-7.601794434025495
jpr_20240528_AB01_MS_aligned_sun-all,9,15,992,522,4300360.973458551,621344.7849466898,0.5724379,0.80625,HEALTHY,38.84370158449504,-7.601757570999645
jpr_20240528_AB01_MS_aligned_sun-all,9,16,1056,522,4300360.973458551,621347.9849466707,0.55094385,0.8005681818181818,HEALTHY,38.843701143148905,-7.6017207079746045
jpr_20240528_AB01_MS_aligned_sun-all,9,17,1120,522,4300360.973458551,621351.1849466516,0.5562584,0.8184659090909091,HEALTHY,38.84370070179114,-7.601683844950373
jpr_20240528_AB01_MS_aligned_sun-all,9,18,1184,522,4300360.973458551,621354.3849466324,0.5218096,0.7818181818181819,HEALTHY,38.84370026042175,-7.601646981926947
jpr_20240528_AB01_MS_aligned_sun-all,9,19,1248,522,4300360.973458551,621357.5849466133,0.51605976,0.756534090909091,HEALTHY,38.84369981904072,-7.601610118904332
jpr_20240528_AB01_MS_aligned_sun-all,9,20,1312,522,4300360.973458551,621360.7849465943,0.54308176,0.8210227272727273,HEALTHY,38.843699377648065,-7.601573255882522
jpr_20240528_AB01_MS_aligned_sun-all,9,21,1376,522,4300360.973458551,621363.9849465751,0.5479032,0.7977272727272727,HEALTHY,38.84369893624379,-7.601536392861522
jpr_20240528_AB01_MS_aligned_sun-all,9,22,1440,522,4300360.973458551,621367.184946556,0.55248475,0.8011363636363636,HEALTHY,38.84369849482788,-7.60149952984133
jpr_20240528_AB01_MS_aligned_sun-all,9,23,1504,522,4300360.973458551,621370.3849465369,0.5369757,0.8119318181818181,HEALTHY,38.84369805340034,-7.601462666821946
jpr_20240528_AB01_MS_aligned_sun-all,9,24,1568,522,4300360.973458551,621373.5849465177,0.5325851,0.8267045454545454,HEALTHY,38.84369761196117,-7.601425803803371
jpr_20240528_AB01_MS_aligned_sun-all,9,25,1632,522,4300360.973458551,621376.7849464986,0.5226026,0.8176136363636364,HEALTHY,38.843697170510374,-7.601388940785604
jpr_20240528_AB01_MS_aligned_sun-all,9,26,1696,522,4300360.973458551,621379.9849464794,0.5128112,0.8633522727272728,HEALTHY,38.84369672904795,-7.601352077768644
jpr_20240528_AB01_MS_aligned_sun-all,9,27,1760,522,4300360.973458551,621383.1849464604,0.5144748,0.8642045454545455,HEALTHY,38.84369628757389,-7.601315214752494
jpr_20240528_AB01_MS_aligned_sun-all,9,28,1824,522,4300360.973458551,621386.3849464413,0.56593513,0.8443181818181819,HEALTHY,38.84369584608821,-7.60127835173715
jpr_20240528_AB01_MS_aligned_sun-all,9,29,1888,522,4300360.973458551,621389.5849464221,0.5258351,0.9045454545454544,HEALTHY,38.843695404590896,-7.601241488722618
jpr_20240528_AB01_MS_aligned_sun-all,9,30,1952,522,4300360.973458551,621392.784946403,0.52458704,0.8539772727272728,HEALTHY,38.84369496308196,-7.601204625708891
jpr_20240528_AB01_MS_aligned_sun-all,9,31,2016,522,4300360.973458551,621395.9849463839,0.53782755,1.0,HEALTHY,38.84369452156138,-7.601167762695973
jpr_20240528_AB01_MS_aligned_sun-all,9,32,2080,522,4300360.973458551,621399.1849463647,0.5450453,1.0,HEALTHY,38.84369408002919,-7.601130899683866
jpr_20240528_AB01_MS_aligned_sun-all,9,33,2144,522,4300360.973458551,621402.3849463456,0.54255855,0.962215909090909,HEALTHY,38.84369363848536,-7.601094036672565
jpr_20240528_AB01_MS_aligned_sun-all,9,34,2208,522,4300360.973458551,621405.5849463266,0.53080356,0.9917613636363636,HEALTHY,38.84369319692991,-7.601057173662071
jpr_20240528_AB01_MS_aligned_sun-all,9,35,2272,522,4300360.973458551,621408.7849463074,0.5327718,0.5951704545454546,HEALTHY,38.84369275536282,-7.601020310652388
jpr_20240528_AB01_MS_aligned_sun-all,10,6,416,577,4300358.22364958,621315.9849468619,0.61160666,0.7741477272727273,HEALTHY,38.84368078330397,-7.6020898230938485
jpr_20240528_AB01_MS_aligned_sun-all,10,7,480,577,4300358.22364958,621319.1849468428,0.5430543,0.8377840909090909,HEALTHY,38.843680342062875,-7.6020529600743085
jpr_20240528_AB01_MS_aligned_sun-all,10,8,544,577,4300358.22364958,621322.3849468237,0.5059747,0.8778409090909091,HEALTHY,38.843679900810166,-7.6020160970555795
jpr_20240528_AB01_MS_aligned_sun-all,10,9,608,577,4300358.22364958,621325.5849468046,0.42870864,0.9940340909090908,HEALTHY,38.84367945954582,-7.601979234037658
jpr_20240528_AB01_MS_aligned_sun-all,10,10,672,577,4300358.22364958,621328.7849467854,0.36363193,1.0,MODERATE,38.84367901826984,-7.601942371020544
jpr_20240528_AB01_MS_aligned_sun-all,10,11,736,577,4300358.22364958,621331.9849467663,0.4183623,1.0,HEALTHY,38.843678576982235,-7.601905508004237
jpr_20240528_AB01_MS_aligned_sun-all,10,12,800,577,4300358.22364958,621335.1849467471,0.48876086,1.0,HEALTHY,38.843678135683,-7.601868644988739
jpr_20240528_AB01_MS_aligned_sun-all,10,13,864,577,4300358.22364958,621338.3849467281,0.606053,0.8747159090909091,HEALTHY,38.84367769437215,-7.601831781974048
jpr_20240528_AB01_MS_aligned_sun-all,10,14,928,577,4300358.22364958,621341.584946709,0.54610026,0.7960227272727273,HEALTHY,38.84367725304966,-7.601794918960166
jpr_20240528_AB01_MS_aligned_sun-all,10,15,992,577,4300358.22364958,621344.7849466898,0.54188436,0.7860795454545455,HEALTHY,38.84367681171554,-7.601758055947092
jpr_20240528_AB01_MS_aligned_sun-all,10,16,1056,577,4300358.22364958,621347.9849466707,0.57287496,0.7383522727272728,HEALTHY,38.843676370369785,-7.601721192934828
jpr_20240528_AB01_MS_aligned_sun-all,10,17,1120,577,4300358.22364958,621351.1849466516,0.54833037,0.7840909090909091,HEALTHY,38.84367592901241,-7.601684329923369
jpr_20240528_AB01_MS_aligned_sun-all,10,18,1184,577,4300358.22364958,621354.3849466324,0.528078,0.8173295454545455,HEALTHY,38.843675487643395,-7.60164746691272
jpr_20240528_AB01_MS_aligned_sun-all,10,19,1248,577,4300358.22364958,621357.5849466133,0.51382077,0.809375,HEALTHY,38.843675046262774,-7.601610603902877
jpr_20240528_AB01_MS_aligned_sun-all,10,20,1312,577,4300358.22364958,621360.7849465943,0.5275933,0.7659090909090909,HEALTHY,38.8436746048705,-7.601573740893844
jpr_20240528_AB01_MS_aligned_sun-all,10,21,1376,577,4300358.22364958,621363.9849465751,0.5176704,0.8053977272727273,HEALTHY,38.843674163466616,-7.601536877885619
jpr_20240528_AB01_MS_aligned_sun-all,10,22,1440,577,4300358.22364958,621367.184946556,0.5169706,0.8181818181818182,HEALTHY,38.84367372205109,-7.6015000148782015
jpr_20240528_AB01_MS_aligned_sun-all,10,23,1504,577,4300358.22364958,621370.3849465369,0.54986036,0.8096590909090909,HEALTHY,38.84367328062394,-7.601463151871593
jpr_20240528_AB01_MS_aligned_sun-all,10,24,1568,577,4300358.22364958,621373.5849465177,0.51928693,0.8264204545454545,HEALTHY,38.84367283918516,-7.601426288865791
jpr_20240528_AB01_MS_aligned_sun-all,10,25,1632,577,4300358.22364958,621376.7849464986,0.52969086,0.7946022727272727,HEALTHY,38.84367239773476,-7.601389425860799
jpr_20240528_AB01_MS_aligned_sun-all,10,26,1696,577,4300358.22364958,621379.9849464794,0.49171266,0.81875,HEALTHY,38.843671956272715,-7.601352562856616
jpr_20240528_AB01_MS_aligned_sun-all,10,27,1760,577,4300358.22364958,621383.1849464604,0.58056056,0.8411931818181818,HEALTHY,38.84367151479905,-7.60131569985324
jpr_20240528_AB01_MS_aligned_sun-all,10,28,1824,577,4300358.22364958,621386.3849464413,0.5276733,0.8366477272727273,HEALTHY,38.84367107331376,-7.601278836850672
jpr_20240528_AB01_MS_aligned_sun-all,10,29,1888,577,4300358.22364958,621389.5849464221,0.53466517,0.796875,HEALTHY,38.84367063181684,-7.601241973848912
jpr_20240528_AB01_MS_aligned_sun-all,10,30,1952,577,4300358.22364958,621392.784946403,0.5120559,0.9392045454545456,HEALTHY,38.84367019030827,-7.601205110847961
jpr_20240528_AB01_MS_aligned_sun-all,10,31,2016,577,4300358.22364958,621395.9849463839,0.56675655,1.0,HEALTHY,38.843669748788095,-7.601168247847819
jpr_20240528_AB01_MS_aligned_sun-all,10,32,2080,577,4300358.22364958,621399.1849463647,0.5351309,0.9130681818181818,HEALTHY,38.843669307256285,-7.601131384848485
jpr_20240528_AB01_MS_aligned_sun-all,10,33,2144,577,4300358.22364958,621402.3849463456,0.5723417,0.9678977272727272,HEALTHY,38.84366886571285,-7.6010945218499595
jpr_20240528_AB01_MS_aligned_sun-all,10,34,2208,577,4300358.22364958,621405.5849463266,0.51044285,0.8400568181818182,HEALTHY,38.84366842415778,-7.601057658852242
jpr_20240528_AB01_MS_aligned_sun-all,10,35,2272,577,4300358.22364958,621408.7849463074,0.5446458,0.8818181818181818,HEALTHY,38.843667982591086,-7.601020795855334
jpr_20240528_AB01_MS_aligned_sun-all,10,36,2336,577,4300358.22364958,621411.9849462883,0.53925556,0.9076704545454546,HEALTHY,38.843667541012756,-7.600983932859234
jpr_20240528_AB01_MS_aligned_sun-all,11,6,416,632,4300355.473840609,621315.9849468619,0.5486694,0.9019886363636364,HEALTHY,38.84365601052086,-7.6020903079257245
jpr_20240528_AB01_MS_aligned_sun-all,11,7,480,632,4300355.473840609,621319.1849468428,0.5278293,0.803409090909091,HEALTHY,38.84365556928016,-7.602053444918961
jpr_20240528_AB01_MS_aligned_sun-all,11,8,544,632,4300355.473840609,621322.3849468237,0.5513767,0.8582386363636364,HEALTHY,38.843655128027834,-7.602016581913005
jpr_20240528_AB01_MS_aligned_sun-all,11,9,608,632,4300355.473840609,621325.5849468046,0.5238835,0.8556818181818182,HEALTHY,38.84365468676388,-7.601979718907858
jpr_20240528_AB01_MS_aligned_sun-all,11,10,672,632,4300355.473840609,621328.7849467854,0.49564797,0.8928977272727273,HEALTHY,38.84365424548828,-7.60194285590352
jpr_20240528_AB01_MS_aligned_sun-all,11,11,736,632,4300355.473840609,621331.9849467663,0.40237695,1.0,HEALTHY,38.843653804201075,-7.601905992899987
jpr_20240528_AB01_MS_aligned_sun-all,11,12,800,632,4300355.473840609,621335.1849467471,0.37242267,1.0,MODERATE,38.84365336290224,-7.601869129897265
jpr_20240528_AB01_MS_aligned_sun-all,11,13,864,632,4300355.473840609,621338.3849467281,0.49371058,1.0,HEALTHY,38.843652921591755,-7.601832266895348
jpr_20240528_AB01_MS_aligned_sun-all,11,14,928,632,4300355.473840609,621341.584946709,0.5384067,0.9798295454545456,HEALTHY,38.84365248026965,-7.601795403894242
jpr_20240528_AB01_MS_aligned_sun-all,11,15,992,632,4300355.473840609,621344.7849466898,0.521182,0.9241477272727272,HEALTHY,38.84365203893593,-7.601758540893944
jpr_20240528_AB01_MS_aligned_sun-all,11,16,1056,632,4300355.473840609,621347.9849466707,0.524244,0.8071022727272728,HEALTHY,38.84365159759056,-7.601721677894452
jpr_20240528_AB01_MS_aligned_sun-all,11,17,1120,632,4300355.473840609,621351.1849466516,0.5318796,0.8051136363636363,HEALTHY,38.84365115623358,-7.60168481489577
jpr_20240528_AB01_MS_aligned_sun-all,11,18,1184,632,4300355.473840609,621354.3849466324,0.50824475,0.7960227272727273,HEALTHY,38.84365071486496,-7.6016479518978946
jpr_20240528_AB01_MS_aligned_sun-all,11,19,1248,632,4300355.473840609,621357.5849466133,0.55105996,0.7730113636363637,HEALTHY,38.843650273484705,-7.601611088900828
jpr_20240528_AB01_MS_aligned_sun-all,11,20,1312,632,4300355.473840609,621360.7849465943,0.5584336,0.8144886363636363,HEALTHY,38.84364983209283,-7.601574225904567
jpr_20240528_AB01_MS_aligned_sun-all,11,21,1376,632,4300355.473840609,621363.9849465751,0.53354096,0.775,HEALTHY,38.843649390689336,-7.6015373629091165
jpr_20240528_AB01_MS_aligned_sun-all,11,22,1440,632,4300355.473840609,621367.184946556,0.53033394,0.7954545454545454,HEALTHY,38.8436489492742,-7.601500499914476
jpr_20240528_AB01_MS_aligned_sun-all,11,23,1504,632,4300355.473840609,621370.3849465369,0.5731915,0.7926136363636364,HEALTHY,38.843648507847426,-7.601463636920642
jpr_20240528_AB01_MS_aligned_sun-all,11,24,1568,632,4300355.473840609,621373.5849465177,0.5250023,0.8019886363636364,HEALTHY,38.84364806640904,-7.601426773927617
jpr_20240528_AB01_MS_aligned_sun-all,11,25,1632,632,4300355.473840609,621376.7849464986,0.5449835,0.8181818181818182,HEALTHY,38.84364762495902,-7.601389910935399
jpr_20240528_AB01_MS_aligned_sun-all,11,26,1696,632,4300355.473840609,621379.9849464794,0.5271221,0.83125,HEALTHY,38.843647183497374,-7.60135304794399
jpr_20240528_AB01_MS_aligned_sun-all,11,27,1760,632,4300355.473840609,621383.1849464604,0.5445634,0.8110795454545454,HEALTHY,38.8436467420241,-7.6013161849533875
jpr_20240528_AB01_MS_aligned_sun-all,11,28,1824,632,4300355.473840609,621386.3849464413,0.5188058,0.8548295454545455,HEALTHY,38.8436463005392,-7.601279321963595
jpr_20240528_AB01_MS_aligned_sun-all,11,29,1888,632,4300355.473840609,621389.5849464221,0.56821126,0.8485795454545455,HEALTHY,38.84364585904266,-7.60124245897461
jpr_20240528_AB01_MS_aligned_sun-all,11,30,1952,632,4300355.473840609,621392.784946403,0.5387353,0.962215909090909,HEALTHY,38.84364541753449,-7.6012055959864355
jpr_20240528_AB01_MS_aligned_sun-all,11,31,2016,632,4300355.473840609,621395.9849463839,0.5571401,0.9571022727272728,HEALTHY,38.8436449760147,-7.601168732999068
jpr_20240528_AB01_MS_aligned_sun-all,11,32,2080,632,4300355.473840609,621399.1849463647,0.55864644,0.8789772727272728,HEALTHY,38.843644534483275,-7.601131870012509
jpr_20240528_AB01_MS_aligned_sun-all,11,33,2144,632,4300355.473840609,621402.3849463456,0.5390462,0.9198863636363636,HEALTHY,38.84364409294023,-7.601095007026759
jpr_20240528_AB01_MS_aligned_sun-all,11,34,2208,632,4300355.473840609,621405.5849463266,0.54997134,0.8491477272727272,HEALTHY,38.84364365138555,-7.601058144041815
jpr_20240528_AB01_MS_aligned_sun-all,11,35,2272,632,4300355.473840609,621408.7849463074,0.5515868,0.8752840909090909,HEALTHY,38.843643209819234,-7.6010212810576805
jpr_20240528_AB01_MS_aligned_sun-all,11,36,2336,632,4300355.473840609,621411.9849462883,0.54088765,0.8454545454545455,HEALTHY,38.843642768241295,-7.600984418074356
jpr_20240528_AB01_MS_aligned_sun-all,11,37,2400,632,4300355.473840609,621415.1849462691,0.5351288,0.8803977272727272,HEALTHY,38.843642326651725,-7.600947555091839
jpr_20240528_AB01_MS_aligned_sun-all,11,38,2464,632,4300355.473840609,621418.38494625,0.57355106,0.9460227272727272,HEALTHY,38.84364188505054,-7.600910692110132
jpr_20240528_AB01_MS_aligned_sun-all,12,5,352,687,4300352.724031639,621312.784946881,0.5428962,0.6397727272727273,HEALTHY,38.84363167896633,-7.602127655751798
jpr_20240528_AB01_MS_aligned_sun-all,12,6,416,687,4300352.724031639,621315.9849468619,0.5461398,0.8747159090909091,HEALTHY,38.843631237737654,-7.602090792757003
jpr_20240528_AB01_MS_aligned_sun-all,12,7,480,687,4300352.724031639,621319.1849468428,0.55546695,0.8832386363636363,HEALTHY,38.84363079649734,-7.602053929763016
jpr_20240528_AB01_MS_aligned_sun-all,12,8,544,687,4300352.724031639,621322.3849468237,0.58403796,0.8826704545454546,HEALTHY,38.8436303552454,-7.602017066769834
jpr_20240528_AB01_MS_aligned_sun-all,12,9,608,687,4300352.724031639,621325.5849468046,0.5600568,0.7713068181818182,HEALTHY,38.84362991398183,-7.601980203777462
jpr_20240528_AB01_MS_aligned_sun-all,12,10,672,687,4300352.724031639,621328.7849467854,0.58047837,0.6988636363636364,HEALTHY,38.84362947270664,-7.6019433407858985
jpr_20240528_AB01_MS_aligned_sun-all,12,11,736,687,4300352.724031639,621331.9849467663,0.52839464,0.790340909090909,HEALTHY,38.8436290314198,-7.601906477795142
jpr_20240528_AB01_MS_aligned_sun-all,12,12,800,687,4300352.724031639,621335.1849467471,0.45383182,0.9627840909090908,HEALTHY,38.84362859012135,-7.601869614805193
jpr_20240528_AB01_MS_aligned_sun-all,12,13,864,687,4300352.724031639,621338.3849467281,0.39608482,1.0,HEALTHY,38.84362814881127,-7.601832751816052
jpr_20240528_AB01_MS_aligned_sun-all,12,14,928,687,4300352.724031639,621341.584946709,0.39468703,1.0,HEALTHY,38.843627707489546,-7.601795888827721
jpr_20240528_AB01_MS_aligned_sun-all,12,15,992,687,4300352.724031639,621344.7849466898,0.4410635,1.0,HEALTHY,38.843627266156204,-7.601759025840196
jpr_20240528_AB01_MS_aligned_sun-all,12,16,1056,687,4300352.724031639,621347.9849466707,0.5261169,0.9349431818181818,HEALTHY,38.84362682481123,-7.601722162853481
jpr_20240528_AB01_MS_aligned_sun-all,12,17,1120,687,4300352.724031639,621351.1849466516,0.54002315,0.8230113636363636,HEALTHY,38.843626383454634,-7.601685299867573
jpr_20240528_AB01_MS_aligned_sun-all,12,18,1184,687,4300352.724031639,621354.3849466324,0.527134,0.7539772727272728,HEALTHY,38.843625942086405,-7.601648436882472
jpr_20240528_AB01_MS_aligned_sun-all,12,19,1248,687,4300352.724031639,621357.5849466133,0.53375936,0.7980113636363636,HEALTHY,38.843625500706544,-7.601611573898181
jpr_20240528_AB01_MS_aligned_sun-all,12,20,1312,687,4300352.724031639,621360.7849465943,0.5245139,0.7806818181818181,HEALTHY,38.84362505931506,-7.601574710914696
jpr_20240528_AB01_MS_aligned_sun-all,12,21,1376,687,4300352.724031639,621363.9849465751,0.54142696,0.83125,HEALTHY,38.84362461791195,-7.60153784793202
jpr_20240528_AB01_MS_aligned_sun-all,12,22,1440,687,4300352.724031639,621367.184946556,0.58211046,0.7769886363636364,HEALTHY,38.8436241764972,-7.601500984950154
jpr_20240528_AB01_MS_aligned_sun-all,12,23,1504,687,4300352.724031639,621370.3849465369,0.5885088,0.8102272727272727,HEALTHY,38.84362373507082,-7.6014641219690935
jpr_20240528_AB01_MS_aligned_sun-all,12,24,1568,687,4300352.724031639,621373.5849465177,0.56480086,0.7798295454545454,HEALTHY,38.843623293632824,-7.601427258988843
jpr_20240528_AB01_MS_aligned_sun-all,12,25,1632,687,4300352.724031639,621376.7849464986,0.5120755,0.821875,HEALTHY,38.84362285218319,-7.601390396009402
jpr_20240528_AB01_MS_aligned_sun-all,12,26,1696,687,4300352.724031639,621379.9849464794,0.559478,0.790340909090909,HEALTHY,38.843622410721935,-7.601353533030767
jpr_20240528_AB01_MS_aligned_sun-all,12,27,1760,687,4300352.724031639,621383.1849464604,0.52635276,0.7818181818181819,HEALTHY,38.84362196924904,-7.601316670052939
jpr_20240528_AB01_MS_aligned_sun-all,12,28,1824,687,4300352.724031639,621386.3849464413,0.5329573,0.7821022727272727,HEALTHY,38.84362152776452,-7.6012798070759215
jpr_20240528_AB01_MS_aligned_sun-all,12,29,1888,687,4300352.724031639,621389.5849464221,0.50586766,0.8184659090909091,HEALTHY,38.84362108626837,-7.601242944099713
jpr_20240528_AB01_MS_aligned_sun-all,12,30,1952,687,4300352.724031639,621392.784946403,0.55013394,0.9045454545454544,HEALTHY,38.8436206447606,-7.601206081124313
jpr_20240528_AB01_MS_aligned_sun-all,12,31,2016,687,4300352.724031639,621395.9849463839,0.5460586,0.8579545454545454,HEALTHY,38.8436202032412,-7.601169218149718
jpr_20240528_AB01_MS_aligned_sun-all,12,32,2080,687,4300352.724031639,621399.1849463647,0.53908503,0.8761363636363636,HEALTHY,38.84361976171016,-7.6011323551759356
jpr_20240528_AB01_MS_aligned_sun-all,12,33,2144,687,4300352.724031639,621402.3849463456,0.52826685,0.8465909090909091,HEALTHY,38.84361932016749,-7.60109549220296
jpr_20240528_AB01_MS_aligned_sun-all,12,34,2208,687,4300352.724031639,621405.5849463266,0.55380857,0.8596590909090909,HEALTHY,38.843618878613206,-7.601058629230791
jpr_20240528_AB01_MS_aligned_sun-all,12,35,2272,687,4300352.724031639,621408.7849463074,0.5460114,0.8880681818181818,HEALTHY,38.84361843704728,-7.601021766259433
jpr_20240528_AB01_MS_aligned_sun-all,12,36,2336,687,4300352.724031639,621411.9849462883,0.53557533,0.8360795454545454,HEALTHY,38.84361799546975,-7.600984903288881
jpr_20240528_AB01_MS_aligned_sun-all,12,37,2400,687,4300352.724031639,621415.1849462691,0.55512714,0.8460227272727273,HEALTHY,38.84361755388055,-7.600948040319141
jpr_20240528_AB01_MS_aligned_sun-all,12,38,2464,687,4300352.724031639,621418.38494625,0.55746984,0.9642045454545456,HEALTHY,38.843617112279745,-7.6009111773502065
jpr_20240528_AB01_MS_aligned_sun-all,12,39,2528,687,4300352.724031639,621421.5849462309,0.5480511,0.9505681818181818,HEALTHY,38.843616670667316,-7.600874314382083
jpr_20240528_AB01_MS_aligned_sun-all,12,40,2592,687,4300352.724031639,621424.7849462117,0.56601787,0.8082386363636364,HEALTHY,38.84361622904325,-7.600837451414766
jpr_20240528_AB01_MS_aligned_sun-all,13,5,352,742,4300349.974222668,621312.784946881,0.5664817,0.9244318181818182,HEALTHY,38.84360690618262,-7.602128140569707
jpr_20240528_AB01_MS_aligned_sun-all,13,6,416,742,4300349.974222668,621315.9849468619,0.54544574,0.8747159090909091,HEALTHY,38.84360646495432,-7.602091277587687
jpr_20240528_AB01_MS_aligned_sun-all,13,7,480,742,4300349.974222668,621319.1849468428,0.56838715,0.9164772727272728,HEALTHY,38.8436060237144,-7.602054414606472
jpr_20240528_AB01_MS_aligned_sun-all,13,8,544,742,4300349.974222668,621322.3849468237,0.55777663,0.9059659090909092,HEALTHY,38.84360558246285,-7.602017551626067
jpr_20240528_AB01_MS_aligned_sun-all,13,9,608,742,4300349.974222668,621325.5849468046,0.565001,0.8241477272727272,HEALTHY,38.84360514119967,-7.60198068864647
jpr_20240528_AB01_MS_aligned_sun-all,13,10,672,742,4300349.974222668,621328.7849467854,0.5569049,0.7909090909090909,HEALTHY,38.84360469992486,-7.60194382566768
jpr_20240528_AB01_MS_aligned_sun-all,13,11,736,742,4300349.974222668,621331.9849467663,0.6586046,0.7386363636363636,HEALTHY,38.84360425863842,-7.601906962689699
jpr_20240528_AB01_MS_aligned_sun-all,13,12,800,742,4300349.974222668,621335.1849467471,0.5710666,0.7639204545454545,HEALTHY,38.843603817340345,-7.601870099712527
jpr_20240528_AB01_MS_aligned_sun-all,13,13,864,742,4300349.974222668,621338.3849467281,0.5127003,0.7423295454545454,HEALTHY,38.84360337603066,-7.60183323673616
jpr_20240528_AB01_MS_aligned_sun-all,13,14,928,742,4300349.974222668,621341.584946709,0.43702817,1.0,HEALTHY,38.843602934709324,-7.601796373760603
jpr_20240528_AB01_MS_aligned_sun-all,13,15,992,742,4300349.974222668,621344.7849466898,0.3966923,1.0,HEALTHY,38.84360249337637,-7.601759510785853
jpr_20240528_AB01_MS_aligned_sun-all,13,16,1056,742,4300349.974222668,621347.9849466707,0.38597557,1.0,HEALTHY,38.8436020520318,-7.601722647811911
jpr_20240528_AB01_MS_aligned_sun-all,13,17,1120,742,4300349.974222668,621351.1849466516,0.4598717,1.0,HEALTHY,38.84360161067558,-7.601685784838779
jpr_20240528_AB01_MS_aligned_sun-all,13,18,1184,742,4300349.974222668,621354.3849466324,0.50290966,0.9011363636363636,HEALTHY,38.84360116930774,-7.601648921866453
jpr_20240528_AB01_MS_aligned_sun-all,13,19,1248,742,4300349.974222668,621357.5849466133,0.5707006,0.8428977272727273,HEALTHY,38.84360072792827,-7.601612058894936
jpr_20240528_AB01_MS_aligned_sun-all,13,20,1312,742,4300349.974222668,621360.7849465943,0.546456,0.7545454545454545,HEALTHY,38.84360028653716,-7.6015751959242275
jpr_20240528_AB01_MS_aligned_sun-all,13,21,1376,742,4300349.974222668,621363.9849465751,0.5635044,0.7707386363636364,HEALTHY,38.84359984513445,-7.601538332954326
jpr_20240528_AB01_MS_aligned_sun-all,13,22,1440,742,4300349.974222668,621367.184946556,0.58058584,0.8071022727272728,HEALTHY,38.843599403720084,-7.601501469985235
jpr_20240528_AB01_MS_aligned_sun-all,13,23,1504,742,4300349.974222668,621370.3849465369,0.5523209,0.8113636363636364,HEALTHY,38.843598962294095,-7.6014646070169505
jpr_20240528_AB01_MS_aligned_sun-all,13,24,1568,742,4300349.974222668,621373.5849465177,0.546708,0.7880681818181818,HEALTHY,38.84359852085649,-7.601427744049475
jpr_20240528_AB01_MS_aligned_sun-all,13,25,1632,742,4300349.974222668,621376.7849464986,0.52544636,0.8173295454545455,HEALTHY,38.84359807940724,-7.601390881082806
jpr_20240528_AB01_MS_aligned_sun-all,13,26,1696,742,4300349.974222668,621379.9849464794,0.51852465,0.7758522727272728,HEALTHY,38.843597637946374,-7.601354018116947
jpr_20240528_AB01_MS_aligned_sun-all,13,27,1760,742,4300349.974222668,621383.1849464604,0.53457797,0.7727272727272727,HEALTHY,38.843597196473866,-7.601317155151895
jpr_20240528_AB01_MS_aligned_sun-all,13,28,1824,742,4300349.974222668,621386.3849464413,0.5126321,0.8377840909090909,HEALTHY,38.84359675498974,-7.601280292187652
jpr_20240528_AB01_MS_aligned_sun-all,13,29,1888,742,4300349.974222668,621389.5849464221,0.5406093,0.7991477272727273,HEALTHY,38.84359631349398,-7.601243429224218
jpr_20240528_AB01_MS_aligned_sun-all,13,30,1952,742,4300349.974222668,621392.784946403,0.5462419,0.8644886363636364,HEALTHY,38.84359587198659,-7.601206566261593
jpr_20240528_AB01_MS_aligned_sun-all,13,31,2016,742,4300349.974222668,621395.9849463839,0.5474063,0.803409090909091,HEALTHY,38.84359543046757,-7.6011697032997745
jpr_20240528_AB01_MS_aligned_sun-all,13,32,2080,742,4300349.974222668,621399.1849463647,0.50516754,0.8153409090909091,HEALTHY,38.84359498893692,-7.6011328403387655
jpr_20240528_AB01_MS_aligned_sun-all,13,33,2144,742,4300349.974222668,621402.3849463456,0.5690348,0.8298295454545455,HEALTHY,38.843594547394645,-7.601095977378564
jpr_20240528_AB01_MS_aligned_sun-all,13,34,2208,742,4300349.974222668,621405.5849463266,0.528772,0.952556818181818,HEALTHY,38.843594105840744,-7.601059114419171
jpr_20240528_AB01_MS_aligned_sun-all,13,35,2272,742,4300349.974222668,621408.7849463074,0.55987924,0.8451704545454546,HEALTHY,38.84359366427522,-7.601022251460586
jpr_20240528_AB01_MS_aligned_sun-all,13,36,2336,742,4300349.974222668,621411.9849462883,0.5318491,0.7835227272727273,HEALTHY,38.84359322269806,-7.600985388502811
jpr_20240528_AB01_MS_aligned_sun-all,13,37,2400,742,4300349.974222668,621415.1849462691,0.58109874,0.8917613636363636,HEALTHY,38.843592781109265,-7.600948525545843
jpr_20240528_AB01_MS_aligned_sun-all,13,38,2464,742,4300349.974222668,621418.38494625,0.5552763,0.9278409090909092,HEALTHY,38.84359233950884,-7.600911662589685
jpr_20240528_AB01_MS_aligned_sun-all,13,39,2528,742,4300349.974222668,621421.5849462309,0.5538886,0.959375,HEALTHY,38.8435918978968,-7.600874799634337
jpr_20240528_AB01_MS_aligned_sun-all,13,40,2592,742,4300349.974222668,621424.7849462117,0.5422527,0.8619318181818182,HEALTHY,38.843591456273124,-7.6008379366797945
jpr_20240528_AB01_MS_aligned_sun-all,13,41,2656,742,4300349.974222668,621427.9849461927,0.58679384,0.9664772727272728,HEALTHY,38.843591014637816,-7.60080107372606
jpr_20240528_AB01_MS_aligned_sun-all,13,42,2720,742,4300349.974222668,621431.1849461736,0.53060985,0.7863636363636364,HEALTHY,38.84359057299088,-7.600764210773136
jpr_20240528_AB01_MS_aligned_sun-all,14,4,288,797,4300347.224413698,621309.5849469001,0.5319601,0.6389204545454545,HEALTHY,38.84358257461507,-7.602165488357072
jpr_20240528_AB01_MS_aligned_sun-all,14,5,352,797,4300347.224413698,621312.784946881,0.50866675,0.8397727272727272,HEALTHY,38.8435821333988,-7.602128625387018
jpr_20240528_AB01_MS_aligned_sun-all,14,6,416,797,4300347.224413698,621315.9849468619,0.548908,0.9676136363636364,HEALTHY,38.84358169217089,-7.602091762417772
jpr_20240528_AB01_MS_aligned_sun-all,14,7,480,797,4300347.224413698,621319.1849468428,0.5784411,0.8784090909090909,HEALTHY,38.84358125093135,-7.6020548994493335
jpr_20240528_AB01_MS_aligned_sun-all,14,8,544,797,4300347.224413698,621322.3849468237,0.5275073,0.8596590909090909,HEALTHY,38.84358080968019,-7.602018036481704
jpr_20240528_AB01_MS_aligned_sun-all,14,9,608,797,4300347.224413698,621325.5849468046,0.54816574,0.7985795454545455,HEALTHY,38.8435803684174,-7.601981173514881
jpr_20240528_AB01_MS_aligned_sun-all,14,10,672,797,4300347.224413698,621328.7849467854,0.5888983,0.7784090909090909,HEALTHY,38.843579927142976,-7.601944310548866
jpr_20240528_AB01_MS_aligned_sun-all,14,11,736,797,4300347.224413698,621331.9849467663,0.58086765,0.803125,HEALTHY,38.84357948585692,-7.60190744758366
jpr_20240528_AB01_MS_aligned_sun-all,14,12,800,797,4300347.224413698,621335.1849467471,0.57967234,0.7502840909090909,HEALTHY,38.84357904455924,-7.601870584619262
jpr_20240528_AB01_MS_aligned_sun-all,14,13,864,797,4300347.224413698,621338.3849467281,0.54964477,0.7255681818181818,HEALTHY,38.84357860324993,-7.6018337216556695
jpr_20240528_AB01_MS_aligned_sun-all,14,14,928,797,4300347.224413698,621341.584946709,0.50963956,0.8119318181818181,HEALTHY,38.843578161929,-7.601796858692888
jpr_20240528_AB01_MS_aligned_sun-all,14,15,992,797,4300347.224413698,621344.7849466898,0.47449225,0.9113636363636364,HEALTHY,38.843577720596436,-7.601759995730914
jpr_20240528_AB01_MS_aligned_sun-all,14,16,1056,797,4300347.224413698,621347.9849466707,0.41308215,0.9565340909090908,HEALTHY,38.84357727925223,-7.601723132769747
jpr_20240528_AB01_MS_aligned_sun-all,14,17,1120,797,4300347.224413698,621351.1849466516,0.37760314,1.0,MODERATE,38.843576837896414,-7.601686269809389
jpr_20240528_AB01_MS_aligned_sun-all,14,18,1184,797,4300347.224413698,621354.3849466324,0.41168067,1.0,HEALTHY,38.84357639652896,-7.601649406849838
jpr_20240528_AB01_MS_aligned_sun-all,14,19,1248,797,4300347.224413698,621357.5849466133,0.48624533,1.0,HEALTHY,38.84357595514988,-7.601612543891096
jpr_20240528_AB01_MS_aligned_sun-all,14,20,1312,797,4300347.224413698,621360.7849465943,0.5407978,0.9809659090909092,HEALTHY,38.84357551375917,-7.601575680933162
jpr_20240528_AB01_MS_aligned_sun-all,14,21,1376,797,4300347.224413698,621363.9849465751,0.57266265,0.8278409090909091,HEALTHY,38.84357507235683,-7.601538817976035
jpr_20240528_AB01_MS_aligned_sun-all,14,22,1440,797,4300347.224413698,621367.184946556,0.5865507,0.7346590909090909,HEALTHY,38.84357463094286,-7.601501955019718
jpr_20240528_AB01_MS_aligned_sun-all,14,23,1504,797,4300347.224413698,621370.3849465369,0.55173963,0.7775568181818182,HEALTHY,38.84357418951726,-7.601465092064209
jpr_20240528_AB01_MS_aligned_sun-all,14,24,1568,797,4300347.224413698,621373.5849465177,0.5516546,0.7696022727272728,HEALTHY,38.843573748080026,-7.601428229109508
jpr_20240528_AB01_MS_aligned_sun-all,14,25,1632,797,4300347.224413698,621376.7849464986,0.5210351,0.7963068181818181,HEALTHY,38.84357330663118,-7.601391366155616
jpr_20240528_AB01_MS_aligned_sun-all,14,26,1696,797,4300347.224413698,621379.9849464794,0.53630865,0.7900568181818182,HEALTHY,38.8435728651707,-7.60135450320253
jpr_20240528_AB01_MS_aligned_sun-all,14,27,1760,797,4300347.224413698,621383.1849464604,0.55304265,0.8261363636363637,HEALTHY,38.84357242369858,-7.601317640250254
jpr_20240528_AB01_MS_aligned_sun-all,14,28,1824,797,4300347.224413698,621386.3849464413,0.50993687,0.8,HEALTHY,38.84357198221484,-7.601280777298785
jpr_20240528_AB01_MS_aligned_sun-all,14,29,1888,797,4300347.224413698,621389.5849464221,0.55497766,0.884375,HEALTHY,38.843571540719466,-7.601243914348126
jpr_20240528_AB01_MS_aligned_sun-all,14,30,1952,797,4300347.224413698,621392.784946403,0.51993257,0.8227272727272728,HEALTHY,38.843571099212475,-7.601207051398274
jpr_20240528_AB01_MS_aligned_sun-all,14,31,2016,797,4300347.224413698,621395.9849463839,0.5154289,0.8238636363636364,HEALTHY,38.84357065769384,-7.601170188449232
jpr_20240528_AB01_MS_aligned_sun-all,14,32,2080,797,4300347.224413698,621399.1849463647,0.5218209,0.8130681818181819,HEALTHY,38.84357021616359,-7.601133325500997
jpr_20240528_AB01_MS_aligned_sun-all,14,33,2144,797,4300347.224413698,621402.3849463456,0.5349415,0.7857954545454545,HEALTHY,38.84356977462169,-7.601096462553571
jpr_20240528_AB01_MS_aligned_sun-all,14,34,2208,797,4300347.224413698,621405.5849463266,0.5121016,0.8801136363636364,HEALTHY,38.843569333068174,-7.601059599606953
jpr_20240528_AB01_MS_aligned_sun-all,14,35,2272,797,4300347.224413698,621408.7849463074,0.5646665,0.8025568181818182,HEALTHY,38.84356889150303,-7.601022736661143
jpr_20240528_AB01_MS_aligned_sun-all,14,36,2336,797,4300347.224413698,621411.9849462883,0.57145435,0.8647727272727272,HEALTHY,38.84356844992626,-7.600985873716142
jpr_20240528_AB01_MS_aligned_sun-all,14,37,2400,797,4300347.224413698,621415.1849462691,0.5670241,0.8474431818181818,HEALTHY,38.84356800833786,-7.60094901077195
jpr_20240528_AB01_MS_aligned_sun-all,14,38,2464,797,4300347.224413698,621418.38494625,0.56976056,0.8909090909090909,HEALTHY,38.84356756673783,-7.600912147828567
jpr_20240528_AB01_MS_aligned_sun-all,14,39,2528,797,4300347.224413698,621421.5849462309,0.55487704,0.8039772727272727,HEALTHY,38.84356712512617,-7.6008752848859915
jpr_20240528_AB01_MS_aligned_sun-all,14,40,2592,797,4300347.224413698,621424.7849462117,0.5820515,0.8548295454545455,HEALTHY,38.843566683502885,-7.600838421944226
jpr_20240528_AB01_MS_aligned_sun-all,14,41,2656,797,4300347.224413698,621427.9849461927,0.6143906,0.9289772727272728,HEALTHY,38.84356624186797,-7.600801559003266
jpr_20240528_AB01_MS_aligned_sun-all,14,42,2720,797,4300347.224413698,621431.1849461736,0.5784596,1.0,HEALTHY,38.84356580022142,-7.600764696063117
jpr_20240528_AB01_MS_aligned_sun-all,14,43,2784,797,4300347.224413698,621434.3849461544,0.53679794,1.0,HEALTHY,38.84356535856324,-7.600727833123776
jpr_20240528_AB01_MS_aligned_sun-all,14,44,2848,797,4300347.224413698,621437.5849461353,0.55638015,0.6704545454545454,HEALTHY,38.84356491689344,-7.600690970185244
jpr_20240528_AB01_MS_aligned_sun-all,15,4,288,852,4300344.474604728,621309.5849469001,0.5010787,0.8292613636363636,HEALTHY,38.843557801830755,-7.6021659731610125
jpr_20240528_AB01_MS_aligned_sun-all,15,5,352,852,4300344.474604728,621312.784946881,0.45263842,0.9110795454545456,HEALTHY,38.84355736061488,-7.602129110203733
jpr_20240528_AB01_MS_aligned_sun-all,15,6,416,852,4300344.474604728,621315.9849468619,0.49907422,0.9178977272727272,HEALTHY,38.84355691938735,-7.602092247247263
jpr_20240528_AB01_MS_aligned_sun-all,15,7,480,852,4300344.474604728,621319.1849468428,0.5352919,0.9125,HEALTHY,38.84355647814821,-7.602055384291598
jpr_20240528_AB01_MS_aligned_sun-all,15,8,544,852,4300344.474604728,621322.3849468237,0.5503986,0.7866477272727272,HEALTHY,38.84355603689743,-7.602018521336742
jpr_20240528_AB01_MS_aligned_sun-all,15,9,608,852,4300344.474604728,621325.5849468046,0.566786,0.7909090909090909,HEALTHY,38.84355559563503,-7.6019816583826945
jpr_20240528_AB01_MS_aligned_sun-all,15,10,672,852,4300344.474604728,621328.7849467854,0.561481,0.7789772727272727,HEALTHY,38.84355515436099,-7.601944795429456
jpr_20240528_AB01_MS_aligned_sun-all,15,11,736,852,4300344.474604728,621331.9849467663,0.5827403,0.759090909090909,HEALTHY,38.843554713075335,-7.601907932477024
jpr_20240528_AB01_MS_aligned_sun-all,15,12,800,852,4300344.474604728,621335.1849467471,0.60863566,0.6946022727272727,HEALTHY,38.84355427177804,-7.6018710695254
jpr_20240528_AB01_MS_aligned_sun-all,15,13,864,852,4300344.474604728,621338.3849467281,0.5137144,0.8826704545454546,HEALTHY,38.84355383046912,-7.601834206574583
jpr_20240528_AB01_MS_aligned_sun-all,15,14,928,852,4300344.474604728,621341.584946709,0.5234147,0.74375,HEALTHY,38.84355338914857,-7.601797343624576
jpr_20240528_AB01_MS_aligned_sun-all,15,15,992,852,4300344.474604728,621344.7849466898,0.5104866,0.7909090909090909,HEALTHY,38.84355294781639,-7.601760480675376
jpr_20240528_AB01_MS_aligned_sun-all,15,16,1056,852,4300344.474604728,621347.9849466707,0.5027417,0.8338068181818182,HEALTHY,38.843552506472584,-7.601723617726985
jpr_20240528_AB01_MS_aligned_sun-all,15,17,1120,852,4300344.474604728,621351.1849466516,0.46143582,0.884090909090909,HEALTHY,38.843552065117144,-7.601686754779402
jpr_20240528_AB01_MS_aligned_sun-all,15,18,1184,852,4300344.474604728,621354.3849466324,0.42099956,0.9982954545454544,HEALTHY,38.84355162375008,-7.601649891832626
jpr_20240528_AB01_MS_aligned_sun-all,15,19,1248,852,4300344.474604728,621357.5849466133,0.37763298,1.0,MODERATE,38.843551182371385,-7.60161302888666
jpr_20240528_AB01_MS_aligned_sun-all,15,20,1312,852,4300344.474604728,621360.7849465943,0.43809447,1.0,HEALTHY,38.843550740981065,-7.601576165941498
jpr_20240528_AB01_MS_aligned_sun-all,15,21,1376,852,4300344.474604728,621363.9849465751,0.5612242,0.9860795454545456,HEALTHY,38.843550299579114,-7.601539302997148
jpr_20240528_AB01_MS_aligned_sun-all,15,22,1440,852,4300344.474604728,621367.184946556,0.5549066,0.9096590909090908,HEALTHY,38.84354985816554,-7.601502440053606
jpr_20240528_AB01_MS_aligned_sun-all,15,23,1504,852,4300344.474604728,621370.3849465369,0.54717386,0.8136363636363636,HEALTHY,38.84354941674032,-7.601465577110871
jpr_20240528_AB01_MS_aligned_sun-all,15,24,1568,852,4300344.474604728,621373.5849465177,0.54928064,0.7724431818181818,HEALTHY,38.843548975303484,-7.601428714168945
jpr_20240528_AB01_MS_aligned_sun-all,15,25,1632,852,4300344.474604728,621376.7849464986,0.54752135,0.7769886363636364,HEALTHY,38.84354853385502,-7.601391851227827
jpr_20240528_AB01_MS_aligned_sun-all,15,26,1696,852,4300344.474604728,621379.9849464794,0.5513571,0.7730113636363637,HEALTHY,38.843548092394926,-7.601354988287518
jpr_20240528_AB01_MS_aligned_sun-all,15,27,1760,852,4300344.474604728,621383.1849464604,0.540787,0.8380681818181818,HEALTHY,38.8435476509232,-7.601318125348015
jpr_20240528_AB01_MS_aligned_sun-all,15,28,1824,852,4300344.474604728,621386.3849464413,0.56389374,0.8559659090909091,HEALTHY,38.84354720943984,-7.601281262409321
jpr_20240528_AB01_MS_aligned_sun-all,15,29,1888,852,4300344.474604728,621389.5849464221,0.54575694,0.8144886363636363,HEALTHY,38.84354676794486,-7.601244399471437
jpr_20240528_AB01_MS_aligned_sun-all,15,30,1952,852,4300344.474604728,621392.784946403,0.5281308,0.784375,HEALTHY,38.84354632643825,-7.6012075365343605
jpr_20240528_AB01_MS_aligned_sun-all,15,31,2016,852,4300344.474604728,621395.9849463839,0.5323566,0.8193181818181818,HEALTHY,38.84354588492001,-7.601170673598092
jpr_20240528_AB01_MS_aligned_sun-all,15,32,2080,852,4300344.474604728,621399.1849463647,0.5599413,0.7886363636363637,HEALTHY,38.84354544339014,-7.601133810662633
jpr_20240528_AB01_MS_aligned_sun-all,15,33,2144,852,4300344.474604728,621402.3849463456,0.53311807,0.8144886363636363,HEALTHY,38.843545001848646,-7.6010969477279815
jpr_20240528_AB01_MS_aligned_sun-all,15,34,2208,852,4300344.474604728,621405.5849463266,0.52366817,0.8122159090909091,HEALTHY,38.84354456029551,-7.6010600847941365
jpr_20240528_AB01_MS_aligned_sun-all,15,35,2272,852,4300344.474604728,621408.7849463074,0.558389,0.8105113636363637,HEALTHY,38.843544118730755,-7.601023221861103
jpr_20240528_AB01_MS_aligned_sun-all,15,36,2336,852,4300344.474604728,621411.9849462883,0.54272,0.8678977272727273,HEALTHY,38.84354367715437,-7.600986358928877
jpr_20240528_AB01_MS_aligned_sun-all,15,37,2400,852,4300344.474604728,621415.1849462691,0.54644394,0.8045454545454546,HEALTHY,38.84354323556636,-7.600949495997461
jpr_20240528_AB01_MS_aligned_sun-all,15,38,2464,852,4300344.474604728,621418.38494625,0.5640183,0.8536931818181818,HEALTHY,38.84354279396672,-7.6009126330668515
jpr_20240528_AB01_MS_aligned_sun-all,15,39,2528,852,4300344.474604728,621421.5849462309,0.57371193,0.8090909090909091,HEALTHY,38.843542352355456,-7.600875770137051
jpr_20240528_AB01_MS_aligned_sun-all,15,40,2592,852,4300344.474604728,621424.7849462117,0.5679757,0.8102272727272727,HEALTHY,38.84354191073255,-7.600838907208059
jpr_20240528_AB01_MS_aligned_sun-all,15,41,2656,852,4300344.474604728,621427.9849461927,0.5534142,0.9542613636363636,HEALTHY,38.84354146909802,-7.600802044279875
jpr_20240528_AB01_MS_aligned_sun-all,15,42,2720,852,4300344.474604728,621431.1849461736,0.56603193,0.9480113636363636,HEALTHY,38.843541027451856,-7.6007651813525
jpr_20240528_AB01_MS_aligned_sun-all,15,43,2784,852,4300344.474604728,621434.3849461544,0.56152934,0.936931818181818,HEALTHY,38.843540585794074,-7.6007283184259355
jpr_20240528_AB01_MS_aligned_sun-all,15,44,2848,852,4300344.474604728,621437.5849461353,0.545786,0.8639204545454545,HEALTHY,38.84354014412465,-7.600691455500179
jpr_20240528_AB01_MS_aligned_sun-all,15,45,2912,852,4300344.474604728,621440.7849461162,0.5647845,0.938068181818182,HEALTHY,38.84353970244362,-7.60065459257523
jpr_20240528_AB01_MS_aligned_sun-all,15,46,2976,852,4300344.474604728,621443.984946097,0.53967327,0.6008522727272727,HEALTHY,38.843539260750944,-7.600617729651089
jpr_20240528_AB01_MS_aligned_sun-all,16,4,288,907,4300341.724795757,621309.5849469001,0.4806562,0.9065340909090908,HEALTHY,38.84353302904633,-7.6021664579643575
jpr_20240528_AB01_MS_aligned_sun-all,16,5,352,907,4300341.724795757,621312.784946881,0.4884633,0.8693181818181818,HEALTHY,38.84353258783083,-7.602129595019853
jpr_20240528_AB01_MS_aligned_sun-all,16,6,416,907,4300341.724795757,621315.9849468619,0.5072143,0.9394886363636364,HEALTHY,38.8435321466037,-7.602092732076156
jpr_20240528_AB01_MS_aligned_sun-all,16,7,480,907,4300341.724795757,621319.1849468428,0.5450219,0.8946022727272728,HEALTHY,38.84353170536494,-7.602055869133266
jpr_20240528_AB01_MS_aligned_sun-all,16,8,544,907,4300341.724795757,621322.3849468237,0.52567476,0.8721590909090909,HEALTHY,38.84353126411455,-7.602019006191185
jpr_20240528_AB01_MS_aligned_sun-all,16,9,608,907,4300341.724795757,621325.5849468046,0.56663156,0.8159090909090909,HEALTHY,38.84353082285253,-7.601982143249913
jpr_20240528_AB01_MS_aligned_sun-all,16,10,672,907,4300341.724795757,621328.7849467854,0.5667767,0.771875,HEALTHY,38.84353038157889,-7.601945280309447
jpr_20240528_AB01_MS_aligned_sun-all,16,11,736,907,4300341.724795757,621331.9849467663,0.58135134,0.8323863636363636,HEALTHY,38.84352994029362,-7.601908417369792
jpr_20240528_AB01_MS_aligned_sun-all,16,12,800,907,4300341.724795757,621335.1849467471,0.5602329,0.7704545454545455,HEALTHY,38.84352949899671,-7.601871554430942
jpr_20240528_AB01_MS_aligned_sun-all,16,13,864,907,4300341.724795757,621338.3849467281,0.4767424,0.906818181818182,HEALTHY,38.84352905768818,-7.6018346914929005
jpr_20240528_AB01_MS_aligned_sun-all,16,14,928,907,4300341.724795757,621341.584946709,0.52123517,0.7911931818181818,HEALTHY,38.84352861636801,-7.601797828555669
jpr_20240528_AB01_MS_aligned_sun-all,16,15,992,907,4300341.724795757,621344.7849466898,0.50868773,0.7514204545454546,HEALTHY,38.843528175036234,-7.601760965619243
jpr_20240528_AB01_MS_aligned_sun-all,16,16,1056,907,4300341.724795757,621347.9849466707,0.4912688,0.8585227272727273,HEALTHY,38.84352773369281,-7.601724102683626
jpr_20240528_AB01_MS_aligned_sun-all,16,17,1120,907,4300341.724795757,621351.1849466516,0.5501981,0.7928977272727272,HEALTHY,38.84352729233777,-7.601687239748817
jpr_20240528_AB01_MS_aligned_sun-all,16,18,1184,907,4300341.724795757,621354.3849466324,0.49472123,0.7710227272727272,HEALTHY,38.843526850971074,-7.601650376814819
jpr_20240528_AB01_MS_aligned_sun-all,16,19,1248,907,4300341.724795757,621357.5849466133,0.443531,0.8607954545454546,HEALTHY,38.843526409592776,-7.601613513881626
jpr_20240528_AB01_MS_aligned_sun-all,16,20,1312,907,4300341.724795757,621360.7849465943,0.40471205,1.0,HEALTHY,38.84352596820284,-7.601576650949241
jpr_20240528_AB01_MS_aligned_sun-all,16,21,1376,907,4300341.724795757,621363.9849465751,0.4025319,1.0,HEALTHY,38.84352552680128,-7.601539788017663
jpr_20240528_AB01_MS_aligned_sun-all,16,22,1440,907,4300341.724795757,621367.184946556,0.47417974,1.0,HEALTHY,38.84352508538809,-7.601502925086896
jpr_20240528_AB01_MS_aligned_sun-all,16,23,1504,907,4300341.724795757,621370.3849465369,0.52968365,0.9775568181818182,HEALTHY,38.84352464396327,-7.601466062156936
jpr_20240528_AB01_MS_aligned_sun-all,16,24,1568,907,4300341.724795757,621373.5849465177,0.533803,0.9107954545454544,HEALTHY,38.843524202526815,-7.601429199227785
jpr_20240528_AB01_MS_aligned_sun-all,16,25,1632,907,4300341.724795757,621376.7849464986,0.56789196,0.8386363636363636,HEALTHY,38.843523761078735,-7.601392336299441
jpr_20240528_AB01_MS_aligned_sun-all,16,26,1696,907,4300341.724795757,621379.9849464794,0.53513825,0.8210227272727273,HEALTHY,38.843523319619024,-7.601355473371906
jpr_20240528_AB01_MS_aligned_sun-all,16,27,1760,907,4300341.724795757,621383.1849464604,0.53338873,0.7678977272727273,HEALTHY,38.84352287814769,-7.60131861044518
jpr_20240528_AB01_MS_aligned_sun-all,16,28,1824,907,4300341.724795757,621386.3849464413,0.56282926,0.8159090909090909,HEALTHY,38.84352243666472,-7.601281747519261
jpr_20240528_AB01_MS_aligned_sun-all,16,29,1888,907,4300341.724795757,621389.5849464221,0.54813427,0.778125,HEALTHY,38.843521995170136,-7.601244884594151
jpr_20240528_AB01_MS_aligned_sun-all,16,30,1952,907,4300341.724795757,621392.784946403,0.54557747,0.8198863636363637,HEALTHY,38.84352155366392,-7.60120802166985
jpr_20240528_AB01_MS_aligned_sun-all,16,31,2016,907,4300341.724795757,621395.9849463839,0.55621,0.8039772727272727,HEALTHY,38.84352111214606,-7.6011711587463555
jpr_20240528_AB01_MS_aligned_sun-all,16,32,2080,907,4300341.724795757,621399.1849463647,0.54368424,0.8227272727272728,HEALTHY,38.843520670616584,-7.601134295823671
jpr_20240528_AB01_MS_aligned_sun-all,16,33,2144,907,4300341.724795757,621402.3849463456,0.5334199,0.7806818181818181,HEALTHY,38.843520229075466,-7.601097432901795
jpr_20240528_AB01_MS_aligned_sun-all,16,34,2208,907,4300341.724795757,621405.5849463266,0.5255166,0.7789772727272727,HEALTHY,38.84351978752273,-7.601060569980726
jpr_20240528_AB01_MS_aligned_sun-all,16,35,2272,907,4300341.724795757,621408.7849463074,0.5390336,0.7900568181818182,HEALTHY,38.843519345958356,-7.601023707060467
jpr_20240528_AB01_MS_aligned_sun-all,16,36,2336,907,4300341.724795757,621411.9849462883,0.54171664,0.8011363636363636,HEALTHY,38.84351890438237,-7.6009868441410156
jpr_20240528_AB01_MS_aligned_sun-all,16,37,2400,907,4300341.724795757,621415.1849462691,0.59586996,0.8107954545454545,HEALTHY,38.84351846279475,-7.600949981222372
jpr_20240528_AB01_MS_aligned_sun-all,16,38,2464,907,4300341.724795757,621418.38494625,0.53821266,0.8244318181818182,HEALTHY,38.843518021195486,-7.600913118304538
jpr_20240528_AB01_MS_aligned_sun-all,16,39,2528,907,4300341.724795757,621421.5849462309,0.56151843,0.8071022727272728,HEALTHY,38.8435175795846,-7.600876255387513
jpr_20240528_AB01_MS_aligned_sun-all,16,40,2592,907,4300341.724795757,621424.7849462117,0.5737452,0.9556818181818182,HEALTHY,38.84351713796209,-7.600839392471297
jpr_20240528_AB01_MS_aligned_sun-all,16,41,2656,907,4300341.724795757,621427.9849461927,0.5722157,0.8928977272727273,HEALTHY,38.84351669632796,-7.600802529555886
jpr_20240528_AB01_MS_aligned_sun-all,16,42,2720,907,4300341.724795757,621431.1849461736,0.54904145,0.9514204545454544,HEALTHY,38.843516254682186,-7.600765666641287
jpr_20240528_AB01_MS_aligned_sun-all,16,43,2784,907,4300341.724795757,621434.3849461544,0.56101227,0.9096590909090908,HEALTHY,38.84351581302479,-7.600728803727495
jpr_20240528_AB01_MS_aligned_sun-all,16,44,2848,907,4300341.724795757,621437.5849461353,0.5527185,0.8880681818181818,HEALTHY,38.84351537135575,-7.600691940814514
jpr_20240528_AB01_MS_aligned_sun-all,16,45,2912,907,4300341.724795757,621440.7849461162,0.5652445,0.9673295454545454,HEALTHY,38.843514929675095,-7.600655077902341
jpr_20240528_AB01_MS_aligned_sun-all,16,46,2976,907,4300341.724795757,621443.984946097,0.5557085,0.9125,HEALTHY,38.843514487982816,-7.600618214990976
jpr_20240528_AB01_MS_aligned_sun-all,16,47,3040,907,4300341.724795757,621447.184946078,0.55886453,0.8701704545454545,HEALTHY,38.8435140462789,-7.600581352080417
jpr_20240528_AB01_MS_aligned_sun-all,17,3,224,962,4300338.974986787,621306.3849469193,0.50758874,0.7556818181818182,HEALTHY,38.84350869746528,-7.602203805699641
jpr_20240528_AB01_MS_aligned_sun-all,17,4,288,962,4300338.974986787,621309.5849469001,0.54721963,0.9386363636363636,HEALTHY,38.843508256261785,-7.602166942767103
jpr_20240528_AB01_MS_aligned_sun-all,17,5,352,962,4300338.974986787,621312.784946881,0.48905197,0.938068181818182,HEALTHY,38.84350781504668,-7.602130079835375
jpr_20240528_AB01_MS_aligned_sun-all,17,6,416,962,4300338.974986787,621315.9849468619,0.5030192,0.8349431818181818,HEALTHY,38.843507373819946,-7.602093216904453
jpr_20240528_AB01_MS_aligned_sun-all,17,7,480,962,4300338.974986787,621319.1849468428,0.4973478,0.8071022727272728,HEALTHY,38.84350693258157,-7.602056353974338
jpr_20240528_AB01_MS_aligned_sun-all,17,8,544,962,4300338.974986787,621322.3849468237,0.54244703,0.8096590909090909,HEALTHY,38.84350649133157,-7.6020194910450325
jpr_20240528_AB01_MS_aligned_sun-all,17,9,608,962,4300338.974986787,621325.5849468046,0.4951037,0.8366477272727273,HEALTHY,38.84350605006993,-7.6019826281165335
jpr_20240528_AB01_MS_aligned_sun-all,17,10,672,962,4300338.974986787,621328.7849467854,0.5740626,0.8193181818181818,HEALTHY,38.84350560879668,-7.6019457651888445
jpr_20240528_AB01_MS_aligned_sun-all,17,11,736,962,4300338.974986787,621331.9849467663,0.6189563,0.7338068181818181,HEALTHY,38.843505167511786,-7.601908902261962
jpr_20240528_AB01_MS_aligned_sun-all,17,12,800,962,4300338.974986787,621335.1849467471,0.51788974,0.8519886363636363,HEALTHY,38.84350472621528,-7.6018720393358885
jpr_20240528_AB01_MS_aligned_sun-all,17,13,864,962,4300338.974986787,621338.3849467281,0.4900866,0.7775568181818182,HEALTHY,38.843504284907134,-7.601835176410621
jpr_20240528_AB01_MS_aligned_sun-all,17,14,928,962,4300338.974986787,621341.584946709,0.4972432,0.8107954545454545,HEALTHY,38.84350384358736,-7.601798313486163
jpr_20240528_AB01_MS_aligned_sun-all,17,15,992,962,4300338.974986787,621344.7849466898,0.5308794,0.8099431818181818,HEALTHY,38.843503402255955,-7.601761450562513
jpr_20240528_AB01_MS_aligned_sun-all,17,16,1056,962,4300338.974986787,621347.9849466707,0.55617005,0.7494318181818181,HEALTHY,38.84350296091293,-7.601724587639671
jpr_20240528_AB01_MS_aligned_sun-all,17,17,1120,962,4300338.974986787,621351.1849466516,0.51526654,0.7957386363636364,HEALTHY,38.843502519558264,-7.601687724717637
jpr_20240528_AB01_MS_aligned_sun-all,17,18,1184,962,4300338.974986787,621354.3849466324,0.5146058,0.7613636363636364,HEALTHY,38.843502078191975,-7.601650861796411
jpr_20240528_AB01_MS_aligned_sun-all,17,19,1248,962,4300338.974986787,621357.5849466133,0.5408877,0.8053977272727273,HEALTHY,38.84350163681406,-7.601613998875995
jpr_20240528_AB01_MS_aligned_sun-all,17,20,1312,962,4300338.974986787,621360.7849465943,0.553591,0.775,HEALTHY,38.843501195424516,-7.601577135956385
jpr_20240528_AB01_MS_aligned_sun-all,17,21,1376,962,4300338.974986787,621363.9849465751,0.4706584,0.9377840909090908,HEALTHY,38.84350075402333,-7.601540273037582
jpr_20240528_AB01_MS_aligned_sun-all,17,22,1440,962,4300338.974986787,621367.184946556,0.41363233,1.0,HEALTHY,38.843500312610544,-7.601503410119591
jpr_20240528_AB01_MS_aligned_sun-all,17,23,1504,962,4300338.974986787,621370.3849465369,0.4197351,1.0,HEALTHY,38.8434998711861,-7.601466547202405
jpr_20240528_AB01_MS_aligned_sun-all,17,24,1568,962,4300338.974986787,621373.5849465177,0.46384573,1.0,HEALTHY,38.84349942975003,-7.601429684286028
jpr_20240528_AB01_MS_aligned_sun-all,17,25,1632,962,4300338.974986787,621376.7849464986,0.51688445,0.9875,HEALTHY,38.84349898830235,-7.60139282137046
jpr_20240528_AB01_MS_aligned_sun-all,17,26,1696,962,4300338.974986787,621379.9849464794,0.55453676,0.8664772727272727,HEALTHY,38.84349854684304,-7.6013559584557004
jpr_20240528_AB01_MS_aligned_sun-all,17,27,1760,962,4300338.974986787,621383.1849464604,0.5515507,0.7553977272727272,HEALTHY,38.843498105372085,-7.601319095541746
jpr_20240528_AB01_MS_aligned_sun-all,17,28,1824,962,4300338.974986787,621386.3849464413,0.5610177,0.78125,HEALTHY,38.84349766388951,-7.601282232628604
jpr_20240528_AB01_MS_aligned_sun-all,17,29,1888,962,4300338.974986787,621389.5849464221,0.5281917,0.8005681818181818,HEALTHY,38.8434972223953,-7.601245369716269
jpr_20240528_AB01_MS_aligned_sun-all,17,30,1952,962,4300338.974986787,621392.784946403,0.54471093,0.8096590909090909,HEALTHY,38.84349678088946,-7.601208506804742
jpr_20240528_AB01_MS_aligned_sun-all,17,31,2016,962,4300338.974986787,621395.9849463839,0.5501534,0.8306818181818182,HEALTHY,38.843496339372,-7.6011716438940224
jpr_20240528_AB01_MS_aligned_sun-all,17,32,2080,962,4300338.974986787,621399.1849463647,0.52631426,0.7798295454545454,HEALTHY,38.84349589784291,-7.601134780984113
jpr_20240528_AB01_MS_aligned_sun-all,17,33,2144,962,4300338.974986787,621402.3849463456,0.5527326,0.7863636363636364,HEALTHY,38.843495456302186,-7.601097918075011
jpr_20240528_AB01_MS_aligned_sun-all,17,34,2208,962,4300338.974986787,621405.5849463266,0.5043968,0.8514204545454546,HEALTHY,38.843495014749834,-7.601061055166717
jpr_20240528_AB01_MS_aligned_sun-all,17,35,2272,962,4300338.974986787,621408.7849463074,0.5306883,0.8065340909090909,HEALTHY,38.84349457318586,-7.601024192259233
jpr_20240528_AB01_MS_aligned_sun-all,17,36,2336,962,4300338.974986787,621411.9849462883,0.5645464,0.7661931818181819,HEALTHY,38.84349413161025,-7.600987329352557
jpr_20240528_AB01_MS_aligned_sun-all,17,37,2400,962,4300338.974986787,621415.1849462691,0.5554137,0.8144886363636363,HEALTHY,38.84349369002302,-7.600950466446688
jpr_20240528_AB01_MS_aligned_sun-all,17,38,2464,962,4300338.974986787,621418.38494625,0.5542968,0.7681818181818182,HEALTHY,38.843493248424146,-7.600913603541629
jpr_20240528_AB01_MS_aligned_sun-all,17,39,2528,962,4300338.974986787,621421.5849462309,0.55331886,0.7997159090909091,HEALTHY,38.84349280681365,-7.6008767406373785
jpr_20240528_AB01_MS_aligned_sun-all,17,40,2592,962,4300338.974986787,621424.7849462117,0.56216633,0.8539772727272728,HEALTHY,38.84349236519153,-7.600839877733937
jpr_20240528_AB01_MS_aligned_sun-all,17,41,2656,962,4300338.974986787,621427.9849461927,0.544221,0.9275568181818182,HEALTHY,38.84349192355778,-7.600803014831301
jpr_20240528_AB01_MS_aligned_sun-all,17,42,2720,962,4300338.974986787,621431.1849461736,0.559688,0.8795454545454545,HEALTHY,38.84349148191239,-7.600766151929477
jpr_20240528_AB01_MS_aligned_sun-all,17,43,2784,962,4300338.974986787,621434.3849461544,0.5332351,0.8548295454545455,HEALTHY,38.843491040255394,-7.600729289028461
jpr_20240528_AB01_MS_aligned_sun-all,17,44,2848,962,4300338.974986787,621437.5849461353,0.5610878,0.9914772727272728,HEALTHY,38.84349059858675,-7.600692426128253
jpr_20240528_AB01_MS_aligned_sun-all,17,45,2912,962,4300338.974986787,621440.7849461162,0.51404697,0.8732954545454545,HEALTHY,38.843490156906476,-7.6006555632288535
jpr_20240528_AB01_MS_aligned_sun-all,17,46,2976,962,4300338.974986787,621443.984946097,0.5408893,0.8863636363636364,HEALTHY,38.84348971521459,-7.600618700330264
jpr_20240528_AB01_MS_aligned_sun-all,17,47,3040,962,4300338.974986787,621447.184946078,0.55574024,0.9261363636363636,HEALTHY,38.843489273511054,-7.600581837432482
jpr_20240528_AB01_MS_aligned_sun-all,17,48,3104,962,4300338.974986787,621450.3849460589,0.56479144,0.9130681818181818,HEALTHY,38.84348883179591,-7.6005449745355085
jpr_20240528_AB01_MS_aligned_sun-all,17,49,3168,962,4300338.974986787,621453.5849460397,0.5371219,0.5443181818181818,HEALTHY,38.843488390069126,-7.600508111639344
jpr_20240528_AB01_MS_aligned_sun-all,18,3,224,1017,4300336.225177816,621306.3849469193,0.52246535,0.8909090909090909,HEALTHY,38.84348392468025,-7.602204290489016
jpr_20240528_AB01_MS_aligned_sun-all,18,4,288,1017,4300336.225177816,621309.5849469001,0.5268432,0.9482954545454544,HEALTHY,38.84348348347715,-7.6021674275692535
jpr_20240528_AB01_MS_aligned_sun-all,18,5,352,1017,4300336.225177816,621312.784946881,0.51049525,0.9286931818181818,HEALTHY,38.84348304226242,-7.602130564650299
jpr_20240528_AB01_MS_aligned_sun-all,18,6,416,1017,4300336.225177816,621315.9849468619,0.5218175,0.8576704545454545,HEALTHY,38.843482601036065,-7.602093701732152
jpr_20240528_AB01_MS_aligned_sun-all,18,7,480,1017,4300336.225177816,621319.1849468428,0.4881557,0.7869318181818182,HEALTHY,38.843482159798086,-7.6020568388148115
jpr_20240528_AB01_MS_aligned_sun-all,18,8,544,1017,4300336.225177816,621322.3849468237,0.5425695,0.756534090909091,HEALTHY,38.84348171854847,-7.602019975898282
jpr_20240528_AB01_MS_aligned_sun-all,18,9,608,1017,4300336.225177816,621325.5849468046,0.4961641,0.8394886363636364,HEALTHY,38.843481277287225,-7.601983112982558
jpr_20240528_AB01_MS_aligned_sun-all,18,10,672,1017,4300336.225177816,621328.7849467854,0.52864546,0.7647727272727273,HEALTHY,38.84348083601436,-7.601946250067644
jpr_20240528_AB01_MS_aligned_sun-all,18,11,736,1017,4300336.225177816,621331.9849467663,0.53193164,0.7798295454545454,HEALTHY,38.843480394729866,-7.601909387153536
jpr_20240528_AB01_MS_aligned_sun-all,18,12,800,1017,4300336.225177816,621335.1849467471,0.5046067,0.8073863636363636,HEALTHY,38.84347995343374,-7.601872524240237
jpr_20240528_AB01_MS_aligned_sun-all,18,13,864,1017,4300336.225177816,621338.3849467281,0.5183266,0.8207386363636363,HEALTHY,38.84347951212598,-7.601835661327745
jpr_20240528_AB01_MS_aligned_sun-all,18,14,928,1017,4300336.225177816,621341.584946709,0.50608313,0.8633522727272728,HEALTHY,38.84347907080659,-7.601798798416062
jpr_20240528_AB01_MS_aligned_sun-all,18,15,992,1017,4300336.225177816,621344.7849466898,0.52951396,0.7403409090909091,HEALTHY,38.843478629475584,-7.601761935505187
jpr_20240528_AB01_MS_aligned_sun-all,18,16,1056,1017,4300336.225177816,621347.9849466707,0.52712905,0.9272727272727272,HEALTHY,38.84347818813294,-7.60172507259512
jpr_20240528_AB01_MS_aligned_sun-all,18,17,1120,1017,4300336.225177816,621351.1849466516,0.5118924,0.7982954545454546,HEALTHY,38.84347774677867,-7.601688209685861
jpr_20240528_AB01_MS_aligned_sun-all,18,18,1184,1017,4300336.225177816,621354.3849466324,0.5179102,0.8670454545454546,HEALTHY,38.84347730541276,-7.60165134677741
jpr_20240528_AB01_MS_aligned_sun-all,18,19,1248,1017,4300336.225177816,621357.5849466133,0.5658234,0.8514204545454546,HEALTHY,38.843476864035225,-7.601614483869768
jpr_20240528_AB01_MS_aligned_sun-all,18,20,1312,1017,4300336.225177816,621360.7849465943,0.57438254,0.8252840909090909,HEALTHY,38.84347642264608,-7.601577620962931
jpr_20240528_AB01_MS_aligned_sun-all,18,21,1376,1017,4300336.225177816,621363.9849465751,0.47265506,0.8832386363636363,HEALTHY,38.843475981245284,-7.601540758056904
jpr_20240528_AB01_MS_aligned_sun-all,18,22,1440,1017,4300336.225177816,621367.184946556,0.53950596,0.7775568181818182,HEALTHY,38.843475539832866,-7.601503895151686
jpr_20240528_AB01_MS_aligned_sun-all,18,23,1504,1017,4300336.225177816,621370.3849465369,0.48329315,0.9025568181818182,HEALTHY,38.84347509840883,-7.6014670322472755
jpr_20240528_AB01_MS_aligned_sun-all,18,24,1568,1017,4300336.225177816,621373.5849465177,0.4120903,0.9960227272727272,HEALTHY,38.84347465697316,-7.601430169343674
jpr_20240528_AB01_MS_aligned_sun-all,18,25,1632,1017,4300336.225177816,621376.7849464986,0.41584,1.0,HEALTHY,38.84347421552585,-7.601393306440881
jpr_20240528_AB01_MS_aligned_sun-all,18,26,1696,1017,4300336.225177816,621379.9849464794,0.48240355,0.9928977272727272,HEALTHY,38.843473774066915,-7.601356443538896
jpr_20240528_AB01_MS_aligned_sun-all,18,27,1760,1017,4300336.225177816,621383.1849464604,0.54779047,1.0,HEALTHY,38.84347333259635,-7.6013195806377185
jpr_20240528_AB01_MS_aligned_sun-all,18,28,1824,1017,4300336.225177816,621386.3849464413,0.55202276,0.8596590909090909,HEALTHY,38.843472891114175,-7.601282717737349
jpr_20240528_AB01_MS_aligned_sun-all,18,29,1888,1017,4300336.225177816,621389.5849464221,0.5575487,0.7826704545454546,HEALTHY,38.84347244962036,-7.601245854837789
jpr_20240528_AB01_MS_aligned_sun-all,18,30,1952,1017,4300336.225177816,621392.784946403,0.6036624,0.7917613636363636,HEALTHY,38.84347200811491,-7.601208991939036
jpr_20240528_AB01_MS_aligned_sun-all,18,31,2016,1017,4300336.225177816,621395.9849463839,0.55016345,0.7431818181818182,HEALTHY,38.843471566597835,-7.601172129041092
jpr_20240528_AB01_MS_aligned_sun-all,18,32,2080,1017,4300336.225177816,621399.1849463647,0.55904794,0.8051136363636363,HEALTHY,38.84347112506913,-7.601135266143957
jpr_20240528_AB01_MS_aligned_sun-all,18,33,2144,1017,4300336.225177816,621402.3849463456,0.56295246,0.7758522727272728,HEALTHY,38.8434706835288,-7.60109840324763
jpr_20240528_AB01_MS_aligned_sun-all,18,34,2208,1017,4300336.225177816,621405.5849463266,0.528131,0.8610795454545455,HEALTHY,38.843470241976824,-7.601061540352111
jpr_20240528_AB01_MS_aligned_sun-all,18,35,2272,1017,4300336.225177816,621408.7849463074,0.5251776,0.7985795454545455,HEALTHY,38.843469800413246,-7.601024677457401
jpr_20240528_AB01_MS_aligned_sun-all,18,36,2336,1017,4300336.225177816,621411.9849462883,0.5309854,0.8198863636363637,HEALTHY,38.84346935883802,-7.600987814563499
jpr_20240528_AB01_MS_aligned_sun-all,18,37,2400,1017,4300336.225177816,621415.1849462691,0.54465973,0.8011363636363636,HEALTHY,38.843468917251165,-7.600950951670407
jpr_20240528_AB01_MS_aligned_sun-all,18,38,2464,1017,4300336.225177816,621418.38494625,0.55912167,0.7795454545454545,HEALTHY,38.84346847565269,-7.600914088778122
jpr_20240528_AB01_MS_aligned_sun-all,18,39,2528,1017,4300336.225177816,621421.5849462309,0.5359867,0.8107954545454545,HEALTHY,38.843468034042594,-7.600877225886647
jpr_20240528_AB01_MS_aligned_sun-all,18,40,2592,1017,4300336.225177816,621424.7849462117,0.5346857,0.8125,HEALTHY,38.84346759242086,-7.60084036299598
jpr_20240528_AB01_MS_aligned_sun-all,18,41,2656,1017,4300336.225177816,621427.9849461927,0.53235686,0.8122159090909091,HEALTHY,38.84346715078749,-7.600803500106118
jpr_20240528_AB01_MS_aligned_sun-all,18,42,2720,1017,4300336.225177816,621431.1849461736,0.51333904,0.8275568181818181,HEALTHY,38.8434667091425,-7.600766637217069
jpr_20240528_AB01_MS_aligned_sun-all,18,43,2784,1017,4300336.225177816,621434.3849461544,0.5251971,0.8758522727272727,HEALTHY,38.84346626748588,-7.600729774328828
jpr_20240528_AB01_MS_aligned_sun-all,18,44,2848,1017,4300336.225177816,621437.5849461353,0.5325575,0.9559659090909092,HEALTHY,38.843465825817624,-7.600692911441396
jpr_20240528_AB01_MS_aligned_sun-all,18,45,2912,1017,4300336.225177816,621440.7849461162,0.54281145,0.8463068181818182,HEALTHY,38.84346538413775,-7.600656048554771
jpr_20240528_AB01_MS_aligned_sun-all,18,46,2976,1017,4300336.225177816,621443.984946097,0.5411947,0.852840909090909,HEALTHY,38.84346494244624,-7.600619185668955
jpr_20240528_AB01_MS_aligned_sun-all,18,47,3040,1017,4300336.225177816,621447.184946078,0.55899024,0.8681818181818182,HEALTHY,38.843464500743096,-7.600582322783947
jpr_20240528_AB01_MS_aligned_sun-all,18,48,3104,1017,4300336.225177816,621450.3849460589,0.56291527,0.865625,HEALTHY,38.84346405902834,-7.60054545989975
jpr_20240528_AB01_MS_aligned_sun-all,18,49,3168,1017,4300336.225177816,621453.5849460397,0.5402709,0.8130681818181819,HEALTHY,38.84346361730194,-7.6005085970163595
jpr_20240528_AB01_MS_aligned_sun-all,19,2,160,1072,4300333.475368845,621303.1849469384,0.49339485,0.6838068181818182,HEALTHY,38.843459593086166,-7.602241638185591
jpr_20240528_AB01_MS_aligned_sun-all,19,3,224,1072,4300333.475368845,621306.3849469193,0.50263757,0.897159090909091,HEALTHY,38.84345915189509,-7.602204775277794
jpr_20240528_AB01_MS_aligned_sun-all,19,4,288,1072,4300333.475368845,621309.5849469001,0.49383774,0.9090909090909092,HEALTHY,38.84345871069238,-7.602167912370808
jpr_20240528_AB01_MS_aligned_sun-all,19,5,352,1072,4300333.475368845,621312.784946881,0.51442397,0.8639204545454545,HEALTHY,38.843458269478056,-7.602131049464628
jpr_20240528_AB01_MS_aligned_sun-all,19,6,416,1072,4300333.475368845,621315.9849468619,0.5012986,0.8909090909090909,HEALTHY,38.84345782825208,-7.602094186559256
jpr_20240528_AB01_MS_aligned_sun-all,19,7,480,1072,4300333.475368845,621319.1849468428,0.52682054,0.7982954545454546,HEALTHY,38.843457387014496,-7.60205732365469
jpr_20240528_AB01_MS_aligned_sun-all,19,8,544,1072,4300333.475368845,621322.3849468237,0.52830946,0.8053977272727273,HEALTHY,38.84345694576526,-7.602020460750935
jpr_20240528_AB01_MS_aligned_sun-all,19,9,608,1072,4300333.475368845,621325.5849468046,0.5289593,0.8571022727272727,HEALTHY,38.84345650450441,-7.601983597847986
jpr_20240528_AB01_MS_aligned_sun-all,19,10,672,1072,4300333.475368845,621328.7849467854,0.54647595,0.7534090909090909,HEALTHY,38.843456063231926,-7.601946734945846
jpr_20240528_AB01_MS_aligned_sun-all,19,11,736,1072,4300333.475368845,621331.9849467663,0.5010987,0.8213068181818182,HEALTHY,38.84345562194781,-7.601909872044515
jpr_20240528_AB01_MS_aligned_sun-all,19,12,800,1072,4300333.475368845,621335.1849467471,0.4990631,0.8241477272727272,HEALTHY,38.84345518065208,-7.601873009143989
jpr_20240528_AB01_MS_aligned_sun-all,19,13,864,1072,4300333.475368845,621338.3849467281,0.5056786,0.8017045454545455,HEALTHY,38.84345473934471,-7.601836146244271
jpr_20240528_AB01_MS_aligned_sun-all,19,14,928,1072,4300333.475368845,621341.584946709,0.53616667,0.8068181818181818,HEALTHY,38.84345429802571,-7.601799283345364
jpr_20240528_AB01_MS_aligned_sun-all,19,15,992,1072,4300333.475368845,621344.7849466898,0.58348656,0.7840909090909091,HEALTHY,38.843453856695085,-7.601762420447264
jpr_20240528_AB01_MS_aligned_sun-all,19,16,1056,1072,4300333.475368845,621347.9849466707,0.525916,0.9340909090909092,HEALTHY,38.84345341535283,-7.601725557549971
jpr_20240528_AB01_MS_aligned_sun-all,19,17,1120,1072,4300333.475368845,621351.1849466516,0.5316113,0.8818181818181818,HEALTHY,38.84345297399894,-7.601688694653486
jpr_20240528_AB01_MS_aligned_sun-all,19,18,1184,1072,4300333.475368845,621354.3849466324,0.50073886,0.8088068181818182,HEALTHY,38.843452532633435,-7.6016518317578115
jpr_20240528_AB01_MS_aligned_sun-all,19,19,1248,1072,4300333.475368845,621357.5849466133,0.55472773,0.7920454545454545,HEALTHY,38.843452091256296,-7.601614968862942
jpr_20240528_AB01_MS_aligned_sun-all,19,20,1312,1072,4300333.475368845,621360.7849465943,0.5106657,0.819034090909091,HEALTHY,38.84345164986752,-7.601578105968882
jpr_20240528_AB01_MS_aligned_sun-all,19,21,1376,1072,4300333.475368845,621363.9849465751,0.5233796,0.7727272727272727,HEALTHY,38.843451208467116,-7.60154124307563
jpr_20240528_AB01_MS_aligned_sun-all,19,22,1440,1072,4300333.475368845,621367.184946556,0.63651437,0.7775568181818182,HEALTHY,38.843450767055096,-7.6015043801831865
jpr_20240528_AB01_MS_aligned_sun-all,19,23,1504,1072,4300333.475368845,621370.3849465369,0.5661081,0.7426136363636363,HEALTHY,38.84345032563143,-7.6014675172915505
jpr_20240528_AB01_MS_aligned_sun-all,19,24,1568,1072,4300333.475368845,621373.5849465177,0.5291815,0.796875,HEALTHY,38.84344988419615,-7.601430654400724
jpr_20240528_AB01_MS_aligned_sun-all,19,25,1632,1072,4300333.475368845,621376.7849464986,0.45571196,0.9048295454545454,HEALTHY,38.84344944274924,-7.601393791510706
jpr_20240528_AB01_MS_aligned_sun-all,19,26,1696,1072,4300333.475368845,621379.9849464794,0.4098494,1.0,HEALTHY,38.84344900129069,-7.601356928621495
jpr_20240528_AB01_MS_aligned_sun-all,19,27,1760,1072,4300333.475368845,621383.1849464604,0.41084602,1.0,HEALTHY,38.84344855982052,-7.601320065733091
jpr_20240528_AB01_MS_aligned_sun-all,19,28,1824,1072,4300333.475368845,621386.3849464413,0.4641294,1.0,HEALTHY,38.84344811833872,-7.601283202845497
jpr_20240528_AB01_MS_aligned_sun-all,19,29,1888,1072,4300333.475368845,621389.5849464221,0.5235359,0.9573863636363636,HEALTHY,38.843447676845294,-7.6012463399587125
jpr_20240528_AB01_MS_aligned_sun-all,19,30,1952,1072,4300333.475368845,621392.784946403,0.5694489,0.8579545454545454,HEALTHY,38.84344723534023,-7.601209477072735
jpr_20240528_AB01_MS_aligned_sun-all,19,31,2016,1072,4300333.475368845,621395.9849463839,0.5462073,0.8125,HEALTHY,38.843446793823546,-7.601172614187565
jpr_20240528_AB01_MS_aligned_sun-all,19,32,2080,1072,4300333.475368845,621399.1849463647,0.58285093,0.784375,HEALTHY,38.84344635229523,-7.601135751303205
jpr_20240528_AB01_MS_aligned_sun-all,19,33,2144,1072,4300333.475368845,621402.3849463456,0.5451945,0.7772727272727272,HEALTHY,38.84344591075529,-7.601098888419652
jpr_20240528_AB01_MS_aligned_sun-all,19,34,2208,1072,4300333.475368845,621405.5849463266,0.5595649,0.8076704545454545,HEALTHY,38.843445469203715,-7.601062025536909
jpr_20240528_AB01_MS_aligned_sun-all,19,35,2272,1072,4300333.475368845,621408.7849463074,0.5404829,0.7829545454545455,HEALTHY,38.84344502764051,-7.601025162654973
jpr_20240528_AB01_MS_aligned_sun-all,19,36,2336,1072,4300333.475368845,621411.9849462883,0.53708655,0.7619318181818182,HEALTHY,38.84344458606568,-7.600988299773846
jpr_20240528_AB01_MS_aligned_sun-all,19,37,2400,1072,4300333.475368845,621415.1849462691,0.5391857,0.7553977272727272,HEALTHY,38.843444144479214,-7.600951436893528
jpr_20240528_AB01_MS_aligned_sun-all,19,38,2464,1072,4300333.475368845,621418.38494625,0.54075044,0.7778409090909091,HEALTHY,38.84344370288113,-7.600914574014019
jpr_20240528_AB01_MS_aligned_sun-all,19,39,2528,1072,4300333.475368845,621421.5849462309,0.5395193,0.7715909090909091,HEALTHY,38.84344326127141,-7.600877711135317
jpr_20240528_AB01_MS_aligned_sun-all,19,40,2592,1072,4300333.475368845,621424.7849462117,0.5056014,0.7514204545454546,HEALTHY,38.843442819650065,-7.600840848257425
jpr_20240528_AB01_MS_aligned_sun-all,19,41,2656,1072,4300333.475368845,621427.9849461927,0.5606691,0.8724431818181818,HEALTHY,38.843442378017095,-7.60080398538034
jpr_20240528_AB01_MS_aligned_sun-all,19,42,2720,1072,4300333.475368845,621431.1849461736,0.4952847,0.8471590909090909,HEALTHY,38.84344193637248,-7.600767122504065
jpr_20240528_AB01_MS_aligned_sun-all,19,43,2784,1072,4300333.475368845,621434.3849461544,0.5577658,0.9065340909090908,HEALTHY,38.84344149471625,-7.600730259628597
jpr_20240528_AB01_MS_aligned_sun-all,19,44,2848,1072,4300333.475368845,621437.5849461353,0.51289934,0.8488636363636364,HEALTHY,38.84344105304839,-7.60069339675394
jpr_20240528_AB01_MS_aligned_sun-all,19,45,2912,1072,4300333.475368845,621440.7849461162,0.5552127,0.8767045454545455,HEALTHY,38.843440611368905,-7.600656533880091
jpr_20240528_AB01_MS_aligned_sun-all,19,46,2976,1072,4300333.475368845,621443.984946097,0.5534778,0.9332386363636364,HEALTHY,38.843440169677784,-7.60061967100705
jpr_20240528_AB01_MS_aligned_sun-all,19,47,3040,1072,4300333.475368845,621447.184946078,0.5561095,0.8735795454545454,HEALTHY,38.84343972797503,-7.600582808134815
jpr_20240528_AB01_MS_aligned_sun-all,19,48,3104,1072,4300333.475368845,621450.3849460589,0.5693598,0.8494318181818182,HEALTHY,38.84343928626066,-7.600545945263392
jpr_20240528_AB01_MS_aligned_sun-all,19,49,3168,1072,4300333.475368845,621453.5849460397,0.5578,0.8338068181818182,HEALTHY,38.84343884453465,-7.600509082392779
jpr_20240528_AB01_MS_aligned_sun-all,20,2,160,1127,4300330.725559875,621303.1849469384,0.50042355,0.8204545454545454,HEALTHY,38.84343482030053,-7.602242122960998
jpr_20240528_AB01_MS_aligned_sun-all,20,3,224,1127,4300330.725559875,621306.3849469193,0.495317,0.9076704545454546,HEALTHY,38.84343437910984,-7.602205260065978
jpr_20240528_AB01_MS_aligned_sun-all,20,4,288,1127,4300330.725559875,621309.5849469001,0.53085715,0.9363636363636364,HEALTHY,38.84343393790751,-7.602168397171765
jpr_20240528_AB01_MS_aligned_sun-all,20,5,352,1127,4300330.725559875,621312.784946881,0.5066537,0.9372159090909092,HEALTHY,38.84343349669357,-7.60213153427836
jpr_20240528_AB01_MS_aligned_sun-all,20,6,416,1127,4300330.725559875,621315.9849468619,0.49921453,0.8230113636363636,HEALTHY,38.84343305546799,-7.602094671385762
jpr_20240528_AB01_MS_aligned_sun-all,20,7,480,1127,4300330.725559875,621319.1849468428,0.4843512,0.8011363636363636,HEALTHY,38.843432614230785,-7.6020578084939725
jpr_20240528_AB01_MS_aligned_sun-all,20,8,544,1127,4300330.725559875,621322.3849468237,0.5708379,0.7667613636363636,HEALTHY,38.84343217298194,-7.602020945602992
jpr_20240528_AB01_MS_aligned_sun-all,20,9,608,1127,4300330.725559875,621325.5849468046,0.47917724,0.8099431818181818,HEALTHY,38.84343173172147,-7.601984082712818
jpr_20240528_AB01_MS_aligned_sun-all,20,10,672,1127,4300330.725559875,621328.7849467854,0.529337,0.7957386363636364,HEALTHY,38.84343129044939,-7.601947219823453
jpr_20240528_AB01_MS_aligned_sun-all,20,11,736,1127,4300330.725559875,621331.9849467663,0.53464735,0.8036931818181818,HEALTHY,38.843430849165664,-7.601910356934894
jpr_20240528_AB01_MS_aligned_sun-all,20,12,800,1127,4300330.725559875,621335.1849467471,0.52674305,0.7684659090909091,HEALTHY,38.84343040787031,-7.601873494047145
jpr_20240528_AB01_MS_aligned_sun-all,20,13,864,1127,4300330.725559875,621338.3849467281,0.5585056,0.7772727272727272,HEALTHY,38.84342996656333,-7.601836631160202
jpr_20240528_AB01_MS_aligned_sun-all,20,14,928,1127,4300330.725559875,621341.584946709,0.5002086,0.8897727272727273,HEALTHY,38.84342952524472,-7.601799768274069
jpr_20240528_AB01_MS_aligned_sun-all,20,15,992,1127,4300330.725559875,621344.7849466898,0.5692304,0.8247159090909091,HEALTHY,38.84342908391449,-7.601762905388743
jpr_20240528_AB01_MS_aligned_sun-all,20,16,1056,1127,4300330.725559875,621347.9849466707,0.5450718,0.8508522727272727,HEALTHY,38.84342864257261,-7.601726042504225
jpr_20240528_AB01_MS_aligned_sun-all,20,17,1120,1127,4300330.725559875,621351.1849466516,0.4947549,0.8806818181818182,HEALTHY,38.84342820121912,-7.601689179620515
jpr_20240528_AB01_MS_aligned_sun-all,20,18,1184,1127,4300330.725559875,621354.3849466324,0.5126692,0.8940340909090909,HEALTHY,38.843427759854,-7.601652316737615
jpr_20240528_AB01_MS_aligned_sun-all,20,19,1248,1127,4300330.725559875,621357.5849466133,0.56175923,0.7991477272727273,HEALTHY,38.843427318477254,-7.601615453855523
jpr_20240528_AB01_MS_aligned_sun-all,20,20,1312,1127,4300330.725559875,621360.7849465943,0.56123716,0.7198863636363636,HEALTHY,38.843426877088866,-7.601578590974235
jpr_20240528_AB01_MS_aligned_sun-all,20,21,1376,1127,4300330.725559875,621363.9849465751,0.58416736,0.7553977272727272,HEALTHY,38.843426435688855,-7.601541728093758
jpr_20240528_AB01_MS_aligned_sun-all,20,22,1440,1127,4300330.725559875,621367.184946556,0.57077855,0.8855113636363636,HEALTHY,38.843425994277204,-7.601504865214091
jpr_20240528_AB01_MS_aligned_sun-all,20,23,1504,1127,4300330.725559875,621370.3849465369,0.57955354,0.8076704545454545,HEALTHY,38.84342555285395,-7.6014680023352295
jpr_20240528_AB01_MS_aligned_sun-all,20,24,1568,1127,4300330.725559875,621373.5849465177,0.57781816,0.7985795454545455,HEALTHY,38.84342511141905,-7.601431139457176
jpr_20240528_AB01_MS_aligned_sun-all,20,25,1632,1127,4300330.725559875,621376.7849464986,0.5718614,0.8619318181818182,HEALTHY,38.84342466997252,-7.601394276579932
jpr_20240528_AB01_MS_aligned_sun-all,20,26,1696,1127,4300330.725559875,621379.9849464794,0.52702636,0.8352272727272727,HEALTHY,38.843424228514365,-7.6013574137034965
jpr_20240528_AB01_MS_aligned_sun-all,20,27,1760,1127,4300330.725559875,621383.1849464604,0.4402976,0.9625,HEALTHY,38.843423787044586,-7.601320550827869
jpr_20240528_AB01_MS_aligned_sun-all,20,28,1824,1127,4300330.725559875,621386.3849464413,0.42326453,1.0,HEALTHY,38.843423345563174,-7.60128368795305
jpr_20240528_AB01_MS_aligned_sun-all,20,29,1888,1127,4300330.725559875,621389.5849464221,0.40972766,1.0,HEALTHY,38.843422904070124,-7.601246825079038
jpr_20240528_AB01_MS_aligned_sun-all,20,30,1952,1127,4300330.725559875,621392.784946403,0.49417037,0.990909090909091,HEALTHY,38.84342246256546,-7.601209962205837
jpr_20240528_AB01_MS_aligned_sun-all,20,31,2016,1127,4300330.725559875,621395.9849463839,0.5216761,0.9082386363636364,HEALTHY,38.84342202104916,-7.601173099333441
jpr_20240528_AB01_MS_aligned_sun-all,20,32,2080,1127,4300330.725559875,621399.1849463647,0.5616046,0.8224431818181818,HEALTHY,38.84342157952124,-7.601136236461856
jpr_20240528_AB01_MS_aligned_sun-all,20,33,2144,1127,4300330.725559875,621402.3849463456,0.5238779,0.8170454545454545,HEALTHY,38.843421137981686,-7.601099373591079
jpr_20240528_AB01_MS_aligned_sun-all,20,34,2208,1127,4300330.725559875,621405.5849463266,0.5616533,0.805965909090909,HEALTHY,38.84342069643049,-7.601062510721109
jpr_20240528_AB01_MS_aligned_sun-all,20,35,2272,1127,4300330.725559875,621408.7849463074,0.54668176,0.7258522727272727,HEALTHY,38.843420254867674,-7.601025647851948
jpr_20240528_AB01_MS_aligned_sun-all,20,36,2336,1127,4300330.725559875,621411.9849462883,0.49929821,0.8485795454545455,HEALTHY,38.84341981329324,-7.6009887849835955
jpr_20240528_AB01_MS_aligned_sun-all,20,37,2400,1127,4300330.725559875,621415.1849462691,0.5528935,0.7647727272727273,HEALTHY,38.843419371707164,-7.600951922116052
jpr_20240528_AB01_MS_aligned_sun-all,20,38,2464,1127,4300330.725559875,621418.38494625,0.56312037,0.7977272727272727,HEALTHY,38.843418930109465,-7.600915059249319
jpr_20240528_AB01_MS_aligned_sun-all,20,39,2528,1127,4300330.725559875,621421.5849462309,0.51943475,0.7991477272727273,HEALTHY,38.84341848850013,-7.600878196383391
jpr_20240528_AB01_MS_aligned_sun-all,20,40,2592,1127,4300330.725559875,621424.7849462117,0.54090595,0.774715909090909,HEALTHY,38.84341804687917,-7.600841333518273
jpr_20240528_AB01_MS_aligned_sun-all,20,41,2656,1127,4300330.725559875,621427.9849461927,0.5087239,0.8127840909090909,HEALTHY,38.843417605246586,-7.600804470653963
jpr_20240528_AB01_MS_aligned_sun-all,20,42,2720,1127,4300330.725559875,621431.1849461736,0.5355337,0.7767045454545455,HEALTHY,38.843417163602375,-7.600767607790463
jpr_20240528_AB01_MS_aligned_sun-all,20,43,2784,1127,4300330.725559875,621434.3849461544,0.5068378,0.8,HEALTHY,38.843416721946525,-7.60073074492777
jpr_20240528_AB01_MS_aligned_sun-all,20,44,2848,1127,4300330.725559875,621437.5849461353,0.5586406,0.7752840909090909,HEALTHY,38.84341628027905,-7.600693882065887
jpr_20240528_AB01_MS_aligned_sun-all,20,45,2912,1127,4300330.725559875,621440.7849461162,0.5501445,0.8227272727272728,HEALTHY,38.84341583859995,-7.600657019204813
jpr_20240528_AB01_MS_aligned_sun-all,20,46,2976,1127,4300330.725559875,621443.984946097,0.5667916,0.8306818181818182,HEALTHY,38.843415396909215,-7.600620156344547
jpr_20240528_AB01_MS_aligned_sun-all,20,47,3040,1127,4300330.725559875,621447.184946078,0.55155605,0.8284090909090909,HEALTHY,38.84341495520685,-7.600583293485087
jpr_20240528_AB01_MS_aligned_sun-all,20,48,3104,1127,4300330.725559875,621450.3849460589,0.5618323,0.8744318181818181,HEALTHY,38.843414513492874,-7.600546430626439
jpr_20240528_AB01_MS_aligned_sun-all,20,49,3168,1127,4300330.725559875,621453.5849460397,0.5530425,0.8338068181818182,HEALTHY,38.84341407176725,-7.6005095677686
jpr_20240528_AB01_MS_aligned_sun-all,21,1,96,1182,4300327.9757509045,621299.9849469576,0.5389964,0.5369318181818182,HEALTHY,38.84341048869345,-7.602279470618863
jpr_20240528_AB01_MS_aligned_sun-all,21,2,160,1182,4300327.9757509045,621303.1849469384,0.56530994,0.8198863636363637,HEALTHY,38.843410047514766,-7.6022426077358105
jpr_20240528_AB01_MS_aligned_sun-all,21,3,224,1182,4300327.9757509045,621306.3849469193,0.5135541,0.921306818181818,HEALTHY,38.843409606324464,-7.602205744853563
jpr_20240528_AB01_MS_aligned_sun-all,21,4,288,1182,4300327.9757509045,621309.5849469001,0.544478,0.7997159090909091,HEALTHY,38.84340916512252,-7.602168881972126
jpr_20240528_AB01_MS_aligned_sun-all,21,5,352,1182,4300327.9757509045,621312.784946881,0.56440455,0.8306818181818182,HEALTHY,38.843408723908965,-7.6021320190914965
jpr_20240528_AB01_MS_aligned_sun-all,21,6,416,1182,4300327.9757509045,621315.9849468619,0.55978405,0.7605113636363636,HEALTHY,38.843408282683775,-7.602095156211673
jpr_20240528_AB01_MS_aligned_sun-all,21,7,480,1182,4300327.9757509045,621319.1849468428,0.5612405,0.7326704545454545,HEALTHY,38.843407841446954,-7.602058293332658
jpr_20240528_AB01_MS_aligned_sun-all,21,8,544,1182,4300327.9757509045,621322.3849468237,0.56231534,0.784375,HEALTHY,38.84340740019851,-7.6020214304544504
jpr_20240528_AB01_MS_aligned_sun-all,21,9,608,1182,4300327.9757509045,621325.5849468046,0.520071,0.8053977272727273,HEALTHY,38.84340695893844,-7.601984567577053
jpr_20240528_AB01_MS_aligned_sun-all,21,10,672,1182,4300327.9757509045,621328.7849467854,0.5370184,0.8230113636363636,HEALTHY,38.84340651766673,-7.601947704700462
jpr_20240528_AB01_MS_aligned_sun-all,21,11,736,1182,4300327.9757509045,621331.9849467663,0.54121786,0.8497159090909091,HEALTHY,38.843406076383395,-7.601910841824679
jpr_20240528_AB01_MS_aligned_sun-all,21,12,800,1182,4300327.9757509045,621335.1849467471,0.5491077,0.8048295454545454,HEALTHY,38.84340563508843,-7.601873978949704
jpr_20240528_AB01_MS_aligned_sun-all,21,13,864,1182,4300327.9757509045,621338.3849467281,0.5492224,0.8448863636363636,HEALTHY,38.84340519378184,-7.6018371160755365
jpr_20240528_AB01_MS_aligned_sun-all,21,14,928,1182,4300327.9757509045,621341.584946709,0.51175016,0.8670454545454546,HEALTHY,38.84340475246362,-7.601800253202177
jpr_20240528_AB01_MS_aligned_sun-all,21,15,992,1182,4300327.9757509045,621344.7849466898,0.5629804,0.8514204545454546,HEALTHY,38.84340431113377,-7.6017633903296264
jpr_20240528_AB01_MS_aligned_sun-all,21,16,1056,1182,4300327.9757509045,621347.9849466707,0.4608451,0.8025568181818182,HEALTHY,38.84340386979229,-7.601726527457884
jpr_20240528_AB01_MS_aligned_sun-all,21,17,1120,1182,4300327.9757509045,621351.1849466516,0.4689264,0.8948863636363636,HEALTHY,38.84340342843919,-7.6016896645869485
jpr_20240528_AB01_MS_aligned_sun-all,21,18,1184,1182,4300327.9757509045,621354.3849466324,0.56671673,0.727840909090909,HEALTHY,38.84340298707445,-7.601652801716822
jpr_20240528_AB01_MS_aligned_sun-all,21,19,1248,1182,4300327.9757509045,621357.5849466133,0.57704335,0.8198863636363637,HEALTHY,38.843402545698076,-7.601615938847505
jpr_20240528_AB01_MS_aligned_sun-all,21,20,1312,1182,4300327.9757509045,621360.7849465943,0.5854985,0.7977272727272727,HEALTHY,38.843402104310094,-7.601579075978993
jpr_20240528_AB01_MS_aligned_sun-all,21,21,1376,1182,4300327.9757509045,621363.9849465751,0.58575755,0.8326704545454545,HEALTHY,38.843401662910466,-7.60154221311129
jpr_20240528_AB01_MS_aligned_sun-all,21,22,1440,1182,4300327.9757509045,621367.184946556,0.54846895,0.8017045454545455,HEALTHY,38.84340122149922,-7.6015053502443966
jpr_20240528_AB01_MS_aligned_sun-all,21,23,1504,1182,4300327.9757509045,621370.3849465369,0.5585587,0.8392045454545455,HEALTHY,38.84340078007633,-7.601468487378311
jpr_20240528_AB01_MS_aligned_sun-all,21,24,1568,1182,4300327.9757509045,621373.5849465177,0.56186354,0.8028409090909091,HEALTHY,38.84340033864183,-7.601431624513032
jpr_20240528_AB01_MS_aligned_sun-all,21,25,1632,1182,4300327.9757509045,621376.7849464986,0.53056484,0.7928977272727272,HEALTHY,38.84339989719569,-7.601394761648563
jpr_20240528_AB01_MS_aligned_sun-all,21,26,1696,1182,4300327.9757509045,621379.9849464794,0.5740838,0.7832386363636363,HEALTHY,38.84339945573793,-7.601357898784902
jpr_20240528_AB01_MS_aligned_sun-all,21,27,1760,1182,4300327.9757509045,621383.1849464604,0.5448028,0.7985795454545455,HEALTHY,38.84339901426852,-7.601321035922048
jpr_20240528_AB01_MS_aligned_sun-all,21,28,1824,1182,4300327.9757509045,621386.3849464413,0.5131122,0.8579545454545454,HEALTHY,38.8433985727875,-7.601284173060004
jpr_20240528_AB01_MS_aligned_sun-all,21,29,1888,1182,4300327.9757509045,621389.5849464221,0.43805933,0.9414772727272728,HEALTHY,38.843398131294855,-7.601247310198769
jpr_20240528_AB01_MS_aligned_sun-all,21,30,1952,1182,4300327.9757509045,621392.784946403,0.40812615,1.0,HEALTHY,38.84339768979056,-7.601210447338341
jpr_20240528_AB01_MS_aligned_sun-all,21,31,2016,1182,4300327.9757509045,621395.9849463839,0.42913437,1.0,HEALTHY,38.843397248274655,-7.60117358447872
jpr_20240528_AB01_MS_aligned_sun-all,21,32,2080,1182,4300327.9757509045,621399.1849463647,0.4578499,1.0,HEALTHY,38.843396806747116,-7.601136721619909
jpr_20240528_AB01_MS_aligned_sun-all,21,33,2144,1182,4300327.9757509045,621402.3849463456,0.524199,0.9485795454545456,HEALTHY,38.84339636520795,-7.6010998587619065
jpr_20240528_AB01_MS_aligned_sun-all,21,34,2208,1182,4300327.9757509045,621405.5849463266,0.5765927,0.7758522727272728,HEALTHY,38.843395923657155,-7.601062995904711
jpr_20240528_AB01_MS_aligned_sun-all,21,35,2272,1182,4300327.9757509045,621408.7849463074,0.5499242,0.7613636363636364,HEALTHY,38.84339548209472,-7.601026133048327
jpr_20240528_AB01_MS_aligned_sun-all,21,36,2336,1182,4300327.9757509045,621411.9849462883,0.53699476,0.7752840909090909,HEALTHY,38.84339504052067,-7.600989270192749
jpr_20240528_AB01_MS_aligned_sun-all,21,37,2400,1182,4300327.9757509045,621415.1849462691,0.5893361,0.7548295454545455,HEALTHY,38.84339459893499,-7.600952407337981
jpr_20240528_AB01_MS_aligned_sun-all,21,38,2464,1182,4300327.9757509045,621418.38494625,0.56490695,0.8389204545454545,HEALTHY,38.84339415733767,-7.60091554448402
jpr_20240528_AB01_MS_aligned_sun-all,21,39,2528,1182,4300327.9757509045,621421.5849462309,0.52570987,0.7792613636363637,HEALTHY,38.84339371572872,-7.600878681630867
jpr_20240528_AB01_MS_aligned_sun-all,21,40,2592,1182,4300327.9757509045,621424.7849462117,0.5380919,0.7997159090909091,HEALTHY,38.843393274108166,-7.600841818778524
jpr_20240528_AB01_MS_aligned_sun-all,21,41,2656,1182,4300327.9757509045,621427.9849461927,0.54134434,0.7460227272727272,HEALTHY,38.84339283247598,-7.600804955926989
jpr_20240528_AB01_MS_aligned_sun-all,21,42,2720,1182,4300327.9757509045,621431.1849461736,0.53553766,0.7914772727272728,HEALTHY,38.84339239083214,-7.600768093076263
jpr_20240528_AB01_MS_aligned_sun-all,21,43,2784,1182,4300327.9757509045,621434.3849461544,0.5572213,0.8008522727272728,HEALTHY,38.84339194917668,-7.600731230226347
jpr_20240528_AB01_MS_aligned_sun-all,21,44,2848,1182,4300327.9757509045,621437.5849461353,0.567876,0.796875,HEALTHY,38.843391507509594,-7.600694367377238
jpr_20240528_AB01_MS_aligned_sun-all,21,45,2912,1182,4300327.9757509045,621440.7849461162,0.5564081,0.8036931818181818,HEALTHY,38.843391065830886,-7.600657504528938
jpr_20240528_AB01_MS_aligned_sun-all,21,46,2976,1182,4300327.9757509045,621443.984946097,0.559821,0.8255681818181818,HEALTHY,38.84339062414053,-7.600620641681446
jpr_20240528_AB01_MS_aligned_sun-all,21,47,3040,1182,4300327.9757509045,621447.184946078,0.5829039,0.7892045454545454,HEALTHY,38.84339018243857,-7.600583778834762
jpr_20240528_AB01_MS_aligned_sun-all,21,48,3104,1182,4300327.9757509045,621450.3849460589,0.522117,0.8235795454545455,HEALTHY,38.84338974072497,-7.600546915988889
jpr_20240528_AB01_MS_aligned_sun-all,21,49,3168,1182,4300327.9757509045,621453.5849460397,0.5500523,0.8150568181818182,HEALTHY,38.84338929899974,-7.600510053143824
jpr_20240528_AB01_MS_aligned_sun-all,22,1,96,1237,4300325.225941934,621299.9849469576,0.5376226,0.8017045454545455,HEALTHY,38.84338571590718,-7.602279955380303
jpr_20240528_AB01_MS_aligned_sun-all,22,2,160,1237,4300325.225941934,621303.1849469384,0.55837697,0.9017045454545456,HEALTHY,38.843385274728895,-7.602243092510025
jpr_20240528_AB01_MS_aligned_sun-all,22,3,224,1237,4300325.225941934,621306.3849469193,0.5409529,0.8900568181818181,HEALTHY,38.843384833538984,-7.602206229640554
jpr_20240528_AB01_MS_aligned_sun-all,22,4,288,1237,4300325.225941934,621309.5849469001,0.5252193,0.8303977272727273,HEALTHY,38.84338439233743,-7.60216936677189
jpr_20240528_AB01_MS_aligned_sun-all,22,5,352,1237,4300325.225941934,621312.784946881,0.5951935,0.7573863636363637,HEALTHY,38.84338395112426,-7.602132503904035
jpr_20240528_AB01_MS_aligned_sun-all,22,6,416,1237,4300325.225941934,621315.9849468619,0.5957815,0.8301136363636363,HEALTHY,38.84338350989945,-7.602095641036988
jpr_20240528_AB01_MS_aligned_sun-all,22,7,480,1237,4300325.225941934,621319.1849468428,0.58297634,0.7892045454545454,HEALTHY,38.84338306866302,-7.602058778170748
jpr_20240528_AB01_MS_aligned_sun-all,22,8,544,1237,4300325.225941934,621322.3849468237,0.51494116,0.7741477272727273,HEALTHY,38.84338262741496,-7.602021915305315
jpr_20240528_AB01_MS_aligned_sun-all,22,9,608,1237,4300325.225941934,621325.5849468046,0.509308,0.8573863636363637,HEALTHY,38.84338218615528,-7.601985052440692
jpr_20240528_AB01_MS_aligned_sun-all,22,10,672,1237,4300325.225941934,621328.7849467854,0.5048838,0.9326704545454544,HEALTHY,38.843381744883956,-7.601948189576874
jpr_20240528_AB01_MS_aligned_sun-all,22,11,736,1237,4300325.225941934,621331.9849467663,0.50520873,0.8710227272727272,HEALTHY,38.843381303601014,-7.601911326713867
jpr_20240528_AB01_MS_aligned_sun-all,22,12,800,1237,4300325.225941934,621335.1849467471,0.5471247,0.8420454545454545,HEALTHY,38.84338086230643,-7.601874463851667
jpr_20240528_AB01_MS_aligned_sun-all,22,13,864,1237,4300325.225941934,621338.3849467281,0.5489647,0.7508522727272727,HEALTHY,38.843380421000234,-7.601837600990274
jpr_20240528_AB01_MS_aligned_sun-all,22,14,928,1237,4300325.225941934,621341.584946709,0.50933415,0.9477272727272728,HEALTHY,38.84337997968241,-7.60180073812969
jpr_20240528_AB01_MS_aligned_sun-all,22,15,992,1237,4300325.225941934,621344.7849466898,0.50034404,0.8377840909090909,HEALTHY,38.843379538352934,-7.6017638752699135
jpr_20240528_AB01_MS_aligned_sun-all,22,16,1056,1237,4300325.225941934,621347.9849466707,0.51396,0.8176136363636364,HEALTHY,38.84337909701185,-7.6017270124109455
jpr_20240528_AB01_MS_aligned_sun-all,22,17,1120,1237,4300325.225941934,621351.1849466516,0.53024167,0.8255681818181818,HEALTHY,38.84337865565914,-7.601690149552785
jpr_20240528_AB01_MS_aligned_sun-all,22,18,1184,1237,4300325.225941934,621354.3849466324,0.5264967,0.78125,HEALTHY,38.84337821429479,-7.6016532866954325
jpr_20240528_AB01_MS_aligned_sun-all,22,19,1248,1237,4300325.225941934,621357.5849466133,0.5497724,0.7752840909090909,HEALTHY,38.8433777729188,-7.601616423838889
jpr_20240528_AB01_MS_aligned_sun-all,22,20,1312,1237,4300325.225941934,621360.7849465943,0.57177675,0.8022727272727272,HEALTHY,38.8433773315312,-7.6015795609831525
jpr_20240528_AB01_MS_aligned_sun-all,22,21,1376,1237,4300325.225941934,621363.9849465751,0.5714486,0.8420454545454545,HEALTHY,38.843376890131964,-7.601542698128225
jpr_20240528_AB01_MS_aligned_sun-all,22,22,1440,1237,4300325.225941934,621367.184946556,0.5555133,0.8122159090909091,HEALTHY,38.84337644872111,-7.601505835274105
jpr_20240528_AB01_MS_aligned_sun-all,22,23,1504,1237,4300325.225941934,621370.3849465369,0.55087894,0.7744318181818182,HEALTHY,38.843376007298616,-7.601468972420795
jpr_20240528_AB01_MS_aligned_sun-all,22,24,1568,1237,4300325.225941934,621373.5849465177,0.54022247,0.7559659090909091,HEALTHY,38.84337556586449,-7.601432109568293
jpr_20240528_AB01_MS_aligned_sun-all,22,25,1632,1237,4300325.225941934,621376.7849464986,0.53539526,0.8397727272727272,HEALTHY,38.84337512441874,-7.601395246716597
jpr_20240528_AB01_MS_aligned_sun-all,22,26,1696,1237,4300325.225941934,621379.9849464794,0.5994179,0.8099431818181818,HEALTHY,38.84337468296136,-7.601358383865712
jpr_20240528_AB01_MS_aligned_sun-all,22,27,1760,1237,4300325.225941934,621383.1849464604,0.5782817,0.8664772727272727,HEALTHY,38.84337424149236,-7.601321521015632
jpr_20240528_AB01_MS_aligned_sun-all,22,28,1824,1237,4300325.225941934,621386.3849464413,0.5920615,0.7801136363636364,HEALTHY,38.84337380001172,-7.601284658166363
jpr_20240528_AB01_MS_aligned_sun-all,22,29,1888,1237,4300325.225941934,621389.5849464221,0.5263729,0.7963068181818181,HEALTHY,38.84337335851946,-7.601247795317899
jpr_20240528_AB01_MS_aligned_sun-all,22,30,1952,1237,4300325.225941934,621392.784946403,0.48709634,0.8948863636363636,HEALTHY,38.843372917015564,-7.601210932470248
jpr_20240528_AB01_MS_aligned_sun-all,22,31,2016,1237,4300325.225941934,621395.9849463839,0.4328478,0.9948863636363636,HEALTHY,38.84337247550005,-7.6011740696234025
jpr_20240528_AB01_MS_aligned_sun-all,22,32,2080,1237,4300325.225941934,621399.1849463647,0.40391457,1.0,HEALTHY,38.84337203397289,-7.601137206777366
jpr_20240528_AB01_MS_aligned_sun-all,22,33,2144,1237,4300325.225941934,621402.3849463456,0.42303172,1.0,HEALTHY,38.84337159243411,-7.601100343932139
jpr_20240528_AB01_MS_aligned_sun-all,22,34,2208,1237,4300325.225941934,621405.5849463266,0.48699823,0.9761363636363636,HEALTHY,38.8433711508837,-7.601063481087717
jpr_20240528_AB01_MS_aligned_sun-all,22,35,2272,1237,4300325.225941934,621408.7849463074,0.5719996,0.9758522727272728,HEALTHY,38.84337070932166,-7.601026618244107
jpr_20240528_AB01_MS_aligned_sun-all,22,36,2336,1237,4300325.225941934,621411.9849462883,0.57096374,0.8196022727272727,HEALTHY,38.84337026774799,-7.600989755401304
jpr_20240528_AB01_MS_aligned_sun-all,22,37,2400,1237,4300325.225941934,621415.1849462691,0.55841863,0.7573863636363637,HEALTHY,38.84336982616271,-7.600952892559311
jpr_20240528_AB01_MS_aligned_sun-all,22,38,2464,1237,4300325.225941934,621418.38494625,0.5599533,0.8019886363636364,HEALTHY,38.84336938456578,-7.6009160297181255
jpr_20240528_AB01_MS_aligned_sun-all,22,39,2528,1237,4300325.225941934,621421.5849462309,0.5632878,0.8116477272727273,HEALTHY,38.84336894295723,-7.600879166877749
jpr_20240528_AB01_MS_aligned_sun-all,22,40,2592,1237,4300325.225941934,621424.7849462117,0.53497005,0.7940340909090909,HEALTHY,38.84336850133703,-7.6008423040381805
jpr_20240528_AB01_MS_aligned_sun-all,22,41,2656,1237,4300325.225941934,621427.9849461927,0.5478314,0.7815340909090909,HEALTHY,38.84336805970523,-7.600805441199419
jpr_20240528_AB01_MS_aligned_sun-all,22,42,2720,1237,4300325.225941934,621431.1849461736,0.51657665,0.7897727272727273,HEALTHY,38.84336761806179,-7.600768578361467
jpr_20240528_AB01_MS_aligned_sun-all,22,43,2784,1237,4300325.225941934,621434.3849461544,0.528486,0.80625,HEALTHY,38.84336717640672,-7.600731715524326
jpr_20240528_AB01_MS_aligned_sun-all,22,44,2848,1237,4300325.225941934,621437.5849461353,0.5355351,0.803125,HEALTHY,38.84336673474004,-7.600694852687991
jpr_20240528_AB01_MS_aligned_sun-all,22,45,2912,1237,4300325.225941934,621440.7849461162,0.5290194,0.8360795454545454,HEALTHY,38.8433662930617,-7.600657989852466
jpr_20240528_AB01_MS_aligned_sun-all,22,46,2976,1237,4300325.225941934,621443.984946097,0.5465712,0.7866477272727272,HEALTHY,38.84336585137176,-7.600621127017749
jpr_20240528_AB01_MS_aligned_sun-all,22,47,3040,1237,4300325.225941934,621447.184946078,0.547185,0.8357954545454546,HEALTHY,38.84336540967017,-7.60058426418384
jpr_20240528_AB01_MS_aligned_sun-all,22,48,3104,1237,4300325.225941934,621450.3849460589,0.5218068,0.7965909090909091,HEALTHY,38.84336496795695,-7.600547401350741
jpr_20240528_AB01_MS_aligned_sun-all,22,49,3168,1237,4300325.225941934,621453.5849460397,0.53259903,0.784375,HEALTHY,38.843364526232115,-7.600510538518451
jpr_20240528_AB01_MS_aligned_sun-all,23,1,96,1292,4300322.476132964,621299.9849469576,0.55732256,0.9357954545454544,HEALTHY,38.84336094312083,-7.602280440141148
jpr_20240528_AB01_MS_aligned_sun-all,23,2,160,1292,4300322.476132964,621303.1849469384,0.50722265,0.9275568181818182,HEALTHY,38.843360501942925,-7.602243577283643
jpr_20240528_AB01_MS_aligned_sun-all,23,3,224,1292,4300322.476132964,621306.3849469193,0.5029189,0.8872159090909091,HEALTHY,38.843360060753405,-7.602206714426947
jpr_20240528_AB01_MS_aligned_sun-all,23,4,288,1292,4300322.476132964,621309.5849469001,0.49446788,0.7605113636363636,HEALTHY,38.84335961955224,-7.602169851571059
jpr_20240528_AB01_MS_aligned_sun-all,23,5,352,1292,4300322.476132964,621312.784946881,0.5243048,0.8107954545454545,HEALTHY,38.843359178339455,-7.602132988715978
jpr_20240528_AB01_MS_aligned_sun-all,23,6,416,1292,4300322.476132964,621315.9849468619,0.5676737,0.803409090909091,HEALTHY,38.84335873711504,-7.6020961258617055
jpr_20240528_AB01_MS_aligned_sun-all,23,7,480,1292,4300322.476132964,621319.1849468428,0.539519,0.7755681818181818,HEALTHY,38.84335829587899,-7.602059263008239
jpr_20240528_AB01_MS_aligned_sun-all,23,8,544,1292,4300322.476132964,621322.3849468237,0.5324059,0.7886363636363637,HEALTHY,38.84335785463133,-7.602022400155581
jpr_20240528_AB01_MS_aligned_sun-all,23,9,608,1292,4300322.476132964,621325.5849468046,0.5336535,0.8153409090909091,HEALTHY,38.843357413372026,-7.601985537303732
jpr_20240528_AB01_MS_aligned_sun-all,23,10,672,1292,4300322.476132964,621328.7849467854,0.52063435,0.8204545454545454,HEALTHY,38.8433569721011,-7.601948674452692
jpr_20240528_AB01_MS_aligned_sun-all,23,11,736,1292,4300322.476132964,621331.9849467663,0.5150994,0.8519886363636363,HEALTHY,38.84335653081853,-7.6019118116024575
jpr_20240528_AB01_MS_aligned_sun-all,23,12,800,1292,4300322.476132964,621335.1849467471,0.5242426,0.740625,HEALTHY,38.84335608952435,-7.601874948753032
jpr_20240528_AB01_MS_aligned_sun-all,23,13,864,1292,4300322.476132964,621338.3849467281,0.5052228,0.8806818181818182,HEALTHY,38.843355648218534,-7.601838085904413
jpr_20240528_AB01_MS_aligned_sun-all,23,14,928,1292,4300322.476132964,621341.584946709,0.5333806,0.8411931818181818,HEALTHY,38.843355206901094,-7.601801223056604
jpr_20240528_AB01_MS_aligned_sun-all,23,15,992,1292,4300322.476132964,621344.7849466898,0.5180027,0.8184659090909091,HEALTHY,38.843354765572016,-7.601764360209603
jpr_20240528_AB01_MS_aligned_sun-all,23,16,1056,1292,4300322.476132964,621347.9849466707,0.5429155,0.8053977272727273,HEALTHY,38.84335432423131,-7.6017274973634095
jpr_20240528_AB01_MS_aligned_sun-all,23,17,1120,1292,4300322.476132964,621351.1849466516,0.57192785,0.7741477272727273,HEALTHY,38.84335388287897,-7.601690634518025
jpr_20240528_AB01_MS_aligned_sun-all,23,18,1184,1292,4300322.476132964,621354.3849466324,0.5087569,0.8539772727272728,HEALTHY,38.84335344151502,-7.601653771673447
jpr_20240528_AB01_MS_aligned_sun-all,23,19,1248,1292,4300322.476132964,621357.5849466133,0.49578163,0.9502840909090908,HEALTHY,38.84335300013944,-7.601616908829679
jpr_20240528_AB01_MS_aligned_sun-all,23,20,1312,1292,4300322.476132964,621360.7849465943,0.5268919,0.8414772727272727,HEALTHY,38.843352558752215,-7.601580045986717
jpr_20240528_AB01_MS_aligned_sun-all,23,21,1376,1292,4300322.476132964,621363.9849465751,0.5772055,0.7948863636363637,HEALTHY,38.84335211735337,-7.601543183144562
jpr_20240528_AB01_MS_aligned_sun-all,23,22,1440,1292,4300322.476132964,621367.184946556,0.56116045,0.8585227272727273,HEALTHY,38.8433516759429,-7.601506320303219
jpr_20240528_AB01_MS_aligned_sun-all,23,23,1504,1292,4300322.476132964,621370.3849465369,0.51794636,0.9196022727272728,HEALTHY,38.84335123452079,-7.601469457462682
jpr_20240528_AB01_MS_aligned_sun-all,23,24,1568,1292,4300322.476132964,621373.5849465177,0.5096243,0.8122159090909091,HEALTHY,38.84335079308706,-7.601432594622954
jpr_20240528_AB01_MS_aligned_sun-all,23,25,1632,1292,4300322.476132964,621376.7849464986,0.52744305,0.9207386363636364,HEALTHY,38.8433503516417,-7.601395731784034
jpr_20240528_AB01_MS_aligned_sun-all,23,26,1696,1292,4300322.476132964,621379.9849464794,0.5375486,0.821875,HEALTHY,38.843349910184706,-7.601358868945923
jpr_20240528_AB01_MS_aligned_sun-all,23,27,1760,1292,4300322.476132964,621383.1849464604,0.5754749,0.834375,HEALTHY,38.843349468716085,-7.601322006108617
jpr_20240528_AB01_MS_aligned_sun-all,23,28,1824,1292,4300322.476132964,621386.3849464413,0.5281275,0.8485795454545455,HEALTHY,38.84334902723584,-7.601285143272123
jpr_20240528_AB01_MS_aligned_sun-all,23,29,1888,1292,4300322.476132964,621389.5849464221,0.5619813,0.7772727272727272,HEALTHY,38.84334858574397,-7.601248280436436
jpr_20240528_AB01_MS_aligned_sun-all,23,30,1952,1292,4300322.476132964,621392.784946403,0.5508987,0.759375,HEALTHY,38.843348144240466,-7.601211417601557
jpr_20240528_AB01_MS_aligned_sun-all,23,31,2016,1292,4300322.476132964,621395.9849463839,0.51512337,0.9340909090909092,HEALTHY,38.843347702725325,-7.601174554767488
jpr_20240528_AB01_MS_aligned_sun-all,23,32,2080,1292,4300322.476132964,621399.1849463647,0.49297205,0.9130681818181818,HEALTHY,38.843347261198566,-7.601137691934227
jpr_20240528_AB01_MS_aligned_sun-all,23,33,2144,1292,4300322.476132964,621402.3849463456,0.44538727,1.0,HEALTHY,38.84334681966018,-7.601100829101773
jpr_20240528_AB01_MS_aligned_sun-all,23,34,2208,1292,4300322.476132964,621405.5849463266,0.39988765,1.0,HEALTHY,38.843346378110155,-7.601063966270127
jpr_20240528_AB01_MS_aligned_sun-all,23,35,2272,1292,4300322.476132964,621408.7849463074,0.42456096,1.0,HEALTHY,38.8433459365485,-7.601027103439291
jpr_20240528_AB01_MS_aligned_sun-all,23,36,2336,1292,4300322.476132964,621411.9849462883,0.50539756,0.9914772727272728,HEALTHY,38.84334549497522,-7.600990240609263
jpr_20240528_AB01_MS_aligned_sun-all,23,37,2400,1292,4300322.476132964,621415.1849462691,0.54900557,0.9053977272727272,HEALTHY,38.843345053390316,-7.600953377780043
jpr_20240528_AB01_MS_aligned_sun-all,23,38,2464,1292,4300322.476132964,621418.38494625,0.5701567,0.834375,HEALTHY,38.843344611793775,-7.600916514951632
jpr_20240528_AB01_MS_aligned_sun-all,23,39,2528,1292,4300322.476132964,621421.5849462309,0.545263,0.803125,HEALTHY,38.84334417018562,-7.600879652124031
jpr_20240528_AB01_MS_aligned_sun-all,23,40,2592,1292,4300322.476132964,621424.7849462117,0.5309248,0.7767045454545455,HEALTHY,38.84334372856583,-7.6008427892972374
jpr_20240528_AB01_MS_aligned_sun-all,23,41,2656,1292,4300322.476132964,621427.9849461927,0.50755656,0.7738636363636363,HEALTHY,38.843343286934406,-7.600805926471251
jpr_20240528_AB01_MS_aligned_sun-all,23,42,2720,1292,4300322.476132964,621431.1849461736,0.525119,0.8122159090909091,HEALTHY,38.84334284529136,-7.600769063646075
jpr_20240528_AB01_MS_aligned_sun-all,23,43,2784,1292,4300322.476132964,621434.3849461544,0.52434546,0.7894886363636363,HEALTHY,38.84334240363667,-7.600732200821706
jpr_20240528_AB01_MS_aligned_sun-all,23,44,2848,1292,4300322.476132964,621437.5849461353,0.5934028,0.8,HEALTHY,38.84334196197037,-7.600695337998147
jpr_20240528_AB01_MS_aligned_sun-all,23,45,2912,1292,4300322.476132964,621440.7849461162,0.55514634,0.7894886363636363,HEALTHY,38.84334152029243,-7.600658475175395
jpr_20240528_AB01_MS_aligned_sun-all,23,46,2976,1292,4300322.476132964,621443.984946097,0.5739823,0.8056818181818182,HEALTHY,38.84334107860286,-7.600621612353455
jpr_20240528_AB01_MS_aligned_sun-all,23,47,3040,1292,4300322.476132964,621447.184946078,0.52260077,0.7275568181818182,HEALTHY,38.84334063690167,-7.600584749532319
jpr_20240528_AB01_MS_aligned_sun-all,23,48,3104,1292,4300322.476132964,621450.3849460589,0.5243755,0.7829545454545455,HEALTHY,38.843340195188844,-7.600547886711995
jpr_20240528_AB01_MS_aligned_sun-all,23,49,3168,1292,4300322.476132964,621453.5849460397,0.557326,0.771875,HEALTHY,38.84333975346439,-7.60051102389248
jpr_20240528_AB01_MS_aligned_sun-all,24,0,32,1347,4300319.726323993,621296.7849469767,0.58601505,0.5394886363636363,HEALTHY,38.84333661150022,-7.602317787746932
jpr_20240528_AB01_MS_aligned_sun-all,24,1,96,1347,4300319.726323993,621299.9849469576,0.54614794,0.8576704545454545,HEALTHY,38.843336170334354,-7.602280924901395
jpr_20240528_AB01_MS_aligned_sun-all,24,2,160,1347,4300319.726323993,621303.1849469384,0.5220433,0.8514204545454546,HEALTHY,38.843335729156834,-7.602244062056666
jpr_20240528_AB01_MS_aligned_sun-all,24,3,224,1347,4300319.726323993,621306.3849469193,0.45512542,0.7764204545454545,HEALTHY,38.8433352879677,-7.602207199212743
jpr_20240528_AB01_MS_aligned_sun-all,24,4,288,1347,4300319.726323993,621309.5849469001,0.55767155,0.7556818181818182,HEALTHY,38.84333484676692,-7.60217033636963
jpr_20240528_AB01_MS_aligned_sun-all,24,5,352,1347,4300319.726323993,621312.784946881,0.5486921,0.7184659090909091,HEALTHY,38.84333440555453,-7.602133473527325
jpr_20240528_AB01_MS_aligned_sun-all,24,6,416,1347,4300319.726323993,621315.9849468619,0.55686384,0.7619318181818182,HEALTHY,38.8433339643305,-7.602096610685826
jpr_20240528_AB01_MS_aligned_sun-all,24,7,480,1347,4300319.726323993,621319.1849468428,0.47646648,0.8724431818181818,HEALTHY,38.84333352309485,-7.602059747845135
jpr_20240528_AB01_MS_aligned_sun-all,24,8,544,1347,4300319.726323993,621322.3849468237,0.48432276,0.8960227272727272,HEALTHY,38.84333308184756,-7.602022885005253
jpr_20240528_AB01_MS_aligned_sun-all,24,9,608,1347,4300319.726323993,621325.5849468046,0.52632743,0.8321022727272728,HEALTHY,38.84333264058865,-7.6019860221661775
jpr_20240528_AB01_MS_aligned_sun-all,24,10,672,1347,4300319.726323993,621328.7849467854,0.51704234,0.8792613636363636,HEALTHY,38.843332199318105,-7.601949159327911
jpr_20240528_AB01_MS_aligned_sun-all,24,11,736,1347,4300319.726323993,621331.9849467663,0.561536,0.8184659090909091,HEALTHY,38.84333175803593,-7.601912296490453
jpr_20240528_AB01_MS_aligned_sun-all,24,12,800,1347,4300319.726323993,621335.1849467471,0.55883676,0.7900568181818182,HEALTHY,38.84333131674214,-7.601875433653801
jpr_20240528_AB01_MS_aligned_sun-all,24,13,864,1347,4300319.726323993,621338.3849467281,0.5561027,0.7931818181818182,HEALTHY,38.84333087543671,-7.601838570817957
jpr_20240528_AB01_MS_aligned_sun-all,24,14,928,1347,4300319.726323993,621341.584946709,0.5298818,0.8207386363636363,HEALTHY,38.84333043411965,-7.601801707982924
jpr_20240528_AB01_MS_aligned_sun-all,24,15,992,1347,4300319.726323993,621344.7849466898,0.49621862,0.7553977272727272,HEALTHY,38.84332999279098,-7.601764845148695
jpr_20240528_AB01_MS_aligned_sun-all,24,16,1056,1347,4300319.726323993,621347.9849466707,0.5385249,0.772159090909091,HEALTHY,38.84332955145066,-7.601727982315278
jpr_20240528_AB01_MS_aligned_sun-all,24,17,1120,1347,4300319.726323993,621351.1849466516,0.5151277,0.8073863636363636,HEALTHY,38.843329110098715,-7.601691119482667
jpr_20240528_AB01_MS_aligned_sun-all,24,18,1184,1347,4300319.726323993,621354.3849466324,0.5594221,0.7920454545454545,HEALTHY,38.84332866873514,-7.601654256650864
jpr_20240528_AB01_MS_aligned_sun-all,24,19,1248,1347,4300319.726323993,621357.5849466133,0.54368156,0.8448863636363636,HEALTHY,38.84332822735994,-7.60161739381987
jpr_20240528_AB01_MS_aligned_sun-all,24,20,1312,1347,4300319.726323993,621360.7849465943,0.58138806,0.7849431818181818,HEALTHY,38.843327785973116,-7.601580530989683
jpr_20240528_AB01_MS_aligned_sun-all,24,21,1376,1347,4300319.726323993,621363.9849465751,0.5505241,0.8255681818181818,HEALTHY,38.843327344574654,-7.601543668160304
jpr_20240528_AB01_MS_aligned_sun-all,24,22,1440,1347,4300319.726323993,621367.184946556,0.5175748,0.7289772727272728,HEALTHY,38.84332690316457,-7.601506805331734
jpr_20240528_AB01_MS_aligned_sun-all,24,23,1504,1347,4300319.726323993,621370.3849465369,0.5210838,0.8338068181818182,HEALTHY,38.843326461742855,-7.6014699425039725
jpr_20240528_AB01_MS_aligned_sun-all,24,24,1568,1347,4300319.726323993,621373.5849465177,0.5537818,0.8056818181818182,HEALTHY,38.843326020309505,-7.60143307967702
jpr_20240528_AB01_MS_aligned_sun-all,24,25,1632,1347,4300319.726323993,621376.7849464986,0.5610331,0.8428977272727273,HEALTHY,38.84332557886453,-7.601396216850874
jpr_20240528_AB01_MS_aligned_sun-all,24,26,1696,1347,4300319.726323993,621379.9849464794,0.5767813,0.7994318181818182,HEALTHY,38.84332513740793,-7.601359354025537
jpr_20240528_AB01_MS_aligned_sun-all,24,27,1760,1347,4300319.726323993,621383.1849464604,0.5646558,0.7772727272727272,HEALTHY,38.84332469593971,-7.6013224912010084
jpr_20240528_AB01_MS_aligned_sun-all,24,28,1824,1347,4300319.726323993,621386.3849464413,0.52220064,0.7909090909090909,HEALTHY,38.843324254459844,-7.601285628377287
jpr_20240528_AB01_MS_aligned_sun-all,24,29,1888,1347,4300319.726323993,621389.5849464221,0.5587276,0.8068181818181818,HEALTHY,38.84332381296835,-7.601248765554375
jpr_20240528_AB01_MS_aligned_sun-all,24,30,1952,1347,4300319.726323993,621392.784946403,0.5316951,0.7789772727272727,HEALTHY,38.84332337146524,-7.601211902732272
jpr_20240528_AB01_MS_aligned_sun-all,24,31,2016,1347,4300319.726323993,621395.9849463839,0.5307425,0.8306818181818182,HEALTHY,38.84332292995049,-7.601175039910976
jpr_20240528_AB01_MS_aligned_sun-all,24,32,2080,1347,4300319.726323993,621399.1849463647,0.55474216,0.8119318181818181,HEALTHY,38.84332248842412,-7.60113817709049
jpr_20240528_AB01_MS_aligned_sun-all,24,33,2144,1347,4300319.726323993,621402.3849463456,0.51787996,0.8676136363636363,HEALTHY,38.843322046886115,-7.60110131427081
jpr_20240528_AB01_MS_aligned_sun-all,24,34,2208,1347,4300319.726323993,621405.5849463266,0.467898,0.938068181818182,HEALTHY,38.843321605336484,-7.601064451451939
jpr_20240528_AB01_MS_aligned_sun-all,24,35,2272,1347,4300319.726323993,621408.7849463074,0.4251469,1.0,HEALTHY,38.843321163775215,-7.601027588633878
jpr_20240528_AB01_MS_aligned_sun-all,24,36,2336,1347,4300319.726323993,621411.9849462883,0.4066429,1.0,HEALTHY,38.84332072220233,-7.600990725816624
jpr_20240528_AB01_MS_aligned_sun-all,24,37,2400,1347,4300319.726323993,621415.1849462691,0.43158334,1.0,HEALTHY,38.84332028061781,-7.600953863000179
jpr_20240528_AB01_MS_aligned_sun-all,24,38,2464,1347,4300319.726323993,621418.38494625,0.5073628,0.9911931818181818,HEALTHY,38.84331983902165,-7.600917000184543
jpr_20240528_AB01_MS_aligned_sun-all,24,39,2528,1347,4300319.726323993,621421.5849462309,0.5201906,0.8096590909090909,HEALTHY,38.84331939741389,-7.600880137369717
jpr_20240528_AB01_MS_aligned_sun-all,24,40,2592,1347,4300319.726323993,621424.7849462117,0.57669055,0.8068181818181818,HEALTHY,38.84331895579448,-7.6008432745556975
jpr_20240528_AB01_MS_aligned_sun-all,24,41,2656,1347,4300319.726323993,621427.9849461927,0.5146408,0.8073863636363636,HEALTHY,38.84331851416345,-7.600806411742486
jpr_20240528_AB01_MS_aligned_sun-all,24,42,2720,1347,4300319.726323993,621431.1849461736,0.51325554,0.790340909090909,HEALTHY,38.843318072520795,-7.600769548930084
jpr_20240528_AB01_MS_aligned_sun-all,24,43,2784,1347,4300319.726323993,621434.3849461544,0.5547715,0.7931818181818182,HEALTHY,38.843317630866494,-7.60073268611849
jpr_20240528_AB01_MS_aligned_sun-all,24,44,2848,1347,4300319.726323993,621437.5849461353,0.5829085,0.8559659090909091,HEALTHY,38.843317189200576,-7.6006958233077055
jpr_20240528_AB01_MS_aligned_sun-all,24,45,2912,1347,4300319.726323993,621440.7849461162,0.54433525,0.7960227272727273,HEALTHY,38.84331674752303,-7.6006589604977295
jpr_20240528_AB01_MS_aligned_sun-all,24,46,2976,1347,4300319.726323993,621443.984946097,0.5221237,0.7607954545454545,HEALTHY,38.84331630583384,-7.6006220976885634
jpr_20240528_AB01_MS_aligned_sun-all,24,47,3040,1347,4300319.726323993,621447.184946078,0.55470836,0.7838068181818182,HEALTHY,38.84331586413304,-7.600585234880203
jpr_20240528_AB01_MS_aligned_sun-all,24,48,3104,1347,4300319.726323993,621450.3849460589,0.51563615,0.7829545454545455,HEALTHY,38.84331542242061,-7.6005483720726525
jpr_20240528_AB01_MS_aligned_sun-all,24,49,3168,1347,4300319.726323993,621453.5849460397,0.53670007,0.7835227272727273,HEALTHY,38.84331498069655,-7.600511509265912
jpr_20240528_AB01_MS_aligned_sun-all,25,0,32,1402,4300316.976515023,621296.7849469767,0.5588113,0.5428977272727272,HEALTHY,38.84331183871325,-7.602318272493807
jpr_20240528_AB01_MS_aligned_sun-all,25,1,96,1402,4300316.976515023,621299.9849469576,0.5141641,0.9454545454545454,HEALTHY,38.84331139754776,-7.602281409661046
jpr_20240528_AB01_MS_aligned_sun-all,25,2,160,1402,4300316.976515023,621303.1849469384,0.49914092,0.8923295454545455,HEALTHY,38.84331095637063,-7.602244546829091
jpr_20240528_AB01_MS_aligned_sun-all,25,3,224,1402,4300316.976515023,621306.3849469193,0.5189432,0.7982954545454546,HEALTHY,38.843310515181884,-7.6022076839979436
jpr_20240528_AB01_MS_aligned_sun-all,25,4,288,1402,4300316.976515023,621309.5849469001,0.5351111,0.7795454545454545,HEALTHY,38.843310073981506,-7.602170821167605
jpr_20240528_AB01_MS_aligned_sun-all,25,5,352,1402,4300316.976515023,621312.784946881,0.5611037,0.8238636363636364,HEALTHY,38.8433096327695,-7.602133958338074
jpr_20240528_AB01_MS_aligned_sun-all,25,6,416,1402,4300316.976515023,621315.9849468619,0.5286638,0.8198863636363637,HEALTHY,38.843309191545856,-7.602097095509349
jpr_20240528_AB01_MS_aligned_sun-all,25,7,480,1402,4300316.976515023,621319.1849468428,0.46369743,0.8065340909090909,HEALTHY,38.843308750310584,-7.602060232681433
jpr_20240528_AB01_MS_aligned_sun-all,25,8,544,1402,4300316.976515023,621322.3849468237,0.46572545,0.7789772727272727,HEALTHY,38.843308309063694,-7.602023369854326
jpr_20240528_AB01_MS_aligned_sun-all,25,9,608,1402,4300316.976515023,621325.5849468046,0.5489757,0.8306818181818182,HEALTHY,38.843307867805166,-7.601986507028025
jpr_20240528_AB01_MS_aligned_sun-all,25,10,672,1402,4300316.976515023,621328.7849467854,0.5347266,0.7991477272727273,HEALTHY,38.84330742653501,-7.601949644202534
jpr_20240528_AB01_MS_aligned_sun-all,25,11,736,1402,4300316.976515023,621331.9849467663,0.5499935,0.7977272727272727,HEALTHY,38.843306985253236,-7.601912781377851
jpr_20240528_AB01_MS_aligned_sun-all,25,12,800,1402,4300316.976515023,621335.1849467471,0.51578766,0.9318181818181818,HEALTHY,38.84330654395983,-7.601875918553973
jpr_20240528_AB01_MS_aligned_sun-all,25,13,864,1402,4300316.976515023,621338.3849467281,0.5603044,0.821875,HEALTHY,38.84330610265478,-7.6018390557309035
jpr_20240528_AB01_MS_aligned_sun-all,25,14,928,1402,4300316.976515023,621341.584946709,0.52288973,0.7767045454545455,HEALTHY,38.843305661338114,-7.601802192908646
jpr_20240528_AB01_MS_aligned_sun-all,25,15,992,1402,4300316.976515023,621344.7849466898,0.5484175,0.834659090909091,HEALTHY,38.84330522000982,-7.6017653300871935
jpr_20240528_AB01_MS_aligned_sun-all,25,16,1056,1402,4300316.976515023,621347.9849466707,0.54933566,0.8403409090909091,HEALTHY,38.84330477866989,-7.6017284672665495
jpr_20240528_AB01_MS_aligned_sun-all,25,17,1120,1402,4300316.976515023,621351.1849466516,0.55156887,0.7889204545454546,HEALTHY,38.84330433731834,-7.601691604446713
jpr_20240528_AB01_MS_aligned_sun-all,25,18,1184,1402,4300316.976515023,621354.3849466324,0.5651696,0.8366477272727273,HEALTHY,38.84330389595515,-7.6016547416276845
jpr_20240528_AB01_MS_aligned_sun-all,25,19,1248,1402,4300316.976515023,621357.5849466133,0.5410765,0.8375,HEALTHY,38.843303454580344,-7.601617878809465
jpr_20240528_AB01_MS_aligned_sun-all,25,20,1312,1402,4300316.976515023,621360.7849465943,0.5477568,0.7798295454545454,HEALTHY,38.8433030131939,-7.6015810159920525
jpr_20240528_AB01_MS_aligned_sun-all,25,21,1376,1402,4300316.976515023,621363.9849465751,0.5146821,0.7696022727272728,HEALTHY,38.84330257179583,-7.60154415317545
jpr_20240528_AB01_MS_aligned_sun-all,25,22,1440,1402,4300316.976515023,621367.184946556,0.49838528,0.8090909090909091,HEALTHY,38.843302130386135,-7.6015072903596534
jpr_20240528_AB01_MS_aligned_sun-all,25,23,1504,1402,4300316.976515023,621370.3849465369,0.54936475,0.8292613636363636,HEALTHY,38.8433016889648,-7.601470427544666
jpr_20240528_AB01_MS_aligned_sun-all,25,24,1568,1402,4300316.976515023,621373.5849465177,0.5270206,0.8409090909090909,HEALTHY,38.843301247531855,-7.601433564730488
jpr_20240528_AB01_MS_aligned_sun-all,25,25,1632,1402,4300316.976515023,621376.7849464986,0.5554805,0.7573863636363637,HEALTHY,38.843300806087264,-7.601396701917118
jpr_20240528_AB01_MS_aligned_sun-all,25,26,1696,1402,4300316.976515023,621379.9849464794,0.54331756,0.8017045454545455,HEALTHY,38.84330036463105,-7.601359839104555
jpr_20240528_AB01_MS_aligned_sun-all,25,27,1760,1402,4300316.976515023,621383.1849464604,0.52803093,0.8866477272727272,HEALTHY,38.8432999231632,-7.601322976292801
jpr_20240528_AB01_MS_aligned_sun-all,25,28,1824,1402,4300316.976515023,621386.3849464413,0.54347724,0.7588068181818182,HEALTHY,38.84329948168374,-7.601286113481854
jpr_20240528_AB01_MS_aligned_sun-all,25,29,1888,1402,4300316.976515023,621389.5849464221,0.54508895,0.7786931818181818,HEALTHY,38.84329904019263,-7.601249250671717
jpr_20240528_AB01_MS_aligned_sun-all,25,30,1952,1402,4300316.976515023,621392.784946403,0.5118556,0.8053977272727273,HEALTHY,38.84329859868991,-7.601212387862388
jpr_20240528_AB01_MS_aligned_sun-all,25,31,2016,1402,4300316.976515023,621395.9849463839,0.5441795,0.8693181818181818,HEALTHY,38.843298157175546,-7.6011755250538675
jpr_20240528_AB01_MS_aligned_sun-all,25,32,2080,1402,4300316.976515023,621399.1849463647,0.5003838,0.9553977272727272,HEALTHY,38.84329771564956,-7.601138662246155
jpr_20240528_AB01_MS_aligned_sun-all,25,33,2144,1402,4300316.976515023,621402.3849463456,0.49648693,0.959375,HEALTHY,38.84329727411195,-7.601101799439252
jpr_20240528_AB01_MS_aligned_sun-all,25,34,2208,1402,4300316.976515023,621405.5849463266,0.5566619,0.7960227272727273,HEALTHY,38.8432968325627,-7.601064936633155
jpr_20240528_AB01_MS_aligned_sun-all,25,35,2272,1402,4300316.976515023,621408.7849463074,0.5254298,0.834659090909091,HEALTHY,38.843296391001836,-7.601028073827868
jpr_20240528_AB01_MS_aligned_sun-all,25,36,2336,1402,4300316.976515023,621411.9849462883,0.4616851,0.9644886363636364,HEALTHY,38.843295949429326,-7.6009912110233895
jpr_20240528_AB01_MS_aligned_sun-all,25,37,2400,1402,4300316.976515023,621415.1849462691,0.39335036,1.0,HEALTHY,38.8432955078452,-7.6009543482197195
jpr_20240528_AB01_MS_aligned_sun-all,25,38,2464,1402,4300316.976515023,621418.38494625,0.39920983,1.0,HEALTHY,38.84329506624944,-7.600917485416858
jpr_20240528_AB01_MS_aligned_sun-all,25,39,2528,1402,4300316.976515023,621421.5849462309,0.43491045,1.0,HEALTHY,38.843294624642056,-7.600880622614805
jpr_20240528_AB01_MS_aligned_sun-all,25,40,2592,1402,4300316.976515023,621424.7849462117,0.48643425,0.978125,HEALTHY,38.84329418302304,-7.600843759813561
jpr_20240528_AB01_MS_aligned_sun-all,25,41,2656,1402,4300316.976515023,621427.9849461927,0.5401501,0.8139204545454546,HEALTHY,38.84329374139239,-7.600806897013123
jpr_20240528_AB01_MS_aligned_sun-all,25,42,2720,1402,4300316.976515023,621431.1849461736,0.5485216,0.7792613636363637,HEALTHY,38.843293299750115,-7.600770034213496
jpr_20240528_AB01_MS_aligned_sun-all,25,43,2784,1402,4300316.976515023,621434.3849461544,0.52365613,0.7872159090909091,HEALTHY,38.84329285809622,-7.600733171414678
jpr_20240528_AB01_MS_aligned_sun-all,25,44,2848,1402,4300316.976515023,621437.5849461353,0.57699203,0.7744318181818182,HEALTHY,38.843292416430685,-7.600696308616668
jpr_20240528_AB01_MS_aligned_sun-all,25,45,2912,1402,4300316.976515023,621440.7849461162,0.5605638,0.7872159090909091,HEALTHY,38.84329197475353,-7.600659445819466
jpr_20240528_AB01_MS_aligned_sun-all,25,46,2976,1402,4300316.976515023,621443.984946097,0.53648263,0.8298295454545455,HEALTHY,38.84329153306473,-7.600622583023074
jpr_20240528_AB01_MS_aligned_sun-all,25,47,3040,1402,4300316.976515023,621447.184946078,0.54548365,0.8088068181818182,HEALTHY,38.843291091364314,-7.60058572022749
jpr_20240528_AB01_MS_aligned_sun-all,25,48,3104,1402,4300316.976515023,621450.3849460589,0.5260422,0.7940340909090909,HEALTHY,38.84329064965227,-7.600548857432714
jpr_20240528_AB01_MS_aligned_sun-all,25,49,3168,1402,4300316.976515023,621453.5849460397,0.5265004,0.8164772727272728,HEALTHY,38.84329020792859,-7.6005119946387465
jpr_20240528_AB01_MS_aligned_sun-all,26,0,32,1457,4300314.226706052,621296.7849469767,0.5470344,0.6278409090909091,HEALTHY,38.84328706592616,-7.602318757240087
jpr_20240528_AB01_MS_aligned_sun-all,26,1,96,1457,4300314.226706052,621299.9849469576,0.506387,0.94375,HEALTHY,38.84328662476107,-7.6022818944201
jpr_20240528_AB01_MS_aligned_sun-all,26,2,160,1457,4300314.226706052,621303.1849469384,0.5555661,0.8650568181818182,HEALTHY,38.84328618358433,-7.60224503160092
jpr_20240528_AB01_MS_aligned_sun-all,26,3,224,1457,4300314.226706052,621306.3849469193,0.5694356,0.8636363636363636,HEALTHY,38.84328574239596,-7.602208168782547
jpr_20240528_AB01_MS_aligned_sun-all,26,4,288,1457,4300314.226706052,621309.5849469001,0.5254297,0.7761363636363636,HEALTHY,38.84328530119597,-7.602171305964983
jpr_20240528_AB01_MS_aligned_sun-all,26,5,352,1457,4300314.226706052,621312.784946881,0.5393454,0.8329545454545455,HEALTHY,38.84328485998436,-7.602134443148227
jpr_20240528_AB01_MS_aligned_sun-all,26,6,416,1457,4300314.226706052,621315.9849468619,0.5236023,0.7991477272727273,HEALTHY,38.8432844187611,-7.602097580332278
jpr_20240528_AB01_MS_aligned_sun-all,26,7,480,1457,4300314.226706052,621319.1849468428,0.44558376,0.9079545454545456,HEALTHY,38.84328397752622,-7.602060717517136
jpr_20240528_AB01_MS_aligned_sun-all,26,8,544,1457,4300314.226706052,621322.3849468237,0.5220263,0.8159090909090909,HEALTHY,38.84328353627971,-7.602023854702802
jpr_20240528_AB01_MS_aligned_sun-all,26,9,608,1457,4300314.226706052,621325.5849468046,0.5405875,0.8761363636363636,HEALTHY,38.843283095021576,-7.6019869918892775
jpr_20240528_AB01_MS_aligned_sun-all,26,10,672,1457,4300314.226706052,621328.7849467854,0.5263486,0.7954545454545454,HEALTHY,38.843282653751814,-7.6019501290765605
jpr_20240528_AB01_MS_aligned_sun-all,26,11,736,1457,4300314.226706052,621331.9849467663,0.5183575,0.8269886363636364,HEALTHY,38.84328221247043,-7.60191326626465
jpr_20240528_AB01_MS_aligned_sun-all,26,12,800,1457,4300314.226706052,621335.1849467471,0.540862,0.7894886363636363,HEALTHY,38.843281771177395,-7.6018764034535495
jpr_20240528_AB01_MS_aligned_sun-all,26,13,864,1457,4300314.226706052,621338.3849467281,0.4978717,0.84375,HEALTHY,38.84328132987274,-7.601839540643255
jpr_20240528_AB01_MS_aligned_sun-all,26,14,928,1457,4300314.226706052,621341.584946709,0.5070557,0.8383522727272728,HEALTHY,38.84328088855646,-7.60180267783377
jpr_20240528_AB01_MS_aligned_sun-all,26,15,992,1457,4300314.226706052,621344.7849466898,0.52232,0.8775568181818182,HEALTHY,38.84328044722856,-7.601765815025092
jpr_20240528_AB01_MS_aligned_sun-all,26,16,1056,1457,4300314.226706052,621347.9849466707,0.54104054,0.8076704545454545,HEALTHY,38.84328000588902,-7.601728952217222
jpr_20240528_AB01_MS_aligned_sun-all,26,17,1120,1457,4300314.226706052,621351.1849466516,0.5237132,0.968181818181818,HEALTHY,38.84327956453785,-7.601692089410163
jpr_20240528_AB01_MS_aligned_sun-all,26,18,1184,1457,4300314.226706052,621354.3849466324,0.5463406,0.8630681818181818,HEALTHY,38.84327912317505,-7.601655226603909
jpr_20240528_AB01_MS_aligned_sun-all,26,19,1248,1457,4300314.226706052,621357.5849466133,0.51718813,0.8363636363636363,HEALTHY,38.843278681800626,-7.6016183637984645
jpr_20240528_AB01_MS_aligned_sun-all,26,20,1312,1457,4300314.226706052,621360.7849465943,0.52629185,0.8261363636363637,HEALTHY,38.843278240414584,-7.601581500993826
jpr_20240528_AB01_MS_aligned_sun-all,26,21,1376,1457,4300314.226706052,621363.9849465751,0.52699995,0.7355113636363636,HEALTHY,38.843277799016896,-7.601544638189997
jpr_20240528_AB01_MS_aligned_sun-all,26,22,1440,1457,4300314.226706052,621367.184946556,0.48778072,0.8826704545454546,HEALTHY,38.84327735760759,-7.601507775386977
jpr_20240528_AB01_MS_aligned_sun-all,26,23,1504,1457,4300314.226706052,621370.3849465369,0.50222313,0.80625,HEALTHY,38.843276916186646,-7.601470912584764
jpr_20240528_AB01_MS_aligned_sun-all,26,24,1568,1457,4300314.226706052,621373.5849465177,0.5057685,0.8261363636363637,HEALTHY,38.84327647475407,-7.601434049783361
jpr_20240528_AB01_MS_aligned_sun-all,26,25,1632,1457,4300314.226706052,621376.7849464986,0.54294187,0.7707386363636364,HEALTHY,38.843276033309884,-7.601397186982765
jpr_20240528_AB01_MS_aligned_sun-all,26,26,1696,1457,4300314.226706052,621379.9849464794,0.5277046,0.7846590909090909,HEALTHY,38.84327559185406,-7.601360324182977
jpr_20240528_AB01_MS_aligned_sun-all,26,27,1760,1457,4300314.226706052,621383.1849464604,0.5159392,0.8258522727272727,HEALTHY,38.8432751503866,-7.601323461383996
jpr_20240528_AB01_MS_aligned_sun-all,26,28,1824,1457,4300314.226706052,621386.3849464413,0.5322556,0.8161931818181818,HEALTHY,38.843274708907515,-7.601286598585825
jpr_20240528_AB01_MS_aligned_sun-all,26,29,1888,1457,4300314.226706052,621389.5849464221,0.50308484,0.8627840909090909,HEALTHY,38.84327426741681,-7.601249735788463
jpr_20240528_AB01_MS_aligned_sun-all,26,30,1952,1457,4300314.226706052,621392.784946403,0.5300988,0.7071022727272728,HEALTHY,38.843273825914466,-7.601212872991908
jpr_20240528_AB01_MS_aligned_sun-all,26,31,2016,1457,4300314.226706052,621395.9849463839,0.52490747,0.8139204545454546,HEALTHY,38.8432733844005,-7.601176010196161
jpr_20240528_AB01_MS_aligned_sun-all,26,32,2080,1457,4300314.226706052,621399.1849463647,0.5332911,0.8673295454545454,HEALTHY,38.843272942874904,-7.6011391474012235
jpr_20240528_AB01_MS_aligned_sun-all,26,33,2144,1457,4300314.226706052,621402.3849463456,0.539002,0.8451704545454546,HEALTHY,38.84327250133768,-7.601102284607096
jpr_20240528_AB01_MS_aligned_sun-all,26,34,2208,1457,4300314.226706052,621405.5849463266,0.56024987,0.8122159090909091,HEALTHY,38.843272059788816,-7.6010654218137725
jpr_20240528_AB01_MS_aligned_sun-all,26,35,2272,1457,4300314.226706052,621408.7849463074,0.57049865,0.7974431818181819,HEALTHY,38.84327161822833,-7.601028559021261
jpr_20240528_AB01_MS_aligned_sun-all,26,36,2336,1457,4300314.226706052,621411.9849462883,0.53467435,0.8085227272727272,HEALTHY,38.843271176656216,-7.600991696229556
jpr_20240528_AB01_MS_aligned_sun-all,26,37,2400,1457,4300314.226706052,621415.1849462691,0.47415608,0.8255681818181818,HEALTHY,38.84327073507248,-7.600954833438661
jpr_20240528_AB01_MS_aligned_sun-all,26,38,2464,1457,4300314.226706052,621418.38494625,0.43089443,0.9639204545454544,HEALTHY,38.843270293477104,-7.600917970648574
jpr_20240528_AB01_MS_aligned_sun-all,26,39,2528,1457,4300314.226706052,621421.5849462309,0.39464006,1.0,HEALTHY,38.84326985187011,-7.600881107859297
jpr_20240528_AB01_MS_aligned_sun-all,26,40,2592,1457,4300314.226706052,621424.7849462117,0.39400545,1.0,HEALTHY,38.84326941025148,-7.600844245070827
jpr_20240528_AB01_MS_aligned_sun-all,26,41,2656,1457,4300314.226706052,621427.9849461927,0.44608095,0.9948863636363636,HEALTHY,38.843268968621224,-7.600807382283164
jpr_20240528_AB01_MS_aligned_sun-all,26,42,2720,1457,4300314.226706052,621431.1849461736,0.50350595,0.9676136363636364,HEALTHY,38.843268526979344,-7.6007705194963116
jpr_20240528_AB01_MS_aligned_sun-all,26,43,2784,1457,4300314.226706052,621434.3849461544,0.5666242,0.8278409090909091,HEALTHY,38.84326808532582,-7.600733656710268
jpr_20240528_AB01_MS_aligned_sun-all,26,44,2848,1457,4300314.226706052,621437.5849461353,0.58867836,0.8051136363636363,HEALTHY,38.84326764366068,-7.600696793925033
jpr_20240528_AB01_MS_aligned_sun-all,26,45,2912,1457,4300314.226706052,621440.7849461162,0.5263047,0.756534090909091,HEALTHY,38.84326720198391,-7.600659931140606
jpr_20240528_AB01_MS_aligned_sun-all,26,46,2976,1457,4300314.226706052,621443.984946097,0.5660683,0.7798295454545454,HEALTHY,38.843266760295506,-7.600623068356988
jpr_20240528_AB01_MS_aligned_sun-all,26,47,3040,1457,4300314.226706052,621447.184946078,0.5472065,0.7917613636363636,HEALTHY,38.84326631859548,-7.600586205574178
jpr_20240528_AB01_MS_aligned_sun-all,26,48,3104,1457,4300314.226706052,621450.3849460589,0.5176876,0.8184659090909091,HEALTHY,38.84326587688381,-7.600549342792178
jpr_20240528_AB01_MS_aligned_sun-all,26,49,3168,1457,4300314.226706052,621453.5849460397,0.5270148,0.8122159090909091,HEALTHY,38.84326543516053,-7.600512480010985
jpr_20240528_AB01_MS_aligned_sun-all,27,0,32,1512,4300311.476897081,621296.7849469767,0.5196958,0.7914772727272728,HEALTHY,38.84326229313897,-7.602319241985771
jpr_20240528_AB01_MS_aligned_sun-all,27,1,96,1512,4300311.476897081,621299.9849469576,0.58488464,0.8471590909090909,HEALTHY,38.84326185197425,-7.602282379178558
jpr_20240528_AB01_MS_aligned_sun-all,27,2,160,1512,4300311.476897081,621303.1849469384,0.5381211,0.8011363636363636,HEALTHY,38.84326141079791,-7.602245516372153
jpr_20240528_AB01_MS_aligned_sun-all,27,3,224,1512,4300311.476897081,621306.3849469193,0.5711616,0.7661931818181819,HEALTHY,38.84326096960992,-7.602208653566555
jpr_20240528_AB01_MS_aligned_sun-all,27,4,288,1512,4300311.476897081,621309.5849469001,0.54027236,0.8607954545454546,HEALTHY,38.843260528410326,-7.602171790761766
jpr_20240528_AB01_MS_aligned_sun-all,27,5,352,1512,4300311.476897081,621312.784946881,0.557982,0.8039772727272727,HEALTHY,38.84326008719909,-7.602134927957784
jpr_20240528_AB01_MS_aligned_sun-all,27,6,416,1512,4300311.476897081,621315.9849468619,0.51930267,0.8082386363636364,HEALTHY,38.84325964597623,-7.602098065154609
jpr_20240528_AB01_MS_aligned_sun-all,27,7,480,1512,4300311.476897081,621319.1849468428,0.4716868,0.7482954545454545,HEALTHY,38.84325920474174,-7.602061202352242
jpr_20240528_AB01_MS_aligned_sun-all,27,8,544,1512,4300311.476897081,621322.3849468237,0.5067415,0.8176136363636364,HEALTHY,38.84325876349562,-7.602024339550683
jpr_20240528_AB01_MS_aligned_sun-all,27,9,608,1512,4300311.476897081,621325.5849468046,0.55985606,0.8096590909090909,HEALTHY,38.84325832223787,-7.601987476749933
jpr_20240528_AB01_MS_aligned_sun-all,27,10,672,1512,4300311.476897081,621328.7849467854,0.53976905,0.8210227272727273,HEALTHY,38.8432578809685,-7.601950613949991
jpr_20240528_AB01_MS_aligned_sun-all,27,11,736,1512,4300311.476897081,621331.9849467663,0.5390397,0.8434659090909091,HEALTHY,38.84325743968748,-7.601913751150855
jpr_20240528_AB01_MS_aligned_sun-all,27,12,800,1512,4300311.476897081,621335.1849467471,0.50743574,0.8801136363636364,HEALTHY,38.84325699839485,-7.601876888352529
jpr_20240528_AB01_MS_aligned_sun-all,27,13,864,1512,4300311.476897081,621338.3849467281,0.5067292,0.8326704545454545,HEALTHY,38.84325655709059,-7.601840025555009
jpr_20240528_AB01_MS_aligned_sun-all,27,14,928,1512,4300311.476897081,621341.584946709,0.49870834,0.7789772727272727,HEALTHY,38.8432561157747,-7.601803162758299
jpr_20240528_AB01_MS_aligned_sun-all,27,15,992,1512,4300311.476897081,621344.7849466898,0.5832153,0.7909090909090909,HEALTHY,38.84325567444717,-7.601766299962396
jpr_20240528_AB01_MS_aligned_sun-all,27,16,1056,1512,4300311.476897081,621347.9849466707,0.5885059,0.8201704545454546,HEALTHY,38.84325523310802,-7.601729437167301
jpr_20240528_AB01_MS_aligned_sun-all,27,17,1120,1512,4300311.476897081,621351.1849466516,0.5331722,0.8221590909090909,HEALTHY,38.84325479175725,-7.601692574373014
jpr_20240528_AB01_MS_aligned_sun-all,27,18,1184,1512,4300311.476897081,621354.3849466324,0.5089147,0.8011363636363636,HEALTHY,38.84325435039484,-7.601655711579537
jpr_20240528_AB01_MS_aligned_sun-all,27,19,1248,1512,4300311.476897081,621357.5849466133,0.5518295,0.803409090909091,HEALTHY,38.8432539090208,-7.601618848786867
jpr_20240528_AB01_MS_aligned_sun-all,27,20,1312,1512,4300311.476897081,621360.7849465943,0.53296995,0.7394886363636364,HEALTHY,38.84325346763514,-7.601581985995002
jpr_20240528_AB01_MS_aligned_sun-all,27,21,1376,1512,4300311.476897081,621363.9849465751,0.54724056,0.7659090909090909,HEALTHY,38.843253026237846,-7.601545123203948
jpr_20240528_AB01_MS_aligned_sun-all,27,22,1440,1512,4300311.476897081,621367.184946556,0.5603324,0.8803977272727272,HEALTHY,38.843252584828925,-7.601508260413702
jpr_20240528_AB01_MS_aligned_sun-all,27,23,1504,1512,4300311.476897081,621370.3849465369,0.5317808,0.78125,HEALTHY,38.84325214340837,-7.601471397624263
jpr_20240528_AB01_MS_aligned_sun-all,27,24,1568,1512,4300311.476897081,621373.5849465177,0.5131507,0.85625,HEALTHY,38.84325170197619,-7.601434534835635
jpr_20240528_AB01_MS_aligned_sun-all,27,25,1632,1512,4300311.476897081,621376.7849464986,0.48648673,0.9005681818181818,HEALTHY,38.843251260532384,-7.601397672047814
jpr_20240528_AB01_MS_aligned_sun-all,27,26,1696,1512,4300311.476897081,621379.9849464794,0.5110149,0.9338068181818182,HEALTHY,38.84325081907694,-7.601360809260801
jpr_20240528_AB01_MS_aligned_sun-all,27,27,1760,1512,4300311.476897081,621383.1849464604,0.5744951,0.7568181818181818,HEALTHY,38.843250377609884,-7.601323946474595
jpr_20240528_AB01_MS_aligned_sun-all,27,28,1824,1512,4300311.476897081,621386.3849464413,0.5156762,0.9389204545454546,HEALTHY,38.843249936131194,-7.601287083689199
jpr_20240528_AB01_MS_aligned_sun-all,27,29,1888,1512,4300311.476897081,621389.5849464221,0.566591,0.8133522727272727,HEALTHY,38.843249494640865,-7.60125022090461
jpr_20240528_AB01_MS_aligned_sun-all,27,30,1952,1512,4300311.476897081,621392.784946403,0.55333936,0.7690340909090909,HEALTHY,38.84324905313891,-7.60121335812083
jpr_20240528_AB01_MS_aligned_sun-all,27,31,2016,1512,4300311.476897081,621395.9849463839,0.53367275,0.8519886363636363,HEALTHY,38.84324861162533,-7.60117649533786
jpr_20240528_AB01_MS_aligned_sun-all,27,32,2080,1512,4300311.476897081,621399.1849463647,0.52089083,0.903125,HEALTHY,38.843248170100125,-7.6011396325556975
jpr_20240528_AB01_MS_aligned_sun-all,27,33,2144,1512,4300311.476897081,621402.3849463456,0.5169654,0.8576704545454545,HEALTHY,38.84324772856328,-7.601102769774343
jpr_20240528_AB01_MS_aligned_sun-all,27,34,2208,1512,4300311.476897081,621405.5849463266,0.49476844,0.8923295454545455,HEALTHY,38.84324728701481,-7.601065906993794
jpr_20240528_AB01_MS_aligned_sun-all,27,35,2272,1512,4300311.476897081,621408.7849463074,0.558908,0.8247159090909091,HEALTHY,38.843246845454715,-7.601029044214057
jpr_20240528_AB01_MS_aligned_sun-all,27,36,2336,1512,4300311.476897081,621411.9849462883,0.528328,0.7588068181818182,HEALTHY,38.84324640388299,-7.600992181435127
jpr_20240528_AB01_MS_aligned_sun-all,27,37,2400,1512,4300311.476897081,621415.1849462691,0.53123105,0.7755681818181818,HEALTHY,38.84324596229963,-7.6009553186570065
jpr_20240528_AB01_MS_aligned_sun-all,27,38,2464,1512,4300311.476897081,621418.38494625,0.56921834,0.709659090909091,HEALTHY,38.843245520704656,-7.600918455879694
jpr_20240528_AB01_MS_aligned_sun-all,27,39,2528,1512,4300311.476897081,621421.5849462309,0.47291338,0.8278409090909091,HEALTHY,38.84324507909804,-7.600881593103192
jpr_20240528_AB01_MS_aligned_sun-all,27,40,2592,1512,4300311.476897081,621424.7849462117,0.4340028,0.9985795454545454,HEALTHY,38.843244637479806,-7.600844730327497
jpr_20240528_AB01_MS_aligned_sun-all,27,41,2656,1512,4300311.476897081,621427.9849461927,0.39905366,1.0,HEALTHY,38.843244195849934,-7.600807867552608
jpr_20240528_AB01_MS_aligned_sun-all,27,42,2720,1512,4300311.476897081,621431.1849461736,0.40360516,1.0,HEALTHY,38.84324375420845,-7.60077100477853
jpr_20240528_AB01_MS_aligned_sun-all,27,43,2784,1512,4300311.476897081,621434.3849461544,0.5024838,1.0,HEALTHY,38.843243312555316,-7.60073414200526
jpr_20240528_AB01_MS_aligned_sun-all,27,44,2848,1512,4300311.476897081,621437.5849461353,0.53883475,0.9255681818181818,HEALTHY,38.84324287089056,-7.6006972792328
jpr_20240528_AB01_MS_aligned_sun-all,27,45,2912,1512,4300311.476897081,621440.7849461162,0.5580261,0.8088068181818182,HEALTHY,38.84324242921418,-7.600660416461149
jpr_20240528_AB01_MS_aligned_sun-all,27,46,2976,1512,4300311.476897081,621443.984946097,0.56658477,0.8014204545454545,HEALTHY,38.84324198752617,-7.600623553690306
jpr_20240528_AB01_MS_aligned_sun-all,27,47,3040,1512,4300311.476897081,621447.184946078,0.55248046,0.8440340909090909,HEALTHY,38.84324154582652,-7.600586690920269
jpr_20240528_AB01_MS_aligned_sun-all,27,48,3104,1512,4300311.476897081,621450.3849460589,0.5505181,0.821590909090909,HEALTHY,38.843241104115265,-7.600549828151043
jpr_20240528_AB01_MS_aligned_sun-all,27,49,3168,1512,4300311.476897081,621453.5849460397,0.5415294,0.8113636363636364,HEALTHY,38.843240662392354,-7.6005129653826256
jpr_20240528_AB01_MS_aligned_sun-all,28,0,32,1567,4300308.727088111,621296.7849469767,0.55099297,0.9201704545454544,HEALTHY,38.843237520351664,-7.602319726730859
jpr_20240528_AB01_MS_aligned_sun-all,28,1,96,1567,4300308.727088111,621299.9849469576,0.5466217,0.825,HEALTHY,38.84323707918734,-7.60228286393642
jpr_20240528_AB01_MS_aligned_sun-all,28,2,160,1567,4300308.727088111,621303.1849469384,0.5927039,0.7994318181818182,HEALTHY,38.843236638011376,-7.602246001142789
jpr_20240528_AB01_MS_aligned_sun-all,28,3,224,1567,4300308.727088111,621306.3849469193,0.54145384,0.8,HEALTHY,38.84323619682378,-7.6022091383499655
jpr_20240528_AB01_MS_aligned_sun-all,28,4,288,1567,4300308.727088111,621309.5849469001,0.5047168,0.7008522727272727,HEALTHY,38.84323575562457,-7.602172275557951
jpr_20240528_AB01_MS_aligned_sun-all,28,5,352,1567,4300308.727088111,621312.784946881,0.55176204,0.7349431818181819,HEALTHY,38.843235314413725,-7.602135412766745
jpr_20240528_AB01_MS_aligned_sun-all,28,6,416,1567,4300308.727088111,621315.9849468619,0.45027196,0.8730113636363637,HEALTHY,38.84323487319126,-7.602098549976344
jpr_20240528_AB01_MS_aligned_sun-all,28,7,480,1567,4300308.727088111,621319.1849468428,0.4946678,0.809375,HEALTHY,38.84323443195715,-7.602061687186752
jpr_20240528_AB01_MS_aligned_sun-all,28,8,544,1567,4300308.727088111,621322.3849468237,0.50403327,0.8184659090909091,HEALTHY,38.84323399071142,-7.602024824397967
jpr_20240528_AB01_MS_aligned_sun-all,28,9,608,1567,4300308.727088111,621325.5849468046,0.5279338,0.8147727272727273,HEALTHY,38.84323354945406,-7.601987961609992
jpr_20240528_AB01_MS_aligned_sun-all,28,10,672,1567,4300308.727088111,621328.7849467854,0.5452326,0.7846590909090909,HEALTHY,38.84323310818507,-7.601951098822823
jpr_20240528_AB01_MS_aligned_sun-all,28,11,736,1567,4300308.727088111,621331.9849467663,0.53317314,0.8696022727272728,HEALTHY,38.843232666904456,-7.601914236036464
jpr_20240528_AB01_MS_aligned_sun-all,28,12,800,1567,4300308.727088111,621335.1849467471,0.513942,0.8389204545454545,HEALTHY,38.84323222561221,-7.601877373250912
jpr_20240528_AB01_MS_aligned_sun-all,28,13,864,1567,4300308.727088111,621338.3849467281,0.5370449,0.7556818181818182,HEALTHY,38.84323178430832,-7.601840510466166
jpr_20240528_AB01_MS_aligned_sun-all,28,14,928,1567,4300308.727088111,621341.584946709,0.5074097,0.7636363636363637,HEALTHY,38.84323134299283,-7.601803647682229
jpr_20240528_AB01_MS_aligned_sun-all,28,15,992,1567,4300308.727088111,621344.7849466898,0.5683288,0.8642045454545455,HEALTHY,38.84323090166569,-7.601766784899103
jpr_20240528_AB01_MS_aligned_sun-all,28,16,1056,1567,4300308.727088111,621347.9849466707,0.5455468,0.9082386363636364,HEALTHY,38.84323046032693,-7.601729922116781
jpr_20240528_AB01_MS_aligned_sun-all,28,17,1120,1567,4300308.727088111,621351.1849466516,0.58500373,0.81875,HEALTHY,38.84323001897654,-7.601693059335271
jpr_20240528_AB01_MS_aligned_sun-all,28,18,1184,1567,4300308.727088111,621354.3849466324,0.5356675,0.8068181818181818,HEALTHY,38.84322957761452,-7.601656196554567
jpr_20240528_AB01_MS_aligned_sun-all,28,19,1248,1567,4300308.727088111,621357.5849466133,0.5293944,0.8113636363636364,HEALTHY,38.843229136240865,-7.601619333774671
jpr_20240528_AB01_MS_aligned_sun-all,28,20,1312,1567,4300308.727088111,621360.7849465943,0.5484104,0.8164772727272728,HEALTHY,38.8432286948556,-7.601582470995583
jpr_20240528_AB01_MS_aligned_sun-all,28,21,1376,1567,4300308.727088111,621363.9849465751,0.5801962,0.8130681818181819,HEALTHY,38.84322825345869,-7.601545608217302
jpr_20240528_AB01_MS_aligned_sun-all,28,22,1440,1567,4300308.727088111,621367.184946556,0.5450802,0.7809659090909091,HEALTHY,38.843227812050166,-7.6015087454398325
jpr_20240528_AB01_MS_aligned_sun-all,28,23,1504,1567,4300308.727088111,621370.3849465369,0.504217,0.8494318181818182,HEALTHY,38.84322737062999,-7.601471882663168
jpr_20240528_AB01_MS_aligned_sun-all,28,24,1568,1567,4300308.727088111,621373.5849465177,0.4815052,0.93125,HEALTHY,38.8432269291982,-7.601435019887313
jpr_20240528_AB01_MS_aligned_sun-all,28,25,1632,1567,4300308.727088111,621376.7849464986,0.52102524,0.7625,HEALTHY,38.843226487754784,-7.601398157112267
jpr_20240528_AB01_MS_aligned_sun-all,28,26,1696,1567,4300308.727088111,621379.9849464794,0.5484757,0.8019886363636364,HEALTHY,38.84322604629974,-7.601361294338028
jpr_20240528_AB01_MS_aligned_sun-all,28,27,1760,1567,4300308.727088111,621383.1849464604,0.5709877,0.7383522727272728,HEALTHY,38.84322560483306,-7.6013244315645965
jpr_20240528_AB01_MS_aligned_sun-all,28,28,1824,1567,4300308.727088111,621386.3849464413,0.5249922,0.9045454545454544,HEALTHY,38.84322516335475,-7.601287568791975
jpr_20240528_AB01_MS_aligned_sun-all,28,29,1888,1567,4300308.727088111,621389.5849464221,0.508864,0.9116477272727272,HEALTHY,38.843224721864814,-7.601250706020163
jpr_20240528_AB01_MS_aligned_sun-all,28,30,1952,1567,4300308.727088111,621392.784946403,0.5330649,0.8011363636363636,HEALTHY,38.843224280363245,-7.601213843249157
jpr_20240528_AB01_MS_aligned_sun-all,28,31,2016,1567,4300308.727088111,621395.9849463839,0.5395896,0.7681818181818182,HEALTHY,38.843223838850065,-7.601176980478959
jpr_20240528_AB01_MS_aligned_sun-all,28,32,2080,1567,4300308.727088111,621399.1849463647,0.5466674,0.8423295454545454,HEALTHY,38.84322339732523,-7.601140117709572
jpr_20240528_AB01_MS_aligned_sun-all,28,33,2144,1567,4300308.727088111,621402.3849463456,0.55135125,0.7690340909090909,HEALTHY,38.84322295578879,-7.601103254940991
jpr_20240528_AB01_MS_aligned_sun-all,28,34,2208,1567,4300308.727088111,621405.5849463266,0.5289796,0.8863636363636364,HEALTHY,38.84322251424071,-7.6010663921732196
jpr_20240528_AB01_MS_aligned_sun-all,28,35,2272,1567,4300308.727088111,621408.7849463074,0.5393501,0.7920454545454545,HEALTHY,38.843222072681,-7.601029529406256
jpr_20240528_AB01_MS_aligned_sun-all,28,36,2336,1567,4300308.727088111,621411.9849462883,0.5395442,0.7815340909090909,HEALTHY,38.84322163110966,-7.600992666640101
jpr_20240528_AB01_MS_aligned_sun-all,28,37,2400,1567,4300308.727088111,621415.1849462691,0.5674779,0.803409090909091,HEALTHY,38.8432211895267,-7.600955803874756
jpr_20240528_AB01_MS_aligned_sun-all,28,38,2464,1567,4300308.727088111,621418.38494625,0.5062939,0.8394886363636364,HEALTHY,38.8432207479321,-7.6009189411102165
jpr_20240528_AB01_MS_aligned_sun-all,28,39,2528,1567,4300308.727088111,621421.5849462309,0.54410005,0.8224431818181818,HEALTHY,38.84322030632588,-7.600882078346489
jpr_20240528_AB01_MS_aligned_sun-all,28,40,2592,1567,4300308.727088111,621424.7849462117,0.5096372,0.8477272727272728,HEALTHY,38.84321986470803,-7.600845215583568
jpr_20240528_AB01_MS_aligned_sun-all,28,41,2656,1567,4300308.727088111,621427.9849461927,0.4594072,0.8394886363636364,HEALTHY,38.84321942307856,-7.6008083528214545
jpr_20240528_AB01_MS_aligned_sun-all,28,42,2720,1567,4300308.727088111,621431.1849461736,0.43152228,0.9982954545454544,HEALTHY,38.84321898143744,-7.6007714900601515
jpr_20240528_AB01_MS_aligned_sun-all,28,43,2784,1567,4300308.727088111,621434.3849461544,0.41358435,1.0,HEALTHY,38.8432185397847,-7.600734627299656
jpr_20240528_AB01_MS_aligned_sun-all,28,44,2848,1567,4300308.727088111,621437.5849461353,0.4439046,1.0,HEALTHY,38.843218098120346,-7.60069776453997
jpr_20240528_AB01_MS_aligned_sun-all,28,45,2912,1567,4300308.727088111,621440.7849461162,0.4769043,0.9630681818181818,HEALTHY,38.843217656444345,-7.600660901781094
jpr_20240528_AB01_MS_aligned_sun-all,28,46,2976,1567,4300308.727088111,621443.984946097,0.5383147,0.884090909090909,HEALTHY,38.84321721475672,-7.600624039023024
jpr_20240528_AB01_MS_aligned_sun-all,28,47,3040,1567,4300308.727088111,621447.184946078,0.5524698,0.8519886363636363,HEALTHY,38.84321677305747,-7.600587176265764
jpr_20240528_AB01_MS_aligned_sun-all,28,48,3104,1567,4300308.727088111,621450.3849460589,0.58072656,0.7769886363636364,HEALTHY,38.84321633134659,-7.600550313509313
jpr_20240528_AB01_MS_aligned_sun-all,28,49,3168,1567,4300308.727088111,621453.5849460397,0.58759487,0.7196022727272727,HEALTHY,38.84321588962408,-7.600513450753669
jpr_20240528_AB01_MS_aligned_sun-all,29,0,32,1622,4300305.977279141,621296.7849469767,0.5512424,0.9642045454545456,HEALTHY,38.843212747564245,-7.602320211475348
jpr_20240528_AB01_MS_aligned_sun-all,29,1,96,1622,4300305.977279141,621299.9849469576,0.5600036,0.8383522727272728,HEALTHY,38.843212306400304,-7.6022833486936845
jpr_20240528_AB01_MS_aligned_sun-all,29,2,160,1622,4300305.977279141,621303.1849469384,0.5837127,0.7681818181818182,HEALTHY,38.84321186522473,-7.602246485912829
jpr_20240528_AB01_MS_aligned_sun-all,29,3,224,1622,4300305.977279141,621306.3849469193,0.52478474,0.8585227272727273,HEALTHY,38.843211424037534,-7.60220962313278
jpr_20240528_AB01_MS_aligned_sun-all,29,4,288,1622,4300305.977279141,621309.5849469001,0.5143573,0.8144886363636363,HEALTHY,38.84321098283871,-7.6021727603535405
jpr_20240528_AB01_MS_aligned_sun-all,29,5,352,1622,4300305.977279141,621312.784946881,0.53455484,0.8323863636363636,HEALTHY,38.84321054162825,-7.602135897575107
jpr_20240528_AB01_MS_aligned_sun-all,29,6,416,1622,4300305.977279141,621315.9849468619,0.43945652,0.93125,HEALTHY,38.84321010040617,-7.602099034797483
jpr_20240528_AB01_MS_aligned_sun-all,29,7,480,1622,4300305.977279141,621319.1849468428,0.47381824,0.8210227272727273,HEALTHY,38.84320965917246,-7.602062172020664
jpr_20240528_AB01_MS_aligned_sun-all,29,8,544,1622,4300305.977279141,621322.3849468237,0.50097996,0.8096590909090909,HEALTHY,38.84320921792711,-7.602025309244655
jpr_20240528_AB01_MS_aligned_sun-all,29,9,608,1622,4300305.977279141,621325.5849468046,0.4980802,0.7559659090909091,HEALTHY,38.84320877667014,-7.601988446469453
jpr_20240528_AB01_MS_aligned_sun-all,29,10,672,1622,4300305.977279141,621328.7849467854,0.48663652,0.9571022727272728,HEALTHY,38.84320833540153,-7.601951583695061
jpr_20240528_AB01_MS_aligned_sun-all,29,11,736,1622,4300305.977279141,621331.9849467663,0.49854195,0.9019886363636364,HEALTHY,38.8432078941213,-7.601914720921474
jpr_20240528_AB01_MS_aligned_sun-all,29,12,800,1622,4300305.977279141,621335.1849467471,0.5413313,0.8383522727272728,HEALTHY,38.843207452829446,-7.601877858148697
jpr_20240528_AB01_MS_aligned_sun-all,29,13,864,1622,4300305.977279141,621338.3849467281,0.6255081,0.8036931818181818,HEALTHY,38.843207011525955,-7.601840995376727
jpr_20240528_AB01_MS_aligned_sun-all,29,14,928,1622,4300305.977279141,621341.584946709,0.5654376,0.865909090909091,HEALTHY,38.84320657021084,-7.601804132605566
jpr_20240528_AB01_MS_aligned_sun-all,29,15,992,1622,4300305.977279141,621344.7849466898,0.5398796,0.8616477272727273,HEALTHY,38.84320612888409,-7.601767269835213
jpr_20240528_AB01_MS_aligned_sun-all,29,16,1056,1622,4300305.977279141,621347.9849466707,0.5301235,0.8130681818181819,HEALTHY,38.843205687545726,-7.601730407065667
jpr_20240528_AB01_MS_aligned_sun-all,29,17,1120,1622,4300305.977279141,621351.1849466516,0.52779096,0.8082386363636364,HEALTHY,38.843205246195716,-7.601693544296929
jpr_20240528_AB01_MS_aligned_sun-all,29,18,1184,1622,4300305.977279141,621354.3849466324,0.5460609,0.7897727272727273,HEALTHY,38.843204804834095,-7.601656681529
jpr_20240528_AB01_MS_aligned_sun-all,29,19,1248,1622,4300305.977279141,621357.5849466133,0.5639339,0.8110795454545454,HEALTHY,38.84320436346084,-7.601619818761879
jpr_20240528_AB01_MS_aligned_sun-all,29,20,1312,1622,4300305.977279141,621360.7849465943,0.49581492,0.8613636363636363,HEALTHY,38.84320392207594,-7.601582955995564
jpr_20240528_AB01_MS_aligned_sun-all,29,21,1376,1622,4300305.977279141,621363.9849465751,0.58730847,0.8920454545454546,HEALTHY,38.84320348067943,-7.601546093230059
jpr_20240528_AB01_MS_aligned_sun-all,29,22,1440,1622,4300305.977279141,621367.184946556,0.55277485,0.8107954545454545,HEALTHY,38.84320303927127,-7.601509230465362
jpr_20240528_AB01_MS_aligned_sun-all,29,23,1504,1622,4300305.977279141,621370.3849465369,0.52440256,0.7764204545454545,HEALTHY,38.843202597851516,-7.601472367701474
jpr_20240528_AB01_MS_aligned_sun-all,29,24,1568,1622,4300305.977279141,621373.5849465177,0.47348583,0.9079545454545456,HEALTHY,38.843202156420105,-7.601435504938395
jpr_20240528_AB01_MS_aligned_sun-all,29,25,1632,1622,4300305.977279141,621376.7849464986,0.51133096,0.925,HEALTHY,38.84320171497707,-7.6013986421761235
jpr_20240528_AB01_MS_aligned_sun-all,29,26,1696,1622,4300305.977279141,621379.9849464794,0.5481707,0.7960227272727273,HEALTHY,38.84320127352241,-7.601361779414658
jpr_20240528_AB01_MS_aligned_sun-all,29,27,1760,1622,4300305.977279141,621383.1849464604,0.55115753,0.9417613636363636,HEALTHY,38.84320083205612,-7.6013249166540025
jpr_20240528_AB01_MS_aligned_sun-all,29,28,1824,1622,4300305.977279141,621386.3849464413,0.5257734,0.8747159090909091,HEALTHY,38.8432003905782,-7.601288053894156
jpr_20240528_AB01_MS_aligned_sun-all,29,29,1888,1622,4300305.977279141,621389.5849464221,0.47806448,0.9355113636363636,HEALTHY,38.84319994908865,-7.601251191135116
jpr_20240528_AB01_MS_aligned_sun-all,29,30,1952,1622,4300305.977279141,621392.784946403,0.5246998,0.8480113636363636,HEALTHY,38.84319950758748,-7.601214328376885
jpr_20240528_AB01_MS_aligned_sun-all,29,31,2016,1622,4300305.977279141,621395.9849463839,0.51926917,0.8244318181818182,HEALTHY,38.843199066074675,-7.601177465619464
jpr_20240528_AB01_MS_aligned_sun-all,29,32,2080,1622,4300305.977279141,621399.1849463647,0.53688014,0.7957386363636364,HEALTHY,38.84319862455025,-7.601140602862849
jpr_20240528_AB01_MS_aligned_sun-all,29,33,2144,1622,4300305.977279141,621402.3849463456,0.6080029,0.8130681818181819,HEALTHY,38.84319818301418,-7.601103740107043
jpr_20240528_AB01_MS_aligned_sun-all,29,34,2208,1622,4300305.977279141,621405.5849463266,0.55548704,0.7769886363636364,HEALTHY,38.84319774146649,-7.6010668773520464
jpr_20240528_AB01_MS_aligned_sun-all,29,35,2272,1622,4300305.977279141,621408.7849463074,0.5654226,0.803125,HEALTHY,38.84319729990717,-7.601030014597858
jpr_20240528_AB01_MS_aligned_sun-all,29,36,2336,1622,4300305.977279141,621411.9849462883,0.5424229,0.8832386363636363,HEALTHY,38.84319685833621,-7.600993151844478
jpr_20240528_AB01_MS_aligned_sun-all,29,37,2400,1622,4300305.977279141,621415.1849462691,0.5477527,0.7957386363636364,HEALTHY,38.84319641675364,-7.600956289091905
jpr_20240528_AB01_MS_aligned_sun-all,29,38,2464,1622,4300305.977279141,621418.38494625,0.5205083,0.7585227272727273,HEALTHY,38.84319597515944,-7.600919426340143
jpr_20240528_AB01_MS_aligned_sun-all,29,39,2528,1622,4300305.977279141,621421.5849462309,0.55590796,0.7948863636363637,HEALTHY,38.84319553355361,-7.600882563589189
jpr_20240528_AB01_MS_aligned_sun-all,29,40,2592,1622,4300305.977279141,621424.7849462117,0.54920393,0.8323863636363636,HEALTHY,38.843195091936146,-7.600845700839043
jpr_20240528_AB01_MS_aligned_sun-all,29,41,2656,1622,4300305.977279141,621427.9849461927,0.5145867,0.8201704545454546,HEALTHY,38.84319465030705,-7.600808838089704
jpr_20240528_AB01_MS_aligned_sun-all,29,42,2720,1622,4300305.977279141,621431.1849461736,0.49598804,0.8326704545454545,HEALTHY,38.843194208666326,-7.600771975341176
jpr_20240528_AB01_MS_aligned_sun-all,29,43,2784,1622,4300305.977279141,621434.3849461544,0.4946072,0.8715909090909091,HEALTHY,38.84319376701398,-7.600735112593456
jpr_20240528_AB01_MS_aligned_sun-all,29,44,2848,1622,4300305.977279141,621437.5849461353,0.41981056,0.9690340909090908,HEALTHY,38.84319332535,-7.600698249846545
jpr_20240528_AB01_MS_aligned_sun-all,29,45,2912,1622,4300305.977279141,621440.7849461162,0.42149296,1.0,HEALTHY,38.8431928836744,-7.600661387100441
jpr_20240528_AB01_MS_aligned_sun-all,29,46,2976,1622,4300305.977279141,621443.984946097,0.45968053,1.0,HEALTHY,38.843192441987156,-7.600624524355148
jpr_20240528_AB01_MS_aligned_sun-all,29,47,3040,1622,4300305.977279141,621447.184946078,0.49443582,1.0,HEALTHY,38.8431920002883,-7.6005876616106605
jpr_20240528_AB01_MS_aligned_sun-all,29,48,3104,1622,4300305.977279141,621450.3849460589,0.5365145,0.8630681818181818,HEALTHY,38.84319155857781,-7.600550798866983
jpr_20240528_AB01_MS_aligned_sun-all,29,49,3168,1622,4300305.977279141,621453.5849460397,0.5733861,0.7045454545454546,HEALTHY,38.84319111685569,-7.600513936124115
jpr_20240528_AB01_MS_aligned_sun-all,30,0,32,1677,4300303.22747017,621296.7849469767,0.5298651,0.7710227272727272,HEALTHY,38.843187974776725,-7.602320696219242
jpr_20240528_AB01_MS_aligned_sun-all,30,1,96,1677,4300303.22747017,621299.9849469576,0.5795847,0.8772727272727273,HEALTHY,38.843187533613175,-7.602283833450352
jpr_20240528_AB01_MS_aligned_sun-all,30,2,160,1677,4300303.22747017,621303.1849469384,0.52428436,0.7875,HEALTHY,38.84318709243798,-7.6022469706822715
jpr_20240528_AB01_MS_aligned_sun-all,30,3,224,1677,4300303.22747017,621306.3849469193,0.57874966,0.7380681818181818,HEALTHY,38.843186651251166,-7.602210107914998
jpr_20240528_AB01_MS_aligned_sun-all,30,4,288,1677,4300303.22747017,621309.5849469001,0.5150461,0.7934659090909091,HEALTHY,38.843186210052735,-7.602173245148531
jpr_20240528_AB01_MS_aligned_sun-all,30,5,352,1677,4300303.22747017,621312.784946881,0.48716432,0.8340909090909091,HEALTHY,38.84318576884265,-7.6021363823828745
jpr_20240528_AB01_MS_aligned_sun-all,30,6,416,1677,4300303.22747017,621315.9849468619,0.46681464,0.7965909090909091,HEALTHY,38.84318532762096,-7.602099519618023
jpr_20240528_AB01_MS_aligned_sun-all,30,7,480,1677,4300303.22747017,621319.1849468428,0.47885597,0.8014204545454545,HEALTHY,38.843184886387625,-7.60206265685398
jpr_20240528_AB01_MS_aligned_sun-all,30,8,544,1677,4300303.22747017,621322.3849468237,0.49121758,0.7571022727272727,HEALTHY,38.843184445142676,-7.602025794090745
jpr_20240528_AB01_MS_aligned_sun-all,30,9,608,1677,4300303.22747017,621325.5849468046,0.4868529,0.8721590909090909,HEALTHY,38.843184003886094,-7.60198893132832
jpr_20240528_AB01_MS_aligned_sun-all,30,10,672,1677,4300303.22747017,621328.7849467854,0.5293159,0.8122159090909091,HEALTHY,38.84318356261788,-7.601952068566701
jpr_20240528_AB01_MS_aligned_sun-all,30,11,736,1677,4300303.22747017,621331.9849467663,0.5255243,0.8048295454545454,HEALTHY,38.843183121338036,-7.6019152058058905
jpr_20240528_AB01_MS_aligned_sun-all,30,12,800,1677,4300303.22747017,621335.1849467471,0.52561814,0.9355113636363636,HEALTHY,38.843182680046574,-7.601878343045886
jpr_20240528_AB01_MS_aligned_sun-all,30,13,864,1677,4300303.22747017,621338.3849467281,0.5920353,0.8142045454545455,HEALTHY,38.843182238743466,-7.601841480286691
jpr_20240528_AB01_MS_aligned_sun-all,30,14,928,1677,4300303.22747017,621341.584946709,0.52828807,0.8832386363636363,HEALTHY,38.84318179742874,-7.601804617528304
jpr_20240528_AB01_MS_aligned_sun-all,30,15,992,1677,4300303.22747017,621344.7849466898,0.54773307,0.7900568181818182,HEALTHY,38.843181356102384,-7.601767754770726
jpr_20240528_AB01_MS_aligned_sun-all,30,16,1056,1677,4300303.22747017,621347.9849466707,0.54470867,0.7735795454545454,HEALTHY,38.843180914764396,-7.601730892013955
jpr_20240528_AB01_MS_aligned_sun-all,30,17,1120,1677,4300303.22747017,621351.1849466516,0.5314706,0.8227272727272728,HEALTHY,38.84318047341479,-7.601694029257992
jpr_20240528_AB01_MS_aligned_sun-all,30,18,1184,1677,4300303.22747017,621354.3849466324,0.5068932,0.8315340909090909,HEALTHY,38.843180032053546,-7.601657166502837
jpr_20240528_AB01_MS_aligned_sun-all,30,19,1248,1677,4300303.22747017,621357.5849466133,0.47724134,0.8269886363636364,HEALTHY,38.843179590680684,-7.601620303748492
jpr_20240528_AB01_MS_aligned_sun-all,30,20,1312,1677,4300303.22747017,621360.7849465943,0.49654415,0.9420454545454544,HEALTHY,38.84317914929617,-7.6015834409949505
jpr_20240528_AB01_MS_aligned_sun-all,30,21,1376,1677,4300303.22747017,621363.9849465751,0.5302973,0.7715909090909091,HEALTHY,38.843178707900044,-7.60154657824222
jpr_20240528_AB01_MS_aligned_sun-all,30,22,1440,1677,4300303.22747017,621367.184946556,0.55582523,0.7875,HEALTHY,38.84317826649229,-7.601509715490299
jpr_20240528_AB01_MS_aligned_sun-all,30,23,1504,1677,4300303.22747017,621370.3849465369,0.52213335,0.7872159090909091,HEALTHY,38.84317782507291,-7.601472852739184
jpr_20240528_AB01_MS_aligned_sun-all,30,24,1568,1677,4300303.22747017,621373.5849465177,0.5262321,0.865625,HEALTHY,38.84317738364188,-7.60143598998888
jpr_20240528_AB01_MS_aligned_sun-all,30,25,1632,1677,4300303.22747017,621376.7849464986,0.50403607,0.8559659090909091,HEALTHY,38.843176942199236,-7.6013991272393815
jpr_20240528_AB01_MS_aligned_sun-all,30,26,1696,1677,4300303.22747017,621379.9849464794,0.51712483,0.8102272727272727,HEALTHY,38.84317650074497,-7.601362264490692
jpr_20240528_AB01_MS_aligned_sun-all,30,27,1760,1677,4300303.22747017,621383.1849464604,0.55074793,0.8849431818181818,HEALTHY,38.84317605927907,-7.60132540174281
jpr_20240528_AB01_MS_aligned_sun-all,30,28,1824,1677,4300303.22747017,621386.3849464413,0.5252142,0.85,HEALTHY,38.84317561780154,-7.601288538995738
jpr_20240528_AB01_MS_aligned_sun-all,30,29,1888,1677,4300303.22747017,621389.5849464221,0.49355367,0.9269886363636364,HEALTHY,38.84317517631238,-7.601251676249473
jpr_20240528_AB01_MS_aligned_sun-all,30,30,1952,1677,4300303.22747017,621392.784946403,0.5016593,0.8170454545454545,HEALTHY,38.84317473481159,-7.601214813504017
jpr_20240528_AB01_MS_aligned_sun-all,30,31,2016,1677,4300303.22747017,621395.9849463839,0.53903043,0.8329545454545455,HEALTHY,38.84317429329918,-7.601177950759371
jpr_20240528_AB01_MS_aligned_sun-all,30,32,2080,1677,4300303.22747017,621399.1849463647,0.54272664,0.8230113636363636,HEALTHY,38.843173851775134,-7.60114108801553
jpr_20240528_AB01_MS_aligned_sun-all,30,33,2144,1677,4300303.22747017,621402.3849463456,0.5351742,0.8102272727272727,HEALTHY,38.84317341023945,-7.601104225272501
jpr_20240528_AB01_MS_aligned_sun-all,30,34,2208,1677,4300303.22747017,621405.5849463266,0.5465284,0.8244318181818182,HEALTHY,38.84317296869216,-7.601067362530277
jpr_20240528_AB01_MS_aligned_sun-all,30,35,2272,1677,4300303.22747017,621408.7849463074,0.55961204,0.853125,HEALTHY,38.84317252713323,-7.601030499788862
jpr_20240528_AB01_MS_aligned_sun-all,30,36,2336,1677,4300303.22747017,621411.9849462883,0.5038281,0.9073863636363636,HEALTHY,38.84317208556266,-7.600993637048258
jpr_20240528_AB01_MS_aligned_sun-all,30,37,2400,1677,4300303.22747017,621415.1849462691,0.53165513,0.8323863636363636,HEALTHY,38.843171643980476,-7.60095677430846
jpr_20240528_AB01_MS_aligned_sun-all,30,38,2464,1677,4300303.22747017,621418.38494625,0.5453887,0.8090909090909091,HEALTHY,38.84317120238666,-7.600919911569472
jpr_20240528_AB01_MS_aligned_sun-all,30,39,2528,1677,4300303.22747017,621421.5849462309,0.5605883,0.7940340909090909,HEALTHY,38.84317076078121,-7.6008830488312915
jpr_20240528_AB01_MS_aligned_sun-all,30,40,2592,1677,4300303.22747017,621424.7849462117,0.5201654,0.7994318181818182,HEALTHY,38.843170319164145,-7.6008461860939205
jpr_20240528_AB01_MS_aligned_sun-all,30,41,2656,1677,4300303.22747017,621427.9849461927,0.54657483,0.8005681818181818,HEALTHY,38.84316987753544,-7.600809323357356
jpr_20240528_AB01_MS_aligned_sun-all,30,42,2720,1677,4300303.22747017,621431.1849461736,0.5439734,0.8107954545454545,HEALTHY,38.8431694358951,-7.600772460621602
jpr_20240528_AB01_MS_aligned_sun-all,30,43,2784,1677,4300303.22747017,621434.3849461544,0.5693826,0.837215909090909,HEALTHY,38.84316899424314,-7.600735597886657
jpr_20240528_AB01_MS_aligned_sun-all,30,44,2848,1677,4300303.22747017,621437.5849461353,0.51611054,0.7389204545454545,HEALTHY,38.843168552579556,-7.600698735152521
jpr_20240528_AB01_MS_aligned_sun-all,30,45,2912,1677,4300303.22747017,621440.7849461162,0.482286,0.9306818181818182,HEALTHY,38.84316811090434,-7.600661872419192
jpr_20240528_AB01_MS_aligned_sun-all,30,46,2976,1677,4300303.22747017,621443.984946097,0.44928333,1.0,HEALTHY,38.84316766921749,-7.600625009686673
jpr_20240528_AB01_MS_aligned_sun-all,30,47,3040,1677,4300303.22747017,621447.184946078,0.4275144,1.0,HEALTHY,38.84316722751902,-7.60058814695496
jpr_20240528_AB01_MS_aligned_sun-all,30,48,3104,1677,4300303.22747017,621450.3849460589,0.4501133,0.9985795454545454,HEALTHY,38.84316678580891,-7.600551284224059
jpr_20240528_AB01_MS_aligned_sun-all,30,49,3168,1677,4300303.22747017,621453.5849460397,0.51891416,0.9292613636363636,HEALTHY,38.84316634408717,-7.600514421493965
jpr_20240528_AB01_MS_aligned_sun-all,31,1,96,1732,4300300.4776612,621299.9849469576,0.54930663,0.9011363636363636,HEALTHY,38.84316276082592,-7.602284318206425
jpr_20240528_AB01_MS_aligned_sun-all,31,2,160,1732,4300300.4776612,621303.1849469384,0.55718833,0.8448863636363636,HEALTHY,38.84316231965113,-7.602247455451119
jpr_20240528_AB01_MS_aligned_sun-all,31,3,224,1732,4300300.4776612,621306.3849469193,0.50343597,0.9386363636363636,HEALTHY,38.843161878464706,-7.602210592696618
jpr_20240528_AB01_MS_aligned_sun-all,31,4,288,1732,4300300.4776612,621309.5849469001,0.5356048,0.8920454545454546,HEALTHY,38.84316143726666,-7.602173729942928
jpr_20240528_AB01_MS_aligned_sun-all,31,5,352,1732,4300300.4776612,621312.784946881,0.5260907,0.825,HEALTHY,38.843160996056966,-7.602136867190044
jpr_20240528_AB01_MS_aligned_sun-all,31,6,416,1732,4300300.4776612,621315.9849468619,0.43095908,0.9338068181818182,HEALTHY,38.84316055483566,-7.602100004437968
jpr_20240528_AB01_MS_aligned_sun-all,31,7,480,1732,4300300.4776612,621319.1849468428,0.48351136,0.8048295454545454,HEALTHY,38.84316011360272,-7.6020631416867
jpr_20240528_AB01_MS_aligned_sun-all,31,8,544,1732,4300300.4776612,621322.3849468237,0.56711155,0.7653409090909091,HEALTHY,38.843159672358155,-7.602026278936239
jpr_20240528_AB01_MS_aligned_sun-all,31,9,608,1732,4300300.4776612,621325.5849468046,0.51988256,0.8414772727272727,HEALTHY,38.84315923110196,-7.601989416186588
jpr_20240528_AB01_MS_aligned_sun-all,31,10,672,1732,4300300.4776612,621328.7849467854,0.5418253,0.734375,HEALTHY,38.843158789834135,-7.6019525534377435
jpr_20240528_AB01_MS_aligned_sun-all,31,11,736,1732,4300300.4776612,621331.9849467663,0.52325124,0.8051136363636363,HEALTHY,38.84315834855468,-7.601915690689706
jpr_20240528_AB01_MS_aligned_sun-all,31,12,800,1732,4300300.4776612,621335.1849467471,0.57779497,0.8065340909090909,HEALTHY,38.843157907263596,-7.601878827942479
jpr_20240528_AB01_MS_aligned_sun-all,31,13,864,1732,4300300.4776612,621338.3849467281,0.53155047,0.8931818181818182,HEALTHY,38.843157465960886,-7.601841965196058
jpr_20240528_AB01_MS_aligned_sun-all,31,14,928,1732,4300300.4776612,621341.584946709,0.55479383,0.803409090909091,HEALTHY,38.84315702464655,-7.601805102450446
jpr_20240528_AB01_MS_aligned_sun-all,31,15,992,1732,4300300.4776612,621344.7849466898,0.5283598,0.8636363636363636,HEALTHY,38.84315658332057,-7.601768239705642
jpr_20240528_AB01_MS_aligned_sun-all,31,16,1056,1732,4300300.4776612,621347.9849466707,0.53432465,0.8903409090909091,HEALTHY,38.84315614198298,-7.601731376961644
jpr_20240528_AB01_MS_aligned_sun-all,31,17,1120,1732,4300300.4776612,621351.1849466516,0.52471274,0.8448863636363636,HEALTHY,38.84315570063376,-7.601694514218458
jpr_20240528_AB01_MS_aligned_sun-all,31,18,1184,1732,4300300.4776612,621354.3849466324,0.5645499,0.7715909090909091,HEALTHY,38.8431552592729,-7.601657651476078
jpr_20240528_AB01_MS_aligned_sun-all,31,19,1248,1732,4300300.4776612,621357.5849466133,0.5049149,0.8579545454545454,HEALTHY,38.84315481790042,-7.601620788734505
jpr_20240528_AB01_MS_aligned_sun-all,31,20,1312,1732,4300300.4776612,621360.7849465943,0.53039443,0.8471590909090909,HEALTHY,38.84315437651631,-7.601583925993741
jpr_20240528_AB01_MS_aligned_sun-all,31,21,1376,1732,4300300.4776612,621363.9849465751,0.5814135,0.8909090909090909,HEALTHY,38.84315393512057,-7.601547063253784
jpr_20240528_AB01_MS_aligned_sun-all,31,22,1440,1732,4300300.4776612,621367.184946556,0.50136477,0.8434659090909091,HEALTHY,38.84315349371319,-7.601510200514637
jpr_20240528_AB01_MS_aligned_sun-all,31,23,1504,1732,4300300.4776612,621370.3849465369,0.5269167,0.7940340909090909,HEALTHY,38.8431530522942,-7.601473337776297
jpr_20240528_AB01_MS_aligned_sun-all,31,24,1568,1732,4300300.4776612,621373.5849465177,0.45998973,0.8940340909090909,HEALTHY,38.84315261086356,-7.601436475038767
jpr_20240528_AB01_MS_aligned_sun-all,31,25,1632,1732,4300300.4776612,621376.7849464986,0.47253516,0.8792613636363636,HEALTHY,38.843152169421316,-7.6013996123020435
jpr_20240528_AB01_MS_aligned_sun-all,31,26,1696,1732,4300300.4776612,621379.9849464794,0.49219227,0.8556818181818182,HEALTHY,38.84315172796743,-7.601362749566129
jpr_20240528_AB01_MS_aligned_sun-all,31,27,1760,1732,4300300.4776612,621383.1849464604,0.5034442,0.8176136363636364,HEALTHY,38.84315128650192,-7.601325886831021
jpr_20240528_AB01_MS_aligned_sun-all,31,28,1824,1732,4300300.4776612,621386.3849464413,0.5311484,0.8301136363636363,HEALTHY,38.84315084502478,-7.601289024096724
jpr_20240528_AB01_MS_aligned_sun-all,31,29,1888,1732,4300300.4776612,621389.5849464221,0.52339077,0.8747159090909091,HEALTHY,38.843150403536015,-7.601252161363234
jpr_20240528_AB01_MS_aligned_sun-all,31,30,1952,1732,4300300.4776612,621392.784946403,0.55209774,0.7428977272727273,HEALTHY,38.8431499620356,-7.601215298630553
jpr_20240528_AB01_MS_aligned_sun-all,31,31,2016,1732,4300300.4776612,621395.9849463839,0.5357062,0.8139204545454546,HEALTHY,38.843149520523575,-7.60117843589868
jpr_20240528_AB01_MS_aligned_sun-all,31,32,2080,1732,4300300.4776612,621399.1849463647,0.5517403,0.8619318181818182,HEALTHY,38.84314907899992,-7.601141573167616
jpr_20240528_AB01_MS_aligned_sun-all,31,33,2144,1732,4300300.4776612,621402.3849463456,0.5337159,0.7642045454545454,HEALTHY,38.843148637464644,-7.60110471043736
jpr_20240528_AB01_MS_aligned_sun-all,31,34,2208,1732,4300300.4776612,621405.5849463266,0.53687215,0.8505681818181818,HEALTHY,38.84314819591772,-7.60106784770791
jpr_20240528_AB01_MS_aligned_sun-all,31,35,2272,1732,4300300.4776612,621408.7849463074,0.5364485,0.8210227272727273,HEALTHY,38.84314775435917,-7.601030984979271
jpr_20240528_AB01_MS_aligned_sun-all,31,36,2336,1732,4300300.4776612,621411.9849462883,0.51539004,0.9454545454545454,HEALTHY,38.84314731278901,-7.60099412225144
jpr_20240528_AB01_MS_aligned_sun-all,31,37,2400,1732,4300300.4776612,621415.1849462691,0.5336368,0.9133522727272728,HEALTHY,38.8431468712072,-7.600957259524417
jpr_20240528_AB01_MS_aligned_sun-all,31,38,2464,1732,4300300.4776612,621418.38494625,0.55009454,0.7852272727272728,HEALTHY,38.843146429613775,-7.6009203967982035
jpr_20240528_AB01_MS_aligned_sun-all,31,39,2528,1732,4300300.4776612,621421.5849462309,0.5505978,0.8147727272727273,HEALTHY,38.84314598800873,-7.600883534072798
jpr_20240528_AB01_MS_aligned_sun-all,31,40,2592,1732,4300300.4776612,621424.7849462117,0.5584226,0.7426136363636363,HEALTHY,38.84314554639203,-7.600846671348202
jpr_20240528_AB01_MS_aligned_sun-all,31,41,2656,1732,4300300.4776612,621427.9849461927,0.529827,0.8366477272727273,HEALTHY,38.84314510476373,-7.600809808624412
jpr_20240528_AB01_MS_aligned_sun-all,31,42,2720,1732,4300300.4776612,621431.1849461736,0.57291126,0.8573863636363637,HEALTHY,38.84314466312379,-7.600772945901433
jpr_20240528_AB01_MS_aligned_sun-all,31,43,2784,1732,4300300.4776612,621434.3849461544,0.53425026,0.8011363636363636,HEALTHY,38.8431442214722,-7.600736083179262
jpr_20240528_AB01_MS_aligned_sun-all,31,44,2848,1732,4300300.4776612,621437.5849461353,0.5274067,0.8144886363636363,HEALTHY,38.843143779809,-7.600699220457899
jpr_20240528_AB01_MS_aligned_sun-all,31,45,2912,1732,4300300.4776612,621440.7849461162,0.5681529,0.7752840909090909,HEALTHY,38.84314333813417,-7.600662357737344
jpr_20240528_AB01_MS_aligned_sun-all,31,46,2976,1732,4300300.4776612,621443.984946097,0.5341183,0.8133522727272727,HEALTHY,38.84314289644772,-7.6006254950176
jpr_20240528_AB01_MS_aligned_sun-all,31,47,3040,1732,4300300.4776612,621447.184946078,0.4751858,0.9784090909090908,HEALTHY,38.84314245474963,-7.600588632298662
jpr_20240528_AB01_MS_aligned_sun-all,31,48,3104,1732,4300300.4776612,621450.3849460589,0.45250022,1.0,HEALTHY,38.843142013039916,-7.600551769580536
jpr_20240528_AB01_MS_aligned_sun-all,31,49,3168,1732,4300300.4776612,621453.5849460397,0.44732493,1.0,HEALTHY,38.84314157131857,-7.600514906863216
jpr_20240528_AB01_MS_aligned_sun-all,32,1,96,1787,4300297.727852229,621299.9849469576,0.5245034,0.8607954545454546,HEALTHY,38.843137988038556,-7.602284802961901
jpr_20240528_AB01_MS_aligned_sun-all,32,2,160,1787,4300297.727852229,621303.1849469384,0.5315287,0.8627840909090909,HEALTHY,38.843137546864156,-7.602247940219369
jpr_20240528_AB01_MS_aligned_sun-all,32,3,224,1787,4300297.727852229,621306.3849469193,0.5245556,0.8357954545454546,HEALTHY,38.84313710567811,-7.602211077477644
jpr_20240528_AB01_MS_aligned_sun-all,32,4,288,1787,4300297.727852229,621309.5849469001,0.51510197,0.821875,HEALTHY,38.843136664480454,-7.602174214736727
jpr_20240528_AB01_MS_aligned_sun-all,32,5,352,1787,4300297.727852229,621312.784946881,0.50971174,0.8298295454545455,HEALTHY,38.843136223271166,-7.602137351996619
jpr_20240528_AB01_MS_aligned_sun-all,32,6,416,1787,4300297.727852229,621315.9849468619,0.5072626,0.7772727272727272,HEALTHY,38.84313578205024,-7.602100489257317
jpr_20240528_AB01_MS_aligned_sun-all,32,7,480,1787,4300297.727852229,621319.1849468428,0.51558113,0.8144886363636363,HEALTHY,38.84313534081769,-7.602063626518823
jpr_20240528_AB01_MS_aligned_sun-all,32,8,544,1787,4300297.727852229,621322.3849468237,0.50807804,0.9232954545454546,HEALTHY,38.84313489957351,-7.602026763781138
jpr_20240528_AB01_MS_aligned_sun-all,32,9,608,1787,4300297.727852229,621325.5849468046,0.5675625,0.8,HEALTHY,38.8431344583177,-7.60198990104426
jpr_20240528_AB01_MS_aligned_sun-all,32,10,672,1787,4300297.727852229,621328.7849467854,0.55252504,0.850284090909091,HEALTHY,38.84313401705026,-7.60195303830819
jpr_20240528_AB01_MS_aligned_sun-all,32,11,736,1787,4300297.727852229,621331.9849467663,0.54511446,0.9190340909090908,HEALTHY,38.84313357577119,-7.60191617557293
jpr_20240528_AB01_MS_aligned_sun-all,32,12,800,1787,4300297.727852229,621335.1849467471,0.55562425,0.7894886363636363,HEALTHY,38.843133134480496,-7.601879312838475
jpr_20240528_AB01_MS_aligned_sun-all,32,13,864,1787,4300297.727852229,621338.3849467281,0.5359878,0.8122159090909091,HEALTHY,38.84313269317818,-7.6018424501048285
jpr_20240528_AB01_MS_aligned_sun-all,32,14,928,1787,4300297.727852229,621341.584946709,0.5077182,0.7767045454545455,HEALTHY,38.84313225186422,-7.601805587371992
jpr_20240528_AB01_MS_aligned_sun-all,32,15,992,1787,4300297.727852229,621344.7849466898,0.4871677,0.8940340909090909,HEALTHY,38.843131810538644,-7.601768724639961
jpr_20240528_AB01_MS_aligned_sun-all,32,16,1056,1787,4300297.727852229,621347.9849466707,0.4909874,0.8051136363636363,HEALTHY,38.84313136920144,-7.60173186190874
jpr_20240528_AB01_MS_aligned_sun-all,32,17,1120,1787,4300297.727852229,621351.1849466516,0.5498974,0.7676136363636363,HEALTHY,38.8431309278526,-7.601694999178326
jpr_20240528_AB01_MS_aligned_sun-all,32,18,1184,1787,4300297.727852229,621354.3849466324,0.55920345,0.8338068181818182,HEALTHY,38.843130486492136,-7.60165813644872
jpr_20240528_AB01_MS_aligned_sun-all,32,19,1248,1787,4300297.727852229,621357.5849466133,0.5469554,0.8934659090909091,HEALTHY,38.84313004512003,-7.601621273719923
jpr_20240528_AB01_MS_aligned_sun-all,32,20,1312,1787,4300297.727852229,621360.7849465943,0.52787405,0.8732954545454545,HEALTHY,38.84312960373632,-7.601584410991933
jpr_20240528_AB01_MS_aligned_sun-all,32,21,1376,1787,4300297.727852229,621363.9849465751,0.53358173,0.75625,HEALTHY,38.843129162340965,-7.601547548264751
jpr_20240528_AB01_MS_aligned_sun-all,32,22,1440,1787,4300297.727852229,621367.184946556,0.5081343,0.7625,HEALTHY,38.84312872093398,-7.601510685538378
jpr_20240528_AB01_MS_aligned_sun-all,32,23,1504,1787,4300297.727852229,621370.3849465369,0.5257684,0.7630681818181818,HEALTHY,38.843128279515376,-7.601473822812814
jpr_20240528_AB01_MS_aligned_sun-all,32,24,1568,1787,4300297.727852229,621373.5849465177,0.53074557,0.8019886363636364,HEALTHY,38.84312783808513,-7.6014369600880585
jpr_20240528_AB01_MS_aligned_sun-all,32,25,1632,1787,4300297.727852229,621376.7849464986,0.52593845,0.8267045454545454,HEALTHY,38.84312739664326,-7.60140009736411
jpr_20240528_AB01_MS_aligned_sun-all,32,26,1696,1787,4300297.727852229,621379.9849464794,0.5494162,0.8065340909090909,HEALTHY,38.843126955189774,-7.60136323464097
jpr_20240528_AB01_MS_aligned_sun-all,32,27,1760,1787,4300297.727852229,621383.1849464604,0.48973152,0.8238636363636364,HEALTHY,38.84312651372464,-7.601326371918637
jpr_20240528_AB01_MS_aligned_sun-all,32,28,1824,1787,4300297.727852229,621386.3849464413,0.5125438,0.850284090909091,HEALTHY,38.843126072247884,-7.601289509197112
jpr_20240528_AB01_MS_aligned_sun-all,32,29,1888,1787,4300297.727852229,621389.5849464221,0.5035221,0.7738636363636363,HEALTHY,38.8431256307595,-7.601252646476398
jpr_20240528_AB01_MS_aligned_sun-all,32,30,1952,1787,4300297.727852229,621392.784946403,0.528292,0.834659090909091,HEALTHY,38.8431251892595,-7.6012157837564915
jpr_20240528_AB01_MS_aligned_sun-all,32,31,2016,1787,4300297.727852229,621395.9849463839,0.5286792,0.9025568181818182,HEALTHY,38.84312474774785,-7.601178921037393
jpr_20240528_AB01_MS_aligned_sun-all,32,32,2080,1787,4300297.727852229,621399.1849463647,0.5315105,0.8193181818181818,HEALTHY,38.843124306224595,-7.601142058319103
jpr_20240528_AB01_MS_aligned_sun-all,32,33,2144,1787,4300297.727852229,621402.3849463456,0.5220401,0.8116477272727273,HEALTHY,38.843123864689694,-7.601105195601622
jpr_20240528_AB01_MS_aligned_sun-all,32,34,2208,1787,4300297.727852229,621405.5849463266,0.52426094,0.7909090909090909,HEALTHY,38.84312342314317,-7.601068332884946
jpr_20240528_AB01_MS_aligned_sun-all,32,35,2272,1787,4300297.727852229,621408.7849463074,0.5439068,0.7571022727272727,HEALTHY,38.843122981585005,-7.601031470169082
jpr_20240528_AB01_MS_aligned_sun-all,32,36,2336,1787,4300297.727852229,621411.9849462883,0.5230524,0.8252840909090909,HEALTHY,38.84312254001523,-7.600994607454024
jpr_20240528_AB01_MS_aligned_sun-all,32,37,2400,1787,4300297.727852229,621415.1849462691,0.5784143,0.86875,HEALTHY,38.84312209843383,-7.600957744739778
jpr_20240528_AB01_MS_aligned_sun-all,32,38,2464,1787,4300297.727852229,621418.38494625,0.5575712,0.7806818181818181,HEALTHY,38.84312165684077,-7.6009208820263385
jpr_20240528_AB01_MS_aligned_sun-all,32,39,2528,1787,4300297.727852229,621421.5849462309,0.5694775,0.7928977272727272,HEALTHY,38.84312121523611,-7.600884019313708
jpr_20240528_AB01_MS_aligned_sun-all,32,40,2592,1787,4300297.727852229,621424.7849462117,0.5021431,0.8471590909090909,HEALTHY,38.843120773619816,-7.600847156601885
jpr_20240528_AB01_MS_aligned_sun-all,32,41,2656,1787,4300297.727852229,621427.9849461927,0.525421,0.8147727272727273,HEALTHY,38.84312033199188,-7.60081029389087
jpr_20240528_AB01_MS_aligned_sun-all,32,42,2720,1787,4300297.727852229,621431.1849461736,0.5328393,0.8389204545454545,HEALTHY,38.84311989035233,-7.600773431180666
jpr_20240528_AB01_MS_aligned_sun-all,32,43,2784,1787,4300297.727852229,621434.3849461544,0.5271208,0.7681818181818182,HEALTHY,38.843119448701145,-7.600736568471269
jpr_20240528_AB01_MS_aligned_sun-all,32,44,2848,1787,4300297.727852229,621437.5849461353,0.5312827,0.8181818181818182,HEALTHY,38.843119007038325,-7.600699705762681
jpr_20240528_AB01_MS_aligned_sun-all,32,45,2912,1787,4300297.727852229,621440.7849461162,0.5530718,0.8355113636363637,HEALTHY,38.84311856536389,-7.600662843054901
jpr_20240528_AB01_MS_aligned_sun-all,32,46,2976,1787,4300297.727852229,621443.984946097,0.57170767,0.8073863636363636,HEALTHY,38.84311812367782,-7.600625980347932
jpr_20240528_AB01_MS_aligned_sun-all,32,47,3040,1787,4300297.727852229,621447.184946078,0.55879676,0.8096590909090909,HEALTHY,38.84311768198013,-7.600589117641769
jpr_20240528_AB01_MS_aligned_sun-all,32,48,3104,1787,4300297.727852229,621450.3849460589,0.5303866,0.9150568181818182,HEALTHY,38.8431172402708,-7.600552254936415
jpr_20240528_AB01_MS_aligned_sun-all,32,49,3168,1787,4300297.727852229,621453.5849460397,0.48832667,0.9534090909090908,HEALTHY,38.84311679854984,-7.600515392231872
jpr_20240528_AB01_MS_aligned_sun-all,33,1,96,1842,4300294.978043259,621299.9849469576,0.50042224,0.5892045454545455,HEALTHY,38.84311321525109,-7.60228528771678
jpr_20240528_AB01_MS_aligned_sun-all,33,2,160,1842,4300294.978043259,621303.1849469384,0.5329257,0.8713068181818182,HEALTHY,38.84311277407708,-7.602248424987022
jpr_20240528_AB01_MS_aligned_sun-all,33,3,224,1842,4300294.978043259,621306.3849469193,0.5680625,0.915625,HEALTHY,38.84311233289143,-7.602211562258072
jpr_20240528_AB01_MS_aligned_sun-all,33,4,288,1842,4300294.978043259,621309.5849469001,0.47502628,0.9463068181818182,HEALTHY,38.84311189169415,-7.602174699529931
jpr_20240528_AB01_MS_aligned_sun-all,33,5,352,1842,4300294.978043259,621312.784946881,0.55685985,0.852840909090909,HEALTHY,38.84311145048524,-7.602137836802596
jpr_20240528_AB01_MS_aligned_sun-all,33,6,416,1842,4300294.978043259,621315.9849468619,0.5507656,0.8505681818181818,HEALTHY,38.84311100926471,-7.60210097407607
jpr_20240528_AB01_MS_aligned_sun-all,33,7,480,1842,4300294.978043259,621319.1849468428,0.48815283,0.8127840909090909,HEALTHY,38.84311056803255,-7.602064111350349
jpr_20240528_AB01_MS_aligned_sun-all,33,8,544,1842,4300294.978043259,621322.3849468237,0.4795398,0.9110795454545456,HEALTHY,38.84311012678876,-7.602027248625439
jpr_20240528_AB01_MS_aligned_sun-all,33,9,608,1842,4300294.978043259,621325.5849468046,0.52432436,0.9252840909090908,HEALTHY,38.843109685533335,-7.6019903859013365
jpr_20240528_AB01_MS_aligned_sun-all,33,10,672,1842,4300294.978043259,621328.7849467854,0.53633124,0.9653409090909092,HEALTHY,38.84310924426629,-7.60195352317804
jpr_20240528_AB01_MS_aligned_sun-all,33,11,736,1842,4300294.978043259,621331.9849467663,0.58534193,0.8619318181818182,HEALTHY,38.84310880298761,-7.6019166604555535
jpr_20240528_AB01_MS_aligned_sun-all,33,12,800,1842,4300294.978043259,621335.1849467471,0.558451,0.8323863636363636,HEALTHY,38.843108361697304,-7.601879797733875
jpr_20240528_AB01_MS_aligned_sun-all,33,13,864,1842,4300294.978043259,621338.3849467281,0.5878376,0.8136363636363636,HEALTHY,38.84310792039536,-7.601842935013002
jpr_20240528_AB01_MS_aligned_sun-all,33,14,928,1842,4300294.978043259,621341.584946709,0.5424581,0.7948863636363637,HEALTHY,38.8431074790818,-7.6018060722929395
jpr_20240528_AB01_MS_aligned_sun-all,33,15,992,1842,4300294.978043259,621344.7849466898,0.51245767,0.7693181818181818,HEALTHY,38.84310703775661,-7.601769209573685
jpr_20240528_AB01_MS_aligned_sun-all,33,16,1056,1842,4300294.978043259,621347.9849466707,0.5185823,0.8349431818181818,HEALTHY,38.84310659641979,-7.601732346855237
jpr_20240528_AB01_MS_aligned_sun-all,33,17,1120,1842,4300294.978043259,621351.1849466516,0.5338049,0.8213068181818182,HEALTHY,38.84310615507135,-7.601695484137598
jpr_20240528_AB01_MS_aligned_sun-all,33,18,1184,1842,4300294.978043259,621354.3849466324,0.561797,0.7960227272727273,HEALTHY,38.84310571371127,-7.601658621420767
jpr_20240528_AB01_MS_aligned_sun-all,33,19,1248,1842,4300294.978043259,621357.5849466133,0.55849224,0.8866477272727272,HEALTHY,38.84310527233956,-7.601621758704744
jpr_20240528_AB01_MS_aligned_sun-all,33,20,1312,1842,4300294.978043259,621360.7849465943,0.5472363,0.8017045454545455,HEALTHY,38.843104830956214,-7.601584895989529
jpr_20240528_AB01_MS_aligned_sun-all,33,21,1376,1842,4300294.978043259,621363.9849465751,0.5153856,0.821875,HEALTHY,38.84310438956125,-7.6015480332751215
jpr_20240528_AB01_MS_aligned_sun-all,33,22,1440,1842,4300294.978043259,621367.184946556,0.53018796,0.7894886363636363,HEALTHY,38.84310394815466,-7.6015111705615235
jpr_20240528_AB01_MS_aligned_sun-all,33,23,1504,1842,4300294.978043259,621370.3849465369,0.5360353,0.7931818181818182,HEALTHY,38.84310350673644,-7.601474307848734
jpr_20240528_AB01_MS_aligned_sun-all,33,24,1568,1842,4300294.978043259,621373.5849465177,0.5329205,0.7588068181818182,HEALTHY,38.843103065306586,-7.601437445136751
jpr_20240528_AB01_MS_aligned_sun-all,33,25,1632,1842,4300294.978043259,621376.7849464986,0.5571732,0.7798295454545454,HEALTHY,38.843102623865114,-7.601400582425577
jpr_20240528_AB01_MS_aligned_sun-all,33,26,1696,1842,4300294.978043259,621379.9849464794,0.54426634,0.8309659090909091,HEALTHY,38.843102182412004,-7.601363719715212
jpr_20240528_AB01_MS_aligned_sun-all,33,27,1760,1842,4300294.978043259,621383.1849464604,0.5394829,0.8517045454545454,HEALTHY,38.84310174094726,-7.601326857005653
jpr_20240528_AB01_MS_aligned_sun-all,33,28,1824,1842,4300294.978043259,621386.3849464413,0.529772,0.7991477272727273,HEALTHY,38.8431012994709,-7.601289994296905
jpr_20240528_AB01_MS_aligned_sun-all,33,29,1888,1842,4300294.978043259,621389.5849464221,0.48705414,0.8133522727272727,HEALTHY,38.843100857982904,-7.601253131588965
jpr_20240528_AB01_MS_aligned_sun-all,33,30,1952,1842,4300294.978043259,621392.784946403,0.5184468,0.8397727272727272,HEALTHY,38.84310041648328,-7.601216268881831
jpr_20240528_AB01_MS_aligned_sun-all,33,31,2016,1842,4300294.978043259,621395.9849463839,0.5326828,0.7599431818181818,HEALTHY,38.84309997497204,-7.601179406175508
jpr_20240528_AB01_MS_aligned_sun-all,33,32,2080,1842,4300294.978043259,621399.1849463647,0.5073938,0.8355113636363637,HEALTHY,38.843099533449156,-7.601142543469993
jpr_20240528_AB01_MS_aligned_sun-all,33,33,2144,1842,4300294.978043259,621402.3849463456,0.56160164,0.84375,HEALTHY,38.843099091914645,-7.601105680765285
jpr_20240528_AB01_MS_aligned_sun-all,33,34,2208,1842,4300294.978043259,621405.5849463266,0.54498,0.8434659090909091,HEALTHY,38.84309865036851,-7.601068818061386
jpr_20240528_AB01_MS_aligned_sun-all,33,35,2272,1842,4300294.978043259,621408.7849463074,0.5140704,0.8536931818181818,HEALTHY,38.843098208810744,-7.6010319553582955
jpr_20240528_AB01_MS_aligned_sun-all,33,36,2336,1842,4300294.978043259,621411.9849462883,0.5891455,0.803125,HEALTHY,38.84309776724134,-7.600995092656014
jpr_20240528_AB01_MS_aligned_sun-all,33,37,2400,1842,4300294.978043259,621415.1849462691,0.5472046,0.837215909090909,HEALTHY,38.84309732566032,-7.60095822995454
jpr_20240528_AB01_MS_aligned_sun-all,33,38,2464,1842,4300294.978043259,621418.38494625,0.55165017,0.7724431818181818,HEALTHY,38.84309688406768,-7.600921367253876
jpr_20240528_AB01_MS_aligned_sun-all,33,39,2528,1842,4300294.978043259,621421.5849462309,0.53307784,0.8244318181818182,HEALTHY,38.84309644246339,-7.60088450455402
jpr_20240528_AB01_MS_aligned_sun-all,33,40,2592,1842,4300294.978043259,621424.7849462117,0.5552635,0.7730113636363637,HEALTHY,38.843096000847474,-7.600847641854972
jpr_20240528_AB01_MS_aligned_sun-all,33,41,2656,1842,4300294.978043259,621427.9849461927,0.54167265,0.8019886363636364,HEALTHY,38.84309555921994,-7.600810779156731
jpr_20240528_AB01_MS_aligned_sun-all,33,42,2720,1842,4300294.978043259,621431.1849461736,0.5635093,0.8417613636363637,HEALTHY,38.84309511758077,-7.600773916459302
jpr_20240528_AB01_MS_aligned_sun-all,33,43,2784,1842,4300294.978043259,621434.3849461544,0.5408549,0.7247159090909091,HEALTHY,38.843094675929976,-7.600737053762679
jpr_20240528_AB01_MS_aligned_sun-all,33,44,2848,1842,4300294.978043259,621437.5849461353,0.49123964,0.9096590909090908,HEALTHY,38.843094234267554,-7.600700191066866
jpr_20240528_AB01_MS_aligned_sun-all,33,45,2912,1842,4300294.978043259,621440.7849461162,0.5244439,0.828125,HEALTHY,38.84309379259351,-7.600663328371861
jpr_20240528_AB01_MS_aligned_sun-all,33,46,2976,1842,4300294.978043259,621443.984946097,0.57001835,0.8147727272727273,HEALTHY,38.84309335090782,-7.600626465677665
jpr_20240528_AB01_MS_aligned_sun-all,33,47,3040,1842,4300294.978043259,621447.184946078,0.54379106,0.8946022727272728,HEALTHY,38.843092909210505,-7.600589602984276
jpr_20240528_AB01_MS_aligned_sun-all,33,48,3104,1842,4300294.978043259,621450.3849460589,0.5685427,0.819034090909091,HEALTHY,38.84309246750158,-7.600552740291699
jpr_20240528_AB01_MS_aligned_sun-all,33,49,3168,1842,4300294.978043259,621453.5849460397,0.5551709,0.584659090909091,HEALTHY,38.843092025781004,-7.600515877599929
jpr_20240528_AB01_MS_aligned_sun-all,34,4,288,1897,4300292.228234288,621309.5849469001,0.5167267,0.8144886363636363,HEALTHY,38.843087118907725,-7.602175184322537
jpr_20240528_AB01_MS_aligned_sun-all,34,5,352,1897,4300292.228234288,621312.784946881,0.523801,1.0,HEALTHY,38.84308667769922,-7.602138321607977
jpr_20240528_AB01_MS_aligned_sun-all,34,6,416,1897,4300292.228234288,621315.9849468619,0.49187547,0.8863636363636364,HEALTHY,38.84308623647907,-7.602101458894225
jpr_20240528_AB01_MS_aligned_sun-all,34,7,480,1897,4300292.228234288,621319.1849468428,0.50076604,0.8428977272727273,HEALTHY,38.84308579524729,-7.602064596181281
jpr_20240528_AB01_MS_aligned_sun-all,34,8,544,1897,4300292.228234288,621322.3849468237,0.54806364,0.859375,HEALTHY,38.84308535400388,-7.602027733469144
jpr_20240528_AB01_MS_aligned_sun-all,34,9,608,1897,4300292.228234288,621325.5849468046,0.5193117,0.9139204545454546,HEALTHY,38.84308491274886,-7.601990870757816
jpr_20240528_AB01_MS_aligned_sun-all,34,10,672,1897,4300292.228234288,621328.7849467854,0.53632015,0.9392045454545456,HEALTHY,38.84308447148219,-7.6019540080472945
jpr_20240528_AB01_MS_aligned_sun-all,34,11,736,1897,4300292.228234288,621331.9849467663,0.5606462,0.8639204545454545,HEALTHY,38.843084030203904,-7.601917145337582
jpr_20240528_AB01_MS_aligned_sun-all,34,12,800,1897,4300292.228234288,621335.1849467471,0.5861176,0.7928977272727272,HEALTHY,38.84308358891398,-7.601880282628679
jpr_20240528_AB01_MS_aligned_sun-all,34,13,864,1897,4300292.228234288,621338.3849467281,0.55933523,0.8036931818181818,HEALTHY,38.84308314761244,-7.60184341992058
jpr_20240528_AB01_MS_aligned_sun-all,34,14,928,1897,4300292.228234288,621341.584946709,0.5712833,0.8136363636363636,HEALTHY,38.84308270629927,-7.6018065572132905
jpr_20240528_AB01_MS_aligned_sun-all,34,15,992,1897,4300292.228234288,621344.7849466898,0.5432007,0.7678977272727273,HEALTHY,38.84308226497446,-7.601769694506811
jpr_20240528_AB01_MS_aligned_sun-all,34,16,1056,1897,4300292.228234288,621347.9849466707,0.5558945,0.759375,HEALTHY,38.84308182363803,-7.601732831801139
jpr_20240528_AB01_MS_aligned_sun-all,34,17,1120,1897,4300292.228234288,621351.1849466516,0.5477959,0.7880681818181818,HEALTHY,38.84308138228996,-7.601695969096274
jpr_20240528_AB01_MS_aligned_sun-all,34,18,1184,1897,4300292.228234288,621354.3849466324,0.54393554,0.9247159090909092,HEALTHY,38.84308094093028,-7.601659106392217
jpr_20240528_AB01_MS_aligned_sun-all,34,19,1248,1897,4300292.228234288,621357.5849466133,0.5727303,0.7965909090909091,HEALTHY,38.84308049955896,-7.601622243688968
jpr_20240528_AB01_MS_aligned_sun-all,34,20,1312,1897,4300292.228234288,621360.7849465943,0.55460113,0.787784090909091,HEALTHY,38.843080058176014,-7.601585380986529
jpr_20240528_AB01_MS_aligned_sun-all,34,21,1376,1897,4300292.228234288,621363.9849465751,0.5346656,0.7585227272727273,HEALTHY,38.84307961678143,-7.601548518284896
jpr_20240528_AB01_MS_aligned_sun-all,34,22,1440,1897,4300292.228234288,621367.184946556,0.5505292,0.8414772727272727,HEALTHY,38.84307917537522,-7.601511655584073
jpr_20240528_AB01_MS_aligned_sun-all,34,23,1504,1897,4300292.228234288,621370.3849465369,0.5193261,0.9482954545454544,HEALTHY,38.8430787339574,-7.601474792884056
jpr_20240528_AB01_MS_aligned_sun-all,34,24,1568,1897,4300292.228234288,621373.5849465177,0.55070853,0.8181818181818182,HEALTHY,38.843078292527935,-7.60143793018485
jpr_20240528_AB01_MS_aligned_sun-all,34,25,1632,1897,4300292.228234288,621376.7849464986,0.52149725,0.8068181818181818,HEALTHY,38.84307785108683,-7.60140106748645
jpr_20240528_AB01_MS_aligned_sun-all,34,26,1696,1897,4300292.228234288,621379.9849464794,0.52763015,0.7778409090909091,HEALTHY,38.84307740963412,-7.601364204788858
jpr_20240528_AB01_MS_aligned_sun-all,34,27,1760,1897,4300292.228234288,621383.1849464604,0.5308123,0.7911931818181818,HEALTHY,38.843076968169775,-7.601327342092075
jpr_20240528_AB01_MS_aligned_sun-all,34,28,1824,1897,4300292.228234288,621386.3849464413,0.5178819,0.8474431818181818,HEALTHY,38.843076526693785,-7.6012904793961
jpr_20240528_AB01_MS_aligned_sun-all,34,29,1888,1897,4300292.228234288,621389.5849464221,0.53104496,0.8803977272727272,HEALTHY,38.84307608520619,-7.6012536167009355
jpr_20240528_AB01_MS_aligned_sun-all,34,30,1952,1897,4300292.228234288,621392.784946403,0.5113271,0.8357954545454546,HEALTHY,38.84307564370696,-7.601216754006576
jpr_20240528_AB01_MS_aligned_sun-all,34,31,2016,1897,4300292.228234288,621395.9849463839,0.5152653,0.7525568181818182,HEALTHY,38.84307520219609,-7.601179891313027
jpr_20240528_AB01_MS_aligned_sun-all,34,32,2080,1897,4300292.228234288,621399.1849463647,0.54862523,0.7596590909090909,HEALTHY,38.8430747606736,-7.601143028620286
jpr_20240528_AB01_MS_aligned_sun-all,34,33,2144,1897,4300292.228234288,621402.3849463456,0.5314395,0.8460227272727273,HEALTHY,38.84307431913948,-7.601106165928354
jpr_20240528_AB01_MS_aligned_sun-all,34,34,2208,1897,4300292.228234288,621405.5849463266,0.4998698,0.9008522727272728,HEALTHY,38.84307387759373,-7.601069303237228
jpr_20240528_AB01_MS_aligned_sun-all,34,35,2272,1897,4300292.228234288,621408.7849463074,0.49435076,0.9471590909090908,HEALTHY,38.843073436036356,-7.601032440546912
jpr_20240528_AB01_MS_aligned_sun-all,34,36,2336,1897,4300292.228234288,621411.9849462883,0.5625081,0.8480113636363636,HEALTHY,38.84307299446734,-7.600995577857406
jpr_20240528_AB01_MS_aligned_sun-all,34,37,2400,1897,4300292.228234288,621415.1849462691,0.53919697,0.815625,HEALTHY,38.84307255288671,-7.600958715168707
jpr_20240528_AB01_MS_aligned_sun-all,34,38,2464,1897,4300292.228234288,621418.38494625,0.5193356,0.8335227272727272,HEALTHY,38.843072111294454,-7.600921852480817
jpr_20240528_AB01_MS_aligned_sun-all,34,39,2528,1897,4300292.228234288,621421.5849462309,0.4404833,0.8846590909090909,HEALTHY,38.84307166969055,-7.600884989793736
jpr_20240528_AB01_MS_aligned_sun-all,34,40,2592,1897,4300292.228234288,621424.7849462117,0.52037144,0.8014204545454545,HEALTHY,38.84307122807504,-7.6008481271074615
jpr_20240528_AB01_MS_aligned_sun-all,34,41,2656,1897,4300292.228234288,621427.9849461927,0.56753844,0.8619318181818182,HEALTHY,38.84307078644788,-7.600811264421996
jpr_20240528_AB01_MS_aligned_sun-all,34,42,2720,1897,4300292.228234288,621431.1849461736,0.54968786,0.825,HEALTHY,38.843070344809114,-7.60077440173734
jpr_20240528_AB01_MS_aligned_sun-all,34,43,2784,1897,4300292.228234288,621434.3849461544,0.52773094,0.787784090909091,HEALTHY,38.8430699031587,-7.600737539053492
jpr_20240528_AB01_MS_aligned_sun-all,34,44,2848,1897,4300292.228234288,621437.5849461353,0.539432,0.7934659090909091,HEALTHY,38.84306946149667,-7.600700676370454
jpr_20240528_AB01_MS_aligned_sun-all,34,45,2912,1897,4300292.228234288,621440.7849461162,0.6034512,0.7917613636363636,HEALTHY,38.84306901982299,-7.600663813688223
jpr_20240528_AB01_MS_aligned_sun-all,34,46,2976,1897,4300292.228234288,621443.984946097,0.59828496,0.8298295454545455,HEALTHY,38.84306857813772,-7.600626951006802
jpr_20240528_AB01_MS_aligned_sun-all,34,47,3040,1897,4300292.228234288,621447.184946078,0.5613565,0.8264204545454545,HEALTHY,38.84306813644078,-7.600590088326188
jpr_20240528_AB01_MS_aligned_sun-all,34,48,3104,1897,4300292.228234288,621450.3849460589,0.58829504,0.8056818181818182,HEALTHY,38.843067694732234,-7.600553225646384
jpr_20240528_AB01_MS_aligned_sun-all,35,5,352,1952,4300289.478425317,621312.784946881,0.46920303,0.5815340909090909,HEALTHY,38.84306190491307,-7.6021388064127615
jpr_20240528_AB01_MS_aligned_sun-all,35,6,416,1952,4300289.478425317,621315.9849468619,0.47730228,0.8355113636363637,HEALTHY,38.84306146369332,-7.602101943711784
jpr_20240528_AB01_MS_aligned_sun-all,35,7,480,1952,4300289.478425317,621319.1849468428,0.50981,0.8724431818181818,HEALTHY,38.84306102246193,-7.602065081011614
jpr_20240528_AB01_MS_aligned_sun-all,35,8,544,1952,4300289.478425317,621322.3849468237,0.5527972,0.899715909090909,HEALTHY,38.84306058121891,-7.602028218312251
jpr_20240528_AB01_MS_aligned_sun-all,35,9,608,1952,4300289.478425317,621325.5849468046,0.566468,0.840625,HEALTHY,38.843060139964265,-7.601991355613698
jpr_20240528_AB01_MS_aligned_sun-all,35,10,672,1952,4300289.478425317,621328.7849467854,0.5638816,0.9178977272727272,HEALTHY,38.84305969869799,-7.601954492915951
jpr_20240528_AB01_MS_aligned_sun-all,35,11,736,1952,4300289.478425317,621331.9849467663,0.5562665,0.8474431818181818,HEALTHY,38.843059257420094,-7.601917630219013
jpr_20240528_AB01_MS_aligned_sun-all,35,12,800,1952,4300289.478425317,621335.1849467471,0.58607787,0.8747159090909091,HEALTHY,38.843058816130565,-7.601880767522884
jpr_20240528_AB01_MS_aligned_sun-all,35,13,864,1952,4300289.478425317,621338.3849467281,0.51845366,0.8806818181818182,HEALTHY,38.843058374829404,-7.60184390482756
jpr_20240528_AB01_MS_aligned_sun-all,35,14,928,1952,4300289.478425317,621341.584946709,0.53568417,0.8917613636363636,HEALTHY,38.84305793351662,-7.601807042133047
jpr_20240528_AB01_MS_aligned_sun-all,35,15,992,1952,4300289.478425317,621344.7849466898,0.5503535,0.8096590909090909,HEALTHY,38.8430574921922,-7.601770179439341
jpr_20240528_AB01_MS_aligned_sun-all,35,16,1056,1952,4300289.478425317,621347.9849466707,0.51910293,0.8673295454545454,HEALTHY,38.84305705085615,-7.601733316746442
jpr_20240528_AB01_MS_aligned_sun-all,35,17,1120,1952,4300289.478425317,621351.1849466516,0.51951903,0.946875,HEALTHY,38.84305660950848,-7.601696454054353
jpr_20240528_AB01_MS_aligned_sun-all,35,18,1184,1952,4300289.478425317,621354.3849466324,0.5400025,0.8769886363636363,HEALTHY,38.84305616814919,-7.601659591363071
jpr_20240528_AB01_MS_aligned_sun-all,35,19,1248,1952,4300289.478425317,621357.5849466133,0.5749566,0.8173295454545455,HEALTHY,38.84305572677825,-7.601622728672598
jpr_20240528_AB01_MS_aligned_sun-all,35,20,1312,1952,4300289.478425317,621360.7849465943,0.52483624,0.775,HEALTHY,38.84305528539569,-7.60158586598293
jpr_20240528_AB01_MS_aligned_sun-all,35,21,1376,1952,4300289.478425317,621363.9849465751,0.5797462,0.7838068181818182,HEALTHY,38.8430548440015,-7.601549003294072
jpr_20240528_AB01_MS_aligned_sun-all,35,22,1440,1952,4300289.478425317,621367.184946556,0.5690464,0.8161931818181818,HEALTHY,38.84305440259569,-7.601512140606023
jpr_20240528_AB01_MS_aligned_sun-all,35,23,1504,1952,4300289.478425317,621370.3849465369,0.50622386,0.8377840909090909,HEALTHY,38.84305396117825,-7.601475277918781
jpr_20240528_AB01_MS_aligned_sun-all,35,24,1568,1952,4300289.478425317,621373.5849465177,0.55879384,0.8255681818181818,HEALTHY,38.84305351974917,-7.601438415232349
jpr_20240528_AB01_MS_aligned_sun-all,35,25,1632,1952,4300289.478425317,621376.7849464986,0.53364486,0.80625,HEALTHY,38.843053078308465,-7.601401552546725
jpr_20240528_AB01_MS_aligned_sun-all,35,26,1696,1952,4300289.478425317,621379.9849464794,0.5419347,0.7806818181818181,HEALTHY,38.843052636856136,-7.601364689861908
jpr_20240528_AB01_MS_aligned_sun-all,35,27,1760,1952,4300289.478425317,621383.1849464604,0.48909172,0.837215909090909,HEALTHY,38.84305219539217,-7.601327827177899
jpr_20240528_AB01_MS_aligned_sun-all,35,28,1824,1952,4300289.478425317,621386.3849464413,0.4891635,0.9772727272727272,HEALTHY,38.84305175391658,-7.6012909644947
jpr_20240528_AB01_MS_aligned_sun-all,35,29,1888,1952,4300289.478425317,621389.5849464221,0.4953051,0.9954545454545456,HEALTHY,38.843051312429374,-7.601254101812308
jpr_20240528_AB01_MS_aligned_sun-all,35,30,1952,1952,4300289.478425317,621392.784946403,0.56167406,0.7767045454545455,HEALTHY,38.84305087093052,-7.601217239130723
jpr_20240528_AB01_MS_aligned_sun-all,35,31,2016,1952,4300289.478425317,621395.9849463839,0.51090425,0.8579545454545454,HEALTHY,38.843050429420046,-7.601180376449949
jpr_20240528_AB01_MS_aligned_sun-all,35,32,2080,1952,4300289.478425317,621399.1849463647,0.5329584,0.8207386363636363,HEALTHY,38.84304998789794,-7.6011435137699825
jpr_20240528_AB01_MS_aligned_sun-all,35,33,2144,1952,4300289.478425317,621402.3849463456,0.49772638,0.8357954545454546,HEALTHY,38.84304954636421,-7.601106651090825
jpr_20240528_AB01_MS_aligned_sun-all,35,34,2208,1952,4300289.478425317,621405.5849463266,0.53737414,0.8170454545454545,HEALTHY,38.843049104818846,-7.601069788412474
jpr_20240528_AB01_MS_aligned_sun-all,35,35,2272,1952,4300289.478425317,621408.7849463074,0.5009747,0.8400568181818182,HEALTHY,38.843048663261854,-7.601032925734932
jpr_20240528_AB01_MS_aligned_sun-all,35,36,2336,1952,4300289.478425317,621411.9849462883,0.52277356,0.8727272727272727,HEALTHY,38.843048221693245,-7.600996063058201
jpr_20240528_AB01_MS_aligned_sun-all,35,37,2400,1952,4300289.478425317,621415.1849462691,0.5321874,0.8377840909090909,HEALTHY,38.843047780113,-7.600959200382275
jpr_20240528_AB01_MS_aligned_sun-all,35,38,2464,1952,4300289.478425317,621418.38494625,0.5100702,0.8886363636363637,HEALTHY,38.84304733852112,-7.60092233770716
jpr_20240528_AB01_MS_aligned_sun-all,35,39,2528,1952,4300289.478425317,621421.5849462309,0.50533247,0.8130681818181819,HEALTHY,38.84304689691761,-7.600885475032853
jpr_20240528_AB01_MS_aligned_sun-all,35,40,2592,1952,4300289.478425317,621424.7849462117,0.5523467,0.8056818181818182,HEALTHY,38.843046455302485,-7.600848612359354
jpr_20240528_AB01_MS_aligned_sun-all,35,41,2656,1952,4300289.478425317,621427.9849461927,0.50062597,0.9375,HEALTHY,38.84304601367573,-7.600811749686663
jpr_20240528_AB01_MS_aligned_sun-all,35,42,2720,1952,4300289.478425317,621431.1849461736,0.51576513,0.8403409090909091,HEALTHY,38.843045572037326,-7.600774887014781
jpr_20240528_AB01_MS_aligned_sun-all,35,43,2784,1952,4300289.478425317,621434.3849461544,0.49656877,0.8289772727272727,HEALTHY,38.84304513038732,-7.600738024343709
jpr_20240528_AB01_MS_aligned_sun-all,35,44,2848,1952,4300289.478425317,621437.5849461353,0.5267763,0.8210227272727273,HEALTHY,38.84304468872566,-7.600701161673444
jpr_20240528_AB01_MS_aligned_sun-all,35,45,2912,1952,4300289.478425317,621440.7849461162,0.5742321,0.8170454545454545,HEALTHY,38.84304424705239,-7.600664299003988
jpr_20240528_AB01_MS_aligned_sun-all,35,46,2976,1952,4300289.478425317,621443.984946097,0.5577695,0.7940340909090909,HEALTHY,38.843043805367486,-7.6006274363353405
jpr_20240528_AB01_MS_aligned_sun-all,35,47,3040,1952,4300289.478425317,621447.184946078,0.55133176,0.8920454545454546,HEALTHY,38.84304336367096,-7.6005905736675015
jpr_20240528_AB01_MS_aligned_sun-all,35,48,3104,1952,4300289.478425317,621450.3849460589,0.5904567,0.7019886363636364,HEALTHY,38.84304292196279,-7.6005537110004715
jpr_20240528_AB01_MS_aligned_sun-all,36,7,480,2007,4300286.728616348,621319.1849468428,0.52001595,0.6377840909090909,HEALTHY,38.84303624967646,-7.60206556584135
jpr_20240528_AB01_MS_aligned_sun-all,36,8,544,2007,4300286.728616348,621322.3849468237,0.51936245,0.8806818181818182,HEALTHY,38.843035808433825,-7.602028703154763
jpr_20240528_AB01_MS_aligned_sun-all,36,9,608,2007,4300286.728616348,621325.5849468046,0.59960264,0.8420454545454545,HEALTHY,38.843035367179574,-7.601991840468984
jpr_20240528_AB01_MS_aligned_sun-all,36,10,672,2007,4300286.728616348,621328.7849467854,0.5414752,0.905681818181818,HEALTHY,38.84303492591369,-7.601954977784012
jpr_20240528_AB01_MS_aligned_sun-all,36,11,736,2007,4300286.728616348,621331.9849467663,0.54106385,0.975,HEALTHY,38.84303448463618,-7.601918115099849
jpr_20240528_AB01_MS_aligned_sun-all,36,12,800,2007,4300286.728616348,621335.1849467471,0.54572487,0.8377840909090909,HEALTHY,38.84303404334704,-7.601881252416494
jpr_20240528_AB01_MS_aligned_sun-all,36,13,864,2007,4300286.728616348,621338.3849467281,0.5456181,0.7710227272727272,HEALTHY,38.84303360204626,-7.6018443897339445
jpr_20240528_AB01_MS_aligned_sun-all,36,14,928,2007,4300286.728616348,621341.584946709,0.4908937,0.8443181818181819,HEALTHY,38.84303316073386,-7.6018075270522045
jpr_20240528_AB01_MS_aligned_sun-all,36,15,992,2007,4300286.728616348,621344.7849466898,0.5537491,0.8022727272727272,HEALTHY,38.84303271940984,-7.601770664371274
jpr_20240528_AB01_MS_aligned_sun-all,36,16,1056,2007,4300286.728616348,621347.9849466707,0.52291495,0.915625,HEALTHY,38.843032278074176,-7.60173380169115
jpr_20240528_AB01_MS_aligned_sun-all,36,17,1120,2007,4300286.728616348,621351.1849466516,0.52295077,0.8727272727272727,HEALTHY,38.843031836726894,-7.601696939011835
jpr_20240528_AB01_MS_aligned_sun-all,36,18,1184,2007,4300286.728616348,621354.3849466324,0.5597398,0.81875,HEALTHY,38.84303139536798,-7.601660076333327
jpr_20240528_AB01_MS_aligned_sun-all,36,19,1248,2007,4300286.728616348,621357.5849466133,0.56104535,0.8630681818181818,HEALTHY,38.84303095399744,-7.601623213655627
jpr_20240528_AB01_MS_aligned_sun-all,36,20,1312,2007,4300286.728616348,621360.7849465943,0.52306885,0.8457386363636363,HEALTHY,38.84303051261526,-7.601586350978735
jpr_20240528_AB01_MS_aligned_sun-all,36,21,1376,2007,4300286.728616348,621363.9849465751,0.55893254,0.8582386363636364,HEALTHY,38.84303007122146,-7.601549488302652
jpr_20240528_AB01_MS_aligned_sun-all,36,22,1440,2007,4300286.728616348,621367.184946556,0.5233918,0.8144886363636363,HEALTHY,38.84302962981604,-7.601512625627378
jpr_20240528_AB01_MS_aligned_sun-all,36,23,1504,2007,4300286.728616348,621370.3849465369,0.5513219,0.78125,HEALTHY,38.84302918839898,-7.60147576295291
jpr_20240528_AB01_MS_aligned_sun-all,36,24,1568,2007,4300286.728616348,621373.5849465177,0.5181046,0.8153409090909091,HEALTHY,38.8430287469703,-7.601438900279253
jpr_20240528_AB01_MS_aligned_sun-all,36,25,1632,2007,4300286.728616348,621376.7849464986,0.48750943,0.8377840909090909,HEALTHY,38.843028305529984,-7.601402037606403
jpr_20240528_AB01_MS_aligned_sun-all,36,26,1696,2007,4300286.728616348,621379.9849464794,0.54802495,0.790340909090909,HEALTHY,38.84302786407804,-7.60136517493436
jpr_20240528_AB01_MS_aligned_sun-all,36,27,1760,2007,4300286.728616348,621383.1849464604,0.47973555,0.8522727272727273,HEALTHY,38.84302742261446,-7.601328312263125
jpr_20240528_AB01_MS_aligned_sun-all,36,28,1824,2007,4300286.728616348,621386.3849464413,0.5326973,0.8625,HEALTHY,38.84302698113927,-7.601291449592701
jpr_20240528_AB01_MS_aligned_sun-all,36,29,1888,2007,4300286.728616348,621389.5849464221,0.49661022,0.7974431818181819,HEALTHY,38.843026539652435,-7.601254586923083
jpr_20240528_AB01_MS_aligned_sun-all,36,30,1952,2007,4300286.728616348,621392.784946403,0.54552007,0.8889204545454545,HEALTHY,38.84302609815398,-7.601217724254274
jpr_20240528_AB01_MS_aligned_sun-all,36,31,2016,2007,4300286.728616348,621395.9849463839,0.49679622,0.9005681818181818,HEALTHY,38.843025656643896,-7.601180861586275
jpr_20240528_AB01_MS_aligned_sun-all,36,32,2080,2007,4300286.728616348,621399.1849463647,0.52499604,0.7713068181818182,HEALTHY,38.84302521512218,-7.601143998919082
jpr_20240528_AB01_MS_aligned_sun-all,36,33,2144,2007,4300286.728616348,621402.3849463456,0.53639245,0.8474431818181818,HEALTHY,38.84302477358884,-7.6011071362527
jpr_20240528_AB01_MS_aligned_sun-all,36,34,2208,2007,4300286.728616348,621405.5849463266,0.5008211,0.896875,HEALTHY,38.84302433204386,-7.601070273587122
jpr_20240528_AB01_MS_aligned_sun-all,36,35,2272,2007,4300286.728616348,621408.7849463074,0.50164044,0.8196022727272727,HEALTHY,38.84302389048726,-7.601033410922355
jpr_20240528_AB01_MS_aligned_sun-all,36,36,2336,2007,4300286.728616348,621411.9849462883,0.48281467,0.922443181818182,HEALTHY,38.843023448919034,-7.600996548258398
jpr_20240528_AB01_MS_aligned_sun-all,36,37,2400,2007,4300286.728616348,621415.1849462691,0.48616958,0.8338068181818182,HEALTHY,38.84302300733917,-7.600959685595249
jpr_20240528_AB01_MS_aligned_sun-all,36,38,2464,2007,4300286.728616348,621418.38494625,0.50388163,0.8144886363636363,HEALTHY,38.84302256574768,-7.600922822932906
jpr_20240528_AB01_MS_aligned_sun-all,36,39,2528,2007,4300286.728616348,621421.5849462309,0.5208325,0.8130681818181819,HEALTHY,38.843022124144575,-7.6008859602713725
jpr_20240528_AB01_MS_aligned_sun-all,36,40,2592,2007,4300286.728616348,621424.7849462117,0.5656081,0.8295454545454546,HEALTHY,38.84302168252983,-7.60084909761065
jpr_20240528_AB01_MS_aligned_sun-all,36,41,2656,2007,4300286.728616348,621427.9849461927,0.5543731,0.7991477272727273,HEALTHY,38.843021240903454,-7.600812234950732
jpr_20240528_AB01_MS_aligned_sun-all,36,42,2720,2007,4300286.728616348,621431.1849461736,0.47839388,0.8553977272727272,HEALTHY,38.843020799265446,-7.600775372291625
jpr_20240528_AB01_MS_aligned_sun-all,36,43,2784,2007,4300286.728616348,621434.3849461544,0.4548639,0.9383522727272728,HEALTHY,38.84302035761582,-7.600738509633327
jpr_20240528_AB01_MS_aligned_sun-all,36,44,2848,2007,4300286.728616348,621437.5849461353,0.5351549,0.7644886363636364,HEALTHY,38.84301991595456,-7.600701646975838
jpr_20240528_AB01_MS_aligned_sun-all,36,45,2912,2007,4300286.728616348,621440.7849461162,0.5553183,0.7940340909090909,HEALTHY,38.843019474281675,-7.600664784319156
jpr_20240528_AB01_MS_aligned_sun-all,36,46,2976,2007,4300286.728616348,621443.984946097,0.5678736,0.8125,HEALTHY,38.84301903259717,-7.600627921663284
jpr_20240528_AB01_MS_aligned_sun-all,36,47,3040,2007,4300286.728616348,621447.184946078,0.58395624,0.7008522727272727,HEALTHY,38.84301859090101,-7.600591059008219
jpr_20240528_AB01_MS_aligned_sun-all,36,48,3104,2007,4300286.728616348,621450.3849460589,0.5713019,0.53125,HEALTHY,38.843018149193234,-7.600554196353964
jpr_20240528_AB01_MS_aligned_sun-all,37,9,608,2062,4300283.978807377,621325.5849468046,0.5573697,0.6849431818181818,HEALTHY,38.84301059439476,-7.601992325323673
jpr_20240528_AB01_MS_aligned_sun-all,37,10,672,2062,4300283.978807377,621328.7849467854,0.49927786,0.9306818181818182,HEALTHY,38.84301015312926,-7.601955462651476
jpr_20240528_AB01_MS_aligned_sun-all,37,11,736,2062,4300283.978807377,621331.9849467663,0.49148196,0.9116477272727272,HEALTHY,38.84300971185214,-7.601918599980087
jpr_20240528_AB01_MS_aligned_sun-all,37,12,800,2062,4300283.978807377,621335.1849467471,0.5344926,0.8991477272727273,HEALTHY,38.843009270563385,-7.6018817373095064
jpr_20240528_AB01_MS_aligned_sun-all,37,13,864,2062,4300283.978807377,621338.3849467281,0.509001,0.8789772727272728,HEALTHY,38.843008829263006,-7.601844874639732
jpr_20240528_AB01_MS_aligned_sun-all,37,14,928,2062,4300283.978807377,621341.584946709,0.54607046,0.8636363636363636,HEALTHY,38.84300838795099,-7.601808011970767
jpr_20240528_AB01_MS_aligned_sun-all,37,15,992,2062,4300283.978807377,621344.7849466898,0.5419695,0.8747159090909091,HEALTHY,38.84300794662735,-7.60177114930261
jpr_20240528_AB01_MS_aligned_sun-all,37,16,1056,2062,4300283.978807377,621347.9849466707,0.5116595,0.8428977272727273,HEALTHY,38.84300750529208,-7.601734286635262
jpr_20240528_AB01_MS_aligned_sun-all,37,17,1120,2062,4300283.978807377,621351.1849466516,0.5253871,0.9448863636363636,HEALTHY,38.84300706394519,-7.60169742396872
jpr_20240528_AB01_MS_aligned_sun-all,37,18,1184,2062,4300283.978807377,621354.3849466324,0.58383435,0.8431818181818181,HEALTHY,38.843006622586664,-7.601660561302986
jpr_20240528_AB01_MS_aligned_sun-all,37,19,1248,2062,4300283.978807377,621357.5849466133,0.5610968,0.8221590909090909,HEALTHY,38.84300618121651,-7.601623698638062
jpr_20240528_AB01_MS_aligned_sun-all,37,20,1312,2062,4300283.978807377,621360.7849465943,0.48372132,0.8886363636363637,HEALTHY,38.84300573983473,-7.6015868359739445
jpr_20240528_AB01_MS_aligned_sun-all,37,21,1376,2062,4300283.978807377,621363.9849465751,0.49386156,0.9488636363636364,HEALTHY,38.84300529844131,-7.601549973310636
jpr_20240528_AB01_MS_aligned_sun-all,37,22,1440,2062,4300283.978807377,621367.184946556,0.50141567,0.7997159090909091,HEALTHY,38.84300485703627,-7.601513110648137
jpr_20240528_AB01_MS_aligned_sun-all,37,23,1504,2062,4300283.978807377,621370.3849465369,0.5248113,0.8065340909090909,HEALTHY,38.8430044156196,-7.601476247986444
jpr_20240528_AB01_MS_aligned_sun-all,37,24,1568,2062,4300283.978807377,621373.5849465177,0.46506962,0.884090909090909,HEALTHY,38.84300397419131,-7.60143938532556
jpr_20240528_AB01_MS_aligned_sun-all,37,25,1632,2062,4300283.978807377,621376.7849464986,0.51953363,0.881534090909091,HEALTHY,38.843003532751375,-7.601402522665484
jpr_20240528_AB01_MS_aligned_sun-all,37,26,1696,2062,4300283.978807377,621379.9849464794,0.5013022,0.7806818181818181,HEALTHY,38.84300309129983,-7.601365660006217
jpr_20240528_AB01_MS_aligned_sun-all,37,27,1760,2062,4300283.978807377,621383.1849464604,0.48554432,0.9119318181818182,HEALTHY,38.84300264983664,-7.6013287973477555
jpr_20240528_AB01_MS_aligned_sun-all,37,28,1824,2062,4300283.978807377,621386.3849464413,0.5792523,0.7451704545454545,HEALTHY,38.84300220836183,-7.601291934690106
jpr_20240528_AB01_MS_aligned_sun-all,37,29,1888,2062,4300283.978807377,621389.5849464221,0.52701706,0.821590909090909,HEALTHY,38.84300176687539,-7.601255072033263
jpr_20240528_AB01_MS_aligned_sun-all,37,30,1952,2062,4300283.978807377,621392.784946403,0.5670467,0.8068181818181818,HEALTHY,38.843001325377315,-7.601218209377229
jpr_20240528_AB01_MS_aligned_sun-all,37,31,2016,2062,4300283.978807377,621395.9849463839,0.51977986,0.8224431818181818,HEALTHY,38.843000883867624,-7.6011813467220035
jpr_20240528_AB01_MS_aligned_sun-all,37,32,2080,2062,4300283.978807377,621399.1849463647,0.51877165,0.7678977272727273,HEALTHY,38.84300044234629,-7.601144484067586
jpr_20240528_AB01_MS_aligned_sun-all,37,33,2144,2062,4300283.978807377,621402.3849463456,0.48537385,0.8855113636363636,HEALTHY,38.84300000081334,-7.601107621413977
jpr_20240528_AB01_MS_aligned_sun-all,37,34,2208,2062,4300283.978807377,621405.5849463266,0.49922588,0.8650568181818182,HEALTHY,38.842999559268755,-7.601070758761173
jpr_20240528_AB01_MS_aligned_sun-all,37,35,2272,2062,4300283.978807377,621408.7849463074,0.50174916,0.7977272727272727,HEALTHY,38.84299911771254,-7.601033896109182
jpr_20240528_AB01_MS_aligned_sun-all,37,36,2336,2062,4300283.978807377,621411.9849462883,0.4866538,0.8519886363636363,HEALTHY,38.842998676144695,-7.600997033457997
jpr_20240528_AB01_MS_aligned_sun-all,37,37,2400,2062,4300283.978807377,621415.1849462691,0.47323644,0.8073863636363636,HEALTHY,38.84299823456522,-7.600960170807624
jpr_20240528_AB01_MS_aligned_sun-all,37,38,2464,2062,4300283.978807377,621418.38494625,0.51948434,0.7920454545454545,HEALTHY,38.84299779297413,-7.600923308158055
jpr_20240528_AB01_MS_aligned_sun-all,37,39,2528,2062,4300283.978807377,621421.5849462309,0.49464548,0.9267045454545456,HEALTHY,38.842997351371395,-7.600886445509298
jpr_20240528_AB01_MS_aligned_sun-all,37,40,2592,2062,4300283.978807377,621424.7849462117,0.5198079,0.7769886363636364,HEALTHY,38.84299690975705,-7.600849582861348
jpr_20240528_AB01_MS_aligned_sun-all,37,41,2656,2062,4300283.978807377,621427.9849461927,0.51071674,0.8514204545454546,HEALTHY,38.842996468131055,-7.600812720214205
jpr_20240528_AB01_MS_aligned_sun-all,37,42,2720,2062,4300283.978807377,621431.1849461736,0.5618505,0.8196022727272727,HEALTHY,38.84299602649346,-7.600775857567872
jpr_20240528_AB01_MS_aligned_sun-all,37,43,2784,2062,4300283.978807377,621434.3849461544,0.49299264,0.8517045454545454,HEALTHY,38.8429955848442,-7.60073899492235
jpr_20240528_AB01_MS_aligned_sun-all,37,44,2848,2062,4300283.978807377,621437.5849461353,0.53988445,0.8116477272727273,HEALTHY,38.84299514318334,-7.600702132277633
jpr_20240528_AB01_MS_aligned_sun-all,37,45,2912,2062,4300283.978807377,621440.7849461162,0.5457041,0.8889204545454545,HEALTHY,38.84299470151084,-7.600665269633727
jpr_20240528_AB01_MS_aligned_sun-all,37,46,2976,2062,4300283.978807377,621443.984946097,0.52465963,0.9247159090909092,HEALTHY,38.84299425982672,-7.600628406990628
jpr_20240528_AB01_MS_aligned_sun-all,37,47,3040,2062,4300283.978807377,621447.184946078,0.5405806,0.7505681818181819,HEALTHY,38.84299381813095,-7.6005915443483385
jpr_20240528_AB01_MS_aligned_sun-all,38,11,736,2117,4300281.228998406,621331.9849467663,0.5179056,0.721875,HEALTHY,38.842984939067996,-7.60191908485973
jpr_20240528_AB01_MS_aligned_sun-all,38,12,800,2117,4300281.228998406,621335.1849467471,0.51047355,0.8727272727272727,HEALTHY,38.842984497779625,-7.601882222201923
jpr_20240528_AB01_MS_aligned_sun-all,38,13,864,2117,4300281.228998406,621338.3849467281,0.57338023,0.944034090909091,HEALTHY,38.84298405647963,-7.601845359544923
jpr_20240528_AB01_MS_aligned_sun-all,38,14,928,2117,4300281.228998406,621341.584946709,0.5618176,0.8917613636363636,HEALTHY,38.842983615168,-7.601808496888733
jpr_20240528_AB01_MS_aligned_sun-all,38,15,992,2117,4300281.228998406,621344.7849466898,0.5461081,0.8099431818181818,HEALTHY,38.84298317384476,-7.60177163423335
jpr_20240528_AB01_MS_aligned_sun-all,38,16,1056,2117,4300281.228998406,621347.9849466707,0.5654919,0.8559659090909091,HEALTHY,38.842982732509874,-7.6017347715787755
jpr_20240528_AB01_MS_aligned_sun-all,38,17,1120,2117,4300281.228998406,621351.1849466516,0.50582117,0.96875,HEALTHY,38.842982291163366,-7.601697908925009
jpr_20240528_AB01_MS_aligned_sun-all,38,18,1184,2117,4300281.228998406,621354.3849466324,0.5231034,0.9431818181818182,HEALTHY,38.842981849805234,-7.601661046272049
jpr_20240528_AB01_MS_aligned_sun-all,38,19,1248,2117,4300281.228998406,621357.5849466133,0.51077265,0.9264204545454544,HEALTHY,38.84298140843546,-7.6016241836199
jpr_20240528_AB01_MS_aligned_sun-all,38,20,1312,2117,4300281.228998406,621360.7849465943,0.51586896,0.7960227272727273,HEALTHY,38.84298096705407,-7.601587320968557
jpr_20240528_AB01_MS_aligned_sun-all,38,21,1376,2117,4300281.228998406,621363.9849465751,0.52740043,0.8960227272727272,HEALTHY,38.84298052566105,-7.601550458318023
jpr_20240528_AB01_MS_aligned_sun-all,38,22,1440,2117,4300281.228998406,621367.184946556,0.55769587,0.7863636363636364,HEALTHY,38.8429800842564,-7.601513595668297
jpr_20240528_AB01_MS_aligned_sun-all,38,23,1504,2117,4300281.228998406,621370.3849465369,0.502448,0.8167613636363636,HEALTHY,38.84297964284011,-7.601476733019378
jpr_20240528_AB01_MS_aligned_sun-all,38,24,1568,2117,4300281.228998406,621373.5849465177,0.50046086,0.7264204545454546,HEALTHY,38.842979201412206,-7.60143987037127
jpr_20240528_AB01_MS_aligned_sun-all,38,25,1632,2117,4300281.228998406,621376.7849464986,0.5415769,0.7920454545454545,HEALTHY,38.84297875997267,-7.601403007723969
jpr_20240528_AB01_MS_aligned_sun-all,38,26,1696,2117,4300281.228998406,621379.9849464794,0.49835905,0.7727272727272727,HEALTHY,38.8429783185215,-7.601366145077476
jpr_20240528_AB01_MS_aligned_sun-all,38,27,1760,2117,4300281.228998406,621383.1849464604,0.50889254,0.7931818181818182,HEALTHY,38.8429778770587,-7.60132928243179
jpr_20240528_AB01_MS_aligned_sun-all,38,28,1824,2117,4300281.228998406,621386.3849464413,0.54297096,0.8176136363636364,HEALTHY,38.842977435584274,-7.601292419786914
jpr_20240528_AB01_MS_aligned_sun-all,38,29,1888,2117,4300281.228998406,621389.5849464221,0.51180327,0.9426136363636364,HEALTHY,38.84297699409822,-7.601255557142845
jpr_20240528_AB01_MS_aligned_sun-all,38,30,1952,2117,4300281.228998406,621392.784946403,0.53275156,0.8284090909090909,HEALTHY,38.84297655260054,-7.601218694499586
jpr_20240528_AB01_MS_aligned_sun-all,38,31,2016,2117,4300281.228998406,621395.9849463839,0.5471459,0.7741477272727273,HEALTHY,38.84297611109123,-7.601181831857135
jpr_20240528_AB01_MS_aligned_sun-all,38,32,2080,2117,4300281.228998406,621399.1849463647,0.5468259,0.7826704545454546,HEALTHY,38.8429756695703,-7.6011449692154915
jpr_20240528_AB01_MS_aligned_sun-all,38,33,2144,2117,4300281.228998406,621402.3849463456,0.55917585,0.8133522727272727,HEALTHY,38.84297522803773,-7.601108106574657
jpr_20240528_AB01_MS_aligned_sun-all,38,34,2208,2117,4300281.228998406,621405.5849463266,0.50748485,0.7684659090909091,HEALTHY,38.84297478649354,-7.601071243934628
jpr_20240528_AB01_MS_aligned_sun-all,38,35,2272,2117,4300281.228998406,621408.7849463074,0.4771319,0.9019886363636364,HEALTHY,38.842974344937716,-7.6010343812954115
jpr_20240528_AB01_MS_aligned_sun-all,38,36,2336,2117,4300281.228998406,621411.9849462883,0.5185129,0.7849431818181818,HEALTHY,38.84297390337026,-7.600997518657001
jpr_20240528_AB01_MS_aligned_sun-all,38,37,2400,2117,4300281.228998406,621415.1849462691,0.5056148,0.8014204545454545,HEALTHY,38.842973461791175,-7.600960656019401
jpr_20240528_AB01_MS_aligned_sun-all,38,38,2464,2117,4300281.228998406,621418.38494625,0.56618804,0.8017045454545455,HEALTHY,38.84297302020046,-7.600923793382609
jpr_20240528_AB01_MS_aligned_sun-all,38,39,2528,2117,4300281.228998406,621421.5849462309,0.5443074,0.7622159090909091,HEALTHY,38.84297257859813,-7.600886930746625
jpr_20240528_AB01_MS_aligned_sun-all,38,40,2592,2117,4300281.228998406,621424.7849462117,0.5071296,0.8110795454545454,HEALTHY,38.84297213698415,-7.60085006811145
jpr_20240528_AB01_MS_aligned_sun-all,38,41,2656,2117,4300281.228998406,621427.9849461927,0.5428118,0.8085227272727272,HEALTHY,38.84297169535856,-7.600813205477081
jpr_20240528_AB01_MS_aligned_sun-all,38,42,2720,2117,4300281.228998406,621431.1849461736,0.51321244,0.8914772727272727,HEALTHY,38.84297125372133,-7.600776342843524
jpr_20240528_AB01_MS_aligned_sun-all,38,43,2784,2117,4300281.228998406,621434.3849461544,0.5769306,0.796875,HEALTHY,38.84297081207247,-7.600739480210774
jpr_20240528_AB01_MS_aligned_sun-all,38,44,2848,2117,4300281.228998406,621437.5849461353,0.56125754,0.8008522727272728,HEALTHY,38.842970370412,-7.6007026175788335
jpr_20240528_AB01_MS_aligned_sun-all,38,45,2912,2117,4300281.228998406,621440.7849461162,0.49764347,0.9028409090909092,HEALTHY,38.84296992873989,-7.600665754947701
jpr_20240528_AB01_MS_aligned_sun-all,38,46,2976,2117,4300281.228998406,621443.984946097,0.53719586,0.7681818181818182,HEALTHY,38.842969487056145,-7.600628892317377
jpr_20240528_AB01_MS_aligned_sun-all,38,47,3040,2117,4300281.228998406,621447.184946078,0.5388486,0.5505681818181818,HEALTHY,38.84296904536078,-7.600592029687862
jpr_20240528_AB01_MS_aligned_sun-all,39,13,864,2172,4300278.479189436,621338.3849467281,0.53907955,0.8576704545454545,HEALTHY,38.84295928369616,-7.6018458444495165
jpr_20240528_AB01_MS_aligned_sun-all,39,14,928,2172,4300278.479189436,621341.584946709,0.51169926,0.8613636363636363,HEALTHY,38.842958842384924,-7.6018089818061005
jpr_20240528_AB01_MS_aligned_sun-all,39,15,992,2172,4300278.479189436,621344.7849466898,0.5286362,0.8715909090909091,HEALTHY,38.84295840106207,-7.601772119163493
jpr_20240528_AB01_MS_aligned_sun-all,39,16,1056,2172,4300278.479189436,621347.9849466707,0.5904717,0.8448863636363636,HEALTHY,38.84295795972757,-7.6017352565216925
jpr_20240528_AB01_MS_aligned_sun-all,39,17,1120,2172,4300278.479189436,621351.1849466516,0.49775153,0.925,HEALTHY,38.842957518381446,-7.6016983938807
jpr_20240528_AB01_MS_aligned_sun-all,39,18,1184,2172,4300278.479189436,621354.3849466324,0.5012294,0.9400568181818182,HEALTHY,38.842957077023705,-7.6016615312405165
jpr_20240528_AB01_MS_aligned_sun-all,39,19,1248,2172,4300278.479189436,621357.5849466133,0.5653245,0.8315340909090909,HEALTHY,38.842956635654325,-7.601624668601142
jpr_20240528_AB01_MS_aligned_sun-all,39,20,1312,2172,4300278.479189436,621360.7849465943,0.57083726,0.8366477272727273,HEALTHY,38.84295619427332,-7.601587805962571
jpr_20240528_AB01_MS_aligned_sun-all,39,21,1376,2172,4300278.479189436,621363.9849465751,0.574826,0.7923295454545455,HEALTHY,38.84295575288069,-7.601550943324812
jpr_20240528_AB01_MS_aligned_sun-all,39,22,1440,2172,4300278.479189436,621367.184946556,0.5452623,0.7661931818181819,HEALTHY,38.842955311476416,-7.601514080687861
jpr_20240528_AB01_MS_aligned_sun-all,39,23,1504,2172,4300278.479189436,621370.3849465369,0.4962058,0.8460227272727273,HEALTHY,38.842954870060524,-7.601477218051717
jpr_20240528_AB01_MS_aligned_sun-all,39,24,1568,2172,4300278.479189436,621373.5849465177,0.5251238,0.8161931818181818,HEALTHY,38.842954428633,-7.601440355416384
jpr_20240528_AB01_MS_aligned_sun-all,39,25,1632,2172,4300278.479189436,621376.7849464986,0.49005365,0.7982954545454546,HEALTHY,38.84295398719386,-7.601403492781856
jpr_20240528_AB01_MS_aligned_sun-all,39,26,1696,2172,4300278.479189436,621379.9849464794,0.5109572,0.7974431818181819,HEALTHY,38.84295354574307,-7.601366630148138
jpr_20240528_AB01_MS_aligned_sun-all,39,27,1760,2172,4300278.479189436,621383.1849464604,0.5454973,0.7522727272727273,HEALTHY,38.842953104280674,-7.601329767515225
jpr_20240528_AB01_MS_aligned_sun-all,39,28,1824,2172,4300278.479189436,621386.3849464413,0.5330603,0.7701704545454545,HEALTHY,38.84295266280663,-7.601292904883125
jpr_20240528_AB01_MS_aligned_sun-all,39,29,1888,2172,4300278.479189436,621389.5849464221,0.5097345,0.8443181818181819,HEALTHY,38.842952221320964,-7.60125604225183
jpr_20240528_AB01_MS_aligned_sun-all,39,30,1952,2172,4300278.479189436,621392.784946403,0.50559247,0.9289772727272728,HEALTHY,38.84295177982368,-7.601219179621345
jpr_20240528_AB01_MS_aligned_sun-all,39,31,2016,2172,4300278.479189436,621395.9849463839,0.52365434,0.9710227272727272,HEALTHY,38.84295133831476,-7.601182316991667
jpr_20240528_AB01_MS_aligned_sun-all,39,32,2080,2172,4300278.479189436,621399.1849463647,0.5296407,0.8505681818181818,HEALTHY,38.84295089679421,-7.6011454543628
jpr_20240528_AB01_MS_aligned_sun-all,39,33,2144,2172,4300278.479189436,621402.3849463456,0.55961096,0.8022727272727272,HEALTHY,38.84295045526203,-7.601108591734739
jpr_20240528_AB01_MS_aligned_sun-all,39,34,2208,2172,4300278.479189436,621405.5849463266,0.5328668,0.8176136363636364,HEALTHY,38.84295001371822,-7.601071729107486
jpr_20240528_AB01_MS_aligned_sun-all,39,35,2272,2172,4300278.479189436,621408.7849463074,0.4726329,0.9394886363636364,HEALTHY,38.84294957216279,-7.601034866481043
jpr_20240528_AB01_MS_aligned_sun-all,39,36,2336,2172,4300278.479189436,621411.9849462883,0.4916502,0.8920454545454546,HEALTHY,38.84294913059572,-7.600998003855408
jpr_20240528_AB01_MS_aligned_sun-all,39,37,2400,2172,4300278.479189436,621415.1849462691,0.57684,0.7957386363636364,HEALTHY,38.84294868901703,-7.600961141230581
jpr_20240528_AB01_MS_aligned_sun-all,39,38,2464,2172,4300278.479189436,621418.38494625,0.5953734,0.8838068181818182,HEALTHY,38.842948247426705,-7.600924278606564
jpr_20240528_AB01_MS_aligned_sun-all,39,39,2528,2172,4300278.479189436,621421.5849462309,0.56191576,0.8133522727272727,HEALTHY,38.84294780582475,-7.600887415983354
jpr_20240528_AB01_MS_aligned_sun-all,39,40,2592,2172,4300278.479189436,621424.7849462117,0.5028318,0.865625,HEALTHY,38.84294736421118,-7.600850553360954
jpr_20240528_AB01_MS_aligned_sun-all,39,41,2656,2172,4300278.479189436,621427.9849461927,0.51619226,0.8596590909090909,HEALTHY,38.842946922585966,-7.6008136907393595
jpr_20240528_AB01_MS_aligned_sun-all,39,42,2720,2172,4300278.479189436,621431.1849461736,0.51478946,0.9471590909090908,HEALTHY,38.84294648094913,-7.600776828118577
jpr_20240528_AB01_MS_aligned_sun-all,39,43,2784,2172,4300278.479189436,621434.3849461544,0.55542946,0.83125,HEALTHY,38.842946039300664,-7.600739965498602
jpr_20240528_AB01_MS_aligned_sun-all,39,44,2848,2172,4300278.479189436,621437.5849461353,0.52513444,0.8340909090909091,HEALTHY,38.84294559764056,-7.600703102879435
jpr_20240528_AB01_MS_aligned_sun-all,39,45,2912,2172,4300278.479189436,621440.7849461162,0.5559105,0.821875,HEALTHY,38.84294515596885,-7.600666240261077
jpr_20240528_AB01_MS_aligned_sun-all,39,46,2976,2172,4300278.479189436,621443.984946097,0.5851623,0.8352272727272727,HEALTHY,38.8429447142855,-7.6006293776435285
jpr_20240528_AB01_MS_aligned_sun-all,40,15,992,2227,4300275.729380465,621344.7849466898,0.5441363,0.8221590909090909,HEALTHY,38.84293362827925,-7.601772604093039
jpr_20240528_AB01_MS_aligned_sun-all,40,16,1056,2227,4300275.729380465,621347.9849466707,0.5589759,0.9159090909090908,HEALTHY,38.84293318694515,-7.601735741464013
jpr_20240528_AB01_MS_aligned_sun-all,40,17,1120,2227,4300275.729380465,621351.1849466516,0.4979545,0.9917613636363636,HEALTHY,38.84293274559941,-7.601698878835796
jpr_20240528_AB01_MS_aligned_sun-all,40,18,1184,2227,4300275.729380465,621354.3849466324,0.48851287,0.9065340909090908,HEALTHY,38.84293230424204,-7.601662016208387
jpr_20240528_AB01_MS_aligned_sun-all,40,19,1248,2227,4300275.729380465,621357.5849466133,0.55253583,0.928125,HEALTHY,38.842931862873066,-7.601625153581785
jpr_20240528_AB01_MS_aligned_sun-all,40,20,1312,2227,4300275.729380465,621360.7849465943,0.56208116,0.9105113636363636,HEALTHY,38.842931421492445,-7.601588290955991
jpr_20240528_AB01_MS_aligned_sun-all,40,21,1376,2227,4300275.729380465,621363.9849465751,0.58507174,0.828125,HEALTHY,38.84293098010019,-7.601551428331005
jpr_20240528_AB01_MS_aligned_sun-all,40,22,1440,2227,4300275.729380465,621367.184946556,0.5537537,0.821590909090909,HEALTHY,38.84293053869632,-7.601514565706829
jpr_20240528_AB01_MS_aligned_sun-all,40,23,1504,2227,4300275.729380465,621370.3849465369,0.51576436,0.8480113636363636,HEALTHY,38.842930097280814,-7.60147770308346
jpr_20240528_AB01_MS_aligned_sun-all,40,24,1568,2227,4300275.729380465,621373.5849465177,0.5149686,0.8079545454545455,HEALTHY,38.84292965585368,-7.601440840460899
jpr_20240528_AB01_MS_aligned_sun-all,40,25,1632,2227,4300275.729380465,621376.7849464986,0.50897974,0.8210227272727273,HEALTHY,38.84292921441492,-7.601403977839148
jpr_20240528_AB01_MS_aligned_sun-all,40,26,1696,2227,4300275.729380465,621379.9849464794,0.52698064,0.8801136363636364,HEALTHY,38.84292877296454,-7.601367115218203
jpr_20240528_AB01_MS_aligned_sun-all,40,27,1760,2227,4300275.729380465,621383.1849464604,0.53082937,0.7965909090909091,HEALTHY,38.84292833150251,-7.601330252598065
jpr_20240528_AB01_MS_aligned_sun-all,40,28,1824,2227,4300275.729380465,621386.3849464413,0.522335,0.7821022727272727,HEALTHY,38.84292789002886,-7.601293389978739
jpr_20240528_AB01_MS_aligned_sun-all,40,29,1888,2227,4300275.729380465,621389.5849464221,0.54104424,0.8213068181818182,HEALTHY,38.842927448543584,-7.601256527360219
jpr_20240528_AB01_MS_aligned_sun-all,40,30,1952,2227,4300275.729380465,621392.784946403,0.5347243,0.7920454545454545,HEALTHY,38.84292700704668,-7.6012196647425085
jpr_20240528_AB01_MS_aligned_sun-all,40,31,2016,2227,4300275.729380465,621395.9849463839,0.52500063,0.953693181818182,HEALTHY,38.84292656553815,-7.601182802125606
jpr_20240528_AB01_MS_aligned_sun-all,40,32,2080,2227,4300275.729380465,621399.1849463647,0.5018723,0.7892045454545454,HEALTHY,38.842926124017986,-7.601145939509511
jpr_20240528_AB01_MS_aligned_sun-all,40,33,2144,2227,4300275.729380465,621402.3849463456,0.5178565,0.8789772727272728,HEALTHY,38.8429256824862,-7.601109076894225
jpr_20240528_AB01_MS_aligned_sun-all,40,34,2208,2227,4300275.729380465,621405.5849463266,0.5142893,0.8548295454545455,HEALTHY,38.84292524094278,-7.601072214279746
jpr_20240528_AB01_MS_aligned_sun-all,40,35,2272,2227,4300275.729380465,621408.7849463074,0.49790925,0.8965909090909091,HEALTHY,38.84292479938773,-7.601035351666079
jpr_20240528_AB01_MS_aligned_sun-all,40,36,2336,2227,4300275.729380465,621411.9849462883,0.4996266,0.8678977272727273,HEALTHY,38.84292435782106,-7.600998489053217
jpr_20240528_AB01_MS_aligned_sun-all,40,37,2400,2227,4300275.729380465,621415.1849462691,0.53498894,0.8596590909090909,HEALTHY,38.842923916242746,-7.600961626441166
jpr_20240528_AB01_MS_aligned_sun-all,40,38,2464,2227,4300275.729380465,621418.38494625,0.5587341,0.8653409090909091,HEALTHY,38.842923474652814,-7.600924763829922
jpr_20240528_AB01_MS_aligned_sun-all,40,39,2528,2227,4300275.729380465,621421.5849462309,0.53891516,0.8778409090909091,HEALTHY,38.84292303305125,-7.6008879012194885
jpr_20240528_AB01_MS_aligned_sun-all,40,40,2592,2227,4300275.729380465,621424.7849462117,0.49769264,0.8340909090909091,HEALTHY,38.84292259143806,-7.6008510386098616
jpr_20240528_AB01_MS_aligned_sun-all,40,41,2656,2227,4300275.729380465,621427.9849461927,0.47335383,0.8732954545454545,HEALTHY,38.84292214981324,-7.600814176001042
jpr_20240528_AB01_MS_aligned_sun-all,40,42,2720,2227,4300275.729380465,621431.1849461736,0.53068453,0.8147727272727273,HEALTHY,38.842921708176796,-7.600777313393032
jpr_20240528_AB01_MS_aligned_sun-all,40,43,2784,2227,4300275.729380465,621434.3849461544,0.5195424,0.8681818181818182,HEALTHY,38.84292126652873,-7.600740450785832
jpr_20240528_AB01_MS_aligned_sun-all,40,44,2848,2227,4300275.729380465,621437.5849461353,0.56116533,0.8318181818181818,HEALTHY,38.84292082486901,-7.60070358817944
jpr_20240528_AB01_MS_aligned_sun-all,40,45,2912,2227,4300275.729380465,621440.7849461162,0.5745127,0.8153409090909091,HEALTHY,38.84292038319768,-7.6006667255738565
jpr_20240528_AB01_MS_aligned_sun-all,40,46,2976,2227,4300275.729380465,621443.984946097,0.5577302,0.8102272727272727,HEALTHY,38.84291994151472,-7.6006298629690825
jpr_20240528_AB01_MS_aligned_sun-all,41,17,1120,2282,4300272.979571495,621351.1849466516,0.47561425,0.9133522727272728,HEALTHY,38.842907972817265,-7.601699363790294
jpr_20240528_AB01_MS_aligned_sun-all,41,18,1184,2282,4300272.979571495,621354.3849466324,0.4849725,0.9588068181818182,HEALTHY,38.84290753146029,-7.601662501175659
jpr_20240528_AB01_MS_aligned_sun-all,41,19,1248,2282,4300272.979571495,621357.5849466133,0.5661134,0.8338068181818182,HEALTHY,38.84290709009169,-7.601625638561832
jpr_20240528_AB01_MS_aligned_sun-all,41,20,1312,2282,4300272.979571495,621360.7849465943,0.5001569,0.9454545454545454,HEALTHY,38.84290664871146,-7.601588775948813
jpr_20240528_AB01_MS_aligned_sun-all,41,21,1376,2282,4300272.979571495,621363.9849465751,0.49352673,0.9502840909090908,HEALTHY,38.84290620731961,-7.601551913336602
jpr_20240528_AB01_MS_aligned_sun-all,41,22,1440,2282,4300272.979571495,621367.184946556,0.53714406,0.7960227272727273,HEALTHY,38.842905765916115,-7.6015150507252
jpr_20240528_AB01_MS_aligned_sun-all,41,23,1504,2282,4300272.979571495,621370.3849465369,0.4939046,0.740625,HEALTHY,38.842905324501004,-7.601478188114604
jpr_20240528_AB01_MS_aligned_sun-all,41,24,1568,2282,4300272.979571495,621373.5849465177,0.57872856,0.8278409090909091,HEALTHY,38.84290488307425,-7.60144132550482
jpr_20240528_AB01_MS_aligned_sun-all,41,25,1632,2282,4300272.979571495,621376.7849464986,0.5803496,0.8181818181818182,HEALTHY,38.84290444163588,-7.601404462895841
jpr_20240528_AB01_MS_aligned_sun-all,41,26,1696,2282,4300272.979571495,621379.9849464794,0.5655062,0.7985795454545455,HEALTHY,38.84290400018588,-7.601367600287671
jpr_20240528_AB01_MS_aligned_sun-all,41,27,1760,2282,4300272.979571495,621383.1849464604,0.5471893,0.775,HEALTHY,38.84290355872425,-7.601330737680308
jpr_20240528_AB01_MS_aligned_sun-all,41,28,1824,2282,4300272.979571495,621386.3849464413,0.60234505,0.7761363636363636,HEALTHY,38.84290311725099,-7.601293875073755
jpr_20240528_AB01_MS_aligned_sun-all,41,29,1888,2282,4300272.979571495,621389.5849464221,0.5378137,0.7085227272727272,HEALTHY,38.84290267576611,-7.601257012468012
jpr_20240528_AB01_MS_aligned_sun-all,41,30,1952,2282,4300272.979571495,621392.784946403,0.53804606,0.775,HEALTHY,38.84290223426958,-7.6012201498630745
jpr_20240528_AB01_MS_aligned_sun-all,41,31,2016,2282,4300272.979571495,621395.9849463839,0.50868005,0.8071022727272728,HEALTHY,38.842901792761445,-7.601183287258946
jpr_20240528_AB01_MS_aligned_sun-all,41,32,2080,2282,4300272.979571495,621399.1849463647,0.47976556,0.9034090909090908,HEALTHY,38.842901351241665,-7.601146424655626
jpr_20240528_AB01_MS_aligned_sun-all,41,33,2144,2282,4300272.979571495,621402.3849463456,0.5171369,0.7786931818181818,HEALTHY,38.842900909710266,-7.601109562053115
jpr_20240528_AB01_MS_aligned_sun-all,41,34,2208,2282,4300272.979571495,621405.5849463266,0.5125233,0.9136363636363636,HEALTHY,38.84290046816723,-7.601072699451411
jpr_20240528_AB01_MS_aligned_sun-all,41,35,2272,2282,4300272.979571495,621408.7849463074,0.5173347,0.8642045454545455,HEALTHY,38.84290002661257,-7.601035836850516
jpr_20240528_AB01_MS_aligned_sun-all,41,36,2336,2282,4300272.979571495,621411.9849462883,0.5389728,0.8440340909090909,HEALTHY,38.84289958504628,-7.60099897425043
jpr_20240528_AB01_MS_aligned_sun-all,41,37,2400,2282,4300272.979571495,621415.1849462691,0.5379008,0.9451704545454546,HEALTHY,38.84289914346837,-7.600962111651153
jpr_20240528_AB01_MS_aligned_sun-all,41,38,2464,2282,4300272.979571495,621418.38494625,0.53849846,0.8696022727272728,HEALTHY,38.84289870187884,-7.6009252490526835
jpr_20240528_AB01_MS_aligned_sun-all,41,39,2528,2282,4300272.979571495,621421.5849462309,0.52751553,0.8394886363636364,HEALTHY,38.84289826027766,-7.600888386455023
jpr_20240528_AB01_MS_aligned_sun-all,41,40,2592,2282,4300272.979571495,621424.7849462117,0.5352848,0.7772727272727272,HEALTHY,38.842897818664845,-7.600851523858171
jpr_20240528_AB01_MS_aligned_sun-all,41,41,2656,2282,4300272.979571495,621427.9849461927,0.52701956,0.8056818181818182,HEALTHY,38.84289737704042,-7.600814661262126
jpr_20240528_AB01_MS_aligned_sun-all,41,42,2720,2282,4300272.979571495,621431.1849461736,0.5282143,0.7818181818181819,HEALTHY,38.84289693540437,-7.600777798666891
jpr_20240528_AB01_MS_aligned_sun-all,41,43,2784,2282,4300272.979571495,621434.3849461544,0.58241767,0.8159090909090909,HEALTHY,38.842896493756676,-7.600740936072465
jpr_20240528_AB01_MS_aligned_sun-all,41,44,2848,2282,4300272.979571495,621437.5849461353,0.5656486,0.8252840909090909,HEALTHY,38.84289605209735,-7.600704073478847
jpr_20240528_AB01_MS_aligned_sun-all,41,45,2912,2282,4300272.979571495,621440.7849461162,0.5662476,0.8173295454545455,HEALTHY,38.84289561042641,-7.600667210886039
jpr_20240528_AB01_MS_aligned_sun-all,42,19,1248,2337,4300270.229762524,621357.5849466133,0.54514927,0.8400568181818182,HEALTHY,38.84288231731021,-7.6016261235412825
jpr_20240528_AB01_MS_aligned_sun-all,42,20,1312,2337,4300270.229762524,621360.7849465943,0.54847306,0.8383522727272728,HEALTHY,38.84288187593037,-7.601589260941038
jpr_20240528_AB01_MS_aligned_sun-all,42,21,1376,2337,4300270.229762524,621363.9849465751,0.5501249,0.8985795454545454,HEALTHY,38.8428814345389,-7.601552398341602
jpr_20240528_AB01_MS_aligned_sun-all,42,22,1440,2337,4300270.229762524,621367.184946556,0.5487161,0.8539772727272728,HEALTHY,38.8428809931358,-7.601515535742973
jpr_20240528_AB01_MS_aligned_sun-all,42,23,1504,2337,4300270.229762524,621370.3849465369,0.5349345,0.8207386363636363,HEALTHY,38.84288055172107,-7.601478673145154
jpr_20240528_AB01_MS_aligned_sun-all,42,24,1568,2337,4300270.229762524,621373.5849465177,0.59690315,0.8559659090909091,HEALTHY,38.842880110294715,-7.601441810548142
jpr_20240528_AB01_MS_aligned_sun-all,42,25,1632,2337,4300270.229762524,621376.7849464986,0.5735049,0.8022727272727272,HEALTHY,38.84287966885673,-7.601404947951939
jpr_20240528_AB01_MS_aligned_sun-all,42,26,1696,2337,4300270.229762524,621379.9849464794,0.58441395,0.8261363636363637,HEALTHY,38.84287922740711,-7.601368085356543
jpr_20240528_AB01_MS_aligned_sun-all,42,27,1760,2337,4300270.229762524,621383.1849464604,0.5672592,0.825,HEALTHY,38.84287878594588,-7.601331222761955
jpr_20240528_AB01_MS_aligned_sun-all,42,28,1824,2337,4300270.229762524,621386.3849464413,0.5593781,0.8130681818181819,HEALTHY,38.842878344473,-7.601294360168176
jpr_20240528_AB01_MS_aligned_sun-all,42,29,1888,2337,4300270.229762524,621389.5849464221,0.5869971,0.8426136363636364,HEALTHY,38.84287790298851,-7.601257497575206
jpr_20240528_AB01_MS_aligned_sun-all,42,30,1952,2337,4300270.229762524,621392.784946403,0.54210263,0.8318181818181818,HEALTHY,38.84287746149237,-7.601220634983044
jpr_20240528_AB01_MS_aligned_sun-all,42,31,2016,2337,4300270.229762524,621395.9849463839,0.57857335,0.7642045454545454,HEALTHY,38.84287701998461,-7.60118377239169
jpr_20240528_AB01_MS_aligned_sun-all,42,32,2080,2337,4300270.229762524,621399.1849463647,0.5105386,0.8173295454545455,HEALTHY,38.84287657846523,-7.601146909801145
jpr_20240528_AB01_MS_aligned_sun-all,42,33,2144,2337,4300270.229762524,621402.3849463456,0.53756404,0.8653409090909091,HEALTHY,38.842876136934215,-7.6011100472114075
jpr_20240528_AB01_MS_aligned_sun-all,42,34,2208,2337,4300270.229762524,621405.5849463266,0.5124763,0.7803977272727273,HEALTHY,38.84287569539157,-7.601073184622478
jpr_20240528_AB01_MS_aligned_sun-all,42,35,2272,2337,4300270.229762524,621408.7849463074,0.5606079,0.7639204545454545,HEALTHY,38.842875253837306,-7.601036322034357
jpr_20240528_AB01_MS_aligned_sun-all,42,36,2336,2337,4300270.229762524,621411.9849462883,0.58239007,0.8559659090909091,HEALTHY,38.8428748122714,-7.600999459447045
jpr_20240528_AB01_MS_aligned_sun-all,42,37,2400,2337,4300270.229762524,621415.1849462691,0.56461966,0.9394886363636364,HEALTHY,38.84287437069388,-7.600962596860542
jpr_20240528_AB01_MS_aligned_sun-all,42,38,2464,2337,4300270.229762524,621418.38494625,0.54185206,0.8014204545454545,HEALTHY,38.84287392910471,-7.600925734274848
jpr_20240528_AB01_MS_aligned_sun-all,42,39,2528,2337,4300270.229762524,621421.5849462309,0.53057474,0.825,HEALTHY,38.84287348750394,-7.600888871689961
jpr_20240528_AB01_MS_aligned_sun-all,42,40,2592,2337,4300270.229762524,621424.7849462117,0.5200993,0.8434659090909091,HEALTHY,38.842873045891515,-7.600852009105884
jpr_20240528_AB01_MS_aligned_sun-all,42,41,2656,2337,4300270.229762524,621427.9849461927,0.5196482,0.8119318181818181,HEALTHY,38.84287260426748,-7.6008151465226135
jpr_20240528_AB01_MS_aligned_sun-all,42,42,2720,2337,4300270.229762524,621431.1849461736,0.56534487,0.8301136363636363,HEALTHY,38.84287216263181,-7.600778283940153
jpr_20240528_AB01_MS_aligned_sun-all,42,43,2784,2337,4300270.229762524,621434.3849461544,0.5250945,0.9414772727272728,HEALTHY,38.842871720984505,-7.600741421358501
jpr_20240528_AB01_MS_aligned_sun-all,42,44,2848,2337,4300270.229762524,621437.5849461353,0.57740617,0.7386363636363636,HEALTHY,38.84287127932557,-7.600704558777659
jpr_20240528_AB01_MS_aligned_sun-all,43,21,1376,2392,4300267.4799535535,621363.9849465751,0.52791923,0.8568181818181818,HEALTHY,38.84285666175808,-7.601552883346004
jpr_20240528_AB01_MS_aligned_sun-all,43,22,1440,2392,4300267.4799535535,621367.184946556,0.5313155,0.8511363636363637,HEALTHY,38.842856220355365,-7.60151602076015
jpr_20240528_AB01_MS_aligned_sun-all,43,23,1504,2392,4300267.4799535535,621370.3849465369,0.55356246,0.88125,HEALTHY,38.84285577894103,-7.601479158175105
jpr_20240528_AB01_MS_aligned_sun-all,43,24,1568,2392,4300267.4799535535,621373.5849465177,0.5677987,0.8286931818181819,HEALTHY,38.84285533751507,-7.601442295590867
jpr_20240528_AB01_MS_aligned_sun-all,43,25,1632,2392,4300267.4799535535,621376.7849464986,0.56643116,0.8480113636363636,HEALTHY,38.84285489607747,-7.6014054330074385
jpr_20240528_AB01_MS_aligned_sun-all,43,26,1696,2392,4300267.4799535535,621379.9849464794,0.57915217,0.9383522727272728,HEALTHY,38.84285445462824,-7.6013685704248175
jpr_20240528_AB01_MS_aligned_sun-all,43,27,1760,2392,4300267.4799535535,621383.1849464604,0.58060986,0.8167613636363636,HEALTHY,38.84285401316738,-7.601331707843004
jpr_20240528_AB01_MS_aligned_sun-all,43,28,1824,2392,4300267.4799535535,621386.3849464413,0.5392251,0.8267045454545454,HEALTHY,38.842853571694896,-7.601294845261998
jpr_20240528_AB01_MS_aligned_sun-all,43,29,1888,2392,4300267.4799535535,621389.5849464221,0.5134112,0.8289772727272727,HEALTHY,38.84285313021079,-7.601257982681805
jpr_20240528_AB01_MS_aligned_sun-all,43,30,1952,2392,4300267.4799535535,621392.784946403,0.550605,0.80625,HEALTHY,38.84285268871505,-7.601221120102417
jpr_20240528_AB01_MS_aligned_sun-all,43,31,2016,2392,4300267.4799535535,621395.9849463839,0.5548917,0.8252840909090909,HEALTHY,38.84285224720768,-7.601184257523836
jpr_20240528_AB01_MS_aligned_sun-all,43,32,2080,2392,4300267.4799535535,621399.1849463647,0.49221176,0.9366477272727272,HEALTHY,38.84285180568868,-7.601147394946065
jpr_20240528_AB01_MS_aligned_sun-all,43,33,2144,2392,4300267.4799535535,621402.3849463456,0.5165517,0.8357954545454546,HEALTHY,38.84285136415806,-7.601110532369103
jpr_20240528_AB01_MS_aligned_sun-all,43,34,2208,2392,4300267.4799535535,621405.5849463266,0.55150265,0.8042613636363637,HEALTHY,38.84285092261581,-7.601073669792948
jpr_20240528_AB01_MS_aligned_sun-all,43,35,2272,2392,4300267.4799535535,621408.7849463074,0.50675315,0.8639204545454545,HEALTHY,38.84285048106192,-7.601036807217602
jpr_20240528_AB01_MS_aligned_sun-all,43,36,2336,2392,4300267.4799535535,621411.9849462883,0.5658757,0.8051136363636363,HEALTHY,38.842850039496405,-7.600999944643065
jpr_20240528_AB01_MS_aligned_sun-all,43,37,2400,2392,4300267.4799535535,621415.1849462691,0.5595063,0.9014204545454544,HEALTHY,38.84284959791927,-7.600963082069336
jpr_20240528_AB01_MS_aligned_sun-all,43,38,2464,2392,4300267.4799535535,621418.38494625,0.57459086,0.840625,HEALTHY,38.8428491563305,-7.600926219496416
jpr_20240528_AB01_MS_aligned_sun-all,43,39,2528,2392,4300267.4799535535,621421.5849462309,0.49340004,0.875,HEALTHY,38.8428487147301,-7.600889356924304
jpr_20240528_AB01_MS_aligned_sun-all,43,40,2592,2392,4300267.4799535535,621424.7849462117,0.5104199,0.8923295454545455,HEALTHY,38.84284827311808,-7.600852494353
jpr_20240528_AB01_MS_aligned_sun-all,43,41,2656,2392,4300267.4799535535,621427.9849461927,0.5324082,0.8551136363636364,HEALTHY,38.842847831494424,-7.6008156317825035
jpr_20240528_AB01_MS_aligned_sun-all,43,42,2720,2392,4300267.4799535535,621431.1849461736,0.5387683,0.8980113636363637,HEALTHY,38.842847389859145,-7.600778769212818
jpr_20240528_AB01_MS_aligned_sun-all,43,43,2784,2392,4300267.4799535535,621434.3849461544,0.57478136,0.7241477272727272,HEALTHY,38.842846948212234,-7.600741906643941
jpr_20240528_AB01_MS_aligned_sun-all,43,44,2848,2392,4300267.4799535535,621437.5849461353,0.56370056,0.565625,HEALTHY,38.84284650655369,-7.600705044075871
jpr_20240528_AB01_MS_aligned_sun-all,44,22,1440,2447,4300264.730144584,621367.184946556,0.5580099,0.58125,HEALTHY,38.842831447574845,-7.601516505776731
jpr_20240528_AB01_MS_aligned_sun-all,44,23,1504,2447,4300264.730144584,621370.3849465369,0.55444604,0.8951704545454545,HEALTHY,38.84283100616089,-7.601479643204459
jpr_20240528_AB01_MS_aligned_sun-all,44,24,1568,2447,4300264.730144584,621373.5849465177,0.5850935,0.8519886363636363,HEALTHY,38.84283056473531,-7.601442780632997
jpr_20240528_AB01_MS_aligned_sun-all,44,25,1632,2447,4300264.730144584,621376.7849464986,0.5407643,0.8730113636363637,HEALTHY,38.84283012329811,-7.6014059180623414
jpr_20240528_AB01_MS_aligned_sun-all,44,26,1696,2447,4300264.730144584,621379.9849464794,0.6016692,0.8289772727272727,HEALTHY,38.84282968184927,-7.601369055492495
jpr_20240528_AB01_MS_aligned_sun-all,44,27,1760,2447,4300264.730144584,621383.1849464604,0.6011976,0.7985795454545455,HEALTHY,38.842829240388795,-7.601332192923456
jpr_20240528_AB01_MS_aligned_sun-all,44,28,1824,2447,4300264.730144584,621386.3849464413,0.5439573,0.8647727272727272,HEALTHY,38.842828798916706,-7.601295330355226
jpr_20240528_AB01_MS_aligned_sun-all,44,29,1888,2447,4300264.730144584,621389.5849464221,0.5068144,0.8221590909090909,HEALTHY,38.84282835743297,-7.601258467787805
jpr_20240528_AB01_MS_aligned_sun-all,44,30,1952,2447,4300264.730144584,621392.784946403,0.5448719,0.8002840909090909,HEALTHY,38.84282791593762,-7.601221605221191
jpr_20240528_AB01_MS_aligned_sun-all,44,31,2016,2447,4300264.730144584,621395.9849463839,0.5465789,0.8326704545454545,HEALTHY,38.84282747443064,-7.601184742655386
jpr_20240528_AB01_MS_aligned_sun-all,44,32,2080,2447,4300264.730144584,621399.1849463647,0.54823834,0.8136363636363636,HEALTHY,38.842827032912034,-7.60114788009039
jpr_20240528_AB01_MS_aligned_sun-all,44,33,2144,2447,4300264.730144584,621402.3849463456,0.5276621,0.7846590909090909,HEALTHY,38.8428265913818,-7.6011110175262
jpr_20240528_AB01_MS_aligned_sun-all,44,34,2208,2447,4300264.730144584,621405.5849463266,0.50981957,0.8434659090909091,HEALTHY,38.84282614983993,-7.60107415496282
jpr_20240528_AB01_MS_aligned_sun-all,44,35,2272,2447,4300264.730144584,621408.7849463074,0.5743873,0.8289772727272727,HEALTHY,38.84282570828644,-7.601037292400249
jpr_20240528_AB01_MS_aligned_sun-all,44,36,2336,2447,4300264.730144584,621411.9849462883,0.5915426,0.8136363636363636,HEALTHY,38.84282526672132,-7.601000429838487
jpr_20240528_AB01_MS_aligned_sun-all,44,37,2400,2447,4300264.730144584,621415.1849462691,0.5569891,0.834659090909091,HEALTHY,38.84282482514456,-7.600963567277531
jpr_20240528_AB01_MS_aligned_sun-all,44,38,2464,2447,4300264.730144584,621418.38494625,0.5846507,0.81875,HEALTHY,38.842824383556184,-7.600926704717385
jpr_20240528_AB01_MS_aligned_sun-all,44,39,2528,2447,4300264.730144584,621421.5849462309,0.47550714,0.8772727272727273,HEALTHY,38.842823941956176,-7.600889842158048
jpr_20240528_AB01_MS_aligned_sun-all,44,40,2592,2447,4300264.730144584,621424.7849462117,0.49993724,0.8607954545454546,HEALTHY,38.84282350034454,-7.600852979599519
jpr_20240528_AB01_MS_aligned_sun-all,44,41,2656,2447,4300264.730144584,621427.9849461927,0.5177125,0.8605113636363636,HEALTHY,38.84282305872127,-7.600816117041798
jpr_20240528_AB01_MS_aligned_sun-all,44,42,2720,2447,4300264.730144584,621431.1849461736,0.584048,0.8264204545454545,HEALTHY,38.84282261708638,-7.600779254484886
jpr_20240528_AB01_MS_aligned_sun-all,44,43,2784,2447,4300264.730144584,621434.3849461544,0.57409686,0.7440340909090909,HEALTHY,38.84282217543985,-7.600742391928783
jpr_20240528_AB01_MS_aligned_sun-all,45,24,1568,2502,4300261.980335613,621373.5849465177,0.555289,0.515625,HEALTHY,38.842805791955435,-7.601443265674529
jpr_20240528_AB01_MS_aligned_sun-all,45,25,1632,2502,4300261.980335613,621376.7849464986,0.5579684,0.8713068181818182,HEALTHY,38.84280535051861,-7.601406403116648
jpr_20240528_AB01_MS_aligned_sun-all,45,26,1696,2502,4300261.980335613,621379.9849464794,0.5944841,0.9511363636363636,HEALTHY,38.84280490907017,-7.601369540559577
jpr_20240528_AB01_MS_aligned_sun-all,45,27,1760,2502,4300261.980335613,621383.1849464604,0.6202833,0.7948863636363637,HEALTHY,38.842804467610094,-7.6013326780033115
jpr_20240528_AB01_MS_aligned_sun-all,45,28,1824,2502,4300261.980335613,621386.3849464413,0.536479,0.8150568181818182,HEALTHY,38.84280402613838,-7.601295815447855
jpr_20240528_AB01_MS_aligned_sun-all,45,29,1888,2502,4300261.980335613,621389.5849464221,0.5143353,0.9113636363636364,HEALTHY,38.84280358465505,-7.601258952893208
jpr_20240528_AB01_MS_aligned_sun-all,45,30,1952,2502,4300261.980335613,621392.784946403,0.5478011,0.8002840909090909,HEALTHY,38.84280314316008,-7.60122209033937
jpr_20240528_AB01_MS_aligned_sun-all,45,31,2016,2502,4300261.980335613,621395.9849463839,0.5911092,0.8647727272727272,HEALTHY,38.84280270165349,-7.601185227786339
jpr_20240528_AB01_MS_aligned_sun-all,45,32,2080,2502,4300261.980335613,621399.1849463647,0.57063365,0.8068181818181818,HEALTHY,38.84280226013527,-7.601148365234116
jpr_20240528_AB01_MS_aligned_sun-all,45,33,2144,2502,4300261.980335613,621402.3849463456,0.49938843,0.8247159090909091,HEALTHY,38.84280181860543,-7.601111502682703
jpr_20240528_AB01_MS_aligned_sun-all,45,34,2208,2502,4300261.980335613,621405.5849463266,0.5107959,0.8377840909090909,HEALTHY,38.84280137706394,-7.601074640132095
jpr_20240528_AB01_MS_aligned_sun-all,45,35,2272,2502,4300261.980335613,621408.7849463074,0.5465189,0.846875,HEALTHY,38.84280093551083,-7.6010377775823
jpr_20240528_AB01_MS_aligned_sun-all,45,36,2336,2502,4300261.980335613,621411.9849462883,0.5413795,0.7832386363636363,HEALTHY,38.84280049394611,-7.6010009150333095
jpr_20240528_AB01_MS_aligned_sun-all,45,37,2400,2502,4300261.980335613,621415.1849462691,0.5056521,0.81875,HEALTHY,38.84280005236974,-7.600964052485131
jpr_20240528_AB01_MS_aligned_sun-all,45,38,2464,2502,4300261.980335613,621418.38494625,0.48013565,0.9204545454545454,HEALTHY,38.84279961078174,-7.600927189937758
jpr_20240528_AB01_MS_aligned_sun-all,45,39,2528,2502,4300261.980335613,621421.5849462309,0.52493167,0.7832386363636363,HEALTHY,38.84279916918213,-7.600890327391196
jpr_20240528_AB01_MS_aligned_sun-all,45,40,2592,2502,4300261.980335613,621424.7849462117,0.5474465,0.7909090909090909,HEALTHY,38.84279872757087,-7.600853464845442
jpr_20240528_AB01_MS_aligned_sun-all,45,41,2656,2502,4300261.980335613,621427.9849461927,0.5571951,0.8193181818181818,HEALTHY,38.84279828594801,-7.600816602300495
jpr_20240528_AB01_MS_aligned_sun-all,45,42,2720,2502,4300261.980335613,621431.1849461736,0.5057783,0.9357954545454544,HEALTHY,38.84279784431349,-7.600779739756357
jpr_20240528_AB01_MS_aligned_sun-all,46,26,1696,2557,4300259.230526642,621379.9849464794,0.547028,0.5625,HEALTHY,38.842780136290955,-7.6013700256260615
jpr_20240528_AB01_MS_aligned_sun-all,46,27,1760,2557,4300259.230526642,621383.1849464604,0.5747033,0.7857954545454545,HEALTHY,38.84277969483127,-7.601333163082571
jpr_20240528_AB01_MS_aligned_sun-all,46,28,1824,2557,4300259.230526642,621386.3849464413,0.5003806,0.9482954545454544,HEALTHY,38.84277925335995,-7.601296300539888
jpr_20240528_AB01_MS_aligned_sun-all,46,29,1888,2557,4300259.230526642,621389.5849464221,0.50326884,0.8082386363636364,HEALTHY,38.842778811877004,-7.601259437998016
jpr_20240528_AB01_MS_aligned_sun-all,46,30,1952,2557,4300259.230526642,621392.784946403,0.5680624,0.8269886363636364,HEALTHY,38.84277837038243,-7.6012225754569505
jpr_20240528_AB01_MS_aligned_sun-all,46,31,2016,2557,4300259.230526642,621395.9849463839,0.51803106,0.9423295454545456,HEALTHY,38.84277792887622,-7.601185712916695
jpr_20240528_AB01_MS_aligned_sun-all,46,32,2080,2557,4300259.230526642,621399.1849463647,0.5604615,0.7971590909090909,HEALTHY,38.84277748735839,-7.601148850377246
jpr_20240528_AB01_MS_aligned_sun-all,46,33,2144,2557,4300259.230526642,621402.3849463456,0.56383234,0.8329545454545455,HEALTHY,38.84277704582893,-7.601111987838608
jpr_20240528_AB01_MS_aligned_sun-all,46,34,2208,2557,4300259.230526642,621405.5849463266,0.566676,0.8153409090909091,HEALTHY,38.84277660428784,-7.601075125300775
jpr_20240528_AB01_MS_aligned_sun-all,46,35,2272,2557,4300259.230526642,621408.7849463074,0.53643745,0.9230113636363636,HEALTHY,38.84277616273513,-7.601038262763752
jpr_20240528_AB01_MS_aligned_sun-all,46,36,2336,2557,4300259.230526642,621411.9849462883,0.52316886,0.7872159090909091,HEALTHY,38.842775721170774,-7.6010014002275375
jpr_20240528_AB01_MS_aligned_sun-all,46,37,2400,2557,4300259.230526642,621415.1849462691,0.5121825,0.7883522727272727,HEALTHY,38.842775279594804,-7.600964537692131
jpr_20240528_AB01_MS_aligned_sun-all,46,38,2464,2557,4300259.230526642,621418.38494625,0.5468572,0.7863636363636364,HEALTHY,38.842774838007195,-7.600927675157536
jpr_20240528_AB01_MS_aligned_sun-all,46,39,2528,2557,4300259.230526642,621421.5849462309,0.52248627,0.8423295454545454,HEALTHY,38.84277439640797,-7.600890812623747
jpr_20240528_AB01_MS_aligned_sun-all,46,40,2592,2557,4300259.230526642,621424.7849462117,0.5557343,0.8428977272727273,HEALTHY,38.84277395479711,-7.600853950090766
jpr_20240528_AB01_MS_aligned_sun-all,46,41,2656,2557,4300259.230526642,621427.9849461927,0.5365068,0.9116477272727272,HEALTHY,38.84277351317461,-7.600817087558593
jpr_20240528_AB01_MS_aligned_sun-all,46,42,2720,2557,4300259.230526642,621431.1849461736,0.46827823,0.5985795454545455,HEALTHY,38.8427730715405,-7.60078022502723
jpr_20240528_AB01_MS_aligned_sun-all,47,28,1824,2612,4300256.480717672,621386.3849464413,0.5167422,0.5244318181818182,HEALTHY,38.842754480581426,-7.601296785631325
jpr_20240528_AB01_MS_aligned_sun-all,47,29,1888,2612,4300256.480717672,621389.5849464221,0.53588015,0.88125,HEALTHY,38.84275403909886,-7.6012599231022255
jpr_20240528_AB01_MS_aligned_sun-all,47,30,1952,2612,4300256.480717672,621392.784946403,0.52026623,0.9099431818181818,HEALTHY,38.84275359760467,-7.601223060573935
jpr_20240528_AB01_MS_aligned_sun-all,47,31,2016,2612,4300256.480717672,621395.9849463839,0.54572505,0.846875,HEALTHY,38.84275315609886,-7.601186198046454
jpr_20240528_AB01_MS_aligned_sun-all,47,32,2080,2612,4300256.480717672,621399.1849463647,0.55248934,0.8457386363636363,HEALTHY,38.84275271458143,-7.60114933551978
jpr_20240528_AB01_MS_aligned_sun-all,47,33,2144,2612,4300256.480717672,621402.3849463456,0.53956515,0.9255681818181818,HEALTHY,38.84275227305235,-7.601112472993915
jpr_20240528_AB01_MS_aligned_sun-all,47,34,2208,2612,4300256.480717672,621405.5849463266,0.6081601,0.8798295454545455,HEALTHY,38.84275183151164,-7.601075610468857
jpr_20240528_AB01_MS_aligned_sun-all,47,35,2272,2612,4300256.480717672,621408.7849463074,0.5420724,0.8232954545454545,HEALTHY,38.84275138995931,-7.601038747944608
jpr_20240528_AB01_MS_aligned_sun-all,47,36,2336,2612,4300256.480717672,621411.9849462883,0.52511466,0.8644886363636364,HEALTHY,38.84275094839536,-7.6010018854211685
jpr_20240528_AB01_MS_aligned_sun-all,47,37,2400,2612,4300256.480717672,621415.1849462691,0.5389279,0.8633522727272728,HEALTHY,38.84275050681976,-7.600965022898537
jpr_20240528_AB01_MS_aligned_sun-all,47,38,2464,2612,4300256.480717672,621418.38494625,0.5692701,0.8213068181818182,HEALTHY,38.84275006523255,-7.600928160376714
jpr_20240528_AB01_MS_aligned_sun-all,47,39,2528,2612,4300256.480717672,621421.5849462309,0.49737853,0.9090909090909092,HEALTHY,38.84274962363371,-7.600891297855699
jpr_20240528_AB01_MS_aligned_sun-all,47,40,2592,2612,4300256.480717672,621424.7849462117,0.570838,0.790625,HEALTHY,38.84274918202324,-7.600854435335493
jpr_20240528_AB01_MS_aligned_sun-all,47,41,2656,2612,4300256.480717672,621427.9849461927,0.5129109,0.7752840909090909,HEALTHY,38.84274874040113,-7.600817572816095
jpr_20240528_AB01_MS_aligned_sun-all,48,30,1952,2667,4300253.730908701,621392.784946403,0.53842163,0.5514204545454545,HEALTHY,38.8427288248268,-7.601223545690323
jpr_20240528_AB01_MS_aligned_sun-all,48,31,2016,2667,4300253.730908701,621395.9849463839,0.55206835,0.8357954545454546,HEALTHY,38.84272838332137,-7.601186683175617
jpr_20240528_AB01_MS_aligned_sun-all,48,32,2080,2667,4300253.730908701,621399.1849463647,0.56747377,0.9053977272727272,HEALTHY,38.84272794180431,-7.601149820661716
jpr_20240528_AB01_MS_aligned_sun-all,48,33,2144,2667,4300253.730908701,621402.3849463456,0.54023963,0.8855113636363636,HEALTHY,38.84272750027563,-7.601112958148625
jpr_20240528_AB01_MS_aligned_sun-all,48,34,2208,2667,4300253.730908701,621405.5849463266,0.5515744,0.8724431818181818,HEALTHY,38.84272705873532,-7.601076095636342
jpr_20240528_AB01_MS_aligned_sun-all,48,35,2272,2667,4300253.730908701,621408.7849463074,0.5203755,0.9090909090909092,HEALTHY,38.84272661718338,-7.601039233124869
jpr_20240528_AB01_MS_aligned_sun-all,48,36,2336,2667,4300253.730908701,621411.9849462883,0.53104955,0.821875,HEALTHY,38.842726175619816,-7.601002370614201
jpr_20240528_AB01_MS_aligned_sun-all,48,37,2400,2667,4300253.730908701,621415.1849462691,0.5087135,0.8900568181818181,HEALTHY,38.84272573404461,-7.600965508104345
jpr_20240528_AB01_MS_aligned_sun-all,48,38,2464,2667,4300253.730908701,621418.38494625,0.54877615,0.821590909090909,HEALTHY,38.84272529245778,-7.600928645595296
jpr_20240528_AB01_MS_aligned_sun-all,48,39,2528,2667,4300253.730908701,621421.5849462309,0.57296175,0.7397727272727272,HEALTHY,38.842724850859334,-7.6008917830870555
jpr_20240528_AB01_MS_aligned_sun-all,48,40,2592,2667,4300253.730908701,621424.7849462117,0.5192214,0.509090909090909,HEALTHY,38.84272440924924,-7.600854920579625
jpr_20240528_AB01_MS_aligned_sun-all,49,33,2144,2722,4300250.981099731,621402.3849463456,0.54033375,0.787784090909091,HEALTHY,38.84270272749882,-7.601113443302739
jpr_20240528_AB01_MS_aligned_sun-all,49,34,2208,2722,4300250.981099731,621405.5849463266,0.53722584,0.8272727272727273,HEALTHY,38.8427022859589,-7.6010765808032295
jpr_20240528_AB01_MS_aligned_sun-all,49,35,2272,2722,4300250.981099731,621408.7849463074,0.5550415,0.834375,HEALTHY,38.84270184440734,-7.601039718304531
jpr_20240528_AB01_MS_aligned_sun-all,49,36,2336,2722,4300250.981099731,621411.9849462883,0.57361585,0.8355113636363637,HEALTHY,38.842701402844156,-7.601002855806638
jpr_20240528_AB01_MS_aligned_sun-all,49,37,2400,2722,4300250.981099731,621415.1849462691,0.5554199,0.8227272727272728,HEALTHY,38.842700961269344,-7.600965993309556
