Mission_ID,Grid_ID,Image,Row,Col,Pixel_X,Pixel_Y,Northing,Easting,Average_NDVI,Average_NDRE,Average_SAVI,Vegetation_Ratio,Canopy_Coverage,Crop_Stress_Indicator,Average_Red,Average_Green,Average_NIR,Temperature,Humidity,Rainfall,Wind_Speed,Soil_Moisture,Soil_pH,Crop_Type,Crop_Growth_Stage,Status
20260724_123113,G_0_16,jpr_20240528_AB01_MS_aligned_sun-all,0,16,1056,27,4300385.721739285,621347.9849466707,0.52366817,0.11953699,3.3781722e-05,0.8119318181818181,81.2784090909091,47.633183,5.033581e-06,4.9640503e-06,1.6294647e-05,28.11,79.11,3.54,4.98,42.1,7.15,Wheat,Vegetative,HEALTHY
20260724_123113,G_0_17,jpr_20240528_AB01_MS_aligned_sun-all,0,17,1120,27,4300385.721739285,621351.1849466516,0.5343342,0.11908541,3.4144723e-05,0.8227272727272728,82.8409090909091,46.56658,4.8393554e-06,4.7636427e-06,1.6221426e-05,28.89,74.33,7.16,5.83,25.87,7.11,Wheat,Vegetative,HEALTHY
20260724_123113,G_1_13,jpr_20240528_AB01_MS_aligned_sun-all,1,13,864,82,4300382.971930315,621338.3849467281,0.51788557,0.10160576,3.325671e-05,0.6178977272727273,62.21590909090909,48.211445,5.052983e-06,4.977077e-06,1.6139036e-05,31.51,73.18,2.0,1.65,28.79,6.27,Wheat,Vegetative,HEALTHY
20260724_123113,G_1_14,jpr_20240528_AB01_MS_aligned_sun-all,1,14,928,82,4300382.971930315,621341.584946709,0.52828926,0.1093829,3.50543e-05,0.9491477272727272,95.76704545454545,47.171074,5.129907e-06,5.1193683e-06,1.6815198e-05,34.17,66.16,7.66,3.58,41.06,7.11,Wheat,Vegetative,HEALTHY
20260724_123113,G_1_15,jpr_20240528_AB01_MS_aligned_sun-all,1,15,992,82,4300382.971930315,621344.7849466898,0.49509776,0.094442956,3.2337237e-05,1.0,100.0,50.490223,5.4158577e-06,5.0007206e-06,1.6195412e-05,32.05,69.03,12.13,1.6,33.37,6.81,Wheat,Vegetative,HEALTHY
20260724_123113,G_1_16,jpr_20240528_AB01_MS_aligned_sun-all,1,16,1056,82,4300382.971930315,621347.9849466707,0.52782303,0.114993215,3.3595337e-05,1.0,100.0,47.217697,4.891862e-06,4.9269197e-06,1.6090791e-05,32.08,74.96,14.65,1.75,47.22,6.8,Wheat,Vegetative,HEALTHY
20260724_123113,G_1_17,jpr_20240528_AB01_MS_aligned_sun-all,1,17,1120,82,4300382.971930315,621351.1849466516,0.54946035,0.12514639,3.5352445e-05,0.9392045454545455,94.74431818181817,45.053967,4.7367575e-06,4.8955308e-06,1.6521419e-05,30.1,65.14,9.76,4.28,27.22,6.58,Wheat,Vegetative,HEALTHY
20260724_123113,G_1_18,jpr_20240528_AB01_MS_aligned_sun-all,1,18,1184,82,4300382.971930315,621354.3849466324,0.5578754,0.12336738,3.5992456e-05,1.0,100.0,44.21246,4.651141e-06,4.8818406e-06,1.6649148e-05,34.68,75.42,7.0,4.11,31.98,7.18,Wheat,Vegetative,HEALTHY
20260724_123113,G_1_19,jpr_20240528_AB01_MS_aligned_sun-all,1,19,1248,82,4300382.971930315,621357.5849466133,0.5595048,0.12943502,3.7605012e-05,0.94375,94.74431818181817,44.04952,4.8048682e-06,5.0659355e-06,1.7340444e-05,28.47,67.93,3.27,4.35,37.85,6.35,Wheat,Vegetative,HEALTHY
20260724_123113,G_1_20,jpr_20240528_AB01_MS_aligned_sun-all,1,20,1312,82,4300382.971930315,621360.7849465943,0.53520906,0.12438127,3.483627e-05,0.5974431818181818,60.0,46.479095,4.9360583e-06,4.8775846e-06,1.654866e-05,30.85,69.27,7.72,3.32,31.23,7.57,Wheat,Vegetative,HEALTHY
20260724_123113,G_2_12,jpr_20240528_AB01_MS_aligned_sun-all,2,12,800,137,4300380.222121344,621335.1849467471,0.46725297,0.07806442,2.9068971e-05,0.7377840909090909,73.83522727272728,53.274704,5.4775305e-06,4.9454034e-06,1.5167593e-05,32.55,68.46,6.62,2.64,43.01,6.42,Wheat,Vegetative,HEALTHY
20260724_123113,G_2_13,jpr_20240528_AB01_MS_aligned_sun-all,2,13,864,137,4300380.222121344,621338.3849467281,0.518768,0.09629289,3.4024608e-05,0.9650568181818182,97.38636363636364,48.1232,5.179856e-06,5.2736386e-06,1.6521893e-05,29.64,73.52,0.89,2.77,41.98,6.74,Wheat,Vegetative,HEALTHY
20260724_123113,G_2_14,jpr_20240528_AB01_MS_aligned_sun-all,2,14,928,137,4300380.222121344,621341.584946709,0.48231193,0.076585054,3.105793e-05,0.9775568181818182,98.60795454545455,51.768803,5.461654e-06,5.005155e-06,1.5814745e-05,28.99,68.52,8.26,0.62,38.62,6.32,Wheat,Vegetative,HEALTHY
20260724_123113,G_2_15,jpr_20240528_AB01_MS_aligned_sun-all,2,15,992,137,4300380.222121344,621344.7849466898,0.5296217,0.100092076,3.4891804e-05,1.0,100.0,47.037827,5.171553e-06,5.4006887e-06,1.680267e-05,31.47,71.87,11.4,4.14,36.05,6.91,Wheat,Vegetative,HEALTHY
20260724_123113,G_2_16,jpr_20240528_AB01_MS_aligned_sun-all,2,16,1056,137,4300380.222121344,621347.9849466707,0.5088913,0.09940784,3.2139415e-05,0.9198863636363637,92.69886363636364,49.11087,5.04235e-06,4.9157984e-06,1.5755944e-05,30.3,78.1,13.04,4.82,45.82,7.11,Wheat,Vegetative,HEALTHY
20260724_123113,G_2_17,jpr_20240528_AB01_MS_aligned_sun-all,2,17,1120,137,4300380.222121344,621351.1849466516,0.5778313,0.13063285,3.7546182e-05,1.0,100.0,42.216866,4.5341417e-06,5.1099014e-06,1.7050086e-05,28.47,79.6,14.78,5.15,37.18,6.77,Wheat,Vegetative,HEALTHY
20260724_123113,G_2_18,jpr_20240528_AB01_MS_aligned_sun-all,2,18,1184,137,4300380.222121344,621354.3849466324,0.53488463,0.1078658,3.370659e-05,0.9829545454545454,98.94886363636364,46.511536,4.7482713e-06,4.707305e-06,1.598428e-05,27.65,71.83,14.58,1.29,24.59,6.68,Wheat,Vegetative,HEALTHY
20260724_123113,G_2_19,jpr_20240528_AB01_MS_aligned_sun-all,2,19,1248,137,4300380.222121344,621357.5849466133,0.5546936,0.1344508,3.476524e-05,0.9494318181818182,95.9090909090909,44.530643,4.567441e-06,4.770362e-06,1.6156348e-05,29.41,74.29,3.75,3.06,34.64,7.22,Wheat,Vegetative,HEALTHY
20260724_123113,G_2_20,jpr_20240528_AB01_MS_aligned_sun-all,2,20,1312,137,4300380.222121344,621360.7849465943,0.5658789,0.14749922,3.6197605e-05,0.9667613636363637,97.44318181818183,43.412106,4.4459434e-06,4.6990726e-06,1.6512337e-05,31.92,75.32,12.02,2.89,43.64,7.23,Wheat,Vegetative,HEALTHY
20260724_123113,G_2_21,jpr_20240528_AB01_MS_aligned_sun-all,2,21,1376,137,4300380.222121344,621363.9849465751,0.5676731,0.15782528,3.7047706e-05,0.9301136363636363,93.83522727272727,43.232693,4.6131768e-06,4.9203004e-06,1.6962962e-05,36.89,69.3,10.41,1.4,35.92,7.17,Wheat,Vegetative,HEALTHY
20260724_123113,G_2_22,jpr_20240528_AB01_MS_aligned_sun-all,2,22,1440,137,4300380.222121344,621367.184946556,0.5718622,0.15511474,3.6926907e-05,0.6522727272727272,65.6534090909091,42.813778,4.543415e-06,4.822283e-06,1.6852933e-05,31.45,68.85,5.77,2.39,24.61,6.27,Wheat,Vegetative,HEALTHY
20260724_123113,G_3_11,jpr_20240528_AB01_MS_aligned_sun-all,3,11,736,192,4300377.472312373,621331.9849467663,0.50447744,0.092949726,2.982484e-05,0.5673295454545455,57.38636363636363,49.552258,4.7897347e-06,4.6913883e-06,1.4731743e-05,29.3,75.86,9.71,3.12,26.52,6.76,Wheat,Vegetative,HEALTHY
20260724_123113,G_3_12,jpr_20240528_AB01_MS_aligned_sun-all,3,12,800,192,4300377.472312373,621335.1849467471,0.49322832,0.084745675,3.1013653e-05,0.9914772727272727,99.48863636363636,50.67717,5.2575633e-06,5.055969e-06,1.5595882e-05,33.91,75.42,13.43,5.07,40.99,6.73,Wheat,Vegetative,HEALTHY
20260724_123113,G_3_13,jpr_20240528_AB01_MS_aligned_sun-all,3,13,864,192,4300377.472312373,621338.3849467281,0.4796304,0.06775482,3.1863605e-05,1.0,100.0,52.03696,5.6797458e-06,5.364909e-06,1.6301423e-05,32.8,70.99,7.57,3.44,46.04,7.06,Wheat,Vegetative,HEALTHY
20260724_123113,G_3_14,jpr_20240528_AB01_MS_aligned_sun-all,3,14,928,192,4300377.472312373,621341.584946709,0.49980596,0.085806325,3.1100797e-05,0.9857954545454546,99.26136363636363,50.01941,5.138868e-06,4.9494256e-06,1.5506235e-05,32.38,67.98,4.28,3.54,26.39,6.85,Wheat,Vegetative,HEALTHY
20260724_123113,G_3_15,jpr_20240528_AB01_MS_aligned_sun-all,3,15,992,192,4300377.472312373,621344.7849466898,0.50512576,0.087863065,3.0402472e-05,0.9806818181818182,98.52272727272727,49.487423,4.8596207e-06,4.8493725e-06,1.49941925e-05,30.87,75.71,11.16,4.81,28.53,6.97,Wheat,Vegetative,HEALTHY
20260724_123113,G_3_16,jpr_20240528_AB01_MS_aligned_sun-all,3,16,1056,192,4300377.472312373,621347.9849466707,0.542447,0.11221615,3.3442368e-05,0.9065340909090909,91.73295454545455,45.755302,4.618482e-06,4.908695e-06,1.5766402e-05,30.79,69.95,7.22,0.58,30.34,6.69,Wheat,Vegetative,HEALTHY
20260724_123113,G_3_17,jpr_20240528_AB01_MS_aligned_sun-all,3,17,1120,192,4300377.472312373,621351.1849466516,0.5403411,0.10096114,3.52864e-05,0.921875,92.92613636363637,45.965893,4.818198e-06,4.844898e-06,1.6580858e-05,30.06,67.25,6.68,2.71,38.33,6.57,Wheat,Vegetative,HEALTHY
20260724_123113,G_3_18,jpr_20240528_AB01_MS_aligned_sun-all,3,18,1184,192,4300377.472312373,621354.3849466324,0.56905425,0.116087675,3.9409944e-05,0.9051136363636364,91.47727272727273,43.094574,4.8430697e-06,5.3465656e-06,1.7980332e-05,28.68,72.21,1.43,0.79,29.52,6.37,Wheat,Vegetative,HEALTHY
20260724_123113,G_3_19,jpr_20240528_AB01_MS_aligned_sun-all,3,19,1248,192,4300377.472312373,621357.5849466133,0.53250974,0.11813991,3.253062e-05,0.9190340909090909,93.0965909090909,46.749027,4.631104e-06,4.6036635e-06,1.547509e-05,30.26,65.35,8.53,3.5,38.01,6.41,Wheat,Vegetative,HEALTHY
20260724_123113,G_3_20,jpr_20240528_AB01_MS_aligned_sun-all,3,20,1312,192,4300377.472312373,621360.7849465943,0.58710504,0.15666035,3.774486e-05,0.91875,92.75568181818183,41.289497,4.3119817e-06,4.9595355e-06,1.6894153e-05,32.73,79.21,1.55,1.55,30.59,6.42,Wheat,Vegetative,HEALTHY
20260724_123113,G_3_21,jpr_20240528_AB01_MS_aligned_sun-all,3,21,1376,192,4300377.472312373,621363.9849465751,0.598745,0.16043787,4.025574e-05,0.93125,94.0909090909091,40.1255,4.413612e-06,5.069082e-06,1.783281e-05,29.78,59.91,13.46,5.78,23.72,6.6,Wheat,Vegetative,HEALTHY
20260724_123113,G_3_22,jpr_20240528_AB01_MS_aligned_sun-all,3,22,1440,192,4300377.472312373,621367.184946556,0.5586103,0.15059148,3.4663306e-05,0.9258522727272728,93.4090909090909,44.13897,4.4805165e-06,4.6388723e-06,1.603544e-05,32.79,69.58,5.81,2.31,36.17,6.2,Wheat,Vegetative,HEALTHY
20260724_123113,G_3_23,jpr_20240528_AB01_MS_aligned_sun-all,3,23,1504,192,4300377.472312373,621370.3849465369,0.55339146,0.14258282,3.4420278e-05,0.928409090909091,93.97727272727273,44.660854,4.397259e-06,4.6062573e-06,1.5871175e-05,29.21,68.97,0.86,5.82,36.96,6.42,Wheat,Vegetative,HEALTHY
20260724_123113,G_3_24,jpr_20240528_AB01_MS_aligned_sun-all,3,24,1568,192,4300377.472312373,621373.5849465177,0.5605713,0.15270789,3.4933517e-05,0.625,63.40909090909091,43.942867,4.477403e-06,4.8306165e-06,1.6122398e-05,28.16,78.48,8.12,5.27,29.25,7.17,Wheat,Vegetative,HEALTHY
20260724_123113,G_4_10,jpr_20240528_AB01_MS_aligned_sun-all,4,10,672,247,4300374.722503403,621328.7849467854,0.54726845,0.117005475,3.2287488e-05,0.6517045454545455,65.6534090909091,45.273155,4.3948908e-06,4.857876e-06,1.5157813e-05,31.42,69.23,2.54,5.11,35.49,7.24,Wheat,Vegetative,HEALTHY
20260724_123113,G_4_11,jpr_20240528_AB01_MS_aligned_sun-all,4,11,736,247,4300374.722503403,621331.9849467663,0.50126874,0.093334295,2.9490324e-05,0.9471590909090909,96.02272727272727,49.873127,4.7983135e-06,4.809763e-06,1.4628809e-05,29.83,67.12,14.31,4.27,33.66,6.69,Wheat,Vegetative,HEALTHY
20260724_123113,G_4_12,jpr_20240528_AB01_MS_aligned_sun-all,4,12,800,247,4300374.722503403,621335.1849467471,0.5282758,0.09605814,3.1994947e-05,0.984375,98.94886363636364,47.17242,4.682966e-06,4.878154e-06,1.5348383e-05,31.96,80.45,13.69,1.27,31.53,7.12,Wheat,Vegetative,HEALTHY
20260724_123113,G_4_13,jpr_20240528_AB01_MS_aligned_sun-all,4,13,864,247,4300374.722503403,621338.3849467281,0.4844829,0.066740274,2.8962055e-05,0.9048295454545454,91.33522727272727,51.551712,5.0288813e-06,4.628667e-06,1.4683289e-05,29.94,76.55,11.05,2.72,32.85,7.49,Wheat,Vegetative,HEALTHY
20260724_123113,G_4_14,jpr_20240528_AB01_MS_aligned_sun-all,4,14,928,247,4300374.722503403,621341.584946709,0.5268103,0.09312276,3.185955e-05,0.9119318181818182,91.875,47.31897,4.6484324e-06,4.743622e-06,1.5268717e-05,32.39,74.72,13.38,1.44,45.23,7.16,Wheat,Vegetative,HEALTHY
20260724_123113,G_4_15,jpr_20240528_AB01_MS_aligned_sun-all,4,15,992,247,4300374.722503403,621344.7849466898,0.51852953,0.09280614,3.0590687e-05,0.8329545454545455,84.48863636363636,48.147045,4.6240566e-06,4.6062614e-06,1.4821357e-05,33.48,76.88,0.46,3.25,23.99,7.12,Wheat,Vegetative,HEALTHY
20260724_123113,G_4_16,jpr_20240528_AB01_MS_aligned_sun-all,4,16,1056,247,4300374.722503403,621347.9849466707,0.5815362,0.108884625,3.759109e-05,0.8764204545454546,88.69318181818183,41.846382,4.3066398e-06,4.9622786e-06,1.6837555e-05,28.58,65.74,3.16,2.75,25.29,7.09,Wheat,Vegetative,HEALTHY
20260724_123113,G_4_17,jpr_20240528_AB01_MS_aligned_sun-all,4,17,1120,247,4300374.722503403,621351.1849466516,0.51457775,0.0893653,3.1167194e-05,0.8485795454545455,85.71022727272727,48.542225,4.836449e-06,4.7399208e-06,1.5225938e-05,34.53,73.28,4.53,0.78,25.64,6.55,Wheat,Vegetative,HEALTHY
20260724_123113,G_4_18,jpr_20240528_AB01_MS_aligned_sun-all,4,18,1184,247,4300374.722503403,621354.3849466324,0.55654407,0.11290352,3.4646095e-05,0.8411931818181818,84.74431818181817,44.345592,4.474827e-06,4.8292263e-06,1.602401e-05,30.18,69.58,12.14,5.02,26.52,6.5,Wheat,Vegetative,HEALTHY
20260724_123113,G_4_19,jpr_20240528_AB01_MS_aligned_sun-all,4,19,1248,247,4300374.722503403,621357.5849466133,0.5299982,0.113945045,3.5026213e-05,0.8286931818181819,83.4659090909091,47.000183,5.041802e-06,5.244348e-06,1.6717728e-05,32.38,77.47,6.59,3.52,19.19,6.84,Wheat,Vegetative,HEALTHY
20260724_123113,G_4_20,jpr_20240528_AB01_MS_aligned_sun-all,4,20,1312,247,4300374.722503403,621360.7849465943,0.59419507,0.14851439,3.857908e-05,0.9255681818181818,93.32386363636364,40.580494,4.2932243e-06,4.869641e-06,1.7153485e-05,30.94,70.13,5.7,5.24,37.11,7.45,Wheat,Vegetative,HEALTHY
20260724_123113,G_4_21,jpr_20240528_AB01_MS_aligned_sun-all,4,21,1376,247,4300374.722503403,621363.9849465751,0.58423895,0.14939936,4.16397e-05,0.8630681818181818,87.1590909090909,41.576107,4.912112e-06,5.40659e-06,1.8792685e-05,31.95,69.16,4.14,4.63,34.43,6.58,Wheat,Vegetative,HEALTHY
20260724_123113,G_4_22,jpr_20240528_AB01_MS_aligned_sun-all,4,22,1440,247,4300374.722503403,621367.184946556,0.561712,0.14375588,3.599034e-05,0.9125,91.875,43.828796,4.5675133e-06,4.813787e-06,1.6564816e-05,33.29,70.35,3.47,2.87,24.25,6.91,Wheat,Vegetative,HEALTHY
20260724_123113,G_4_23,jpr_20240528_AB01_MS_aligned_sun-all,4,23,1504,247,4300374.722503403,621370.3849465369,0.5475771,0.14141074,3.4475874e-05,0.853125,85.99431818181819,45.24229,4.6578643e-06,4.9975965e-06,1.615031e-05,34.69,73.04,1.28,5.12,36.75,5.79,Wheat,Vegetative,HEALTHY
20260724_123113,G_4_24,jpr_20240528_AB01_MS_aligned_sun-all,4,24,1568,247,4300374.722503403,621373.5849465177,0.5822437,0.15199311,3.7045796e-05,0.9943181818181818,99.6590909090909,41.77563,4.371933e-06,4.7903345e-06,1.6721066e-05,31.39,67.45,4.79,3.16,28.0,6.48,Wheat,Vegetative,HEALTHY
20260724_123113,G_4_25,jpr_20240528_AB01_MS_aligned_sun-all,4,25,1632,247,4300374.722503403,621376.7849464986,0.5599693,0.14905372,3.5769153e-05,0.990625,99.0625,44.00307,4.6603463e-06,5.0424565e-06,1.6583917e-05,32.75,76.78,6.37,5.96,32.25,6.58,Wheat,Vegetative,HEALTHY
20260724_123113,G_4_26,jpr_20240528_AB01_MS_aligned_sun-all,4,26,1696,247,4300374.722503403,621379.9849464794,0.5396717,0.13263905,3.6922294e-05,0.569034090909091,57.24431818181818,46.03283,5.219819e-06,5.3667864e-06,1.7527822e-05,31.45,72.51,1.5,2.61,30.65,6.86,Wheat,Vegetative,HEALTHY
20260724_123113,G_5_9,jpr_20240528_AB01_MS_aligned_sun-all,5,9,608,302,4300371.972694432,621325.5849468046,0.5481938,0.12595306,3.2289594e-05,0.5204545454545455,52.61363636363636,45.18062,4.3965565e-06,4.7058115e-06,1.5160182e-05,30.7,76.8,0.6,1.7,30.31,6.58,Wheat,Vegetative,HEALTHY
20260724_123113,G_5_10,jpr_20240528_AB01_MS_aligned_sun-all,5,10,672,302,4300371.972694432,621328.7849467854,0.51437336,0.10237514,2.9353647e-05,0.9264204545454545,93.94886363636363,48.562664,4.530297e-06,4.6497603e-06,1.4315222e-05,31.82,68.41,6.59,3.66,30.49,7.3,Wheat,Vegetative,HEALTHY
20260724_123113,G_5_11,jpr_20240528_AB01_MS_aligned_sun-all,5,11,736,302,4300371.972694432,621331.9849467663,0.52623165,0.10377766,2.9925559e-05,0.9252840909090909,94.0909090909091,47.376835,4.383577e-06,4.544461e-06,1.4359147e-05,29.36,76.43,2.71,5.43,41.8,6.56,Wheat,Vegetative,HEALTHY
20260724_123113,G_5_12,jpr_20240528_AB01_MS_aligned_sun-all,5,12,800,302,4300371.972694432,621335.1849467471,0.5024501,0.07841883,2.9119206e-05,0.9553977272727273,96.5625,49.75499,4.67574e-06,4.461749e-06,1.4382523e-05,33.65,65.25,7.51,1.82,22.42,6.55,Wheat,Vegetative,HEALTHY
20260724_123113,G_5_13,jpr_20240528_AB01_MS_aligned_sun-all,5,13,864,302,4300371.972694432,621338.3849467281,0.5076093,0.08263528,2.9092329e-05,0.8420454545454545,85.0,49.23907,4.5436627e-06,4.539267e-06,1.4241481e-05,30.76,70.7,5.38,5.27,28.39,7.35,Wheat,Vegetative,HEALTHY
20260724_123113,G_5_14,jpr_20240528_AB01_MS_aligned_sun-all,5,14,928,302,4300371.972694432,621341.584946709,0.5073726,0.07439289,3.0195795e-05,0.7741477272727273,77.86931818181819,49.262737,4.698596e-06,4.556415e-06,1.4764266e-05,33.41,72.16,0.63,2.73,24.61,6.5,Wheat,Vegetative,HEALTHY
20260724_123113,G_5_15,jpr_20240528_AB01_MS_aligned_sun-all,5,15,992,302,4300371.972694432,621344.7849466898,0.5402555,0.10322678,3.0966316e-05,0.7701704545454545,77.7840909090909,45.974453,4.2899173e-06,4.5455704e-06,1.4612421e-05,34.17,59.2,2.6,5.48,35.27,6.22,Wheat,Vegetative,HEALTHY
20260724_123113,G_5_16,jpr_20240528_AB01_MS_aligned_sun-all,5,16,1056,302,4300371.972694432,621347.9849466707,0.52849114,0.08046616,3.135553e-05,0.8255681818181818,83.03977272727273,47.150887,4.5131355e-06,4.5135084e-06,1.4965399e-05,27.78,68.94,9.53,3.07,31.52,6.79,Wheat,Vegetative,HEALTHY
20260724_123113,G_5_17,jpr_20240528_AB01_MS_aligned_sun-all,5,17,1120,302,4300371.972694432,621351.1849466516,0.5625975,0.11111485,3.2096217e-05,0.8053977272727273,80.9375,43.74025,4.0758414e-06,4.497941e-06,1.4774993e-05,28.15,72.31,6.47,3.36,39.4,6.81,Wheat,Vegetative,HEALTHY
20260724_123113,G_5_18,jpr_20240528_AB01_MS_aligned_sun-all,5,18,1184,302,4300371.972694432,621354.3849466324,0.54193777,0.096940614,3.239223e-05,0.8130681818181819,81.9034090909091,45.806225,4.3982036e-06,4.5525226e-06,1.5196049e-05,31.06,63.88,5.31,0.92,30.09,6.85,Wheat,Vegetative,HEALTHY
20260724_123113,G_5_19,jpr_20240528_AB01_MS_aligned_sun-all,5,19,1248,302,4300371.972694432,621357.5849466133,0.58352935,0.13106012,3.6506244e-05,0.8474431818181818,85.39772727272728,41.647064,4.2352794e-06,4.762266e-06,1.6404541e-05,29.36,74.34,10.1,1.9,33.42,7.23,Wheat,Vegetative,HEALTHY
20260724_123113,G_5_20,jpr_20240528_AB01_MS_aligned_sun-all,5,20,1312,302,4300371.972694432,621360.7849465943,0.5731704,0.13879094,3.7993665e-05,0.8434659090909091,84.74431818181817,42.682957,4.586743e-06,4.9531704e-06,1.7251868e-05,32.12,76.68,1.19,3.03,46.02,6.61,Wheat,Vegetative,HEALTHY
20260724_123113,G_5_21,jpr_20240528_AB01_MS_aligned_sun-all,5,21,1376,302,4300371.972694432,621363.9849465751,0.59554267,0.14793928,4.161733e-05,0.9454545454545454,95.3125,40.445732,4.696675e-06,5.4590637e-06,1.856979e-05,31.19,78.79,7.22,2.68,31.88,6.39,Wheat,Vegetative,HEALTHY
20260724_123113,G_5_22,jpr_20240528_AB01_MS_aligned_sun-all,5,22,1440,302,4300371.972694432,621367.184946556,0.5742478,0.14219995,3.78029e-05,0.8434659090909091,84.94318181818183,42.575222,4.5476463e-06,5.013298e-06,1.7149176e-05,34.27,64.49,6.88,5.96,33.31,6.52,Wheat,Vegetative,HEALTHY
20260724_123113,G_5_23,jpr_20240528_AB01_MS_aligned_sun-all,5,23,1504,302,4300371.972694432,621370.3849465369,0.5809901,0.15143014,3.761405e-05,0.837215909090909,84.26136363636364,41.900993,4.3463024e-06,4.79327e-06,1.6884871e-05,28.82,68.37,2.37,3.29,34.36,6.96,Wheat,Vegetative,HEALTHY
20260724_123113,G_5_24,jpr_20240528_AB01_MS_aligned_sun-all,5,24,1568,302,4300371.972694432,621373.5849465177,0.56400174,0.14381994,3.6160254e-05,0.9380681818181819,94.46022727272727,43.599827,4.5995644e-06,4.8939714e-06,1.6653506e-05,28.58,69.71,4.05,5.11,26.63,6.33,Wheat,Vegetative,HEALTHY
20260724_123113,G_5_25,jpr_20240528_AB01_MS_aligned_sun-all,5,25,1632,302,4300371.972694432,621376.7849464986,0.54493856,0.13675256,3.4636927e-05,0.921875,93.0965909090909,45.50614,4.7568133e-06,4.957642e-06,1.6302954e-05,29.47,77.23,0.61,2.18,42.43,6.66,Wheat,Vegetative,HEALTHY
20260724_123113,G_5_26,jpr_20240528_AB01_MS_aligned_sun-all,5,26,1696,302,4300371.972694432,621379.9849464794,0.53247505,0.13559425,3.2071737e-05,0.9602272727272727,96.8465909090909,46.752495,4.667577e-06,4.638052e-06,1.5358593e-05,32.94,68.78,2.46,3.28,25.8,6.74,Wheat,Vegetative,HEALTHY
20260724_123113,G_5_27,jpr_20240528_AB01_MS_aligned_sun-all,5,27,1760,302,4300371.972694432,621383.1849464604,0.50499654,0.119663656,3.0335306e-05,0.8360795454545454,84.43181818181819,49.500347,4.870635e-06,4.5701818e-06,1.4982814e-05,31.49,73.74,6.32,5.29,34.5,6.79,Wheat,Vegetative,HEALTHY
20260724_123113,G_6_9,jpr_20240528_AB01_MS_aligned_sun-all,6,9,608,357,4300369.2228854615,621325.5849468046,0.5719103,0.13541767,3.3707136e-05,0.9073863636363636,91.5625,42.808968,4.169233e-06,4.6160817e-06,1.5405392e-05,32.16,65.24,11.34,2.87,35.03,7.07,Wheat,Vegetative,HEALTHY
20260724_123113,G_6_10,jpr_20240528_AB01_MS_aligned_sun-all,6,10,672,357,4300369.2228854615,621328.7849467854,0.5214656,0.10182703,2.904541e-05,0.9306818181818182,94.63068181818181,47.85344,4.39017e-06,4.4365092e-06,1.4072336e-05,33.42,74.98,1.35,5.16,38.63,6.63,Wheat,Vegetative,HEALTHY
20260724_123113,G_6_11,jpr_20240528_AB01_MS_aligned_sun-all,6,11,736,357,4300369.2228854615,621331.9849467663,0.5268188,0.09638076,2.94812e-05,0.9599431818181818,97.13068181818181,47.31812,4.305007e-06,4.3977525e-06,1.41324435e-05,28.68,76.11,7.37,1.9,32.3,7.22,Wheat,Vegetative,HEALTHY
20260724_123113,G_6_12,jpr_20240528_AB01_MS_aligned_sun-all,6,12,800,357,4300369.2228854615,621335.1849467471,0.47863576,0.0713037,2.6550666e-05,0.8201704545454546,82.8125,52.13642,4.7397743e-06,4.4154076e-06,1.35903265e-05,31.86,76.55,4.36,4.4,23.35,6.09,Wheat,Vegetative,HEALTHY
20260724_123113,G_6_13,jpr_20240528_AB01_MS_aligned_sun-all,6,13,864,357,4300369.2228854615,621338.3849467281,0.51909256,0.085263476,2.8094202e-05,0.8079545454545455,81.81818181818183,48.090744,4.16699e-06,4.203158e-06,1.3532068e-05,30.86,75.0,7.07,4.89,35.66,6.81,Wheat,Vegetative,HEALTHY
20260724_123113,G_6_14,jpr_20240528_AB01_MS_aligned_sun-all,6,14,928,357,4300369.2228854615,621341.584946709,0.50070167,0.08675403,2.6041158e-05,0.8045454545454546,81.16477272727273,49.929832,4.287635e-06,4.1297444e-06,1.2968325e-05,33.02,74.79,2.28,2.8,30.04,7.1,Wheat,Vegetative,HEALTHY
20260724_123113,G_6_15,jpr_20240528_AB01_MS_aligned_sun-all,6,15,992,357,4300369.2228854615,621344.7849466898,0.55182827,0.09457788,2.9844885e-05,0.7582386363636363,77.01704545454545,44.817173,3.8727053e-06,4.0350365e-06,1.3821365e-05,28.46,78.53,10.59,5.12,34.65,6.8,Wheat,Vegetative,HEALTHY
20260724_123113,G_6_16,jpr_20240528_AB01_MS_aligned_sun-all,6,16,1056,357,4300369.2228854615,621347.9849466707,0.5398233,0.094602525,3.012224e-05,0.8045454545454546,81.19318181818181,46.01767,4.1903063e-06,4.341635e-06,1.4231431e-05,34.19,65.68,11.56,5.67,36.28,6.62,Wheat,Vegetative,HEALTHY
20260724_123113,G_6_17,jpr_20240528_AB01_MS_aligned_sun-all,6,17,1120,357,4300369.2228854615,621351.1849466516,0.5229387,0.09029393,2.9082097e-05,0.7818181818181819,78.7215909090909,47.706127,4.2665984e-06,4.2627007e-06,1.3960996e-05,29.74,76.53,3.31,4.71,30.08,6.85,Wheat,Vegetative,HEALTHY
20260724_123113,G_6_18,jpr_20240528_AB01_MS_aligned_sun-all,6,18,1184,357,4300369.2228854615,621354.3849466324,0.57406473,0.11226256,3.5199893e-05,0.7789772727272727,78.4375,42.59353,4.1615426e-06,4.664573e-06,1.589533e-05,28.04,72.93,12.7,1.2,37.7,6.91,Wheat,Vegetative,HEALTHY
20260724_123113,G_6_19,jpr_20240528_AB01_MS_aligned_sun-all,6,19,1248,357,4300369.2228854615,621357.5849466133,0.5798453,0.12640539,3.5948528e-05,0.7963068181818181,80.42613636363637,42.01547,4.2594397e-06,4.7640838e-06,1.6242784e-05,33.44,67.85,11.8,5.69,43.04,7.22,Wheat,Vegetative,HEALTHY
20260724_123113,G_6_20,jpr_20240528_AB01_MS_aligned_sun-all,6,20,1312,357,4300369.2228854615,621360.7849465943,0.571173,0.13385472,3.85807e-05,0.825,83.21022727272728,42.882698,4.7105927e-06,5.2427663e-06,1.7571418e-05,33.18,82.28,5.51,1.88,33.18,6.51,Wheat,Vegetative,HEALTHY
20260724_123113,G_6_21,jpr_20240528_AB01_MS_aligned_sun-all,6,21,1376,357,4300369.2228854615,621363.9849465751,0.6051763,0.1516416,3.81365e-05,0.8954545454545455,90.08522727272728,39.48237,4.0381547e-06,4.779007e-06,1.6750868e-05,30.03,71.23,11.7,5.77,50.05,7.01,Wheat,Vegetative,HEALTHY
20260724_123113,G_6_22,jpr_20240528_AB01_MS_aligned_sun-all,6,22,1440,357,4300369.2228854615,621367.184946556,0.5601186,0.13364524,3.4996563e-05,0.7982954545454546,80.56818181818181,43.98814,4.4234e-06,4.929845e-06,1.6089412e-05,33.62,74.8,13.14,4.65,38.73,6.83,Wheat,Vegetative,HEALTHY
20260724_123113,G_6_23,jpr_20240528_AB01_MS_aligned_sun-all,6,23,1504,357,4300369.2228854615,621370.3849465369,0.5583877,0.1262668,3.4635854e-05,0.9161931818181818,92.35795454545455,44.161232,4.4859003e-06,4.7123594e-06,1.6031672e-05,31.66,72.21,8.93,5.58,38.8,6.89,Wheat,Vegetative,HEALTHY
20260724_123113,G_6_24,jpr_20240528_AB01_MS_aligned_sun-all,6,24,1568,357,4300369.2228854615,621373.5849465177,0.5458645,0.13894817,3.326958e-05,0.8392045454545455,84.74431818181817,45.413548,4.4860444e-06,4.8115025e-06,1.5576363e-05,31.21,66.73,13.44,0.74,31.26,6.6,Wheat,Vegetative,HEALTHY
20260724_123113,G_6_25,jpr_20240528_AB01_MS_aligned_sun-all,6,25,1632,357,4300369.2228854615,621376.7849464986,0.54272234,0.12809522,3.5602243e-05,0.8397727272727272,84.375,45.727764,4.8603847e-06,5.0699905e-06,1.6728325e-05,32.64,74.1,10.22,0.71,27.92,6.65,Wheat,Vegetative,HEALTHY
20260724_123113,G_6_26,jpr_20240528_AB01_MS_aligned_sun-all,6,26,1696,357,4300369.2228854615,621379.9849464794,0.5551099,0.13966985,3.560696e-05,0.8536931818181818,85.99431818181819,44.48901,4.684697e-06,4.9603796e-06,1.6554197e-05,31.91,70.29,10.01,1.1,30.67,6.19,Wheat,Vegetative,HEALTHY
20260724_123113,G_6_27,jpr_20240528_AB01_MS_aligned_sun-all,6,27,1760,357,4300369.2228854615,621383.1849464604,0.53429365,0.123104155,3.427973e-05,0.8542613636363636,85.9659090909091,46.570633,4.8497986e-06,4.805747e-06,1.627687e-05,30.81,68.21,8.89,3.79,36.16,6.27,Wheat,Vegetative,HEALTHY
20260724_123113,G_6_28,jpr_20240528_AB01_MS_aligned_sun-all,6,28,1824,357,4300369.2228854615,621386.3849464413,0.54957104,0.13302132,3.6644553e-05,0.9988636363636364,99.91477272727273,45.042896,4.9718105e-06,5.1918346e-06,1.7187213e-05,29.63,71.38,0.62,2.6,36.44,6.6,Wheat,Vegetative,HEALTHY
20260724_123113,G_6_29,jpr_20240528_AB01_MS_aligned_sun-all,6,29,1888,357,4300369.2228854615,621389.5849464221,0.529554,0.12030527,3.509176e-05,0.8946022727272728,89.6590909090909,47.044598,5.1673906e-06,5.114917e-06,1.686517e-05,32.76,64.38,4.04,2.42,34.33,6.85,Wheat,Vegetative,HEALTHY
20260724_123113,G_7_7,jpr_20240528_AB01_MS_aligned_sun-all,7,7,480,412,4300366.473076492,621319.1849468428,0.56338394,0.13746372,3.442216e-05,0.5227272727272727,52.27272727272727,43.661606,4.4054786e-06,4.80574e-06,1.5880003e-05,25.96,71.4,8.19,2.97,36.69,6.31,Wheat,Vegetative,HEALTHY
20260724_123113,G_7_8,jpr_20240528_AB01_MS_aligned_sun-all,7,8,544,412,4300366.473076492,621322.3849468237,0.5533858,0.1347778,3.3203745e-05,0.9522727272727273,96.81818181818181,44.66142,4.441329e-06,4.836185e-06,1.5509691e-05,27.29,63.73,4.22,3.98,29.21,6.36,Wheat,Vegetative,HEALTHY
20260724_123113,G_7_9,jpr_20240528_AB01_MS_aligned_sun-all,7,9,608,412,4300366.473076492,621325.5849468046,0.53618646,0.11919338,3.0883693e-05,0.9267045454545455,93.7784090909091,46.381355,4.356396e-06,4.648872e-06,1.465136e-05,27.13,60.97,3.55,5.36,26.95,7.39,Wheat,Vegetative,HEALTHY
20260724_123113,G_7_10,jpr_20240528_AB01_MS_aligned_sun-all,7,10,672,412,4300366.473076492,621328.7849467854,0.55767584,0.118319556,3.194793e-05,0.9801136363636364,98.83522727272728,44.232414,4.1491503e-06,4.4824583e-06,1.4798872e-05,33.79,74.91,5.24,3.05,30.52,6.78,Wheat,Vegetative,HEALTHY
20260724_123113,G_7_11,jpr_20240528_AB01_MS_aligned_sun-all,7,11,736,412,4300366.473076492,621331.9849467663,0.51490676,0.08285824,2.8945033e-05,0.8630681818181818,87.55681818181819,48.509323,4.454407e-06,4.512325e-06,1.4103118e-05,30.94,72.45,14.37,5.92,38.91,7.01,Wheat,Vegetative,HEALTHY
20260724_123113,G_7_12,jpr_20240528_AB01_MS_aligned_sun-all,7,12,800,412,4300366.473076492,621335.1849467471,0.4978279,0.0850097,2.6930631e-05,0.821875,82.86931818181819,50.217213,4.396546e-06,4.530199e-06,1.3373751e-05,30.13,66.07,14.0,1.0,24.53,6.97,Wheat,Vegetative,HEALTHY
20260724_123113,G_7_13,jpr_20240528_AB01_MS_aligned_sun-all,7,13,864,412,4300366.473076492,621338.3849467281,0.48857987,0.082828194,2.4623061e-05,0.7792613636363637,78.49431818181817,51.142014,4.1507833e-06,3.8337216e-06,1.2358751e-05,30.09,64.22,7.25,1.67,36.16,6.99,Wheat,Vegetative,HEALTHY
20260724_123113,G_7_14,jpr_20240528_AB01_MS_aligned_sun-all,7,14,928,412,4300366.473076492,621341.584946709,0.5522702,0.103443705,2.7564094e-05,0.8457386363636363,85.9375,44.772984,3.6199403e-06,3.8416506e-06,1.2808282e-05,26.28,75.8,11.06,4.61,37.4,7.23,Wheat,Vegetative,HEALTHY
20260724_123113,G_7_15,jpr_20240528_AB01_MS_aligned_sun-all,7,15,992,412,4300366.473076492,621344.7849466898,0.5529443,0.096507825,2.8761317e-05,0.7965909090909091,80.45454545454545,44.70557,3.7583543e-06,3.852043e-06,1.3345797e-05,33.44,73.72,5.9,2.12,38.3,6.4,Wheat,Vegetative,HEALTHY
20260724_123113,G_7_16,jpr_20240528_AB01_MS_aligned_sun-all,7,16,1056,412,4300366.473076492,621347.9849466707,0.5502336,0.099240564,3.1249427e-05,0.8167613636363636,82.13068181818181,44.97664,4.135251e-06,4.5485467e-06,1.4552125e-05,33.74,70.54,2.65,1.37,34.26,6.67,Wheat,Vegetative,HEALTHY
20260724_123113,G_7_17,jpr_20240528_AB01_MS_aligned_sun-all,7,17,1120,412,4300366.473076492,621351.1849466516,0.54460573,0.100277565,3.0136262e-05,0.8150568181818182,81.9034090909091,45.53943,4.00565e-06,4.1407443e-06,1.4051451e-05,31.31,73.13,12.97,2.71,34.94,6.98,Wheat,Vegetative,HEALTHY
20260724_123113,G_7_18,jpr_20240528_AB01_MS_aligned_sun-all,7,18,1184,412,4300366.473076492,621354.3849466324,0.58529234,0.11840666,3.3454195e-05,0.815625,82.1590909090909,41.470764,3.8567887e-06,4.225824e-06,1.5008617e-05,28.75,63.26,1.27,4.37,39.1,6.72,Wheat,Vegetative,HEALTHY
20260724_123113,G_7_19,jpr_20240528_AB01_MS_aligned_sun-all,7,19,1248,412,4300366.473076492,621357.5849466133,0.5479984,0.12042558,3.251366e-05,0.8153409090909091,82.1875,45.200157,4.335431e-06,4.489672e-06,1.5173754e-05,29.83,68.76,13.4,2.44,22.46,6.45,Wheat,Vegetative,HEALTHY
20260724_123113,G_7_20,jpr_20240528_AB01_MS_aligned_sun-all,7,20,1312,412,4300366.473076492,621360.7849465943,0.5314157,0.12106447,3.0276906e-05,0.8335227272727272,83.97727272727272,46.85843,4.318125e-06,4.340443e-06,1.4410817e-05,32.87,68.47,10.67,2.81,35.36,6.94,Wheat,Vegetative,HEALTHY
20260724_123113,G_7_21,jpr_20240528_AB01_MS_aligned_sun-all,7,21,1376,412,4300366.473076492,621363.9849465751,0.53020376,0.11576275,3.146386e-05,0.8139204545454546,82.01704545454545,46.979626,4.558111e-06,4.715085e-06,1.5046482e-05,29.34,69.6,3.89,4.94,29.13,6.24,Wheat,Vegetative,HEALTHY
20260724_123113,G_7_22,jpr_20240528_AB01_MS_aligned_sun-all,7,22,1440,412,4300366.473076492,621367.184946556,0.5721977,0.12584573,3.6106157e-05,0.8326704545454545,83.55113636363637,42.78023,4.3481805e-06,4.8117095e-06,1.638408e-05,30.48,75.01,14.34,4.38,42.39,6.88,Wheat,Vegetative,HEALTHY
20260724_123113,G_7_23,jpr_20240528_AB01_MS_aligned_sun-all,7,23,1504,412,4300366.473076492,621370.3849465369,0.54022586,0.122996636,3.3046315e-05,0.8011363636363636,80.76704545454545,45.977413,4.6099854e-06,4.8342854e-06,1.5625877e-05,29.8,76.83,9.09,4.85,29.69,6.49,Wheat,Vegetative,HEALTHY
20260724_123113,G_7_24,jpr_20240528_AB01_MS_aligned_sun-all,7,24,1568,412,4300366.473076492,621373.5849465177,0.5410933,0.12431836,3.263855e-05,0.8278409090909091,83.4090909090909,45.89067,4.4913095e-06,4.7087833e-06,1.5371268e-05,31.51,69.02,4.64,1.72,44.78,7.0,Wheat,Vegetative,HEALTHY
20260724_123113,G_7_25,jpr_20240528_AB01_MS_aligned_sun-all,7,25,1632,412,4300366.473076492,621376.7849464986,0.5542005,0.13426545,3.6177014e-05,0.8306818181818182,83.69318181818181,44.579952,4.792959e-06,5.1302463e-06,1.6852493e-05,31.63,63.97,10.16,1.5,32.63,6.78,Wheat,Vegetative,HEALTHY
20260724_123113,G_7_26,jpr_20240528_AB01_MS_aligned_sun-all,7,26,1696,412,4300366.473076492,621379.9849464794,0.5215867,0.114210375,3.2609336e-05,0.8269886363636364,83.38068181818183,47.841328,4.826642e-06,4.7240046e-06,1.5696878e-05,32.89,71.49,9.58,2.6,35.44,7.06,Wheat,Vegetative,HEALTHY
20260724_123113,G_7_27,jpr_20240528_AB01_MS_aligned_sun-all,7,27,1760,412,4300366.473076492,621383.1849464604,0.54884297,0.1285572,3.564135e-05,0.8727272727272727,88.0965909090909,45.115704,4.8323027e-06,4.9976516e-06,1.6713273e-05,29.86,70.66,11.29,1.78,24.01,6.78,Wheat,Vegetative,HEALTHY
20260724_123113,G_7_28,jpr_20240528_AB01_MS_aligned_sun-all,7,28,1824,412,4300366.473076492,621386.3849464413,0.5503369,0.120133094,3.693827e-05,0.9178977272727272,92.07386363636364,44.96631,4.8501224e-06,5.0230237e-06,1.7163438e-05,30.91,67.34,9.89,2.69,38.07,6.66,Wheat,Vegetative,HEALTHY
20260724_123113,G_7_29,jpr_20240528_AB01_MS_aligned_sun-all,7,29,1888,412,4300366.473076492,621389.5849464221,0.57953465,0.14301606,3.9227714e-05,0.9076704545454546,91.70454545454545,42.046535,4.5870934e-06,5.191722e-06,1.7663604e-05,28.59,73.99,1.79,3.47,32.91,6.89,Wheat,Vegetative,HEALTHY
20260724_123113,G_7_30,jpr_20240528_AB01_MS_aligned_sun-all,7,30,1952,412,4300366.473076492,621392.784946403,0.5397838,0.123909116,3.5192217e-05,0.9721590909090909,97.44318181818183,46.02162,4.9306705e-06,5.013164e-06,1.666193e-05,29.79,63.65,5.72,2.11,37.37,6.14,Wheat,Vegetative,HEALTHY
20260724_123113,G_7_31,jpr_20240528_AB01_MS_aligned_sun-all,7,31,2016,412,4300366.473076492,621395.9849463839,0.5377714,0.13268779,3.3834156e-05,0.7301136363636364,73.4659090909091,46.22286,4.8228126e-06,5.2249716e-06,1.6101347e-05,31.79,75.02,9.59,1.12,37.19,6.76,Wheat,Vegetative,HEALTHY
20260724_123113,G_8_7,jpr_20240528_AB01_MS_aligned_sun-all,8,7,480,467,4300363.723267521,621319.1849468428,0.39889443,0.054458942,2.8096052e-05,0.9980113636363637,99.80113636363637,60.110558,7.126008e-06,7.1647896e-06,1.6491802e-05,32.23,70.98,6.01,4.36,37.54,7.23,Wheat,Vegetative,HEALTHY
20260724_123113,G_8_8,jpr_20240528_AB01_MS_aligned_sun-all,8,8,544,467,4300363.723267521,621322.3849468237,0.49114197,0.10329746,3.0782612e-05,1.0,100.0,50.885803,5.393458e-06,5.654179e-06,1.5654765e-05,34.91,61.5,9.29,5.2,35.08,6.48,Wheat,Vegetative,HEALTHY
20260724_123113,G_8_9,jpr_20240528_AB01_MS_aligned_sun-all,8,9,608,467,4300363.723267521,621325.5849468046,0.5618588,0.12188738,3.3307217e-05,1.0,100.0,43.81412,4.2849733e-06,4.854444e-06,1.538782e-05,31.04,62.33,12.5,4.89,29.64,6.43,Wheat,Vegetative,HEALTHY
20260724_123113,G_8_10,jpr_20240528_AB01_MS_aligned_sun-all,8,10,672,467,4300363.723267521,621328.7849467854,0.5531775,0.10744898,3.2775464e-05,1.0,100.0,44.68225,4.3494824e-06,4.834259e-06,1.5275074e-05,32.34,69.47,1.91,5.67,28.4,6.91,Wheat,Vegetative,HEALTHY
20260724_123113,G_8_11,jpr_20240528_AB01_MS_aligned_sun-all,8,11,736,467,4300363.723267521,621331.9849467663,0.527452,0.09154239,3.0165933e-05,0.9008522727272728,91.44886363636363,47.2548,4.459859e-06,4.7992135e-06,1.4515557e-05,27.45,71.4,4.54,0.78,30.59,6.86,Wheat,Vegetative,HEALTHY
20260724_123113,G_8_12,jpr_20240528_AB01_MS_aligned_sun-all,8,12,800,467,4300363.723267521,621335.1849467471,0.48196784,0.0837574,2.4536057e-05,0.7755681818181818,78.32386363636363,51.80322,4.3366986e-06,4.1481903e-06,1.2515665e-05,27.35,74.07,7.27,4.45,36.45,6.63,Wheat,Vegetative,HEALTHY
20260724_123113,G_8_13,jpr_20240528_AB01_MS_aligned_sun-all,8,13,864,467,4300363.723267521,621338.3849467281,0.5640588,0.11015975,2.9607725e-05,0.7636363636363637,77.27272727272727,43.594124,3.6931622e-06,4.0608898e-06,1.3562755e-05,32.36,74.31,14.06,1.47,26.29,7.04,Wheat,Vegetative,HEALTHY
20260724_123113,G_8_14,jpr_20240528_AB01_MS_aligned_sun-all,8,14,928,467,4300363.723267521,621341.584946709,0.54385436,0.096793324,2.693344e-05,0.8198863636363637,83.26704545454545,45.614563,3.6663625e-06,3.7953387e-06,1.2644477e-05,27.79,71.25,13.57,4.13,25.5,7.23,Wheat,Vegetative,HEALTHY
20260724_123113,G_8_15,jpr_20240528_AB01_MS_aligned_sun-all,8,15,992,467,4300363.723267521,621344.7849466898,0.5738463,0.117002465,3.2513508e-05,0.8221590909090909,82.7840909090909,42.61537,3.9784845e-06,4.456197e-06,1.4816734e-05,29.55,74.54,8.2,3.66,35.02,6.8,Wheat,Vegetative,HEALTHY
20260724_123113,G_8_16,jpr_20240528_AB01_MS_aligned_sun-all,8,16,1056,467,4300363.723267521,621347.9849466707,0.5423961,0.10279098,2.8250228e-05,0.7928977272727272,79.88636363636363,45.760387,3.8325607e-06,3.9361166e-06,1.3249636e-05,35.36,64.84,3.64,1.41,27.27,5.96,Wheat,Vegetative,HEALTHY
20260724_123113,G_8_17,jpr_20240528_AB01_MS_aligned_sun-all,8,17,1120,467,4300363.723267521,621351.1849466516,0.56441367,0.11775728,3.0670555e-05,0.7960227272727273,80.05681818181817,43.55863,3.850034e-06,4.1223057e-06,1.407393e-05,28.56,67.78,14.14,5.06,35.43,6.72,Wheat,Vegetative,HEALTHY
20260724_123113,G_8_18,jpr_20240528_AB01_MS_aligned_sun-all,8,18,1184,467,4300363.723267521,621354.3849466324,0.5369598,0.10374046,2.8798622e-05,0.7389204545454545,74.6875,46.304016,3.947842e-06,3.9788324e-06,1.3547731e-05,30.11,68.92,2.46,4.11,35.95,7.21,Wheat,Vegetative,HEALTHY
20260724_123113,G_8_19,jpr_20240528_AB01_MS_aligned_sun-all,8,19,1248,467,4300363.723267521,621357.5849466133,0.55038226,0.12655124,3.1273725e-05,0.7866477272727272,79.26136363636364,44.961773,4.120873e-06,4.4245085e-06,1.4545852e-05,32.76,78.86,1.88,2.99,29.02,6.62,Wheat,Vegetative,HEALTHY
20260724_123113,G_8_20,jpr_20240528_AB01_MS_aligned_sun-all,8,20,1312,467,4300363.723267521,621360.7849465943,0.5187833,0.10566705,2.791891e-05,0.7176136363636364,72.8125,48.121674,4.2397046e-06,4.1171356e-06,1.3546344e-05,32.54,72.06,11.49,5.87,35.79,6.95,Wheat,Vegetative,HEALTHY
20260724_123113,G_8_21,jpr_20240528_AB01_MS_aligned_sun-all,8,21,1376,467,4300363.723267521,621363.9849465751,0.5358134,0.116691224,3.0170117e-05,0.7892045454545454,79.60227272727273,46.41866,4.205048e-06,4.6296423e-06,1.4262137e-05,30.5,80.67,6.62,1.27,36.15,6.07,Wheat,Vegetative,HEALTHY
20260724_123113,G_8_22,jpr_20240528_AB01_MS_aligned_sun-all,8,22,1440,467,4300363.723267521,621367.184946556,0.55311304,0.11677084,3.286316e-05,0.8113636363636364,81.78977272727272,44.688694,4.289406e-06,4.5409993e-06,1.52442335e-05,33.74,70.63,10.01,1.24,25.34,6.49,Wheat,Vegetative,HEALTHY
20260724_123113,G_8_23,jpr_20240528_AB01_MS_aligned_sun-all,8,23,1504,467,4300363.723267521,621370.3849465369,0.54402196,0.12040564,3.2025364e-05,0.8073863636363636,81.36363636363636,45.597805,4.3704454e-06,4.687598e-06,1.504599e-05,32.49,77.04,4.78,5.78,30.47,6.98,Wheat,Vegetative,HEALTHY
20260724_123113,G_8_24,jpr_20240528_AB01_MS_aligned_sun-all,8,24,1568,467,4300363.723267521,621373.5849465177,0.52670014,0.11574619,3.201023e-05,0.8230113636363636,82.61363636363637,47.329987,4.7148174e-06,4.7897092e-06,1.5385333e-05,31.34,73.65,6.8,1.01,32.56,6.88,Wheat,Vegetative,HEALTHY
20260724_123113,G_8_25,jpr_20240528_AB01_MS_aligned_sun-all,8,25,1632,467,4300363.723267521,621376.7849464986,0.54109067,0.12231578,3.5158668e-05,0.8667613636363637,87.4715909090909,45.890934,4.9226487e-06,5.2266946e-06,1.6642718e-05,29.68,71.92,5.08,1.75,46.81,6.98,Wheat,Vegetative,HEALTHY
20260724_123113,G_8_26,jpr_20240528_AB01_MS_aligned_sun-all,8,26,1696,467,4300363.723267521,621379.9849464794,0.547554,0.11811526,3.6477046e-05,0.8303977272727273,83.63636363636363,45.2446,4.843123e-06,5.095178e-06,1.7002687e-05,31.77,82.45,10.71,4.54,41.17,6.24,Wheat,Vegetative,HEALTHY
20260724_123113,G_8_27,jpr_20240528_AB01_MS_aligned_sun-all,8,27,1760,467,4300363.723267521,621383.1849464604,0.55754155,0.12190506,3.520565e-05,0.9670454545454545,97.07386363636363,44.245846,4.6012638e-06,4.8833813e-06,1.633698e-05,31.2,74.4,0.74,4.58,27.3,7.07,Wheat,Vegetative,HEALTHY
20260724_123113,G_8_28,jpr_20240528_AB01_MS_aligned_sun-all,8,28,1824,467,4300363.723267521,621386.3849464413,0.54224735,0.11992029,3.664328e-05,0.8590909090909091,86.73295454545455,45.775265,5.031481e-06,5.318798e-06,1.7246468e-05,29.01,69.45,6.96,1.65,37.47,6.82,Wheat,Vegetative,HEALTHY
20260724_123113,G_8_29,jpr_20240528_AB01_MS_aligned_sun-all,8,29,1888,467,4300363.723267521,621389.5849464221,0.5454333,0.12438444,3.5945486e-05,0.8852272727272728,89.00568181818181,45.456673,4.792245e-06,5.043559e-06,1.6774613e-05,30.96,69.74,12.32,4.25,40.0,7.27,Wheat,Vegetative,HEALTHY
20260724_123113,G_8_30,jpr_20240528_AB01_MS_aligned_sun-all,8,30,1952,467,4300363.723267521,621392.784946403,0.5535445,0.12867364,3.504694e-05,0.9394886363636363,94.57386363636363,44.645546,4.6419973e-06,5.1148754e-06,1.6324813e-05,30.54,69.92,2.76,1.27,33.89,6.89,Wheat,Vegetative,HEALTHY
20260724_123113,G_8_31,jpr_20240528_AB01_MS_aligned_sun-all,8,31,2016,467,4300363.723267521,621395.9849463839,0.5371979,0.12772243,3.475902e-05,0.9511363636363637,95.56818181818181,46.280212,4.904497e-06,5.2447995e-06,1.6491347e-05,34.81,64.56,10.75,5.03,41.5,6.7,Wheat,Vegetative,HEALTHY
20260724_123113,G_8_32,jpr_20240528_AB01_MS_aligned_sun-all,8,32,2080,467,4300363.723267521,621399.1849463647,0.55699635,0.14298476,3.7736532e-05,0.9301136363636363,93.32386363636364,44.300365,4.9930986e-06,5.737091e-06,1.757252e-05,31.46,65.94,3.25,4.3,28.09,7.23,Wheat,Vegetative,HEALTHY
20260724_123113,G_8_33,jpr_20240528_AB01_MS_aligned_sun-all,8,33,2144,467,4300363.723267521,621402.3849463456,0.55940276,0.14477672,3.923049e-05,0.743465909090909,74.3465909090909,44.059723,5.0892904e-06,5.570058e-06,1.8166744e-05,30.49,71.05,13.02,1.56,37.52,7.26,Wheat,Vegetative,HEALTHY
20260724_123113,G_9_6,jpr_20240528_AB01_MS_aligned_sun-all,9,6,416,522,4300360.973458551,621315.9849468619,0.596979,0.14846413,3.7226837e-05,0.5267045454545455,53.125,40.302097,4.1366575e-06,4.6018763e-06,1.6546126e-05,31.5,74.38,8.81,5.65,32.68,6.87,Wheat,Vegetative,HEALTHY
20260724_123113,G_9_7,jpr_20240528_AB01_MS_aligned_sun-all,9,7,480,522,4300360.973458551,621319.1849468428,0.44830218,0.08327975,2.758475e-05,1.0,100.0,55.169785,5.7678935e-06,5.6100403e-06,1.49631915e-05,33.28,69.13,13.1,2.1,32.23,6.25,Wheat,Vegetative,HEALTHY
20260724_123113,G_9_8,jpr_20240528_AB01_MS_aligned_sun-all,9,8,544,522,4300360.973458551,621322.3849468237,0.38205442,0.044382833,2.5717098e-05,1.0,100.0,61.794556,6.992101e-06,6.9188936e-06,1.5564854e-05,30.7,73.31,6.03,0.86,30.6,6.5,Wheat,Vegetative,HEALTHY
20260724_123113,G_9_9,jpr_20240528_AB01_MS_aligned_sun-all,9,9,608,522,4300360.973458551,621325.5849468046,0.4180109,0.051407434,2.7919965e-05,1.0,100.0,58.19891,6.5119366e-06,6.8385693e-06,1.5819007e-05,29.95,73.83,8.2,4.09,27.69,6.75,Wheat,Vegetative,HEALTHY
20260724_123113,G_9_10,jpr_20240528_AB01_MS_aligned_sun-all,9,10,672,522,4300360.973458551,621328.7849467854,0.4988823,0.08401078,2.9794473e-05,1.0,100.0,50.11177,5.0439276e-06,5.4820875e-06,1.4975818e-05,33.41,77.08,0.13,0.51,30.2,6.68,Wheat,Vegetative,HEALTHY
20260724_123113,G_9_11,jpr_20240528_AB01_MS_aligned_sun-all,9,11,736,522,4300360.973458551,621331.9849467663,0.52464694,0.097697824,2.9570758e-05,0.9397727272727273,94.26136363636364,47.535305,4.4198127e-06,4.8295847e-06,1.4277107e-05,31.18,71.65,14.83,0.75,34.02,6.87,Wheat,Vegetative,HEALTHY
20260724_123113,G_9_12,jpr_20240528_AB01_MS_aligned_sun-all,9,12,800,522,4300360.973458551,621335.1849467471,0.52211726,0.09918337,2.7092909e-05,0.7832386363636363,79.51704545454545,47.788273,4.054377e-06,4.2414918e-06,1.30856615e-05,31.7,70.02,3.37,2.84,43.73,6.78,Wheat,Vegetative,HEALTHY
20260724_123113,G_9_13,jpr_20240528_AB01_MS_aligned_sun-all,9,13,864,522,4300360.973458551,621338.3849467281,0.57230633,0.121098235,3.049131e-05,0.8295454545454546,83.4659090909091,42.769367,3.7291402e-06,4.22271e-06,1.3893276e-05,31.72,77.29,4.09,0.9,34.14,6.87,Wheat,Vegetative,HEALTHY
20260724_123113,G_9_14,jpr_20240528_AB01_MS_aligned_sun-all,9,14,928,522,4300360.973458551,621341.584946709,0.55495447,0.11061399,3.0589785e-05,0.803125,81.13636363636364,44.504555,4.019522e-06,4.4210765e-06,1.4216495e-05,31.08,75.76,6.35,4.57,31.32,6.54,Wheat,Vegetative,HEALTHY
20260724_123113,G_9_15,jpr_20240528_AB01_MS_aligned_sun-all,9,15,992,522,4300360.973458551,621344.7849466898,0.5724379,0.12291703,3.259823e-05,0.80625,81.36363636363636,42.75621,3.9480997e-06,4.42633e-06,1.4814595e-05,29.64,76.62,4.82,1.5,33.79,6.72,Wheat,Vegetative,HEALTHY
20260724_123113,G_9_16,jpr_20240528_AB01_MS_aligned_sun-all,9,16,1056,522,4300360.973458551,621347.9849466707,0.55094385,0.11751936,2.981315e-05,0.8005681818181818,80.51136363636363,44.905617,3.917824e-06,4.107105e-06,1.3855905e-05,28.79,72.56,4.91,5.96,28.6,6.46,Wheat,Vegetative,HEALTHY
20260724_123113,G_9_17,jpr_20240528_AB01_MS_aligned_sun-all,9,17,1120,522,4300360.973458551,621351.1849466516,0.5562584,0.11647206,2.942275e-05,0.8184659090909091,82.41477272727272,44.37416,3.84225e-06,3.978072e-06,1.3650184e-05,28.37,74.94,10.78,3.86,32.6,6.59,Wheat,Vegetative,HEALTHY
20260724_123113,G_9_18,jpr_20240528_AB01_MS_aligned_sun-all,9,18,1184,522,4300360.973458551,621354.3849466324,0.5218096,0.11612203,2.865165e-05,0.7818181818181819,78.89204545454545,47.819042,4.3055047e-06,4.5130214e-06,1.3856408e-05,30.32,66.84,10.48,3.12,38.64,6.31,Wheat,Vegetative,HEALTHY
20260724_123113,G_9_19,jpr_20240528_AB01_MS_aligned_sun-all,9,19,1248,522,4300360.973458551,621357.5849466133,0.51605976,0.11378604,2.6981677e-05,0.756534090909091,76.81818181818181,48.394024,4.14159e-06,4.1519556e-06,1.3135798e-05,29.84,71.35,9.97,0.71,27.64,7.19,Wheat,Vegetative,HEALTHY
20260724_123113,G_9_20,jpr_20240528_AB01_MS_aligned_sun-all,9,20,1312,522,4300360.973458551,621360.7849465943,0.54308176,0.12033795,2.9357121e-05,0.8210227272727273,82.98295454545455,45.691826,3.9893644e-06,4.3253326e-06,1.3775431e-05,29.03,72.46,2.63,1.65,28.08,6.78,Wheat,Vegetative,HEALTHY
20260724_123113,G_9_21,jpr_20240528_AB01_MS_aligned_sun-all,9,21,1376,522,4300360.973458551,621363.9849465751,0.5479032,0.11082665,3.081095e-05,0.7977272727272727,80.3125,45.209682,4.133673e-06,4.367755e-06,1.4404376e-05,35.09,63.21,12.37,3.41,25.04,7.06,Wheat,Vegetative,HEALTHY
20260724_123113,G_9_22,jpr_20240528_AB01_MS_aligned_sun-all,9,22,1440,522,4300360.973458551,621367.184946556,0.55248475,0.120982386,3.163076e-05,0.8011363636363636,80.79545454545455,44.751526,4.157787e-06,4.5365505e-06,1.470178e-05,30.63,75.42,6.67,3.03,28.88,6.96,Wheat,Vegetative,HEALTHY
20260724_123113,G_9_23,jpr_20240528_AB01_MS_aligned_sun-all,9,23,1504,522,4300360.973458551,621370.3849465369,0.5369757,0.10752949,2.991832e-05,0.8119318181818181,81.5909090909091,46.302433,4.1823046e-06,4.3726036e-06,1.4155452e-05,30.08,68.84,4.91,0.7,27.57,6.99,Wheat,Vegetative,HEALTHY
20260724_123113,G_9_24,jpr_20240528_AB01_MS_aligned_sun-all,9,24,1568,522,4300360.973458551,621373.5849465177,0.5325851,0.1188808,3.3994223e-05,0.8267045454545454,83.52272727272727,46.741493,4.9376567e-06,5.1264656e-06,1.6269552e-05,27.59,65.41,5.2,2.72,36.71,6.76,Wheat,Vegetative,HEALTHY
20260724_123113,G_9_25,jpr_20240528_AB01_MS_aligned_sun-all,9,25,1632,522,4300360.973458551,621376.7849464986,0.5226026,0.101977624,3.2955915e-05,0.8176136363636364,82.38636363636364,47.73974,4.8639617e-06,4.948728e-06,1.5849733e-05,28.41,78.29,5.31,1.25,22.22,6.9,Wheat,Vegetative,HEALTHY
20260724_123113,G_9_26,jpr_20240528_AB01_MS_aligned_sun-all,9,26,1696,522,4300360.973458551,621379.9849464794,0.5128112,0.106257886,3.3030927e-05,0.8633522727272728,87.2159090909091,48.71888,5.2104e-06,5.3077974e-06,1.6221189e-05,30.63,71.87,5.07,3.53,24.1,6.99,Wheat,Vegetative,HEALTHY
20260724_123113,G_9_27,jpr_20240528_AB01_MS_aligned_sun-all,9,27,1760,522,4300360.973458551,621383.1849464604,0.5144748,0.097647235,3.3620672e-05,0.8642045454545455,86.96022727272728,48.55252,5.217609e-06,5.1030966e-06,1.6424994e-05,32.03,70.3,6.51,4.46,27.54,6.63,Wheat,Vegetative,HEALTHY
20260724_123113,G_9_28,jpr_20240528_AB01_MS_aligned_sun-all,9,28,1824,522,4300360.973458551,621386.3849464413,0.56593513,0.12234222,3.9202834e-05,0.8443181818181819,85.17045454545455,43.406487,4.8531574e-06,5.3926433e-06,1.7921378e-05,27.62,68.91,10.88,5.34,22.24,7.22,Wheat,Vegetative,HEALTHY
20260724_123113,G_9_29,jpr_20240528_AB01_MS_aligned_sun-all,9,29,1888,522,4300360.973458551,621389.5849464221,0.5258351,0.1082136,3.3643628e-05,0.9045454545454545,91.16477272727272,47.41649,4.9349055e-06,5.0774734e-06,1.6149934e-05,27.61,69.39,14.09,5.22,37.07,7.18,Wheat,Vegetative,HEALTHY
20260724_123113,G_9_30,jpr_20240528_AB01_MS_aligned_sun-all,9,30,1952,522,4300360.973458551,621392.784946403,0.52458704,0.11271528,3.383094e-05,0.8539772727272728,85.99431818181819,47.541298,5.0097015e-06,5.3620024e-06,1.6287171e-05,29.35,79.9,7.69,0.85,28.17,6.3,Wheat,Vegetative,HEALTHY
20260724_123113,G_9_31,jpr_20240528_AB01_MS_aligned_sun-all,9,31,2016,522,4300360.973458551,621395.9849463839,0.53782755,0.1248603,3.6510428e-05,1.0,100.0,46.217243,5.1445213e-06,5.5610376e-06,1.7315224e-05,32.57,76.29,1.49,1.06,35.29,6.51,Wheat,Vegetative,HEALTHY
20260724_123113,G_9_32,jpr_20240528_AB01_MS_aligned_sun-all,9,32,2080,522,4300360.973458551,621399.1849463647,0.5450453,0.13636549,3.707953e-05,1.0,100.0,45.49547,5.149317e-06,5.6513177e-06,1.7509734e-05,30.67,70.83,13.89,4.25,33.24,7.58,Wheat,Vegetative,HEALTHY
20260724_123113,G_9_33,jpr_20240528_AB01_MS_aligned_sun-all,9,33,2144,522,4300360.973458551,621402.3849463456,0.54255855,0.14297594,3.5172783e-05,0.962215909090909,97.5284090909091,45.744144,4.90089e-06,5.1477355e-06,1.6625665e-05,27.41,67.9,13.65,2.99,36.02,6.5,Wheat,Vegetative,HEALTHY
20260724_123113,G_9_34,jpr_20240528_AB01_MS_aligned_sun-all,9,34,2208,522,4300360.973458551,621405.5849463266,0.53080356,0.14502653,3.2321877e-05,0.9917613636363637,99.26136363636363,46.919643,4.66233e-06,4.8131524e-06,1.5436734e-05,29.31,67.09,5.54,5.1,43.67,6.44,Wheat,Vegetative,HEALTHY
20260724_123113,G_9_35,jpr_20240528_AB01_MS_aligned_sun-all,9,35,2272,522,4300360.973458551,621408.7849463074,0.5327718,0.14514,3.4408848e-05,0.5951704545454546,59.91477272727273,46.722816,4.884101e-06,5.038706e-06,1.6354223e-05,28.98,70.64,9.37,4.16,37.05,6.75,Wheat,Vegetative,HEALTHY
20260724_123113,G_10_6,jpr_20240528_AB01_MS_aligned_sun-all,10,6,416,577,4300358.22364958,621315.9849468619,0.61160666,0.16427135,3.797167e-05,0.7741477272727273,78.29545454545455,38.839333,3.8143194e-06,4.4945486e-06,1.6472084e-05,29.88,68.21,13.57,4.65,36.3,6.91,Wheat,Vegetative,HEALTHY
20260724_123113,G_10_7,jpr_20240528_AB01_MS_aligned_sun-all,10,7,480,577,4300358.22364958,621319.1849468428,0.5430543,0.13154496,3.0534437e-05,0.8377840909090909,84.4034090909091,45.694572,4.093697e-06,4.4836133e-06,1.4272234e-05,32.15,68.6,14.99,5.97,29.05,7.16,Wheat,Vegetative,HEALTHY
20260724_123113,G_10_8,jpr_20240528_AB01_MS_aligned_sun-all,10,8,544,577,4300358.22364958,621322.3849468237,0.5059747,0.10477629,2.9263394e-05,0.8778409090909091,88.38068181818181,49.40253,4.70218e-06,4.9522178e-06,1.4457027e-05,31.01,75.59,5.89,1.8,28.15,6.63,Wheat,Vegetative,HEALTHY
20260724_123113,G_10_9,jpr_20240528_AB01_MS_aligned_sun-all,10,9,608,577,4300358.22364958,621325.5849468046,0.42870864,0.05773544,2.5338648e-05,0.9940340909090909,99.4034090909091,57.12913,5.6468352e-06,5.586357e-06,1.4093385e-05,32.32,73.45,8.99,2.41,35.96,7.36,Wheat,Vegetative,HEALTHY
20260724_123113,G_10_10,jpr_20240528_AB01_MS_aligned_sun-all,10,10,672,577,4300358.22364958,621328.7849467854,0.36363193,0.021417141,2.3270517e-05,1.0,100.0,63.636803,6.816268e-06,6.8038357e-06,1.457344e-05,31.29,70.7,6.73,0.54,38.38,6.54,Wheat,Vegetative,MODERATE
20260724_123113,G_10_11,jpr_20240528_AB01_MS_aligned_sun-all,10,11,736,577,4300358.22364958,621331.9849467663,0.4183623,0.049781974,2.6442183e-05,1.0,100.0,58.163773,6.2884505e-06,6.5972945e-06,1.5102887e-05,33.09,71.98,3.25,2.56,29.46,6.87,Wheat,Vegetative,HEALTHY
20260724_123113,G_10_12,jpr_20240528_AB01_MS_aligned_sun-all,10,12,800,577,4300358.22364958,621335.1849467471,0.48876086,0.09484579,2.664736e-05,1.0,100.0,51.123917,4.7186945e-06,4.989383e-06,1.3601475e-05,31.84,77.85,10.09,5.88,35.18,6.65,Wheat,Vegetative,HEALTHY
20260724_123113,G_10_13,jpr_20240528_AB01_MS_aligned_sun-all,10,13,864,577,4300358.22364958,621338.3849467281,0.606053,0.12909031,3.352446e-05,0.8747159090909091,88.01136363636364,39.3947,3.5496325e-06,4.2815755e-06,1.472487e-05,30.48,81.5,5.96,2.78,33.61,6.42,Wheat,Vegetative,HEALTHY
20260724_123113,G_10_14,jpr_20240528_AB01_MS_aligned_sun-all,10,14,928,577,4300358.22364958,621341.584946709,0.54610026,0.11845176,3.1610645e-05,0.7960227272727273,80.19886363636364,45.389973,4.3061077e-06,4.9681157e-06,1.48434e-05,31.07,67.78,9.53,1.39,32.88,6.78,Wheat,Vegetative,HEALTHY
20260724_123113,G_10_15,jpr_20240528_AB01_MS_aligned_sun-all,10,15,992,577,4300358.22364958,621344.7849466898,0.54188436,0.11522269,2.8772221e-05,0.7860795454545455,79.23295454545455,45.811565,3.981618e-06,4.148075e-06,1.35727005e-05,29.58,68.0,10.74,0.97,39.01,6.85,Wheat,Vegetative,HEALTHY
20260724_123113,G_10_16,jpr_20240528_AB01_MS_aligned_sun-all,10,16,1056,577,4300358.22364958,621347.9849466707,0.57287496,0.13277549,3.0881813e-05,0.7383522727272728,75.22727272727273,42.712505,3.7855432e-06,4.3008727e-06,1.4079856e-05,27.45,71.07,9.65,3.3,37.33,6.48,Wheat,Vegetative,HEALTHY
20260724_123113,G_10_17,jpr_20240528_AB01_MS_aligned_sun-all,10,17,1120,577,4300358.22364958,621351.1849466516,0.54833037,0.11301479,2.9808303e-05,0.7840909090909091,79.3465909090909,45.16696,3.9902725e-06,4.203297e-06,1.3926737e-05,29.3,67.14,7.54,0.94,27.42,6.52,Wheat,Vegetative,HEALTHY
20260724_123113,G_10_18,jpr_20240528_AB01_MS_aligned_sun-all,10,18,1184,577,4300358.22364958,621354.3849466324,0.528078,0.11754449,2.9219158e-05,0.8173295454545455,82.1590909090909,47.1922,4.249816e-06,4.5879538e-06,1.39899e-05,31.58,69.04,3.64,5.21,36.55,6.7,Wheat,Vegetative,HEALTHY
20260724_123113,G_10_19,jpr_20240528_AB01_MS_aligned_sun-all,10,19,1248,577,4300358.22364958,621357.5849466133,0.51382077,0.10689056,2.7796441e-05,0.809375,81.47727272727273,48.617924,4.3345144e-06,4.3039677e-06,1.3600332e-05,32.37,77.54,5.7,2.07,30.53,7.2,Wheat,Vegetative,HEALTHY
20260724_123113,G_10_20,jpr_20240528_AB01_MS_aligned_sun-all,10,20,1312,577,4300358.22364958,621360.7849465943,0.5275933,0.11860114,2.812982e-05,0.7659090909090909,77.38636363636363,47.24067,4.130584e-06,4.307678e-06,1.3507528e-05,31.58,72.13,1.26,1.44,34.47,6.65,Wheat,Vegetative,HEALTHY
20260724_123113,G_10_21,jpr_20240528_AB01_MS_aligned_sun-all,10,21,1376,577,4300358.22364958,621363.9849465751,0.5176704,0.115420274,2.8929056e-05,0.8053977272727273,81.19318181818181,48.23296,4.422589e-06,4.4198714e-06,1.4065971e-05,32.19,66.67,3.14,1.02,22.44,6.82,Wheat,Vegetative,HEALTHY
20260724_123113,G_10_22,jpr_20240528_AB01_MS_aligned_sun-all,10,22,1440,577,4300358.22364958,621367.184946556,0.5169706,0.10928635,2.8110871e-05,0.8181818181818182,82.27272727272728,48.302944,4.3224427e-06,4.4083067e-06,1.3693077e-05,31.5,62.27,6.67,1.41,39.71,6.45,Wheat,Vegetative,HEALTHY
20260724_123113,G_10_23,jpr_20240528_AB01_MS_aligned_sun-all,10,23,1504,577,4300358.22364958,621370.3849465369,0.54986036,0.110848665,3.1613043e-05,0.8096590909090909,81.5625,45.013966,4.273717e-06,4.5689553e-06,1.4811806e-05,31.32,70.21,8.72,1.85,34.97,6.32,Wheat,Vegetative,HEALTHY
20260724_123113,G_10_24,jpr_20240528_AB01_MS_aligned_sun-all,10,24,1568,577,4300358.22364958,621373.5849465177,0.51928693,0.1074886,3.0833e-05,0.8264204545454545,83.21022727272728,48.07131,4.6819664e-06,4.7480166e-06,1.4960044e-05,30.64,70.21,13.9,4.35,41.87,6.99,Wheat,Vegetative,HEALTHY
20260724_123113,G_10_25,jpr_20240528_AB01_MS_aligned_sun-all,10,25,1632,577,4300358.22364958,621376.7849464986,0.52969086,0.106162705,3.1759082e-05,0.7946022727272727,80.05681818181817,47.030914,4.627621e-06,4.754533e-06,1.5214409e-05,31.2,69.33,1.1,4.05,33.18,6.72,Wheat,Vegetative,HEALTHY
20260724_123113,G_10_26,jpr_20240528_AB01_MS_aligned_sun-all,10,26,1696,577,4300358.22364958,621379.9849464794,0.49171266,0.092293166,2.9430203e-05,0.81875,82.67045454545455,50.82873,5.06991e-06,4.7745093e-06,1.4880371e-05,32.66,78.11,6.41,3.94,39.27,6.82,Wheat,Vegetative,HEALTHY
20260724_123113,G_10_27,jpr_20240528_AB01_MS_aligned_sun-all,10,27,1760,577,4300358.22364958,621383.1849464604,0.58056056,0.11334479,3.8553237e-05,0.8411931818181818,85.11363636363637,41.943943,4.487166e-06,5.3555987e-06,1.7338823e-05,31.85,68.88,6.87,3.51,25.78,6.9,Wheat,Vegetative,HEALTHY
20260724_123113,G_10_28,jpr_20240528_AB01_MS_aligned_sun-all,10,28,1824,577,4300358.22364958,621386.3849464413,0.5276733,0.09427218,3.5259418e-05,0.8366477272727273,84.3465909090909,47.23267,5.1159905e-06,5.2215387e-06,1.686966e-05,32.91,72.02,10.04,2.19,40.29,6.61,Wheat,Vegetative,HEALTHY
20260724_123113,G_10_29,jpr_20240528_AB01_MS_aligned_sun-all,10,29,1888,577,4300358.22364958,621389.5849464221,0.53466517,0.109980725,3.3573386e-05,0.796875,80.71022727272728,46.53348,4.7097246e-06,5.2331748e-06,1.590133e-05,31.66,77.2,1.06,3.43,33.69,6.67,Wheat,Vegetative,HEALTHY
20260724_123113,G_10_30,jpr_20240528_AB01_MS_aligned_sun-all,10,30,1952,577,4300358.22364958,621392.784946403,0.5120559,0.10149945,3.358022e-05,0.9392045454545455,94.0340909090909,48.79441,5.2449377e-06,5.533345e-06,1.6438838e-05,28.89,66.07,4.26,5.42,35.68,6.53,Wheat,Vegetative,HEALTHY
20260724_123113,G_10_31,jpr_20240528_AB01_MS_aligned_sun-all,10,31,2016,577,4300358.22364958,621395.9849463839,0.56675655,0.12959278,4.0469127e-05,1.0,100.0,43.324345,5.2130526e-06,6.3843427e-06,1.870342e-05,31.94,73.43,3.83,4.28,49.27,6.92,Wheat,Vegetative,HEALTHY
20260724_123113,G_10_32,jpr_20240528_AB01_MS_aligned_sun-all,10,32,2080,577,4300358.22364958,621399.1849463647,0.5351309,0.12790929,3.4954373e-05,0.9130681818181818,91.98863636363637,46.486908,4.965752e-06,5.1735447e-06,1.6617727e-05,34.68,83.37,3.53,4.98,35.89,7.07,Wheat,Vegetative,HEALTHY
20260724_123113,G_10_33,jpr_20240528_AB01_MS_aligned_sun-all,10,33,2144,577,4300358.22364958,621402.3849463456,0.5723417,0.15671541,3.6457383e-05,0.9678977272727273,97.4715909090909,42.76583,4.4974054e-06,5.1576617e-06,1.6650392e-05,29.62,69.55,3.71,2.6,35.0,6.86,Wheat,Vegetative,HEALTHY
20260724_123113,G_10_34,jpr_20240528_AB01_MS_aligned_sun-all,10,34,2208,577,4300358.22364958,621405.5849463266,0.51044285,0.13172436,3.224856e-05,0.8400568181818182,84.94318181818183,48.955715,4.9851556e-06,4.896247e-06,1.5735135e-05,30.85,66.11,0.07,3.17,29.79,6.86,Wheat,Vegetative,HEALTHY
20260724_123113,G_10_35,jpr_20240528_AB01_MS_aligned_sun-all,10,35,2272,577,4300358.22364958,621408.7849463074,0.5446458,0.15425709,3.7151593e-05,0.8818181818181818,89.0625,45.535423,4.9868077e-06,5.2883074e-06,1.7371249e-05,31.31,71.87,0.98,1.69,34.87,6.92,Wheat,Vegetative,HEALTHY
20260724_123113,G_10_36,jpr_20240528_AB01_MS_aligned_sun-all,10,36,2336,577,4300358.22364958,621411.9849462883,0.53925556,0.14675339,3.494338e-05,0.9076704545454546,91.16477272727272,46.074444,4.8644956e-06,4.886606e-06,1.6512804e-05,30.74,71.59,13.53,4.27,28.37,6.61,Wheat,Vegetative,HEALTHY
20260724_123113,G_11_6,jpr_20240528_AB01_MS_aligned_sun-all,11,6,416,632,4300355.473840609,621315.9849468619,0.5486694,0.14647733,3.120094e-05,0.9019886363636364,91.07954545454545,45.13306,4.16186e-06,4.477035e-06,1.4562573e-05,28.33,74.04,0.42,5.77,37.54,6.63,Wheat,Vegetative,HEALTHY
20260724_123113,G_11_7,jpr_20240528_AB01_MS_aligned_sun-all,11,7,480,632,4300355.473840609,621319.1849468428,0.5278293,0.12654889,2.8360457e-05,0.803409090909091,81.16477272727273,47.21707,4.158381e-06,4.3848304e-06,1.3612208e-05,26.23,70.27,1.39,3.57,40.31,7.33,Wheat,Vegetative,HEALTHY
20260724_123113,G_11_8,jpr_20240528_AB01_MS_aligned_sun-all,11,8,544,632,4300355.473840609,621322.3849468237,0.5513767,0.12011128,3.138302e-05,0.8582386363636364,87.41477272727273,44.86233,4.1120147e-06,4.7490244e-06,1.45734275e-05,31.24,77.45,5.73,3.27,18.36,6.58,Wheat,Vegetative,HEALTHY
20260724_123113,G_11_9,jpr_20240528_AB01_MS_aligned_sun-all,11,9,608,632,4300355.473840609,621325.5849468046,0.5238835,0.10678969,2.7832717e-05,0.8556818181818182,86.33522727272728,47.61165,4.1408807e-06,4.3555165e-06,1.3418786e-05,32.43,62.95,9.11,4.66,33.45,7.27,Wheat,Vegetative,HEALTHY
20260724_123113,G_11_10,jpr_20240528_AB01_MS_aligned_sun-all,11,10,672,632,4300355.473840609,621328.7849467854,0.49564797,0.08622705,2.825197e-05,0.8928977272727273,89.60227272727272,50.435204,4.737757e-06,4.8806896e-06,1.4155443e-05,31.6,78.15,8.38,3.35,35.76,7.23,Wheat,Vegetative,HEALTHY
20260724_123113,G_11_11,jpr_20240528_AB01_MS_aligned_sun-all,11,11,736,632,4300355.473840609,621331.9849467663,0.40237695,0.04166422,2.5122672e-05,1.0,100.0,59.762306,6.352785e-06,6.29816e-06,1.4727361e-05,30.82,70.63,10.52,3.88,24.19,7.12,Wheat,Vegetative,HEALTHY
20260724_123113,G_11_12,jpr_20240528_AB01_MS_aligned_sun-all,11,12,800,632,4300355.473840609,621335.1849467471,0.37242267,0.034541946,2.4581777e-05,1.0,100.0,62.75773,6.922819e-06,6.8463655e-06,1.5117106e-05,31.24,79.12,3.67,1.06,30.77,6.71,Wheat,Vegetative,MODERATE
20260724_123113,G_11_13,jpr_20240528_AB01_MS_aligned_sun-all,11,13,864,632,4300355.473840609,621338.3849467281,0.49371058,0.088568516,3.1410756e-05,1.0,100.0,50.62894,5.414439e-06,5.8373475e-06,1.5885138e-05,31.24,74.71,8.92,1.65,32.81,6.86,Wheat,Vegetative,HEALTHY
20260724_123113,G_11_14,jpr_20240528_AB01_MS_aligned_sun-all,11,14,928,632,4300355.473840609,621341.584946709,0.5384067,0.113313735,3.0236617e-05,0.9798295454545455,98.38068181818181,46.15933,4.3044865e-06,4.767744e-06,1.4383741e-05,30.37,74.18,13.05,4.29,31.91,6.74,Wheat,Vegetative,HEALTHY
20260724_123113,G_11_15,jpr_20240528_AB01_MS_aligned_sun-all,11,15,992,632,4300355.473840609,621344.7849466898,0.521182,0.11138752,2.7767388e-05,0.9241477272727273,93.0965909090909,47.8818,4.178012e-06,4.504752e-06,1.3434142e-05,33.77,75.2,2.39,3.61,30.95,7.04,Wheat,Vegetative,HEALTHY
20260724_123113,G_11_16,jpr_20240528_AB01_MS_aligned_sun-all,11,16,1056,632,4300355.473840609,621347.9849466707,0.524244,0.10987154,2.6644377e-05,0.8071022727272728,81.70454545454545,47.5756,3.985173e-06,4.113885e-06,1.2866935e-05,29.82,69.82,6.12,5.58,23.54,6.74,Wheat,Vegetative,HEALTHY
20260724_123113,G_11_17,jpr_20240528_AB01_MS_aligned_sun-all,11,17,1120,632,4300355.473840609,621351.1849466516,0.5318796,0.11728374,3.0280607e-05,0.8051136363636363,81.02272727272727,46.81204,4.3675327e-06,4.8112274e-06,1.4461457e-05,30.12,66.63,0.21,5.69,26.84,6.9,Wheat,Vegetative,HEALTHY
20260724_123113,G_11_18,jpr_20240528_AB01_MS_aligned_sun-all,11,18,1184,632,4300355.473840609,621354.3849466324,0.50824475,0.10788212,2.6218942e-05,0.7960227272727273,80.48295454545455,49.175526,4.1796843e-06,4.1976164e-06,1.2919635e-05,27.33,75.58,4.04,1.11,32.67,6.85,Wheat,Vegetative,HEALTHY
20260724_123113,G_11_19,jpr_20240528_AB01_MS_aligned_sun-all,11,19,1248,632,4300355.473840609,621357.5849466133,0.55105996,0.12139269,3.1664982e-05,0.7730113636363637,77.95454545454545,44.894005,4.139899e-06,4.637402e-06,1.4695306e-05,25.98,72.84,13.5,0.86,46.79,6.25,Wheat,Vegetative,HEALTHY
20260724_123113,G_11_20,jpr_20240528_AB01_MS_aligned_sun-all,11,20,1312,632,4300355.473840609,621360.7849465943,0.5584336,0.11958238,2.9650924e-05,0.8144886363636363,82.13068181818181,44.15664,3.8053336e-06,4.1989897e-06,1.36893295e-05,29.43,59.1,10.49,1.61,39.16,7.02,Wheat,Vegetative,HEALTHY
20260724_123113,G_11_21,jpr_20240528_AB01_MS_aligned_sun-all,11,21,1376,632,4300355.473840609,621363.9849465751,0.53354096,0.12288393,2.8810655e-05,0.775,78.35227272727273,46.645905,4.128898e-06,4.4131257e-06,1.3732801e-05,28.85,73.77,4.69,1.63,34.89,6.82,Wheat,Vegetative,HEALTHY
20260724_123113,G_11_22,jpr_20240528_AB01_MS_aligned_sun-all,11,22,1440,632,4300355.473840609,621367.184946556,0.53033394,0.10857831,2.8847711e-05,0.7954545454545454,80.25568181818183,46.966606,4.02427e-06,4.148609e-06,1.364053e-05,27.74,66.77,1.92,3.37,45.32,6.79,Wheat,Vegetative,HEALTHY
20260724_123113,G_11_23,jpr_20240528_AB01_MS_aligned_sun-all,11,23,1504,632,4300355.473840609,621370.3849465369,0.5731915,0.124322765,3.3650682e-05,0.7926136363636364,80.17045454545455,42.680847,4.0894197e-06,4.652531e-06,1.5306758e-05,30.51,68.71,6.44,4.32,31.81,6.56,Wheat,Vegetative,HEALTHY
20260724_123113,G_11_24,jpr_20240528_AB01_MS_aligned_sun-all,11,24,1568,632,4300355.473840609,621373.5849465177,0.5250023,0.100554295,2.9973453e-05,0.8019886363636364,80.88068181818183,47.49977,4.4282474e-06,4.5567012e-06,1.4419781e-05,29.24,78.77,4.45,3.0,37.32,6.66,Wheat,Vegetative,HEALTHY
20260724_123113,G_11_25,jpr_20240528_AB01_MS_aligned_sun-all,11,25,1632,632,4300355.473840609,621376.7849464986,0.5449835,0.10795341,3.1572876e-05,0.8181818181818182,82.13068181818181,45.501648,4.310922e-06,4.508377e-06,1.4835624e-05,34.7,84.43,2.87,1.89,30.21,6.67,Wheat,Vegetative,HEALTHY
20260724_123113,G_11_26,jpr_20240528_AB01_MS_aligned_sun-all,11,26,1696,632,4300355.473840609,621379.9849464794,0.5271221,0.09476606,3.2346205e-05,0.83125,84.00568181818183,47.287792,4.7387243e-06,4.8655183e-06,1.5521238e-05,31.46,76.05,11.91,2.8,28.39,6.83,Wheat,Vegetative,HEALTHY
20260724_123113,G_11_27,jpr_20240528_AB01_MS_aligned_sun-all,11,27,1760,632,4300355.473840609,621383.1849464604,0.5445634,0.10037327,3.425254e-05,0.8110795454545454,81.64772727272728,45.54366,4.6673904e-06,5.1087213e-06,1.6085389e-05,27.43,72.42,11.08,3.86,32.68,6.93,Wheat,Vegetative,HEALTHY
20260724_123113,G_11_28,jpr_20240528_AB01_MS_aligned_sun-all,11,28,1824,632,4300355.473840609,621386.3849464413,0.5188058,0.09229954,3.188681e-05,0.8548295454545455,86.19318181818181,48.11942,4.91245e-06,5.1208167e-06,1.5541826e-05,34.35,69.22,10.23,3.41,33.67,6.74,Wheat,Vegetative,HEALTHY
20260724_123113,G_11_29,jpr_20240528_AB01_MS_aligned_sun-all,11,29,1888,632,4300355.473840609,621389.5849464221,0.56821126,0.109769575,3.5472047e-05,0.8485795454545455,85.76704545454545,43.178875,4.29353e-06,5.088475e-06,1.6118047e-05,33.4,67.92,10.28,2.63,36.68,6.72,Wheat,Vegetative,HEALTHY
20260724_123113,G_11_30,jpr_20240528_AB01_MS_aligned_sun-all,11,30,1952,632,4300355.473840609,621392.784946403,0.5387353,0.10835917,3.702875e-05,0.962215909090909,96.61931818181819,46.126472,5.2191454e-06,6.0740194e-06,1.7562637e-05,32.89,76.65,5.41,5.61,26.15,6.75,Wheat,Vegetative,HEALTHY
20260724_123113,G_11_31,jpr_20240528_AB01_MS_aligned_sun-all,11,31,2016,632,4300355.473840609,621395.9849463839,0.5571401,0.12223639,3.667677e-05,0.9571022727272728,96.42045454545455,44.285988,4.7824933e-06,5.593702e-06,1.7008633e-05,31.48,69.0,2.37,5.74,23.71,6.58,Wheat,Vegetative,HEALTHY
20260724_123113,G_11_32,jpr_20240528_AB01_MS_aligned_sun-all,11,32,2080,632,4300355.473840609,621399.1849463647,0.55864644,0.13726437,3.80609e-05,0.8789772727272728,88.60795454545455,44.135357,4.892564e-06,5.544196e-06,1.7580118e-05,30.71,61.9,1.7,3.22,38.58,6.85,Wheat,Vegetative,HEALTHY
20260724_123113,G_11_33,jpr_20240528_AB01_MS_aligned_sun-all,11,33,2144,632,4300355.473840609,621402.3849463456,0.5390462,0.1434831,3.3158936e-05,0.9198863636363637,93.4659090909091,46.09538,4.5130478e-06,4.8939637e-06,1.556649e-05,31.6,80.64,2.69,1.69,36.08,6.78,Wheat,Vegetative,HEALTHY
20260724_123113,G_11_34,jpr_20240528_AB01_MS_aligned_sun-all,11,34,2208,632,4300355.473840609,621405.5849463266,0.54997134,0.15317924,3.7559268e-05,0.8491477272727272,85.9659090909091,45.002865,4.9331666e-06,5.457404e-06,1.7453502e-05,33.28,70.84,9.97,1.54,36.97,6.52,Wheat,Vegetative,HEALTHY
20260724_123113,G_11_35,jpr_20240528_AB01_MS_aligned_sun-all,11,35,2272,632,4300355.473840609,621408.7849463074,0.5515868,0.14586695,3.7887203e-05,0.8752840909090909,88.49431818181817,44.84132,4.917304e-06,5.1324782e-06,1.7546963e-05,28.3,76.57,11.15,0.84,33.99,6.83,Wheat,Vegetative,HEALTHY
20260724_123113,G_11_36,jpr_20240528_AB01_MS_aligned_sun-all,11,36,2336,632,4300355.473840609,621411.9849462883,0.54088765,0.15889178,3.3049546e-05,0.8454545454545455,85.0284090909091,45.911236,4.5810634e-06,4.666103e-06,1.5598034e-05,33.48,71.42,6.08,1.29,30.72,6.82,Wheat,Vegetative,HEALTHY
20260724_123113,G_11_37,jpr_20240528_AB01_MS_aligned_sun-all,11,37,2400,632,4300355.473840609,621415.1849462691,0.5351288,0.14768672,3.410642e-05,0.8803977272727272,88.7215909090909,46.48712,4.809624e-06,4.773798e-06,1.6178921e-05,31.66,72.78,7.7,2.2,34.7,7.18,Wheat,Vegetative,HEALTHY
20260724_123113,G_11_38,jpr_20240528_AB01_MS_aligned_sun-all,11,38,2464,632,4300355.473840609,621418.38494625,0.57355106,0.17023855,3.7230457e-05,0.9460227272727273,94.6875,42.644894,4.546047e-06,5.02724e-06,1.6956743e-05,32.74,66.43,12.64,5.94,39.18,6.83,Wheat,Vegetative,HEALTHY
20260724_123113,G_12_5,jpr_20240528_AB01_MS_aligned_sun-all,12,5,352,687,4300352.724031639,621312.784946881,0.5428962,0.14270392,3.3456537e-05,0.6397727272727273,64.4034090909091,45.71038,4.604515e-06,4.8231045e-06,1.5757156e-05,31.35,71.57,10.29,4.15,40.47,6.99,Wheat,Vegetative,HEALTHY
20260724_123113,G_12_6,jpr_20240528_AB01_MS_aligned_sun-all,12,6,416,687,4300352.724031639,621315.9849468619,0.5461398,0.13905996,3.0808063e-05,0.8747159090909091,88.4090909090909,45.38602,4.1144253e-06,4.3936006e-06,1.4384176e-05,29.63,75.43,12.2,4.06,34.06,6.88,Wheat,Vegetative,HEALTHY
20260724_123113,G_12_7,jpr_20240528_AB01_MS_aligned_sun-all,12,7,480,687,4300352.724031639,621319.1849468428,0.55546695,0.12925212,3.2759905e-05,0.8832386363636363,89.375,44.453304,4.2330626e-06,4.862428e-06,1.515347e-05,30.76,65.96,13.4,4.96,28.12,7.2,Wheat,Vegetative,HEALTHY
20260724_123113,G_12_8,jpr_20240528_AB01_MS_aligned_sun-all,12,8,544,687,4300352.724031639,621322.3849468237,0.58403796,0.121197395,3.209188e-05,0.8826704545454546,89.48863636363636,41.596203,3.492451e-06,3.996271e-06,1.4190154e-05,30.51,81.13,7.73,4.64,32.71,6.92,Wheat,Vegetative,HEALTHY
20260724_123113,G_12_9,jpr_20240528_AB01_MS_aligned_sun-all,12,9,608,687,4300352.724031639,621325.5849468046,0.5600568,0.11786519,3.1686573e-05,0.7713068181818182,78.29545454545455,43.99432,3.9915276e-06,4.613806e-06,1.45541235e-05,30.8,69.35,3.39,5.05,39.23,6.82,Wheat,Vegetative,HEALTHY
20260724_123113,G_12_10,jpr_20240528_AB01_MS_aligned_sun-all,12,10,672,687,4300352.724031639,621328.7849467854,0.58047837,0.11443838,3.2104283e-05,0.6988636363636364,70.9659090909091,41.952164,3.4775353e-06,4.0616633e-06,1.4179376e-05,31.34,72.36,6.75,2.66,22.33,6.55,Wheat,Vegetative,HEALTHY
20260724_123113,G_12_11,jpr_20240528_AB01_MS_aligned_sun-all,12,11,736,687,4300352.724031639,621331.9849467663,0.52839464,0.09996177,2.8811528e-05,0.790340909090909,79.57386363636364,47.160538,4.2217634e-06,4.5061884e-06,1.3825961e-05,32.49,76.52,0.04,0.57,31.17,6.48,Wheat,Vegetative,HEALTHY
20260724_123113,G_12_12,jpr_20240528_AB01_MS_aligned_sun-all,12,12,800,687,4300352.724031639,621335.1849467471,0.45383182,0.073034056,2.5911115e-05,0.9627840909090909,96.47727272727272,54.61682,5.2625105e-06,5.2846044e-06,1.3899879e-05,26.12,73.3,11.32,5.48,42.72,6.54,Wheat,Vegetative,HEALTHY
20260724_123113,G_12_13,jpr_20240528_AB01_MS_aligned_sun-all,12,13,864,687,4300352.724031639,621338.3849467281,0.39608482,0.050788246,2.405042e-05,1.0,100.0,60.39152,6.1333776e-06,5.8578844e-06,1.415051e-05,30.79,71.96,13.64,1.74,45.23,7.02,Wheat,Vegetative,HEALTHY
20260724_123113,G_12_14,jpr_20240528_AB01_MS_aligned_sun-all,12,14,928,687,4300352.724031639,621341.584946709,0.39468703,0.053143445,2.3609757e-05,1.0,100.0,60.531296,6.027121e-06,5.8303312e-06,1.3897355e-05,29.44,70.97,1.37,0.98,36.04,6.65,Wheat,Vegetative,HEALTHY
20260724_123113,G_12_15,jpr_20240528_AB01_MS_aligned_sun-all,12,15,992,687,4300352.724031639,621344.7849466898,0.4410635,0.077849686,2.6111871e-05,1.0,100.0,55.893646,5.57456e-06,5.65238e-06,1.4278864e-05,31.28,69.38,11.4,3.96,18.11,6.82,Wheat,Vegetative,HEALTHY
20260724_123113,G_12_16,jpr_20240528_AB01_MS_aligned_sun-all,12,16,1056,687,4300352.724031639,621347.9849466707,0.5261169,0.10752123,2.966848e-05,0.9349431818181818,94.0909090909091,47.38831,4.470973e-06,4.940819e-06,1.4360846e-05,31.55,74.06,3.41,4.78,31.53,7.03,Wheat,Vegetative,HEALTHY
20260724_123113,G_12_17,jpr_20240528_AB01_MS_aligned_sun-all,12,17,1120,687,4300352.724031639,621351.1849466516,0.54002315,0.11993683,2.916118e-05,0.8230113636363636,82.98295454545455,45.997684,4.0984346e-06,4.542675e-06,1.38191845e-05,29.36,65.07,9.51,4.57,36.99,6.98,Wheat,Vegetative,HEALTHY
20260724_123113,G_12_18,jpr_20240528_AB01_MS_aligned_sun-all,12,18,1184,687,4300352.724031639,621354.3849466324,0.527134,0.115380615,2.7879512e-05,0.7539772727272728,76.25,47.2866,4.1030657e-06,4.4739236e-06,1.3396571e-05,30.19,76.4,0.34,3.46,30.06,7.17,Wheat,Vegetative,HEALTHY
20260724_123113,G_12_19,jpr_20240528_AB01_MS_aligned_sun-all,12,19,1248,687,4300352.724031639,621357.5849466133,0.53375936,0.113774516,2.8737233e-05,0.7980113636363636,80.48295454545455,46.624065,4.097573e-06,4.3712607e-06,1.3676999e-05,32.81,77.06,5.73,4.02,32.54,6.8,Wheat,Vegetative,HEALTHY
20260724_123113,G_12_20,jpr_20240528_AB01_MS_aligned_sun-all,12,20,1312,687,4300352.724031639,621360.7849465943,0.5245139,0.11923407,2.8188177e-05,0.7806818181818181,78.80681818181819,47.54861,4.1821254e-06,4.4039457e-06,1.3578525e-05,32.54,66.57,14.54,1.65,33.75,6.37,Wheat,Vegetative,HEALTHY
20260724_123113,G_12_21,jpr_20240528_AB01_MS_aligned_sun-all,12,21,1376,687,4300352.724031639,621363.9849465751,0.54142696,0.1176362,2.954235e-05,0.83125,83.83522727272728,45.857304,4.095392e-06,4.347687e-06,1.3943206e-05,30.0,80.18,0.11,3.6,38.41,6.77,Wheat,Vegetative,HEALTHY
20260724_123113,G_12_22,jpr_20240528_AB01_MS_aligned_sun-all,12,22,1440,687,4300352.724031639,621367.184946556,0.58211046,0.130086,3.20528e-05,0.7769886363636364,78.49431818181817,41.78895,3.7368059e-06,4.2614415e-06,1.4421471e-05,30.55,76.86,9.32,2.22,31.77,6.99,Wheat,Vegetative,HEALTHY
20260724_123113,G_12_23,jpr_20240528_AB01_MS_aligned_sun-all,12,23,1504,687,4300352.724031639,621370.3849465369,0.5885088,0.12567556,3.440969e-05,0.8102272727272727,81.5909090909091,41.14912,3.876336e-06,4.4088247e-06,1.5346686e-05,30.42,70.78,1.43,5.72,40.01,6.75,Wheat,Vegetative,HEALTHY
20260724_123113,G_12_24,jpr_20240528_AB01_MS_aligned_sun-all,12,24,1568,687,4300352.724031639,621373.5849465177,0.56480086,0.11303782,3.3333665e-05,0.7798295454545454,78.66477272727272,43.519913,4.2284714e-06,4.6669534e-06,1.5340132e-05,32.87,70.6,1.84,4.17,31.32,6.97,Wheat,Vegetative,HEALTHY
20260724_123113,G_12_25,jpr_20240528_AB01_MS_aligned_sun-all,12,25,1632,687,4300352.724031639,621376.7849464986,0.5120755,0.08889085,2.8961183e-05,0.821875,82.8125,48.79245,4.557324e-06,4.4235544e-06,1.4211419e-05,30.02,74.0,7.19,3.94,40.85,6.49,Wheat,Vegetative,HEALTHY
20260724_123113,G_12_26,jpr_20240528_AB01_MS_aligned_sun-all,12,26,1696,687,4300352.724031639,621379.9849464794,0.559478,0.1094157,3.3134624e-05,0.790340909090909,80.25568181818183,44.0522,4.2489914e-06,4.8076495e-06,1.5294312e-05,30.41,66.63,8.62,2.06,39.29,6.5,Wheat,Vegetative,HEALTHY
20260724_123113,G_12_27,jpr_20240528_AB01_MS_aligned_sun-all,12,27,1760,687,4300352.724031639,621383.1849464604,0.52635276,0.08800295,2.9868508e-05,0.7818181818181819,79.17613636363636,47.364723,4.284935e-06,4.4202857e-06,1.4241488e-05,31.07,68.91,9.79,5.27,33.92,6.53,Wheat,Vegetative,HEALTHY
20260724_123113,G_12_28,jpr_20240528_AB01_MS_aligned_sun-all,12,28,1824,687,4300352.724031639,621386.3849464413,0.5329573,0.10271576,3.0614316e-05,0.7821022727272727,79.00568181818181,46.70427,4.285037e-06,4.7150324e-06,1.4490206e-05,32.71,70.61,5.36,5.77,36.13,6.77,Wheat,Vegetative,HEALTHY
20260724_123113,G_12_29,jpr_20240528_AB01_MS_aligned_sun-all,12,29,1888,687,4300352.724031639,621389.5849464221,0.50586766,0.093275435,2.915287e-05,0.8184659090909091,82.35795454545455,49.413235,4.632721e-06,4.8399993e-06,1.4350721e-05,30.69,74.09,6.81,2.15,33.54,6.21,Wheat,Vegetative,HEALTHY
20260724_123113,G_12_30,jpr_20240528_AB01_MS_aligned_sun-all,12,30,1952,687,4300352.724031639,621392.784946403,0.55013394,0.10882483,3.669155e-05,0.9045454545454545,91.16477272727272,44.986607,4.977551e-06,5.9456015e-06,1.7208624e-05,31.86,69.31,9.62,2.61,27.65,6.8,Wheat,Vegetative,HEALTHY
20260724_123113,G_12_31,jpr_20240528_AB01_MS_aligned_sun-all,12,31,2016,687,4300352.724031639,621395.9849463839,0.5460586,0.11798895,3.3902863e-05,0.8579545454545454,86.36363636363636,45.394142,4.5638635e-06,5.083351e-06,1.5865295e-05,31.52,77.52,7.72,3.23,29.71,6.94,Wheat,Vegetative,HEALTHY
20260724_123113,G_12_32,jpr_20240528_AB01_MS_aligned_sun-all,12,32,2080,687,4300352.724031639,621399.1849463647,0.53908503,0.13073389,3.5206558e-05,0.8761363636363636,88.1534090909091,46.091496,4.9335963e-06,5.4032303e-06,1.6669634e-05,33.21,82.9,13.04,3.46,25.27,6.32,Wheat,Vegetative,HEALTHY
20260724_123113,G_12_33,jpr_20240528_AB01_MS_aligned_sun-all,12,33,2144,687,4300352.724031639,621402.3849463456,0.52826685,0.13844986,3.410343e-05,0.8465909090909091,85.25568181818181,47.173317,4.878997e-06,5.1301604e-06,1.6247302e-05,32.73,76.47,0.83,2.76,40.91,6.37,Wheat,Vegetative,HEALTHY
20260724_123113,G_12_34,jpr_20240528_AB01_MS_aligned_sun-all,12,34,2208,687,4300352.724031639,621405.5849463266,0.55380857,0.1457349,3.889441e-05,0.8596590909090909,86.67613636363637,44.619144,5.0504746e-06,5.56943e-06,1.8015893e-05,27.54,83.05,3.55,0.62,37.19,6.89,Wheat,Vegetative,HEALTHY
20260724_123113,G_12_35,jpr_20240528_AB01_MS_aligned_sun-all,12,35,2272,687,4300352.724031639,621408.7849463074,0.5460114,0.14613779,3.590003e-05,0.8880681818181818,90.05681818181817,45.39886,4.779655e-06,4.9398136e-06,1.6746866e-05,30.12,71.45,14.3,5.65,36.62,6.54,Wheat,Vegetative,HEALTHY
20260724_123113,G_12_36,jpr_20240528_AB01_MS_aligned_sun-all,12,36,2336,687,4300352.724031639,621411.9849462883,0.53557533,0.14892486,3.3311542e-05,0.8360795454545454,84.26136363636364,46.442467,4.6984674e-06,4.7051435e-06,1.5802781e-05,32.98,73.3,12.7,1.79,30.42,6.91,Wheat,Vegetative,HEALTHY
20260724_123113,G_12_37,jpr_20240528_AB01_MS_aligned_sun-all,12,37,2400,687,4300352.724031639,621415.1849462691,0.55512714,0.1596218,3.7259022e-05,0.8460227272727273,85.11363636363637,44.487286,4.828175e-06,5.161666e-06,1.7248412e-05,29.38,64.73,3.09,2.72,29.14,6.89,Wheat,Vegetative,HEALTHY
20260724_123113,G_12_38,jpr_20240528_AB01_MS_aligned_sun-all,12,38,2464,687,4300352.724031639,621418.38494625,0.55746984,0.16032058,3.5710196e-05,0.9642045454545455,97.07386363636363,44.253014,4.6491687e-06,5.004343e-06,1.6553087e-05,34.99,70.41,5.21,1.48,34.32,6.72,Wheat,Vegetative,HEALTHY
20260724_123113,G_12_39,jpr_20240528_AB01_MS_aligned_sun-all,12,39,2528,687,4300352.724031639,621421.5849462309,0.5480511,0.15429741,3.812741e-05,0.9505681818181818,95.85227272727272,45.19489,5.088194e-06,5.5316364e-06,1.7797936e-05,30.29,69.11,3.1,5.51,21.94,6.29,Wheat,Vegetative,HEALTHY
20260724_123113,G_12_40,jpr_20240528_AB01_MS_aligned_sun-all,12,40,2592,687,4300352.724031639,621424.7849462117,0.56601787,0.16681136,3.5222554e-05,0.8082386363636364,81.98863636363637,43.398212,4.3125274e-06,4.7424664e-06,1.6053878e-05,29.77,66.66,2.21,4.53,32.15,6.73,Wheat,Vegetative,HEALTHY
20260724_123113,G_13_5,jpr_20240528_AB01_MS_aligned_sun-all,13,5,352,742,4300349.974222668,621312.784946881,0.5664817,0.15321153,3.5700257e-05,0.9244318181818182,93.97727272727273,43.35183,4.3217287e-06,4.78054e-06,1.6222331e-05,32.26,65.94,8.6,0.73,34.86,6.83,Wheat,Vegetative,HEALTHY
20260724_123113,G_13_6,jpr_20240528_AB01_MS_aligned_sun-all,13,6,416,742,4300349.974222668,621315.9849468619,0.54544574,0.13373344,3.1645373e-05,0.8747159090909091,89.14772727272727,45.455425,4.246507e-06,4.4637786e-06,1.4795381e-05,29.49,69.27,9.9,3.12,29.47,7.15,Wheat,Vegetative,HEALTHY
20260724_123113,G_13_7,jpr_20240528_AB01_MS_aligned_sun-all,13,7,480,742,4300349.974222668,621319.1849468428,0.56838715,0.12623093,3.4531895e-05,0.9164772727272728,92.92613636363637,43.161285,4.1965004e-06,4.8610164e-06,1.5707612e-05,31.79,70.59,8.52,5.64,37.95,6.65,Wheat,Vegetative,HEALTHY
20260724_123113,G_13_8,jpr_20240528_AB01_MS_aligned_sun-all,13,8,544,742,4300349.974222668,621322.3849468237,0.55777663,0.11895937,2.9453628e-05,0.9059659090909091,91.8465909090909,44.222336,3.715095e-06,3.9394627e-06,1.3533325e-05,30.03,76.92,1.06,5.33,34.99,6.3,Wheat,Vegetative,HEALTHY
20260724_123113,G_13_9,jpr_20240528_AB01_MS_aligned_sun-all,13,9,608,742,4300349.974222668,621325.5849468046,0.565001,0.11652927,3.0508489e-05,0.8241477272727272,83.4090909090909,43.4999,3.6261447e-06,3.970814e-06,1.379602e-05,29.5,73.57,10.28,1.42,46.16,7.29,Wheat,Vegetative,HEALTHY
20260724_123113,G_13_10,jpr_20240528_AB01_MS_aligned_sun-all,13,10,672,742,4300349.974222668,621328.7849467854,0.5569049,0.11456795,3.1995463e-05,0.7909090909090909,80.53977272727273,44.30951,4.065485e-06,4.55793e-06,1.4731056e-05,28.25,67.86,10.37,3.32,30.75,6.91,Wheat,Vegetative,HEALTHY
20260724_123113,G_13_11,jpr_20240528_AB01_MS_aligned_sun-all,13,11,736,742,4300349.974222668,621331.9849467663,0.6586046,0.13533647,3.9668164e-05,0.7386363636363636,75.73863636363637,34.139538,3.1247255e-06,4.2008214e-06,1.6348002e-05,30.37,67.45,0.7,1.54,41.22,6.35,Wheat,Vegetative,HEALTHY
20260724_123113,G_13_12,jpr_20240528_AB01_MS_aligned_sun-all,13,12,800,742,4300349.974222668,621335.1849467471,0.5710666,0.13008864,3.0706917e-05,0.7639204545454545,77.24431818181819,42.893337,3.7279517e-06,4.36241e-06,1.3963963e-05,31.09,74.77,0.41,2.26,35.18,6.88,Wheat,Vegetative,HEALTHY
20260724_123113,G_13_13,jpr_20240528_AB01_MS_aligned_sun-all,13,13,864,742,4300349.974222668,621338.3849467281,0.5127003,0.10165939,2.7165246e-05,0.7423295454545454,74.91477272727273,48.72997,4.2669076e-06,4.384978e-06,1.3322315e-05,31.88,73.23,2.05,1.68,25.51,6.56,Wheat,Vegetative,HEALTHY
20260724_123113,G_13_14,jpr_20240528_AB01_MS_aligned_sun-all,13,14,928,742,4300349.974222668,621341.584946709,0.43702817,0.07473065,2.3949175e-05,1.0,100.0,56.297184,5.1720567e-06,4.9288365e-06,1.3155408e-05,31.44,58.16,11.39,4.21,37.76,7.27,Wheat,Vegetative,HEALTHY
20260724_123113,G_13_15,jpr_20240528_AB01_MS_aligned_sun-all,13,15,992,742,4300349.974222668,621344.7849466898,0.3966923,0.05322069,2.3142431e-05,1.0,100.0,60.330772,5.8771393e-06,5.7833363e-06,1.3591584e-05,28.48,69.66,9.18,3.17,40.53,7.34,Wheat,Vegetative,HEALTHY
20260724_123113,G_13_16,jpr_20240528_AB01_MS_aligned_sun-all,13,16,1056,742,4300349.974222668,621347.9849466707,0.38597557,0.047598943,2.4900133e-05,1.0,100.0,61.40244,6.611254e-06,6.812674e-06,1.4911656e-05,32.35,77.18,14.52,2.9,40.41,7.13,Wheat,Vegetative,HEALTHY
20260724_123113,G_13_17,jpr_20240528_AB01_MS_aligned_sun-all,13,17,1120,742,4300349.974222668,621351.1849466516,0.4598717,0.08481004,2.7180407e-05,1.0,100.0,54.01283,5.4324173e-06,5.639951e-06,1.4492914e-05,35.17,71.56,9.92,2.91,29.88,6.74,Wheat,Vegetative,HEALTHY
20260724_123113,G_13_18,jpr_20240528_AB01_MS_aligned_sun-all,13,18,1184,742,4300349.974222668,621354.3849466324,0.50290966,0.1077365,2.74575e-05,0.9011363636363636,90.88068181818181,49.709034,4.528058e-06,4.716894e-06,1.3680897e-05,27.82,69.03,11.83,5.46,36.36,7.13,Wheat,Vegetative,HEALTHY
20260724_123113,G_13_19,jpr_20240528_AB01_MS_aligned_sun-all,13,19,1248,742,4300349.974222668,621357.5849466133,0.5707006,0.119694784,3.058749e-05,0.8428977272727273,85.19886363636363,42.929943,3.7679747e-06,4.2901634e-06,1.3964174e-05,29.28,78.32,4.69,2.53,33.71,7.03,Wheat,Vegetative,HEALTHY
20260724_123113,G_13_20,jpr_20240528_AB01_MS_aligned_sun-all,13,20,1312,742,4300349.974222668,621360.7849465943,0.546456,0.12495536,2.9097475e-05,0.7545454545454545,76.5909090909091,45.3544,3.9573383e-06,4.375505e-06,1.3656845e-05,34.1,72.21,3.63,5.29,28.46,6.87,Wheat,Vegetative,HEALTHY
20260724_123113,G_13_21,jpr_20240528_AB01_MS_aligned_sun-all,13,21,1376,742,4300349.974222668,621363.9849465751,0.5635044,0.124619156,3.0386573e-05,0.7707386363636364,77.86931818181819,43.64956,3.864311e-06,4.2627653e-06,1.3993535e-05,33.81,77.83,1.98,1.78,28.47,7.23,Wheat,Vegetative,HEALTHY
20260724_123113,G_13_22,jpr_20240528_AB01_MS_aligned_sun-all,13,22,1440,742,4300349.974222668,621367.184946556,0.58058584,0.13326004,3.1932985e-05,0.8071022727272728,81.25,41.941418,3.7358247e-06,4.3240293e-06,1.4380551e-05,30.04,78.75,4.89,5.44,27.21,6.97,Wheat,Vegetative,HEALTHY
20260724_123113,G_13_23,jpr_20240528_AB01_MS_aligned_sun-all,13,23,1504,742,4300349.974222668,621370.3849465369,0.5523209,0.12106305,3.0498177e-05,0.8113636363636364,81.50568181818181,44.76791,4.0640844e-06,4.3858295e-06,1.4230521e-05,27.2,76.98,9.92,4.26,25.3,6.35,Wheat,Vegetative,HEALTHY
20260724_123113,G_13_24,jpr_20240528_AB01_MS_aligned_sun-all,13,24,1568,742,4300349.974222668,621373.5849465177,0.546708,0.114613585,3.0465771e-05,0.7880681818181818,79.80113636363636,45.3292,4.091569e-06,4.325815e-06,1.4247209e-05,29.9,71.98,0.85,1.63,37.53,6.63,Wheat,Vegetative,HEALTHY
20260724_123113,G_13_25,jpr_20240528_AB01_MS_aligned_sun-all,13,25,1632,742,4300349.974222668,621376.7849464986,0.52544636,0.10164281,2.9027677e-05,0.8173295454545455,82.89772727272727,47.455364,4.289226e-06,4.4969793e-06,1.396548e-05,32.58,68.29,3.67,5.98,33.58,6.71,Wheat,Vegetative,HEALTHY
20260724_123113,G_13_26,jpr_20240528_AB01_MS_aligned_sun-all,13,26,1696,742,4300349.974222668,621379.9849464794,0.51852465,0.093226224,2.8290762e-05,0.7758522727272728,78.57954545454545,48.147537,4.1566223e-06,4.248252e-06,1.3587229e-05,30.95,67.06,0.15,5.54,37.03,7.16,Wheat,Vegetative,HEALTHY
20260724_123113,G_13_27,jpr_20240528_AB01_MS_aligned_sun-all,13,27,1760,742,4300349.974222668,621383.1849464604,0.53457797,0.094983235,2.9785333e-05,0.7727272727272727,77.95454545454545,46.542202,4.227086e-06,4.5397837e-06,1.4155905e-05,33.51,71.54,2.89,5.99,38.29,6.89,Wheat,Vegetative,HEALTHY
20260724_123113,G_13_28,jpr_20240528_AB01_MS_aligned_sun-all,13,28,1824,742,4300349.974222668,621386.3849464413,0.5126321,0.08746127,2.761136e-05,0.8377840909090909,84.3465909090909,48.736794,4.248143e-06,4.5027004e-06,1.3452264e-05,32.64,67.56,12.96,5.91,35.94,7.12,Wheat,Vegetative,HEALTHY
20260724_123113,G_13_29,jpr_20240528_AB01_MS_aligned_sun-all,13,29,1888,742,4300349.974222668,621389.5849464221,0.5406093,0.09957125,3.3151176e-05,0.7991477272727273,80.53977272727273,45.93907,4.6201358e-06,5.250308e-06,1.5670987e-05,29.39,68.88,3.88,5.61,50.61,7.04,Wheat,Vegetative,HEALTHY
20260724_123113,G_13_30,jpr_20240528_AB01_MS_aligned_sun-all,13,30,1952,742,4300349.974222668,621392.784946403,0.5462419,0.106572606,3.2129232e-05,0.8644886363636364,87.27272727272727,45.375813,4.228626e-06,4.760388e-06,1.4938802e-05,31.07,72.57,9.82,1.98,32.52,6.11,Wheat,Vegetative,HEALTHY
20260724_123113,G_13_31,jpr_20240528_AB01_MS_aligned_sun-all,13,31,2016,742,4300349.974222668,621395.9849463839,0.5474063,0.123921596,3.3899738e-05,0.803409090909091,81.07954545454545,45.25937,4.5274605e-06,5.0386047e-06,1.5827845e-05,31.38,67.28,8.88,5.97,39.23,6.77,Wheat,Vegetative,HEALTHY
20260724_123113,G_13_32,jpr_20240528_AB01_MS_aligned_sun-all,13,32,2080,742,4300349.974222668,621399.1849463647,0.50516754,0.11163454,3.0612046e-05,0.8153409090909091,82.58522727272727,49.483246,4.8097395e-06,4.8062693e-06,1.5014172e-05,28.74,80.76,0.88,2.01,36.97,7.36,Wheat,Vegetative,HEALTHY
20260724_123113,G_13_33,jpr_20240528_AB01_MS_aligned_sun-all,13,33,2144,742,4300349.974222668,621402.3849463456,0.5690348,0.14816767,3.5402325e-05,0.8298295454545455,84.3465909090909,43.09652,4.3179543e-06,4.997715e-06,1.6119224e-05,33.94,64.45,11.77,0.59,30.29,5.98,Wheat,Vegetative,HEALTHY
20260724_123113,G_13_34,jpr_20240528_AB01_MS_aligned_sun-all,13,34,2208,742,4300349.974222668,621405.5849463266,0.528772,0.12096245,3.4227392e-05,0.9525568181818181,95.625,47.1228,4.987303e-06,5.2752102e-06,1.6396934e-05,30.58,71.77,1.68,4.52,45.37,6.84,Wheat,Vegetative,HEALTHY
20260724_123113,G_13_35,jpr_20240528_AB01_MS_aligned_sun-all,13,35,2272,742,4300349.974222668,621408.7849463074,0.55987924,0.15015428,3.6262627e-05,0.8451704545454546,85.39772727272728,44.012077,4.549403e-06,5.025636e-06,1.6637476e-05,28.34,74.66,13.38,1.1,26.24,7.13,Wheat,Vegetative,HEALTHY
20260724_123113,G_13_36,jpr_20240528_AB01_MS_aligned_sun-all,13,36,2336,742,4300349.974222668,621411.9849462883,0.5318491,0.13814273,3.5195953e-05,0.7835227272727273,78.92045454545455,46.81509,4.934975e-06,4.894592e-06,1.6667487e-05,30.65,71.36,12.53,5.76,22.29,7.38,Wheat,Vegetative,HEALTHY
20260724_123113,G_13_37,jpr_20240528_AB01_MS_aligned_sun-all,13,37,2400,742,4300349.974222668,621415.1849462691,0.58109874,0.16160265,3.9487782e-05,0.8917613636363636,90.22727272727272,41.890125,4.599228e-06,5.19204e-06,1.7762428e-05,32.21,82.43,1.26,5.79,31.85,6.85,Wheat,Vegetative,HEALTHY
20260724_123113,G_13_38,jpr_20240528_AB01_MS_aligned_sun-all,13,38,2464,742,4300349.974222668,621418.38494625,0.5552763,0.1517662,3.7079837e-05,0.9278409090909091,93.52272727272727,44.472374,4.813516e-06,5.2373066e-06,1.7174027e-05,31.5,68.86,7.19,0.64,35.54,7.21,Wheat,Vegetative,HEALTHY
20260724_123113,G_13_39,jpr_20240528_AB01_MS_aligned_sun-all,13,39,2528,742,4300349.974222668,621421.5849462309,0.5538886,0.15786886,3.557953e-05,0.959375,96.8465909090909,44.611137,4.6775194e-06,5.220396e-06,1.6537884e-05,31.31,80.07,1.59,5.91,35.78,6.69,Wheat,Vegetative,HEALTHY
20260724_123113,G_13_40,jpr_20240528_AB01_MS_aligned_sun-all,13,40,2592,742,4300349.974222668,621424.7849462117,0.5422527,0.15329058,3.3893844e-05,0.8619318181818182,86.8465909090909,45.774727,4.550797e-06,4.8921293e-06,1.5849226e-05,32.16,79.93,10.21,1.37,38.71,7.03,Wheat,Vegetative,HEALTHY
20260724_123113,G_13_41,jpr_20240528_AB01_MS_aligned_sun-all,13,41,2656,742,4300349.974222668,621427.9849461927,0.58679384,0.16974242,3.9420105e-05,0.9664772727272727,97.04545454545455,41.320618,4.3991613e-06,5.2918163e-06,1.7539804e-05,29.15,69.54,0.52,5.99,34.47,7.01,Wheat,Vegetative,HEALTHY
20260724_123113,G_13_42,jpr_20240528_AB01_MS_aligned_sun-all,13,42,2720,742,4300349.974222668,621431.1849461736,0.53060985,0.13843551,3.568033e-05,0.7863636363636364,79.20454545454545,46.939014,5.1107763e-06,5.5285473e-06,1.700476e-05,31.73,63.5,14.36,3.77,37.05,6.91,Wheat,Vegetative,HEALTHY
20260724_123113,G_14_4,jpr_20240528_AB01_MS_aligned_sun-all,14,4,288,797,4300347.224413698,621309.5849469001,0.5319601,0.14986695,3.142412e-05,0.6389204545454545,64.31818181818181,46.803986,4.489754e-06,4.5165575e-06,1.49648795e-05,31.69,76.7,8.25,4.18,34.94,6.53,Wheat,Vegetative,HEALTHY
20260724_123113,G_14_5,jpr_20240528_AB01_MS_aligned_sun-all,14,5,352,797,4300347.224413698,621312.784946881,0.50866675,0.13835289,2.9551444e-05,0.8397727272727272,85.0,49.133324,4.542752e-06,4.3595337e-06,1.4393627e-05,28.0,72.72,6.74,5.37,32.74,6.98,Wheat,Vegetative,HEALTHY
20260724_123113,G_14_6,jpr_20240528_AB01_MS_aligned_sun-all,14,6,416,797,4300347.224413698,621315.9849468619,0.548908,0.13958813,3.392601e-05,0.9676136363636364,98.125,45.1092,4.5240363e-06,4.9093724e-06,1.5833182e-05,25.83,71.37,4.27,1.49,41.69,6.98,Wheat,Vegetative,HEALTHY
20260724_123113,G_14_7,jpr_20240528_AB01_MS_aligned_sun-all,14,7,480,797,4300347.224413698,621319.1849468428,0.5784411,0.12779965,3.459726e-05,0.8784090909090909,88.92045454545455,42.15589,3.890842e-06,4.288782e-06,1.542374e-05,34.9,79.57,11.05,5.11,36.46,7.1,Wheat,Vegetative,HEALTHY
20260724_123113,G_14_8,jpr_20240528_AB01_MS_aligned_sun-all,14,8,544,797,4300347.224413698,621322.3849468237,0.5275073,0.11672787,2.7338816e-05,0.8596590909090909,86.96022727272728,47.249268,4.0083364e-06,3.9543456e-06,1.3121595e-05,28.38,66.91,11.77,3.67,38.32,7.46,Wheat,Vegetative,HEALTHY
20260724_123113,G_14_9,jpr_20240528_AB01_MS_aligned_sun-all,14,9,608,797,4300347.224413698,621325.5849468046,0.54816574,0.10421379,2.9707278e-05,0.7985795454545455,80.88068181818183,45.183426,3.8097728e-06,3.985643e-06,1.3712569e-05,29.18,74.65,11.85,5.38,36.46,6.49,Wheat,Vegetative,HEALTHY
20260724_123113,G_14_10,jpr_20240528_AB01_MS_aligned_sun-all,14,10,672,797,4300347.224413698,621328.7849467854,0.5888983,0.1202662,3.365721e-05,0.7784090909090909,78.83522727272727,41.11017,3.7111363e-06,4.1841345e-06,1.4930645e-05,34.44,72.52,9.0,2.55,32.53,7.4,Wheat,Vegetative,HEALTHY
20260724_123113,G_14_11,jpr_20240528_AB01_MS_aligned_sun-all,14,11,736,797,4300347.224413698,621331.9849467663,0.58086765,0.112702616,3.280966e-05,0.803125,80.9659090909091,41.913235,3.7491839e-06,4.1949975e-06,1.4686161e-05,32.22,74.51,4.69,0.73,41.72,6.83,Wheat,Vegetative,HEALTHY
20260724_123113,G_14_12,jpr_20240528_AB01_MS_aligned_sun-all,14,12,800,797,4300347.224413698,621335.1849467471,0.57967234,0.13038512,3.2562813e-05,0.7502840909090909,75.9375,42.03277,3.7716989e-06,4.363023e-06,1.4626387e-05,30.82,67.74,11.16,5.71,32.09,7.09,Wheat,Vegetative,HEALTHY
20260724_123113,G_14_13,jpr_20240528_AB01_MS_aligned_sun-all,14,13,864,797,4300347.224413698,621338.3849467281,0.54964477,0.13152575,2.8587878e-05,0.7255681818181818,73.32386363636364,45.035522,3.8073852e-06,4.1764633e-06,1.3337016e-05,31.64,73.29,4.96,5.89,35.04,6.61,Wheat,Vegetative,HEALTHY
20260724_123113,G_14_14,jpr_20240528_AB01_MS_aligned_sun-all,14,14,928,797,4300347.224413698,621341.584946709,0.50963956,0.11355405,2.5122921e-05,0.8119318181818181,81.93181818181819,49.036045,4.0184445e-06,4.062072e-06,1.2393032e-05,33.96,74.01,5.25,5.85,35.57,6.93,Wheat,Vegetative,HEALTHY
20260724_123113,G_14_15,jpr_20240528_AB01_MS_aligned_sun-all,14,15,992,797,4300347.224413698,621344.7849466898,0.47449225,0.09395914,2.4492116e-05,0.9113636363636364,91.5625,52.550774,4.511591e-06,4.424235e-06,1.2675913e-05,29.34,77.84,6.25,3.36,34.91,6.54,Wheat,Vegetative,HEALTHY
20260724_123113,G_14_16,jpr_20240528_AB01_MS_aligned_sun-all,14,16,1056,797,4300347.224413698,621347.9849466707,0.41308215,0.061849453,2.2453683e-05,0.9565340909090909,95.85227272727272,58.691788,5.3496274e-06,5.1381694e-06,1.2834461e-05,33.26,75.03,12.43,2.08,28.66,7.19,Wheat,Vegetative,HEALTHY
20260724_123113,G_14_17,jpr_20240528_AB01_MS_aligned_sun-all,14,17,1120,797,4300347.224413698,621351.1849466516,0.37760314,0.045145508,2.333683e-05,1.0,100.0,62.23968,6.432418e-06,6.4140227e-06,1.4211684e-05,27.96,74.09,1.54,4.71,36.39,6.41,Wheat,Vegetative,MODERATE
20260724_123113,G_14_18,jpr_20240528_AB01_MS_aligned_sun-all,14,18,1184,797,4300347.224413698,621354.3849466324,0.41168067,0.061283637,2.5337078e-05,1.0,100.0,58.831932,6.1102846e-06,6.184055e-06,1.4556326e-05,32.33,62.92,2.06,2.26,36.01,6.91,Wheat,Vegetative,HEALTHY
20260724_123113,G_14_19,jpr_20240528_AB01_MS_aligned_sun-all,14,19,1248,797,4300347.224413698,621357.5849466133,0.48624533,0.099120885,2.8161472e-05,1.0,100.0,51.375465,5.0063986e-06,5.1959855e-06,1.4393922e-05,31.53,70.15,9.39,2.51,32.49,6.33,Wheat,Vegetative,HEALTHY
20260724_123113,G_14_20,jpr_20240528_AB01_MS_aligned_sun-all,14,20,1312,797,4300347.224413698,621360.7849465943,0.5407978,0.12309522,2.7672984e-05,0.9809659090909091,98.57954545454545,45.920216,3.8630806e-06,4.225693e-06,1.3087728e-05,30.24,69.93,0.88,1.06,41.62,6.34,Wheat,Vegetative,HEALTHY
20260724_123113,G_14_21,jpr_20240528_AB01_MS_aligned_sun-all,14,21,1376,797,4300347.224413698,621363.9849465751,0.57266265,0.13164169,2.98406e-05,0.8278409090909091,83.66477272727273,42.733734,3.6819986e-06,4.340081e-06,1.3629215e-05,30.84,70.74,14.82,0.65,39.33,6.65,Wheat,Vegetative,HEALTHY
20260724_123113,G_14_22,jpr_20240528_AB01_MS_aligned_sun-all,14,22,1440,797,4300347.224413698,621367.184946556,0.5865507,0.12552409,3.1370735e-05,0.7346590909090909,74.63068181818183,41.34493,3.5483251e-06,4.0907553e-06,1.4005616e-05,32.47,77.37,10.58,3.31,35.23,6.93,Wheat,Vegetative,HEALTHY
20260724_123113,G_14_23,jpr_20240528_AB01_MS_aligned_sun-all,14,23,1504,797,4300347.224413698,621370.3849465369,0.55173963,0.12186913,3.1159703e-05,0.7775568181818182,78.57954545454545,44.82604,4.195448e-06,4.6885034e-06,1.45824115e-05,33.15,78.09,2.97,4.09,30.54,6.6,Wheat,Vegetative,HEALTHY
20260724_123113,G_14_24,jpr_20240528_AB01_MS_aligned_sun-all,14,24,1568,797,4300347.224413698,621373.5849465177,0.5516546,0.109461725,3.0230565e-05,0.7696022727272728,77.95454545454545,44.83454,3.9035294e-06,4.25621e-06,1.3980761e-05,33.05,69.42,13.88,4.2,34.79,7.31,Wheat,Vegetative,HEALTHY
20260724_123113,G_14_25,jpr_20240528_AB01_MS_aligned_sun-all,14,25,1632,797,4300347.224413698,621376.7849464986,0.5210351,0.10222468,2.9255794e-05,0.7963068181818181,80.36931818181819,47.896492,4.442821e-06,4.765737e-06,1.4195123e-05,32.66,70.04,12.3,3.16,42.56,6.64,Wheat,Vegetative,HEALTHY
20260724_123113,G_14_26,jpr_20240528_AB01_MS_aligned_sun-all,14,26,1696,797,4300347.224413698,621379.9849464794,0.53630865,0.09429584,3.0010517e-05,0.7900568181818182,79.80113636363636,46.369137,4.0652812e-06,4.189533e-06,1.4069168e-05,26.71,67.52,4.67,3.3,38.64,6.68,Wheat,Vegetative,HEALTHY
20260724_123113,G_14_27,jpr_20240528_AB01_MS_aligned_sun-all,14,27,1760,797,4300347.224413698,621383.1849464604,0.55304265,0.09983666,3.0533603e-05,0.8261363636363637,83.23863636363636,44.695736,4.0242207e-06,4.5000033e-06,1.4202468e-05,31.88,77.35,1.26,3.44,39.22,6.17,Wheat,Vegetative,HEALTHY
20260724_123113,G_14_28,jpr_20240528_AB01_MS_aligned_sun-all,14,28,1824,797,4300347.224413698,621386.3849464413,0.50993687,0.090967014,2.7535945e-05,0.8,80.73863636363636,49.006313,4.293854e-06,4.5092634e-06,1.3472839e-05,35.24,67.39,11.62,5.98,36.45,6.81,Wheat,Vegetative,HEALTHY
20260724_123113,G_14_29,jpr_20240528_AB01_MS_aligned_sun-all,14,29,1888,797,4300347.224413698,621389.5849464221,0.55497766,0.099423945,3.3594704e-05,0.884375,89.46022727272728,44.502235,4.3741475e-06,5.1732677e-06,1.5572845e-05,30.22,76.33,9.51,0.64,28.92,5.85,Wheat,Vegetative,HEALTHY
20260724_123113,G_14_30,jpr_20240528_AB01_MS_aligned_sun-all,14,30,1952,797,4300347.224413698,621392.784946403,0.51993257,0.10851552,2.8532862e-05,0.8227272727272728,82.8409090909091,48.006744,4.261559e-06,4.3931323e-06,1.3772866e-05,32.98,75.32,6.94,2.03,24.94,6.43,Wheat,Vegetative,HEALTHY
20260724_123113,G_14_31,jpr_20240528_AB01_MS_aligned_sun-all,14,31,2016,797,4300347.224413698,621395.9849463839,0.5154289,0.113450356,3.0205994e-05,0.8238636363636364,82.75568181818181,48.45711,4.6095693e-06,4.7267167e-06,1.46786315e-05,27.73,78.96,0.48,4.57,42.45,6.48,Wheat,Vegetative,HEALTHY
20260724_123113,G_14_32,jpr_20240528_AB01_MS_aligned_sun-all,14,32,2080,797,4300347.224413698,621399.1849463647,0.5218209,0.12177753,3.0198276e-05,0.8130681818181819,82.30113636363636,47.81791,4.4516532e-06,4.6371247e-06,1.4518139e-05,30.99,67.87,3.42,2.45,28.67,7.08,Wheat,Vegetative,HEALTHY
20260724_123113,G_14_33,jpr_20240528_AB01_MS_aligned_sun-all,14,33,2144,797,4300347.224413698,621402.3849463456,0.5349415,0.13566577,3.148319e-05,0.7857954545454545,79.48863636363637,46.50585,4.374546e-06,4.759824e-06,1.4869361e-05,29.93,71.59,12.46,2.37,30.67,6.68,Wheat,Vegetative,HEALTHY
20260724_123113,G_14_34,jpr_20240528_AB01_MS_aligned_sun-all,14,34,2208,797,4300347.224413698,621405.5849463266,0.5121016,0.13220592,3.046998e-05,0.8801136363636364,89.14772727272727,48.78984,4.749241e-06,4.7780322e-06,1.490631e-05,32.84,70.41,1.75,1.56,25.02,6.83,Wheat,Vegetative,HEALTHY
20260724_123113,G_14_35,jpr_20240528_AB01_MS_aligned_sun-all,14,35,2272,797,4300347.224413698,621408.7849463074,0.5646665,0.14245027,3.6564343e-05,0.8025568181818182,81.33522727272727,43.533348,4.411985e-06,4.8496236e-06,1.6600638e-05,34.0,66.39,7.96,1.31,28.95,7.2,Wheat,Vegetative,HEALTHY
20260724_123113,G_14_36,jpr_20240528_AB01_MS_aligned_sun-all,14,36,2336,797,4300347.224413698,621411.9849462883,0.57145435,0.1521368,3.834998e-05,0.8647727272727272,86.8465909090909,42.854565,4.680015e-06,5.1099537e-06,1.7463924e-05,29.56,68.01,0.75,1.61,48.28,6.85,Wheat,Vegetative,HEALTHY
20260724_123113,G_14_37,jpr_20240528_AB01_MS_aligned_sun-all,14,37,2400,797,4300347.224413698,621415.1849462691,0.5670241,0.14467695,3.8028338e-05,0.8474431818181818,86.07954545454545,43.29759,4.564083e-06,4.9164446e-06,1.7240776e-05,31.15,82.75,10.85,5.33,29.17,7.24,Wheat,Vegetative,HEALTHY
20260724_123113,G_14_38,jpr_20240528_AB01_MS_aligned_sun-all,14,38,2464,797,4300347.224413698,621418.38494625,0.56976056,0.15239741,3.9432678e-05,0.8909090909090909,89.85795454545455,43.023945,4.8976813e-06,5.61649e-06,1.8042521e-05,31.23,78.41,4.87,4.72,42.68,7.07,Wheat,Vegetative,HEALTHY
20260724_123113,G_14_39,jpr_20240528_AB01_MS_aligned_sun-all,14,39,2528,797,4300347.224413698,621421.5849462309,0.55487704,0.14955941,3.3750668e-05,0.8039772727272727,81.39204545454545,44.512295,4.2629745e-06,4.594917e-06,1.5513666e-05,30.56,65.48,13.15,0.84,32.79,6.62,Wheat,Vegetative,HEALTHY
20260724_123113,G_14_40,jpr_20240528_AB01_MS_aligned_sun-all,14,40,2592,797,4300347.224413698,621424.7849462117,0.5820515,0.16870803,3.810641e-05,0.8548295454545455,86.5909090909091,41.79485,4.385509e-06,5.2435453e-06,1.7088212e-05,28.7,72.4,9.56,4.16,24.18,6.69,Wheat,Vegetative,HEALTHY
20260724_123113,G_14_41,jpr_20240528_AB01_MS_aligned_sun-all,14,41,2656,797,4300347.224413698,621427.9849461927,0.6143906,0.16436218,4.4072363e-05,0.9289772727272727,94.48863636363637,38.56094,4.289438e-06,5.4657526e-06,1.8980953e-05,29.52,68.66,12.82,2.18,39.25,6.89,Wheat,Vegetative,HEALTHY
20260724_123113,G_14_42,jpr_20240528_AB01_MS_aligned_sun-all,14,42,2720,797,4300347.224413698,621431.1849461736,0.5784596,0.16205542,3.9336916e-05,1.0,100.0,42.154037,4.621574e-06,5.5285823e-06,1.7734492e-05,32.28,67.68,10.62,3.59,21.66,6.52,Wheat,Vegetative,HEALTHY
20260724_123113,G_14_43,jpr_20240528_AB01_MS_aligned_sun-all,14,43,2784,797,4300347.224413698,621434.3849461544,0.53679794,0.14679593,3.2981876e-05,1.0,100.0,46.320206,4.6147247e-06,4.9648775e-06,1.5609143e-05,30.79,67.39,3.56,4.45,32.21,7.04,Wheat,Vegetative,HEALTHY
20260724_123113,G_14_44,jpr_20240528_AB01_MS_aligned_sun-all,14,44,2848,797,4300347.224413698,621437.5849461353,0.55638015,0.1593885,3.497675e-05,0.6704545454545454,67.67045454545455,44.361984,4.5271404e-06,5.153878e-06,1.6186554e-05,31.42,73.41,6.7,3.96,51.97,6.32,Wheat,Vegetative,HEALTHY
20260724_123113,G_15_4,jpr_20240528_AB01_MS_aligned_sun-all,15,4,288,852,4300344.474604728,621309.5849469001,0.5010787,0.14695378,3.037738e-05,0.8292613636363636,83.57954545454545,49.892128,4.9143014e-06,4.86552e-06,1.5040513e-05,34.67,78.47,5.18,3.05,30.47,7.3,Wheat,Vegetative,HEALTHY
20260724_123113,G_15_5,jpr_20240528_AB01_MS_aligned_sun-all,15,5,352,852,4300344.474604728,621312.784946881,0.45263842,0.123670295,2.621366e-05,0.9110795454545455,91.81818181818183,54.73616,5.2567325e-06,4.805532e-06,1.3994962e-05,33.25,78.83,6.24,3.3,26.9,6.79,Wheat,Vegetative,HEALTHY
20260724_123113,G_15_6,jpr_20240528_AB01_MS_aligned_sun-all,15,6,416,852,4300344.474604728,621315.9849468619,0.49907422,0.119472295,3.093631e-05,0.9178977272727272,92.8125,50.09258,4.969364e-06,4.918414e-06,1.5281907e-05,29.42,74.85,6.09,3.56,25.19,7.19,Wheat,Vegetative,HEALTHY
20260724_123113,G_15_7,jpr_20240528_AB01_MS_aligned_sun-all,15,7,480,852,4300344.474604728,621319.1849468428,0.5352919,0.12354026,3.080846e-05,0.9125,92.41477272727273,46.47081,4.372044e-06,4.4364906e-06,1.46419325e-05,33.17,74.42,5.87,2.2,32.39,7.31,Wheat,Vegetative,HEALTHY
20260724_123113,G_15_8,jpr_20240528_AB01_MS_aligned_sun-all,15,8,544,852,4300344.474604728,621322.3849468237,0.5503986,0.11642591,2.9808049e-05,0.7866477272727272,79.77272727272727,44.96014,3.748846e-06,3.933554e-06,1.3685236e-05,28.21,71.4,12.57,1.1,36.92,7.64,Wheat,Vegetative,HEALTHY
20260724_123113,G_15_9,jpr_20240528_AB01_MS_aligned_sun-all,15,9,608,852,4300344.474604728,621325.5849468046,0.566786,0.11891459,3.3043114e-05,0.7909090909090909,79.74431818181819,43.3214,3.937345e-06,4.190683e-06,1.4952159e-05,27.61,81.73,9.69,5.43,38.49,6.58,Wheat,Vegetative,HEALTHY
20260724_123113,G_15_10,jpr_20240528_AB01_MS_aligned_sun-all,15,10,672,852,4300344.474604728,621328.7849467854,0.561481,0.09595335,3.1571923e-05,0.7789772727272727,78.63636363636364,43.8519,3.9474153e-06,4.0107516e-06,1.44717915e-05,30.37,64.36,1.3,0.59,38.14,6.8,Wheat,Vegetative,HEALTHY
20260724_123113,G_15_11,jpr_20240528_AB01_MS_aligned_sun-all,15,11,736,852,4300344.474604728,621331.9849467663,0.5827403,0.11015181,3.3840035e-05,0.759090909090909,76.76136363636363,41.725967,3.8891026e-06,4.475633e-06,1.5169556e-05,32.33,63.81,7.33,4.93,41.96,7.05,Wheat,Vegetative,HEALTHY
20260724_123113,G_15_12,jpr_20240528_AB01_MS_aligned_sun-all,15,12,800,852,4300344.474604728,621335.1849467471,0.60863566,0.11922333,3.6815363e-05,0.6946022727272727,70.25568181818181,39.136433,3.8581175e-06,4.4410103e-06,1.613041e-05,29.9,65.99,9.07,3.86,30.17,7.07,Wheat,Vegetative,HEALTHY
20260724_123113,G_15_13,jpr_20240528_AB01_MS_aligned_sun-all,15,13,864,852,4300344.474604728,621338.3849467281,0.5137144,0.121254176,2.6687841e-05,0.8826704545454546,89.17613636363636,48.628563,4.092709e-06,4.369805e-06,1.298897e-05,32.49,68.57,5.43,4.7,35.12,7.04,Wheat,Vegetative,HEALTHY
20260724_123113,G_15_14,jpr_20240528_AB01_MS_aligned_sun-all,15,14,928,852,4300344.474604728,621341.584946709,0.5234147,0.11063223,2.626638e-05,0.74375,75.51136363636364,47.65853,3.874775e-06,3.8416124e-06,1.2630534e-05,29.69,70.08,11.98,2.16,31.02,7.02,Wheat,Vegetative,HEALTHY
20260724_123113,G_15_15,jpr_20240528_AB01_MS_aligned_sun-all,15,15,992,852,4300344.474604728,621344.7849466898,0.5104866,0.11352643,2.6614991e-05,0.7909090909090909,79.77272727272727,48.95134,4.199979e-06,4.5192346e-06,1.3071956e-05,29.79,74.33,8.88,5.91,42.42,6.37,Wheat,Vegetative,HEALTHY
20260724_123113,G_15_16,jpr_20240528_AB01_MS_aligned_sun-all,15,16,1056,852,4300344.474604728,621347.9849466707,0.5027417,0.110132,2.6200492e-05,0.8338068181818182,84.23295454545455,49.72583,4.2248066e-06,4.3298724e-06,1.2958614e-05,31.81,78.05,3.71,1.36,31.56,6.26,Wheat,Vegetative,HEALTHY
20260724_123113,G_15_17,jpr_20240528_AB01_MS_aligned_sun-all,15,17,1120,852,4300344.474604728,621351.1849466516,0.46143582,0.09067151,2.4488925e-05,0.884090909090909,88.92045454545455,53.856422,4.8036754e-06,4.6745354e-06,1.2966942e-05,33.83,67.56,13.32,5.81,31.21,6.34,Wheat,Vegetative,HEALTHY
20260724_123113,G_15_18,jpr_20240528_AB01_MS_aligned_sun-all,15,18,1184,852,4300344.474604728,621354.3849466324,0.42099956,0.065519504,2.4314786e-05,0.9982954545454545,99.94318181818181,57.900047,5.6242525e-06,5.455663e-06,1.3729495e-05,29.58,72.47,2.66,4.18,34.46,7.21,Wheat,Vegetative,HEALTHY
20260724_123113,G_15_19,jpr_20240528_AB01_MS_aligned_sun-all,15,19,1248,852,4300344.474604728,621357.5849466133,0.37763298,0.044235397,2.4339994e-05,1.0,100.0,62.236702,6.7057013e-06,6.5144563e-06,1.4819382e-05,31.64,76.4,10.79,5.17,39.57,6.88,Wheat,Vegetative,MODERATE
20260724_123113,G_15_20,jpr_20240528_AB01_MS_aligned_sun-all,15,20,1312,852,4300344.474604728,621360.7849465943,0.43809447,0.07141543,2.6465857e-05,1.0,100.0,56.19055,5.792415e-06,5.9589015e-06,1.4614727e-05,31.87,73.06,8.03,5.99,33.68,6.75,Wheat,Vegetative,HEALTHY
20260724_123113,G_15_21,jpr_20240528_AB01_MS_aligned_sun-all,15,21,1376,852,4300344.474604728,621363.9849465751,0.5612242,0.11720889,3.0628602e-05,0.9860795454545455,98.89204545454545,43.87758,3.9874276e-06,4.511597e-06,1.419734e-05,30.36,82.0,7.21,0.62,37.85,6.9,Wheat,Vegetative,HEALTHY
20260724_123113,G_15_22,jpr_20240528_AB01_MS_aligned_sun-all,15,22,1440,852,4300344.474604728,621367.184946556,0.5549066,0.12283477,2.9487177e-05,0.9096590909090909,91.70454545454545,44.50934,3.871487e-06,4.357393e-06,1.37009e-05,30.46,65.63,1.9,2.31,39.09,6.67,Wheat,Vegetative,HEALTHY
20260724_123113,G_15_23,jpr_20240528_AB01_MS_aligned_sun-all,15,23,1504,852,4300344.474604728,621370.3849465369,0.54717386,0.11410214,2.9226876e-05,0.8136363636363636,82.41477272727272,45.282616,3.9667343e-06,4.5097686e-06,1.37093775e-05,30.61,83.07,5.54,3.28,46.87,6.77,Wheat,Vegetative,HEALTHY
20260724_123113,G_15_24,jpr_20240528_AB01_MS_aligned_sun-all,15,24,1568,852,4300344.474604728,621373.5849465177,0.54928064,0.11307105,3.1147974e-05,0.7724431818181818,78.125,45.071938,4.216781e-06,4.7182252e-06,1.4599836e-05,29.75,76.16,11.57,4.89,29.03,7.07,Wheat,Vegetative,HEALTHY
20260724_123113,G_15_25,jpr_20240528_AB01_MS_aligned_sun-all,15,25,1632,852,4300344.474604728,621376.7849464986,0.54752135,0.09638112,2.9924548e-05,0.7769886363636364,78.4659090909091,45.247864,3.95352e-06,4.2590723e-06,1.39287395e-05,31.14,71.9,3.14,0.63,31.24,7.07,Wheat,Vegetative,HEALTHY
20260724_123113,G_15_26,jpr_20240528_AB01_MS_aligned_sun-all,15,26,1696,852,4300344.474604728,621379.9849464794,0.5513571,0.1041869,3.0934858e-05,0.7730113636363637,77.8409090909091,44.864292,4.0750906e-06,4.550774e-06,1.4387101e-05,30.23,76.31,10.84,1.19,40.88,6.82,Wheat,Vegetative,HEALTHY
20260724_123113,G_15_27,jpr_20240528_AB01_MS_aligned_sun-all,15,27,1760,852,4300344.474604728,621383.1849464604,0.540787,0.098696016,2.9255241e-05,0.8380681818181818,84.3465909090909,45.921303,4.0384316e-06,4.344183e-06,1.37905345e-05,33.85,76.17,9.02,5.76,34.46,6.63,Wheat,Vegetative,HEALTHY
20260724_123113,G_15_28,jpr_20240528_AB01_MS_aligned_sun-all,15,28,1824,852,4300344.474604728,621386.3849464413,0.56389374,0.106871195,3.351457e-05,0.8559659090909091,86.70454545454545,43.610626,4.291051e-06,5.068894e-06,1.5463023e-05,32.51,76.44,13.74,3.47,42.69,7.18,Wheat,Vegetative,HEALTHY
20260724_123113,G_15_29,jpr_20240528_AB01_MS_aligned_sun-all,15,29,1888,852,4300344.474604728,621389.5849464221,0.54575694,0.102610625,3.0430409e-05,0.8144886363636363,82.04545454545455,45.424305,4.043116e-06,4.351984e-06,1.4186971e-05,31.64,73.01,1.81,1.16,32.43,7.12,Wheat,Vegetative,HEALTHY
20260724_123113,G_15_30,jpr_20240528_AB01_MS_aligned_sun-all,15,30,1952,852,4300344.474604728,621392.784946403,0.5281308,0.11484571,2.9659243e-05,0.784375,78.92045454545455,47.186916,4.2889383e-06,4.558389e-06,1.4175728e-05,32.95,71.21,4.32,4.95,31.65,6.31,Wheat,Vegetative,HEALTHY
20260724_123113,G_15_31,jpr_20240528_AB01_MS_aligned_sun-all,15,31,2016,852,4300344.474604728,621395.9849463839,0.5323566,0.110902786,3.008189e-05,0.8193181818181818,82.75568181818181,46.76434,4.2571874e-06,4.383687e-06,1.4284867e-05,33.77,79.52,10.72,4.13,31.75,7.05,Wheat,Vegetative,HEALTHY
20260724_123113,G_15_32,jpr_20240528_AB01_MS_aligned_sun-all,15,32,2080,852,4300344.474604728,621399.1849463647,0.5599413,0.13580605,3.1328193e-05,0.7886363636363637,79.63068181818181,44.00587,3.9452816e-06,4.5318716e-06,1.4388408e-05,31.36,63.86,9.16,1.82,37.69,6.48,Wheat,Vegetative,HEALTHY
20260724_123113,G_15_33,jpr_20240528_AB01_MS_aligned_sun-all,15,33,2144,852,4300344.474604728,621402.3849463456,0.53311807,0.12609729,3.0441119e-05,0.8144886363636363,82.32954545454545,46.688194,4.303788e-06,4.4189874e-06,1.4451221e-05,27.95,64.07,1.19,1.07,19.23,6.68,Wheat,Vegetative,HEALTHY
20260724_123113,G_15_34,jpr_20240528_AB01_MS_aligned_sun-all,15,34,2208,852,4300344.474604728,621405.5849463266,0.52366817,0.13341628,3.063823e-05,0.8122159090909091,81.81818181818183,47.633183,4.558028e-06,4.6372484e-06,1.4771175e-05,31.41,73.29,13.16,3.36,22.78,6.32,Wheat,Vegetative,HEALTHY
20260724_123113,G_15_35,jpr_20240528_AB01_MS_aligned_sun-all,15,35,2272,852,4300344.474604728,621408.7849463074,0.558389,0.13736077,3.525453e-05,0.8105113636363637,81.73295454545455,44.1611,4.405798e-06,4.7178237e-06,1.6157812e-05,31.79,75.72,2.88,5.41,33.09,6.92,Wheat,Vegetative,HEALTHY
20260724_123113,G_15_36,jpr_20240528_AB01_MS_aligned_sun-all,15,36,2336,852,4300344.474604728,621411.9849462883,0.54272,0.14065526,3.3614044e-05,0.8678977272727273,87.67045454545455,45.727997,4.5628076e-06,4.7253957e-06,1.576796e-05,28.94,79.19,10.71,0.76,39.52,6.94,Wheat,Vegetative,HEALTHY
20260724_123113,G_15_37,jpr_20240528_AB01_MS_aligned_sun-all,15,37,2400,852,4300344.474604728,621415.1849462691,0.54644394,0.13445544,3.4289726e-05,0.8045454545454546,81.05113636363637,45.355606,4.610525e-06,4.91396e-06,1.6040918e-05,29.19,72.58,4.88,3.13,24.98,6.74,Wheat,Vegetative,HEALTHY
20260724_123113,G_15_38,jpr_20240528_AB01_MS_aligned_sun-all,15,38,2464,852,4300344.474604728,621418.38494625,0.5640183,0.14104272,3.735211e-05,0.8536931818181818,86.02272727272727,43.598167,4.62877e-06,5.153397e-06,1.7080032e-05,33.44,78.68,2.67,5.11,36.24,7.05,Wheat,Vegetative,HEALTHY
20260724_123113,G_15_39,jpr_20240528_AB01_MS_aligned_sun-all,15,39,2528,852,4300344.474604728,621421.5849462309,0.57371193,0.15646371,3.7799146e-05,0.8090909090909091,81.9034090909091,42.628807,4.334973e-06,5.0814133e-06,1.6935257e-05,30.32,71.66,6.1,2.13,35.64,6.73,Wheat,Vegetative,HEALTHY
20260724_123113,G_15_40,jpr_20240528_AB01_MS_aligned_sun-all,15,40,2592,852,4300344.474604728,621424.7849462117,0.5679757,0.14517206,3.7781647e-05,0.8102272727272727,81.76136363636364,43.20243,4.5805923e-06,5.2675623e-06,1.7175045e-05,30.23,74.11,6.82,4.49,40.15,6.51,Wheat,Vegetative,HEALTHY
20260724_123113,G_15_41,jpr_20240528_AB01_MS_aligned_sun-all,15,41,2656,852,4300344.474604728,621427.9849461927,0.5534142,0.14515111,3.718902e-05,0.9542613636363636,96.19318181818181,44.658577,4.914718e-06,5.5120886e-06,1.7311624e-05,29.99,74.68,1.19,2.46,41.41,6.47,Wheat,Vegetative,HEALTHY
20260724_123113,G_15_42,jpr_20240528_AB01_MS_aligned_sun-all,15,42,2720,852,4300344.474604728,621431.1849461736,0.56603193,0.14751771,3.801291e-05,0.9480113636363636,95.39772727272727,43.396805,4.7408635e-06,5.4348448e-06,1.7412414e-05,30.47,74.56,9.71,4.89,32.09,6.79,Wheat,Vegetative,HEALTHY
20260724_123113,G_15_43,jpr_20240528_AB01_MS_aligned_sun-all,15,43,2784,852,4300344.474604728,621434.3849461544,0.56152934,0.15910737,3.509995e-05,0.9369318181818181,94.51704545454545,43.847065,4.461174e-06,5.188763e-06,1.6161654e-05,30.97,66.35,1.37,2.32,46.71,7.26,Wheat,Vegetative,HEALTHY
20260724_123113,G_15_44,jpr_20240528_AB01_MS_aligned_sun-all,15,44,2848,852,4300344.474604728,621437.5849461353,0.545786,0.14272755,3.479444e-05,0.8639204545454545,87.10227272727272,45.4214,4.69358e-06,5.1421266e-06,1.6292228e-05,29.28,73.54,6.01,5.07,27.7,6.87,Wheat,Vegetative,HEALTHY
20260724_123113,G_15_45,jpr_20240528_AB01_MS_aligned_sun-all,15,45,2912,852,4300344.474604728,621440.7849461162,0.5647845,0.15812926,3.7029145e-05,0.9380681818181819,93.97727272727273,43.521545,4.6211826e-06,5.363518e-06,1.6964781e-05,32.01,74.26,10.24,3.19,39.67,6.84,Wheat,Vegetative,HEALTHY
20260724_123113,G_15_46,jpr_20240528_AB01_MS_aligned_sun-all,15,46,2976,852,4300344.474604728,621443.984946097,0.53967327,0.14246629,3.474181e-05,0.6008522727272727,60.28409090909091,46.032673,4.767308e-06,5.1464185e-06,1.6348416e-05,29.78,79.13,11.04,2.59,23.19,6.3,Wheat,Vegetative,HEALTHY
20260724_123113,G_16_4,jpr_20240528_AB01_MS_aligned_sun-all,16,4,288,907,4300341.724795757,621309.5849469001,0.4806562,0.13940002,2.69551e-05,0.9065340909090909,91.76136363636364,51.93438,4.7515514e-06,4.386688e-06,1.3736926e-05,31.81,78.17,1.2,4.25,30.43,6.96,Wheat,Vegetative,HEALTHY
20260724_123113,G_16_5,jpr_20240528_AB01_MS_aligned_sun-all,16,5,352,907,4300341.724795757,621312.784946881,0.4884633,0.1340364,2.980746e-05,0.8693181818181818,88.38068181818181,51.15367,5.017421e-06,4.929198e-06,1.49536545e-05,31.0,72.21,3.43,4.6,38.7,6.98,Wheat,Vegetative,HEALTHY
20260724_123113,G_16_6,jpr_20240528_AB01_MS_aligned_sun-all,16,6,416,907,4300341.724795757,621315.9849468619,0.5072143,0.12071452,2.953877e-05,0.9394886363636363,94.60227272727273,49.27857,4.53391e-06,4.300484e-06,1.438056e-05,29.78,80.36,2.51,3.82,43.26,6.74,Wheat,Vegetative,HEALTHY
20260724_123113,G_16_7,jpr_20240528_AB01_MS_aligned_sun-all,16,7,480,907,4300341.724795757,621319.1849468428,0.5450219,0.13060556,3.14295e-05,0.8946022727272728,91.02272727272728,45.49781,4.159083e-06,4.3805494e-06,1.46359935e-05,33.49,76.1,0.47,1.17,37.97,6.82,Wheat,Vegetative,HEALTHY
20260724_123113,G_16_8,jpr_20240528_AB01_MS_aligned_sun-all,16,8,544,907,4300341.724795757,621322.3849468237,0.52567476,0.10924132,3.0439582e-05,0.8721590909090909,88.1534090909091,47.432526,4.388012e-06,4.2951365e-06,1.4534941e-05,34.06,68.0,7.37,4.48,39.51,6.49,Wheat,Vegetative,HEALTHY
20260724_123113,G_16_9,jpr_20240528_AB01_MS_aligned_sun-all,16,9,608,907,4300341.724795757,621325.5849468046,0.56663156,0.114983656,3.3395554e-05,0.8159090909090909,82.2159090909091,43.336845,4.0207965e-06,4.3183513e-06,1.51530985e-05,30.74,67.35,5.32,5.53,31.59,6.76,Wheat,Vegetative,HEALTHY
20260724_123113,G_16_10,jpr_20240528_AB01_MS_aligned_sun-all,16,10,672,907,4300341.724795757,621328.7849467854,0.5667767,0.102720864,3.347056e-05,0.771875,77.98295454545455,43.32233,4.120885e-06,4.614195e-06,1.5278189e-05,30.58,65.17,13.67,2.53,41.03,6.67,Wheat,Vegetative,HEALTHY
20260724_123113,G_16_11,jpr_20240528_AB01_MS_aligned_sun-all,16,11,736,907,4300341.724795757,621331.9849467663,0.58135134,0.10689048,3.50954e-05,0.8323863636363636,84.0909090909091,41.864864,4.0974933e-06,4.6168007e-06,1.5796442e-05,30.18,71.94,12.4,5.33,37.21,7.44,Wheat,Vegetative,HEALTHY
20260724_123113,G_16_12,jpr_20240528_AB01_MS_aligned_sun-all,16,12,800,907,4300341.724795757,621335.1849467471,0.5602329,0.12180245,3.204323e-05,0.7704545454545455,77.98295454545455,43.97671,4.0605496e-06,4.5986308e-06,1.4742043e-05,29.12,73.72,12.95,2.48,32.53,7.1,Wheat,Vegetative,HEALTHY
20260724_123113,G_16_13,jpr_20240528_AB01_MS_aligned_sun-all,16,13,864,907,4300341.724795757,621338.3849467281,0.4767424,0.10526206,2.2413988e-05,0.9068181818181819,91.8465909090909,52.32576,4.0997766e-06,3.924909e-06,1.1571342e-05,31.75,70.93,14.57,5.93,41.34,6.48,Wheat,Vegetative,HEALTHY
20260724_123113,G_16_14,jpr_20240528_AB01_MS_aligned_sun-all,16,14,928,907,4300341.724795757,621341.584946709,0.52123517,0.11332823,2.9537829e-05,0.7911931818181818,80.08522727272728,47.876484,4.4349126e-06,4.6043465e-06,1.4281232e-05,34.22,65.29,5.58,5.71,35.73,7.0,Wheat,Vegetative,HEALTHY
20260724_123113,G_16_15,jpr_20240528_AB01_MS_aligned_sun-all,16,15,992,907,4300341.724795757,621344.7849466898,0.50868773,0.11333233,2.5294528e-05,0.7514204545454546,75.9375,49.131226,3.9266592e-06,3.9195684e-06,1.2358455e-05,31.21,74.69,3.38,5.84,36.07,7.0,Wheat,Vegetative,HEALTHY
20260724_123113,G_16_16,jpr_20240528_AB01_MS_aligned_sun-all,16,16,1056,907,4300341.724795757,621347.9849466707,0.4912688,0.11299033,2.6243772e-05,0.8585227272727273,86.61931818181819,50.87312,4.4849194e-06,4.6339783e-06,1.32331625e-05,32.07,63.15,8.32,4.17,41.07,7.24,Wheat,Vegetative,HEALTHY
20260724_123113,G_16_17,jpr_20240528_AB01_MS_aligned_sun-all,16,17,1120,907,4300341.724795757,621351.1849466516,0.5501981,0.11399132,3.0449095e-05,0.7928977272727272,79.94318181818181,44.980194,4.0372847e-06,4.260648e-06,1.4187363e-05,28.02,67.51,6.65,5.05,32.62,7.09,Wheat,Vegetative,HEALTHY
20260724_123113,G_16_18,jpr_20240528_AB01_MS_aligned_sun-all,16,18,1184,907,4300341.724795757,621354.3849466324,0.49472123,0.102734245,2.7249833e-05,0.7710227272727272,77.67045454545455,50.527878,4.5396378e-06,4.5983393e-06,1.3623255e-05,32.48,72.05,12.79,1.24,29.99,6.66,Wheat,Vegetative,HEALTHY
20260724_123113,G_16_19,jpr_20240528_AB01_MS_aligned_sun-all,16,19,1248,907,4300341.724795757,621357.5849466133,0.443531,0.07892198,2.3583429e-05,0.8607954545454546,86.64772727272727,55.646896,5.019771e-06,4.7038675e-06,1.2881195e-05,30.32,75.71,4.19,5.24,19.81,6.77,Wheat,Vegetative,HEALTHY
20260724_123113,G_16_20,jpr_20240528_AB01_MS_aligned_sun-all,16,20,1312,907,4300341.724795757,621360.7849465943,0.40471205,0.056014,2.4638524e-05,1.0,100.0,59.528793,6.1176675e-06,5.9016743e-06,1.4330843e-05,31.04,70.44,1.17,5.85,29.84,7.42,Wheat,Vegetative,HEALTHY
20260724_123113,G_16_21,jpr_20240528_AB01_MS_aligned_sun-all,16,21,1376,907,4300341.724795757,621363.9849465751,0.4025319,0.05412491,2.5505846e-05,1.0,100.0,59.746815,6.3597586e-06,6.3252032e-06,1.48620675e-05,31.69,65.51,2.82,2.15,34.86,6.5,Wheat,Vegetative,HEALTHY
20260724_123113,G_16_22,jpr_20240528_AB01_MS_aligned_sun-all,16,22,1440,907,4300341.724795757,621367.184946556,0.47417974,0.09218363,2.7908594e-05,1.0,100.0,52.582024,5.22529e-06,5.343236e-06,1.4528524e-05,30.23,63.72,1.93,2.77,29.55,6.64,Wheat,Vegetative,HEALTHY
20260724_123113,G_16_23,jpr_20240528_AB01_MS_aligned_sun-all,16,23,1504,907,4300341.724795757,621370.3849465369,0.52968365,0.11237805,2.8246006e-05,0.9775568181818182,98.0965909090909,47.031635,4.195079e-06,4.4865565e-06,1.3610752e-05,29.55,69.08,7.35,1.37,31.47,6.57,Wheat,Vegetative,HEALTHY
20260724_123113,G_16_24,jpr_20240528_AB01_MS_aligned_sun-all,16,24,1568,907,4300341.724795757,621373.5849465177,0.533803,0.10394168,2.9334928e-05,0.9107954545454545,91.39204545454545,46.6197,4.214155e-06,4.7096605e-06,1.3992827e-05,31.2,69.2,6.31,4.22,41.96,6.65,Wheat,Vegetative,HEALTHY
20260724_123113,G_16_25,jpr_20240528_AB01_MS_aligned_sun-all,16,25,1632,907,4300341.724795757,621376.7849464986,0.56789196,0.101130605,3.07856e-05,0.8386363636363636,84.63068181818181,43.210804,3.839295e-06,4.442562e-06,1.4101534e-05,30.26,77.27,1.74,4.91,37.98,7.01,Wheat,Vegetative,HEALTHY
20260724_123113,G_16_26,jpr_20240528_AB01_MS_aligned_sun-all,16,26,1696,907,4300341.724795757,621379.9849464794,0.53513825,0.09868639,2.7674492e-05,0.8210227272727273,82.5284090909091,46.486176,3.925937e-06,4.1778644e-06,1.3151091e-05,27.98,65.61,7.37,0.54,34.85,6.58,Wheat,Vegetative,HEALTHY
20260724_123113,G_16_27,jpr_20240528_AB01_MS_aligned_sun-all,16,27,1760,907,4300341.724795757,621383.1849464604,0.53338873,0.09964413,2.884048e-05,0.7678977272727273,77.72727272727272,46.661125,4.0839313e-06,4.4040908e-06,1.3697778e-05,28.79,72.83,2.76,4.79,33.13,6.66,Wheat,Vegetative,HEALTHY
20260724_123113,G_16_28,jpr_20240528_AB01_MS_aligned_sun-all,16,28,1824,907,4300341.724795757,621386.3849464413,0.56282926,0.109824486,3.2903958e-05,0.8159090909090909,82.32954545454545,43.717075,4.149164e-06,4.591671e-06,1.5117583e-05,27.89,80.59,8.91,2.13,29.65,7.0,Wheat,Vegetative,HEALTHY
20260724_123113,G_16_29,jpr_20240528_AB01_MS_aligned_sun-all,16,29,1888,907,4300341.724795757,621389.5849464221,0.54813427,0.12002648,3.1071388e-05,0.778125,78.4659090909091,45.186573,4.110199e-06,4.3860055e-06,1.4467727e-05,30.28,76.26,1.62,5.57,40.53,6.45,Wheat,Vegetative,HEALTHY
20260724_123113,G_16_30,jpr_20240528_AB01_MS_aligned_sun-all,16,30,1952,907,4300341.724795757,621392.784946403,0.54557747,0.116949424,3.1824486e-05,0.8198863636363637,82.58522727272727,45.442253,4.2635033e-06,4.5095294e-06,1.48720865e-05,32.46,78.26,12.18,4.57,37.41,6.71,Wheat,Vegetative,HEALTHY
20260724_123113,G_16_31,jpr_20240528_AB01_MS_aligned_sun-all,16,31,2016,907,4300341.724795757,621395.9849463839,0.55621,0.12624569,3.3073262e-05,0.8039772727272727,81.02272727272727,44.379,4.283143e-06,4.8298975e-06,1.5308007e-05,31.56,64.62,6.86,2.54,34.5,6.37,Wheat,Vegetative,HEALTHY
20260724_123113,G_16_32,jpr_20240528_AB01_MS_aligned_sun-all,16,32,2080,907,4300341.724795757,621399.1849463647,0.54368424,0.12486621,2.9203764e-05,0.8227272727272728,83.0965909090909,45.631577,3.9508527e-06,4.208566e-06,1.3685794e-05,33.82,71.62,0.31,3.09,37.28,6.6,Wheat,Vegetative,HEALTHY
20260724_123113,G_16_33,jpr_20240528_AB01_MS_aligned_sun-all,16,33,2144,907,4300341.724795757,621402.3849463456,0.5334199,0.13541867,3.0647683e-05,0.7806818181818181,78.94886363636363,46.65801,4.3432583e-06,4.4993376e-06,1.45595495e-05,31.93,72.82,6.96,2.43,25.61,7.23,Wheat,Vegetative,HEALTHY
20260724_123113,G_16_34,jpr_20240528_AB01_MS_aligned_sun-all,16,34,2208,907,4300341.724795757,621405.5849463266,0.5255166,0.1189115,3.1084346e-05,0.7789772727272727,78.63636363636364,47.448338,4.4961976e-06,4.7328385e-06,1.485806e-05,29.06,65.81,10.97,5.6,35.62,6.98,Wheat,Vegetative,HEALTHY
20260724_123113,G_16_35,jpr_20240528_AB01_MS_aligned_sun-all,16,35,2272,907,4300341.724795757,621408.7849463074,0.5390336,0.1425303,3.3441687e-05,0.7900568181818182,79.80113636363636,46.09664,4.6386117e-06,4.893784e-06,1.5786307e-05,30.43,70.37,11.01,3.94,30.3,6.97,Wheat,Vegetative,HEALTHY
20260724_123113,G_16_36,jpr_20240528_AB01_MS_aligned_sun-all,16,36,2336,907,4300341.724795757,621411.9849462883,0.54171664,0.12747689,3.1656768e-05,0.8011363636363636,80.88068181818183,45.828335,4.3010696e-06,4.352059e-06,1.4853743e-05,32.72,71.95,11.99,2.04,33.49,6.72,Wheat,Vegetative,HEALTHY
20260724_123113,G_16_37,jpr_20240528_AB01_MS_aligned_sun-all,16,37,2400,907,4300341.724795757,621415.1849462691,0.59586996,0.14429562,3.740674e-05,0.8107954545454545,81.70454545454545,40.413006,4.008946e-06,4.960606e-06,1.647839e-05,31.59,75.55,9.64,4.41,25.24,6.36,Wheat,Vegetative,HEALTHY
20260724_123113,G_16_38,jpr_20240528_AB01_MS_aligned_sun-all,16,38,2464,907,4300341.724795757,621418.38494625,0.53821266,0.1232384,3.4839464e-05,0.8244318181818182,83.125,46.178734,4.7408785e-06,4.962356e-06,1.6354545e-05,32.24,76.57,6.71,2.2,32.43,6.66,Wheat,Vegetative,HEALTHY
20260724_123113,G_16_39,jpr_20240528_AB01_MS_aligned_sun-all,16,39,2528,907,4300341.724795757,621421.5849462309,0.56151843,0.1504833,3.571505e-05,0.8071022727272728,81.61931818181817,43.848156,4.387973e-06,5.0246504e-06,1.6293508e-05,30.6,70.45,4.6,1.22,31.01,7.3,Wheat,Vegetative,HEALTHY
20260724_123113,G_16_40,jpr_20240528_AB01_MS_aligned_sun-all,16,40,2592,907,4300341.724795757,621424.7849462117,0.5737452,0.13448784,3.7791706e-05,0.9556818181818182,96.33522727272728,42.62548,4.6017726e-06,5.48289e-06,1.7199569e-05,26.68,69.36,12.32,2.47,40.77,6.95,Wheat,Vegetative,HEALTHY
20260724_123113,G_16_41,jpr_20240528_AB01_MS_aligned_sun-all,16,41,2656,907,4300341.724795757,621427.9849461927,0.5722157,0.1404451,3.9502876e-05,0.8928977272727273,89.91477272727273,42.77843,4.7309013e-06,5.6628473e-06,1.7899147e-05,32.86,64.97,10.5,2.71,32.3,6.95,Wheat,Vegetative,HEALTHY
20260724_123113,G_16_42,jpr_20240528_AB01_MS_aligned_sun-all,16,42,2720,907,4300341.724795757,621431.1849461736,0.54904145,0.13734224,3.4997265e-05,0.9514204545454545,96.13636363636363,45.095856,4.803616e-06,5.303029e-06,1.6469874e-05,30.12,77.03,3.58,1.05,40.1,7.34,Wheat,Vegetative,HEALTHY
20260724_123113,G_16_43,jpr_20240528_AB01_MS_aligned_sun-all,16,43,2784,907,4300341.724795757,621434.3849461544,0.56101227,0.15373386,3.4557077e-05,0.9096590909090909,92.41477272727273,43.898773,4.4102944e-06,5.1019665e-06,1.59298e-05,31.67,77.39,7.93,3.51,30.94,6.54,Wheat,Vegetative,HEALTHY
20260724_123113,G_16_44,jpr_20240528_AB01_MS_aligned_sun-all,16,44,2848,907,4300341.724795757,621437.5849461353,0.5527185,0.14963143,3.565223e-05,0.8880681818181818,89.17613636363636,44.72815,4.6725136e-06,5.197332e-06,1.6557111e-05,28.68,72.64,6.4,1.18,29.33,6.91,Wheat,Vegetative,HEALTHY
20260724_123113,G_16_45,jpr_20240528_AB01_MS_aligned_sun-all,16,45,2912,907,4300341.724795757,621440.7849461162,0.5652445,0.15058498,3.7223595e-05,0.9673295454545454,97.89772727272728,43.47555,4.591618e-06,5.2566566e-06,1.700004e-05,31.99,71.55,6.68,1.96,42.42,7.01,Wheat,Vegetative,HEALTHY
20260724_123113,G_16_46,jpr_20240528_AB01_MS_aligned_sun-all,16,46,2976,907,4300341.724795757,621443.984946097,0.5557085,0.15053554,3.617622e-05,0.9125,92.4715909090909,44.429146,4.685215e-06,5.344701e-06,1.674449e-05,32.56,74.68,0.58,1.07,26.18,6.85,Wheat,Vegetative,HEALTHY
20260724_123113,G_16_47,jpr_20240528_AB01_MS_aligned_sun-all,16,47,3040,907,4300341.724795757,621447.184946078,0.55886453,0.15325096,3.499825e-05,0.8701704545454545,87.61363636363636,44.11355,4.4650797e-06,5.0063045e-06,1.6131662e-05,30.27,75.27,10.83,2.37,32.17,6.82,Wheat,Vegetative,HEALTHY
20260724_123113,G_17_3,jpr_20240528_AB01_MS_aligned_sun-all,17,3,224,962,4300338.974986787,621306.3849469193,0.50758874,0.14815746,2.8980261e-05,0.7556818181818182,76.2784090909091,49.241127,4.5388488e-06,4.3018063e-06,1.4199314e-05,30.48,83.72,12.03,5.43,32.07,7.0,Wheat,Vegetative,HEALTHY
20260724_123113,G_17_4,jpr_20240528_AB01_MS_aligned_sun-all,17,4,288,962,4300338.974986787,621309.5849469001,0.54721963,0.15735231,3.423108e-05,0.9386363636363636,95.08522727272727,45.278038,4.539296e-06,4.8680427e-06,1.5950145e-05,34.99,80.24,4.24,2.89,40.78,6.96,Wheat,Vegetative,HEALTHY
20260724_123113,G_17_5,jpr_20240528_AB01_MS_aligned_sun-all,17,5,352,962,4300338.974986787,621312.784946881,0.48905197,0.12147192,2.9208039e-05,0.9380681818181819,95.3125,51.094807,4.875749e-06,4.5445777e-06,1.4612157e-05,30.92,71.48,2.81,4.58,30.42,7.15,Wheat,Vegetative,HEALTHY
20260724_123113,G_17_6,jpr_20240528_AB01_MS_aligned_sun-all,17,6,416,962,4300338.974986787,621315.9849468619,0.5030192,0.13218807,2.916505e-05,0.8349431818181818,85.45454545454545,49.69808,4.635188e-06,4.5155366e-06,1.4357254e-05,30.93,67.45,2.48,1.83,27.46,6.71,Wheat,Vegetative,HEALTHY
20260724_123113,G_17_7,jpr_20240528_AB01_MS_aligned_sun-all,17,7,480,962,4300338.974986787,621319.1849468428,0.4973478,0.101422034,2.8581837e-05,0.8071022727272728,81.875,50.265217,4.6164414e-06,4.2581546e-06,1.4144093e-05,30.22,78.72,7.7,2.91,38.62,6.77,Wheat,Vegetative,HEALTHY
20260724_123113,G_17_8,jpr_20240528_AB01_MS_aligned_sun-all,17,8,544,962,4300338.974986787,621322.3849468237,0.54244703,0.120857105,3.385057e-05,0.8096590909090909,81.67613636363636,45.7553,4.643854e-06,4.789359e-06,1.5927857e-05,31.13,63.57,1.55,2.0,41.37,6.69,Wheat,Vegetative,HEALTHY
20260724_123113,G_17_9,jpr_20240528_AB01_MS_aligned_sun-all,17,9,608,962,4300338.974986787,621325.5849468046,0.4951037,0.09077466,2.5344063e-05,0.8366477272727273,84.54545454545455,50.489628,4.215805e-06,4.0245754e-06,1.2664119e-05,29.64,65.03,14.54,2.25,33.29,6.96,Wheat,Vegetative,HEALTHY
20260724_123113,G_17_10,jpr_20240528_AB01_MS_aligned_sun-all,17,10,672,962,4300338.974986787,621328.7849467854,0.5740626,0.109974585,3.665775e-05,0.8193181818181818,82.86931818181819,42.593742,4.406366e-06,5.193758e-06,1.6626149e-05,28.27,70.93,11.01,3.74,39.38,6.54,Wheat,Vegetative,HEALTHY
20260724_123113,G_17_11,jpr_20240528_AB01_MS_aligned_sun-all,17,11,736,962,4300338.974986787,621331.9849467663,0.6189563,0.11989627,3.7348873e-05,0.7338068181818181,74.43181818181817,38.104366,3.6100014e-06,4.411151e-06,1.606014e-05,28.81,75.7,5.25,4.67,31.82,6.81,Wheat,Vegetative,HEALTHY
20260724_123113,G_17_12,jpr_20240528_AB01_MS_aligned_sun-all,17,12,800,962,4300338.974986787,621335.1849467471,0.51788974,0.11520547,2.722639e-05,0.8519886363636363,86.05113636363636,48.211025,4.1226726e-06,4.362262e-06,1.3198459e-05,31.41,75.14,7.45,1.5,41.01,6.93,Wheat,Vegetative,HEALTHY
20260724_123113,G_17_13,jpr_20240528_AB01_MS_aligned_sun-all,17,13,864,962,4300338.974986787,621338.3849467281,0.4900866,0.10956817,2.491264e-05,0.7775568181818182,78.38068181818181,50.991344,4.2817974e-06,4.261545e-06,1.2586299e-05,34.27,70.38,7.31,0.71,29.26,6.97,Wheat,Vegetative,HEALTHY
20260724_123113,G_17_14,jpr_20240528_AB01_MS_aligned_sun-all,17,14,928,962,4300338.974986787,621341.584946709,0.4972432,0.11405634,2.5793812e-05,0.8107954545454545,81.5625,50.275684,4.3134223e-06,4.3197647e-06,1.2911662e-05,34.29,70.0,8.81,3.25,33.71,7.19,Wheat,Vegetative,HEALTHY
20260724_123113,G_17_15,jpr_20240528_AB01_MS_aligned_sun-all,17,15,992,962,4300338.974986787,621344.7849466898,0.5308794,0.120426245,2.7975126e-05,0.8099431818181818,81.67613636363636,46.912064,3.9458623e-06,4.22974e-06,1.3271244e-05,30.34,74.46,14.7,5.12,30.56,6.97,Wheat,Vegetative,HEALTHY
20260724_123113,G_17_16,jpr_20240528_AB01_MS_aligned_sun-all,17,16,1056,962,4300338.974986787,621347.9849466707,0.55617005,0.12768404,3.1109485e-05,0.7494318181818181,76.05113636363636,44.382996,3.895646e-06,4.331678e-06,1.4265872e-05,31.73,73.14,12.41,1.55,29.53,6.94,Wheat,Vegetative,HEALTHY
20260724_123113,G_17_17,jpr_20240528_AB01_MS_aligned_sun-all,17,17,1120,962,4300338.974986787,621351.1849466516,0.51526654,0.11190493,2.8193957e-05,0.7957386363636364,80.2840909090909,48.473347,4.3258046e-06,4.454912e-06,1.3724139e-05,29.58,71.01,8.74,4.5,35.86,7.51,Wheat,Vegetative,HEALTHY
20260724_123113,G_17_18,jpr_20240528_AB01_MS_aligned_sun-all,17,18,1184,962,4300338.974986787,621354.3849466324,0.5146058,0.10427721,2.8093706e-05,0.7613636363636364,76.78977272727273,48.539417,4.2872566e-06,4.308625e-06,1.3652173e-05,30.68,65.53,7.49,2.93,34.26,7.05,Wheat,Vegetative,HEALTHY
20260724_123113,G_17_19,jpr_20240528_AB01_MS_aligned_sun-all,17,19,1248,962,4300338.974986787,621357.5849466133,0.5408877,0.10968153,2.9498795e-05,0.8053977272727273,81.10795454545455,45.91123,4.029626e-06,4.1721833e-06,1.3862924e-05,30.56,63.36,12.6,1.1,28.78,7.02,Wheat,Vegetative,HEALTHY
20260724_123113,G_17_20,jpr_20240528_AB01_MS_aligned_sun-all,17,20,1312,962,4300338.974986787,621360.7849465943,0.553591,0.11330444,3.0550033e-05,0.775,78.35227272727273,44.6409,3.926676e-06,4.4192047e-06,1.4110406e-05,33.7,70.3,11.98,2.26,32.28,6.38,Wheat,Vegetative,HEALTHY
20260724_123113,G_17_21,jpr_20240528_AB01_MS_aligned_sun-all,17,21,1376,962,4300338.974986787,621363.9849465751,0.4706584,0.090158775,2.5861043e-05,0.9377840909090909,94.0625,52.93416,4.8637676e-06,4.9301652e-06,1.3484436e-05,29.85,76.4,0.02,1.17,25.22,6.88,Wheat,Vegetative,HEALTHY
20260724_123113,G_17_22,jpr_20240528_AB01_MS_aligned_sun-all,17,22,1440,962,4300338.974986787,621367.184946556,0.41363233,0.057565574,2.4477584e-05,1.0,100.0,58.63677,5.845171e-06,5.5877163e-06,1.400469e-05,29.8,72.82,10.45,5.94,30.71,7.1,Wheat,Vegetative,HEALTHY
20260724_123113,G_17_23,jpr_20240528_AB01_MS_aligned_sun-all,17,23,1504,962,4300338.974986787,621370.3849465369,0.4197351,0.057628945,2.5822676e-05,1.0,100.0,58.026493,6.0165366e-06,5.9491404e-06,1.462445e-05,26.51,68.72,12.38,2.13,35.11,6.9,Wheat,Vegetative,HEALTHY
20260724_123113,G_17_24,jpr_20240528_AB01_MS_aligned_sun-all,17,24,1568,962,4300338.974986787,621373.5849465177,0.46384573,0.07366397,2.6468073e-05,1.0,100.0,53.615425,5.1722745e-06,5.076231e-06,1.3995303e-05,28.96,69.84,13.59,2.75,33.59,6.66,Wheat,Vegetative,HEALTHY
20260724_123113,G_17_25,jpr_20240528_AB01_MS_aligned_sun-all,17,25,1632,962,4300338.974986787,621376.7849464986,0.51688445,0.093251094,2.7945624e-05,0.9875,99.0625,48.311554,4.343866e-06,4.4120457e-06,1.3659414e-05,27.69,74.52,4.18,4.16,31.62,6.85,Wheat,Vegetative,HEALTHY
20260724_123113,G_17_26,jpr_20240528_AB01_MS_aligned_sun-all,17,26,1696,962,4300338.974986787,621379.9849464794,0.55453676,0.10416417,2.8808605e-05,0.8664772727272727,87.92613636363636,44.546326,3.7904035e-06,4.1730727e-06,1.339361e-05,33.7,75.6,3.02,5.42,30.48,6.89,Wheat,Vegetative,HEALTHY
20260724_123113,G_17_27,jpr_20240528_AB01_MS_aligned_sun-all,17,27,1760,962,4300338.974986787,621383.1849464604,0.5515507,0.11233711,3.1693162e-05,0.7553977272727272,76.78977272727273,44.844933,4.087478e-06,4.5730294e-06,1.4652276e-05,30.45,71.71,2.96,2.51,37.08,6.67,Wheat,Vegetative,HEALTHY
20260724_123113,G_17_28,jpr_20240528_AB01_MS_aligned_sun-all,17,28,1824,962,4300338.974986787,621386.3849464413,0.5610177,0.113468245,3.260437e-05,0.78125,78.86363636363637,43.89823,4.078432e-06,4.317309e-06,1.4946985e-05,29.24,78.0,9.93,1.62,34.8,7.1,Wheat,Vegetative,HEALTHY
20260724_123113,G_17_29,jpr_20240528_AB01_MS_aligned_sun-all,17,29,1888,962,4300338.974986787,621389.5849464221,0.5281917,0.122087814,3.0386727e-05,0.8005681818181818,80.6534090909091,47.180832,4.326052e-06,4.4998524e-06,1.4455357e-05,29.24,74.42,2.52,1.58,30.84,6.75,Wheat,Vegetative,HEALTHY
20260724_123113,G_17_30,jpr_20240528_AB01_MS_aligned_sun-all,17,30,1952,962,4300338.974986787,621392.784946403,0.54471093,0.12383933,3.2237014e-05,0.8096590909090909,81.50568181818181,45.528908,4.314495e-06,4.4395124e-06,1.50605965e-05,32.02,71.61,5.9,5.76,26.66,7.34,Wheat,Vegetative,HEALTHY
20260724_123113,G_17_31,jpr_20240528_AB01_MS_aligned_sun-all,17,31,2016,962,4300338.974986787,621395.9849463839,0.5501534,0.12920253,3.2595257e-05,0.8306818181818182,83.55113636363637,44.98466,4.3879513e-06,4.895173e-06,1.5253476e-05,28.15,72.63,6.45,3.16,37.88,6.79,Wheat,Vegetative,HEALTHY
20260724_123113,G_17_32,jpr_20240528_AB01_MS_aligned_sun-all,17,32,2080,962,4300338.974986787,621399.1849463647,0.52631426,0.12767193,2.8166902e-05,0.7798295454545454,78.55113636363636,47.368576,4.1393655e-06,4.207677e-06,1.3528673e-05,29.26,72.02,14.75,0.63,36.83,6.8,Wheat,Vegetative,HEALTHY
20260724_123113,G_17_33,jpr_20240528_AB01_MS_aligned_sun-all,17,33,2144,962,4300338.974986787,621402.3849463456,0.5527326,0.13617359,3.150065e-05,0.7863636363636364,79.375,44.72674,4.0545337e-06,4.453017e-06,1.45551585e-05,29.96,65.9,0.03,4.59,33.48,6.98,Wheat,Vegetative,HEALTHY
20260724_123113,G_17_34,jpr_20240528_AB01_MS_aligned_sun-all,17,34,2208,962,4300338.974986787,621405.5849463266,0.5043968,0.1300016,2.7871014e-05,0.8514204545454546,85.79545454545455,49.56032,4.5142606e-06,4.549557e-06,1.3804944e-05,30.47,70.85,9.96,0.51,38.79,6.6,Wheat,Vegetative,HEALTHY
20260724_123113,G_17_35,jpr_20240528_AB01_MS_aligned_sun-all,17,35,2272,962,4300338.974986787,621408.7849463074,0.5306883,0.1302127,2.9367446e-05,0.8065340909090909,81.42045454545455,46.93117,4.1698067e-06,4.239668e-06,1.3959323e-05,32.47,74.51,0.44,0.54,38.46,6.74,Wheat,Vegetative,HEALTHY
20260724_123113,G_17_36,jpr_20240528_AB01_MS_aligned_sun-all,17,36,2336,962,4300338.974986787,621411.9849462883,0.5645464,0.13757512,3.302302e-05,0.7661931818181819,77.2159090909091,43.54536,4.0656787e-06,4.4900103e-06,1.507379e-05,30.96,64.18,11.72,2.09,46.63,6.45,Wheat,Vegetative,HEALTHY
20260724_123113,G_17_37,jpr_20240528_AB01_MS_aligned_sun-all,17,37,2400,962,4300338.974986787,621415.1849462691,0.5554137,0.1272402,3.3123175e-05,0.8144886363636363,82.38636363636364,44.458626,4.278793e-06,4.5710817e-06,1.5320296e-05,30.97,71.33,6.33,0.68,36.37,6.77,Wheat,Vegetative,HEALTHY
20260724_123113,G_17_38,jpr_20240528_AB01_MS_aligned_sun-all,17,38,2464,962,4300338.974986787,621418.38494625,0.5542968,0.13870423,3.2808774e-05,0.7681818181818182,77.58522727272728,44.57032,4.1511266e-06,4.714488e-06,1.5087825e-05,29.23,73.74,5.33,2.76,28.84,6.7,Wheat,Vegetative,HEALTHY
20260724_123113,G_17_39,jpr_20240528_AB01_MS_aligned_sun-all,17,39,2528,962,4300338.974986787,621421.5849462309,0.55331886,0.124573745,3.453951e-05,0.7997159090909091,80.56818181818181,44.668114,4.4977337e-06,5.0083236e-06,1.6011387e-05,31.88,76.44,10.86,3.21,31.61,6.21,Wheat,Vegetative,HEALTHY
20260724_123113,G_17_40,jpr_20240528_AB01_MS_aligned_sun-all,17,40,2592,962,4300338.974986787,621424.7849462117,0.56216633,0.13124639,3.598002e-05,0.8539772727272728,86.19318181818181,43.783367,4.538447e-06,5.477585e-06,1.6532307e-05,33.18,71.61,12.7,4.95,28.43,6.74,Wheat,Vegetative,HEALTHY
20260724_123113,G_17_41,jpr_20240528_AB01_MS_aligned_sun-all,17,41,2656,962,4300338.974986787,621427.9849461927,0.544221,0.11988054,3.57447e-05,0.9275568181818182,93.21022727272728,45.5779,4.831822e-06,5.360643e-06,1.6747257e-05,31.75,76.56,4.07,3.24,32.72,6.85,Wheat,Vegetative,HEALTHY
20260724_123113,G_17_42,jpr_20240528_AB01_MS_aligned_sun-all,17,42,2720,962,4300338.974986787,621431.1849461736,0.559688,0.14809594,3.4417815e-05,0.8795454545454545,88.4375,44.031204,4.3668965e-06,5.172567e-06,1.583998e-05,32.68,73.19,13.95,3.59,35.37,6.64,Wheat,Vegetative,HEALTHY
20260724_123113,G_17_43,jpr_20240528_AB01_MS_aligned_sun-all,17,43,2784,962,4300338.974986787,621434.3849461544,0.5332351,0.13007767,3.3782428e-05,0.8548295454545455,85.9659090909091,46.67649,4.769003e-06,5.201108e-06,1.6030295e-05,28.66,73.02,10.48,1.12,25.72,6.77,Wheat,Vegetative,HEALTHY
20260724_123113,G_17_44,jpr_20240528_AB01_MS_aligned_sun-all,17,44,2848,962,4300338.974986787,621437.5849461353,0.5610878,0.15090542,3.6129528e-05,0.9914772727272727,99.48863636363636,43.89122,4.6330997e-06,5.2970377e-06,1.66768e-05,32.64,71.45,13.1,4.99,33.04,6.39,Wheat,Vegetative,HEALTHY
20260724_123113,G_17_45,jpr_20240528_AB01_MS_aligned_sun-all,17,45,2912,962,4300338.974986787,621440.7849461162,0.51404697,0.12634146,3.3050943e-05,0.8732954545454545,88.32386363636363,48.595303,5.0264844e-06,5.167198e-06,1.6043947e-05,29.14,64.04,1.97,4.5,42.75,6.79,Wheat,Vegetative,HEALTHY
20260724_123113,G_17_46,jpr_20240528_AB01_MS_aligned_sun-all,17,46,2976,962,4300338.974986787,621443.984946097,0.5408893,0.143348,3.4238004e-05,0.8863636363636364,90.17045454545455,45.911068,4.7005624e-06,5.001263e-06,1.6113721e-05,31.53,79.84,9.25,2.86,36.26,6.97,Wheat,Vegetative,HEALTHY
20260724_123113,G_17_47,jpr_20240528_AB01_MS_aligned_sun-all,17,47,3040,962,4300338.974986787,621447.184946078,0.55574024,0.14774072,3.664259e-05,0.9261363636363636,93.63636363636364,44.425976,4.658263e-06,5.00974e-06,1.6873008e-05,33.46,69.97,6.67,0.81,33.39,6.26,Wheat,Vegetative,HEALTHY
20260724_123113,G_17_48,jpr_20240528_AB01_MS_aligned_sun-all,17,48,3104,962,4300338.974986787,621450.3849460589,0.56479144,0.15575592,3.735625e-05,0.9130681818181818,92.01704545454545,43.520855,4.6652654e-06,5.1822585e-06,1.711791e-05,33.17,75.08,7.46,3.77,35.0,7.07,Wheat,Vegetative,HEALTHY
20260724_123113,G_17_49,jpr_20240528_AB01_MS_aligned_sun-all,17,49,3168,962,4300338.974986787,621453.5849460397,0.5371219,0.1460454,3.3921955e-05,0.5443181818181818,54.54545454545454,46.28781,4.7976005e-06,4.871716e-06,1.6105405e-05,27.33,70.61,8.9,2.63,45.65,6.87,Wheat,Vegetative,HEALTHY
20260724_123113,G_18_3,jpr_20240528_AB01_MS_aligned_sun-all,18,3,224,1017,4300336.225177816,621306.3849469193,0.52246535,0.15389292,3.120212e-05,0.8909090909090909,90.25568181818183,47.753464,4.5688475e-06,4.4086523e-06,1.496998e-05,31.02,69.76,9.93,4.77,19.9,6.54,Wheat,Vegetative,HEALTHY
20260724_123113,G_18_4,jpr_20240528_AB01_MS_aligned_sun-all,18,4,288,1017,4300336.225177816,621309.5849469001,0.5268432,0.14123338,3.45301e-05,0.9482954545454545,95.6534090909091,47.31568,4.9673763e-06,5.209138e-06,1.6477927e-05,33.34,70.81,12.0,4.5,40.37,6.57,Wheat,Vegetative,HEALTHY
20260724_123113,G_18_5,jpr_20240528_AB01_MS_aligned_sun-all,18,5,352,1017,4300336.225177816,621312.784946881,0.51049525,0.12463218,3.0213243e-05,0.9286931818181818,93.69318181818181,48.950474,4.6707e-06,4.4370818e-06,1.4742187e-05,30.09,70.11,13.37,0.68,36.42,6.64,Wheat,Vegetative,HEALTHY
20260724_123113,G_18_6,jpr_20240528_AB01_MS_aligned_sun-all,18,6,416,1017,4300336.225177816,621315.9849468619,0.5218175,0.12023095,2.9993198e-05,0.8576704545454545,86.8465909090909,47.81825,4.3691302e-06,4.273842e-06,1.4367254e-05,29.46,68.41,4.78,3.16,34.31,6.8,Wheat,Vegetative,HEALTHY
20260724_123113,G_18_7,jpr_20240528_AB01_MS_aligned_sun-all,18,7,480,1017,4300336.225177816,621319.1849468428,0.4881557,0.110691376,2.7663405e-05,0.7869318181818182,79.28977272727272,51.18443,4.6592463e-06,4.218903e-06,1.3880737e-05,27.69,66.15,10.91,1.86,29.38,7.03,Wheat,Vegetative,HEALTHY
20260724_123113,G_18_8,jpr_20240528_AB01_MS_aligned_sun-all,18,8,544,1017,4300336.225177816,621322.3849468237,0.5425695,0.11130975,2.8909804e-05,0.756534090909091,76.39204545454545,45.74305,3.8407907e-06,3.979056e-06,1.3477746e-05,30.0,72.81,2.86,0.93,43.75,7.1,Wheat,Vegetative,HEALTHY
20260724_123113,G_18_9,jpr_20240528_AB01_MS_aligned_sun-all,18,9,608,1017,4300336.225177816,621325.5849468046,0.4961641,0.10031766,2.7045733e-05,0.8394886363636364,84.51704545454545,50.38359,4.520369e-06,4.535593e-06,1.3535947e-05,33.15,70.19,13.26,0.55,30.95,7.56,Wheat,Vegetative,HEALTHY
20260724_123113,G_18_10,jpr_20240528_AB01_MS_aligned_sun-all,18,10,672,1017,4300336.225177816,621328.7849467854,0.52864546,0.11549605,2.6984e-05,0.7647727272727273,77.32954545454545,47.135456,3.7710688e-06,3.955435e-06,1.2766054e-05,29.55,76.48,1.89,5.71,38.67,7.49,Wheat,Vegetative,HEALTHY
20260724_123113,G_18_11,jpr_20240528_AB01_MS_aligned_sun-all,18,11,736,1017,4300336.225177816,621331.9849467663,0.53193164,0.117253415,3.0905074e-05,0.7798295454545454,78.86363636363637,46.806835,4.4078447e-06,4.8929032e-06,1.4709946e-05,30.54,76.2,12.77,4.34,37.86,6.24,Wheat,Vegetative,HEALTHY
20260724_123113,G_18_12,jpr_20240528_AB01_MS_aligned_sun-all,18,12,800,1017,4300336.225177816,621335.1849467471,0.5046067,0.102696426,2.5744348e-05,0.8073863636363636,81.73295454545455,49.53933,4.1271655e-06,4.051101e-06,1.27089115e-05,33.72,76.01,5.86,2.34,33.27,7.15,Wheat,Vegetative,HEALTHY
20260724_123113,G_18_13,jpr_20240528_AB01_MS_aligned_sun-all,18,13,864,1017,4300336.225177816,621338.3849467281,0.5183266,0.11802668,2.890471e-05,0.8207386363636363,82.67045454545455,48.167343,4.4113667e-06,4.570828e-06,1.40466345e-05,31.96,71.87,8.68,0.95,35.11,6.98,Wheat,Vegetative,HEALTHY
20260724_123113,G_18_14,jpr_20240528_AB01_MS_aligned_sun-all,18,14,928,1017,4300336.225177816,621341.584946709,0.50608313,0.10443792,2.406644e-05,0.8633522727272728,87.10227272727272,49.391685,3.885881e-06,3.7368443e-06,1.1908285e-05,29.68,75.49,13.43,5.85,36.84,7.11,Wheat,Vegetative,HEALTHY
20260724_123113,G_18_15,jpr_20240528_AB01_MS_aligned_sun-all,18,15,992,1017,4300336.225177816,621344.7849466898,0.52951396,0.11792645,2.8336359e-05,0.7403409090909091,74.88636363636364,47.048603,4.062976e-06,4.389669e-06,1.3508773e-05,29.84,72.78,7.54,5.28,36.63,6.63,Wheat,Vegetative,HEALTHY
20260724_123113,G_18_16,jpr_20240528_AB01_MS_aligned_sun-all,18,16,1056,1017,4300336.225177816,621347.9849466707,0.52712905,0.11476591,2.831276e-05,0.9272727272727272,93.32386363636364,47.287094,4.1785256e-06,4.3876175e-06,1.3616456e-05,33.49,75.39,12.8,3.93,31.66,7.12,Wheat,Vegetative,HEALTHY
20260724_123113,G_18_17,jpr_20240528_AB01_MS_aligned_sun-all,18,17,1120,1017,4300336.225177816,621351.1849466516,0.5118924,0.10475228,2.975416e-05,0.7982954545454546,80.6534090909091,48.81076,4.677838e-06,4.9186633e-06,1.4596278e-05,33.47,75.78,14.35,2.75,29.77,6.68,Wheat,Vegetative,HEALTHY
20260724_123113,G_18_18,jpr_20240528_AB01_MS_aligned_sun-all,18,18,1184,1017,4300336.225177816,621354.3849466324,0.5179102,0.10548709,2.8020339e-05,0.8670454545454546,87.58522727272727,48.20898,4.307646e-06,4.2145098e-06,1.3648099e-05,28.64,71.68,5.36,0.62,32.87,6.73,Wheat,Vegetative,HEALTHY
20260724_123113,G_18_19,jpr_20240528_AB01_MS_aligned_sun-all,18,19,1248,1017,4300336.225177816,621357.5849466133,0.5658234,0.11692291,3.1609452e-05,0.8514204545454546,86.2215909090909,43.417664,4.0293407e-06,4.3744058e-06,1.45662225e-05,29.6,78.45,7.31,3.47,31.45,7.04,Wheat,Vegetative,HEALTHY
20260724_123113,G_18_20,jpr_20240528_AB01_MS_aligned_sun-all,18,20,1312,1017,4300336.225177816,621360.7849465943,0.57438254,0.11534959,3.3306573e-05,0.8252840909090909,83.75,42.561745,4.0033547e-06,4.536471e-06,1.5105981e-05,34.03,70.32,1.76,0.93,30.37,6.95,Wheat,Vegetative,HEALTHY
20260724_123113,G_18_21,jpr_20240528_AB01_MS_aligned_sun-all,18,21,1376,1017,4300336.225177816,621363.9849465751,0.47265506,0.09674891,2.5104075e-05,0.8832386363636363,88.97727272727273,52.734493,4.6814043e-06,4.7704416e-06,1.3049732e-05,34.65,71.56,8.54,4.55,42.65,6.93,Wheat,Vegetative,HEALTHY
20260724_123113,G_18_22,jpr_20240528_AB01_MS_aligned_sun-all,18,22,1440,1017,4300336.225177816,621367.184946556,0.53950596,0.11031809,2.9793988e-05,0.7775568181818182,78.52272727272728,46.049404,4.074166e-06,4.358475e-06,1.4005872e-05,29.86,73.41,1.65,5.31,42.82,6.62,Wheat,Vegetative,HEALTHY
20260724_123113,G_18_23,jpr_20240528_AB01_MS_aligned_sun-all,18,23,1504,1017,4300336.225177816,621370.3849465369,0.48329315,0.086896844,2.575415e-05,0.9025568181818182,90.53977272727273,51.67068,4.643046e-06,4.4879075e-06,1.3228071e-05,32.19,70.43,1.78,0.87,38.46,6.99,Wheat,Vegetative,HEALTHY
20260724_123113,G_18_24,jpr_20240528_AB01_MS_aligned_sun-all,18,24,1568,1017,4300336.225177816,621373.5849465177,0.4120903,0.04880563,2.374715e-05,0.9960227272727272,99.6590909090909,58.79097,5.718485e-06,5.2459063e-06,1.3634508e-05,28.84,76.0,10.39,0.63,34.46,6.63,Wheat,Vegetative,HEALTHY
20260724_123113,G_18_25,jpr_20240528_AB01_MS_aligned_sun-all,18,25,1632,1017,4300336.225177816,621376.7849464986,0.41584,0.049976792,2.5791776e-05,1.0,100.0,58.415997,6.086571e-06,5.6796775e-06,1.4684188e-05,31.92,79.96,14.25,0.7,46.75,6.42,Wheat,Vegetative,HEALTHY
20260724_123113,G_18_26,jpr_20240528_AB01_MS_aligned_sun-all,18,26,1696,1017,4300336.225177816,621379.9849464794,0.48240355,0.08893629,2.6904232e-05,0.9928977272727273,99.63068181818183,51.759647,4.8514667e-06,4.6677646e-06,1.3819882e-05,33.76,77.55,0.08,1.39,39.23,6.98,Wheat,Vegetative,HEALTHY
20260724_123113,G_18_27,jpr_20240528_AB01_MS_aligned_sun-all,18,27,1760,1017,4300336.225177816,621383.1849464604,0.54779047,0.11263144,3.0265703e-05,1.0,100.0,45.220955,4.0512655e-06,4.275643e-06,1.414021e-05,31.04,79.71,0.29,5.23,34.79,6.43,Wheat,Vegetative,HEALTHY
20260724_123113,G_18_28,jpr_20240528_AB01_MS_aligned_sun-all,18,28,1824,1017,4300336.225177816,621386.3849464413,0.55202276,0.12410693,3.1554802e-05,0.8596590909090909,87.10227272727272,44.797726,4.124238e-06,4.499116e-06,1.4642913e-05,32.68,66.94,9.37,4.27,37.28,6.62,Wheat,Vegetative,HEALTHY
20260724_123113,G_18_29,jpr_20240528_AB01_MS_aligned_sun-all,18,29,1888,1017,4300336.225177816,621389.5849464221,0.5575487,0.12550649,3.176316e-05,0.7826704545454546,79.14772727272728,44.24513,4.0183577e-06,4.245321e-06,1.4606486e-05,28.31,79.6,10.1,4.77,37.55,6.57,Wheat,Vegetative,HEALTHY
20260724_123113,G_18_30,jpr_20240528_AB01_MS_aligned_sun-all,18,30,1952,1017,4300336.225177816,621392.784946403,0.6036624,0.14362122,3.67974e-05,0.7917613636363636,79.85795454545455,39.633762,3.8771327e-06,4.716873e-06,1.6143442e-05,32.18,73.3,6.55,0.63,30.5,7.04,Wheat,Vegetative,HEALTHY
20260724_123113,G_18_31,jpr_20240528_AB01_MS_aligned_sun-all,18,31,2016,1017,4300336.225177816,621395.9849463839,0.55016345,0.12571758,3.0307829e-05,0.7431818181818182,75.48295454545455,44.983654,4.003559e-06,4.3734617e-06,1.4106546e-05,29.13,71.4,5.9,0.91,32.88,6.94,Wheat,Vegetative,HEALTHY
20260724_123113,G_18_32,jpr_20240528_AB01_MS_aligned_sun-all,18,32,2080,1017,4300336.225177816,621399.1849463647,0.55904794,0.14235424,3.1972766e-05,0.8051136363636363,81.02272727272727,44.095207,4.123482e-06,4.5194906e-06,1.4781484e-05,33.02,63.16,9.87,1.52,21.59,6.53,Wheat,Vegetative,HEALTHY
20260724_123113,G_18_33,jpr_20240528_AB01_MS_aligned_sun-all,18,33,2144,1017,4300336.225177816,621402.3849463456,0.56295246,0.1397823,3.2508633e-05,0.7758522727272728,78.49431818181817,43.704754,4.0153723e-06,4.3930236e-06,1.4852011e-05,27.1,69.52,8.76,1.4,38.14,6.92,Wheat,Vegetative,HEALTHY
20260724_123113,G_18_34,jpr_20240528_AB01_MS_aligned_sun-all,18,34,2208,1017,4300336.225177816,621405.5849463266,0.528131,0.14049661,2.9118582e-05,0.8610795454545455,86.73295454545455,47.186897,4.2742904e-06,4.407763e-06,1.3980847e-05,28.74,67.4,3.53,5.62,32.19,7.1,Wheat,Vegetative,HEALTHY
20260724_123113,G_18_35,jpr_20240528_AB01_MS_aligned_sun-all,18,35,2272,1017,4300336.225177816,621408.7849463074,0.5251776,0.12637177,2.7944981e-05,0.7985795454545455,80.5965909090909,47.48224,4.0575264e-06,4.172889e-06,1.3372857e-05,27.2,79.42,3.03,0.98,24.84,6.45,Wheat,Vegetative,HEALTHY
20260724_123113,G_18_36,jpr_20240528_AB01_MS_aligned_sun-all,18,36,2336,1017,4300336.225177816,621411.9849462883,0.5309854,0.13021694,2.8230623e-05,0.8198863636363637,82.4715909090909,46.90146,4.0575787e-06,4.231531e-06,1.3468124e-05,32.34,70.2,0.29,1.01,38.65,6.46,Wheat,Vegetative,HEALTHY
20260724_123113,G_18_37,jpr_20240528_AB01_MS_aligned_sun-all,18,37,2400,1017,4300336.225177816,621415.1849462691,0.54465973,0.12388205,3.0904113e-05,0.8011363636363636,80.73863636363636,45.534027,4.1036465e-06,4.3921905e-06,1.4405415e-05,29.67,73.31,8.87,3.49,32.82,6.99,Wheat,Vegetative,HEALTHY
20260724_123113,G_18_38,jpr_20240528_AB01_MS_aligned_sun-all,18,38,2464,1017,4300336.225177816,621418.38494625,0.55912167,0.13410585,3.1774172e-05,0.7795454545454545,78.86363636363637,44.087833,3.931231e-06,4.5355364e-06,1.4523036e-05,30.24,73.34,2.18,3.19,39.85,7.17,Wheat,Vegetative,HEALTHY
20260724_123113,G_18_39,jpr_20240528_AB01_MS_aligned_sun-all,18,39,2528,1017,4300336.225177816,621421.5849462309,0.5359867,0.124002375,3.197209e-05,0.8107954545454545,81.73295454545455,46.40133,4.4373924e-06,4.798244e-06,1.5095185e-05,29.35,62.11,1.89,3.39,30.04,6.76,Wheat,Vegetative,HEALTHY
20260724_123113,G_18_40,jpr_20240528_AB01_MS_aligned_sun-all,18,40,2592,1017,4300336.225177816,621424.7849462117,0.5346857,0.12199926,3.087114e-05,0.8125,82.04545454545455,46.531433,4.292901e-06,4.735891e-06,1.4583685e-05,34.18,64.25,11.83,3.79,32.52,6.88,Wheat,Vegetative,HEALTHY
20260724_123113,G_18_41,jpr_20240528_AB01_MS_aligned_sun-all,18,41,2656,1017,4300336.225177816,621427.9849461927,0.53235686,0.12235013,3.233772e-05,0.8122159090909091,81.9034090909091,46.764313,4.618211e-06,5.133694e-06,1.5397894e-05,28.41,72.89,7.76,1.02,34.94,6.6,Wheat,Vegetative,HEALTHY
20260724_123113,G_18_42,jpr_20240528_AB01_MS_aligned_sun-all,18,42,2720,1017,4300336.225177816,621431.1849461736,0.51333904,0.11977024,3.1421543e-05,0.8275568181818181,83.92045454545455,48.666096,4.7936164e-06,5.2104133e-06,1.5267899e-05,27.45,64.22,14.47,2.04,26.36,6.22,Wheat,Vegetative,HEALTHY
20260724_123113,G_18_43,jpr_20240528_AB01_MS_aligned_sun-all,18,43,2784,1017,4300336.225177816,621434.3849461544,0.5251971,0.12600884,3.263889e-05,0.8758522727272727,88.4375,47.48029,4.897632e-06,5.3880417e-06,1.5777718e-05,28.24,62.1,13.09,0.7,22.33,7.0,Wheat,Vegetative,HEALTHY
20260724_123113,G_18_44,jpr_20240528_AB01_MS_aligned_sun-all,18,44,2848,1017,4300336.225177816,621437.5849461353,0.5325575,0.12503944,3.4616573e-05,0.9559659090909091,95.79545454545455,46.74425,4.907263e-06,5.4460706e-06,1.6446631e-05,32.23,69.59,2.49,5.78,25.4,6.52,Wheat,Vegetative,HEALTHY
20260724_123113,G_18_45,jpr_20240528_AB01_MS_aligned_sun-all,18,45,2912,1017,4300336.225177816,621440.7849461162,0.54281145,0.13666639,3.4958768e-05,0.8463068181818182,85.48295454545455,45.718853,4.764347e-06,5.2639084e-06,1.6417778e-05,29.13,70.74,14.62,2.87,29.82,6.9,Wheat,Vegetative,HEALTHY
20260724_123113,G_18_46,jpr_20240528_AB01_MS_aligned_sun-all,18,46,2976,1017,4300336.225177816,621443.984946097,0.5411947,0.13292095,3.5588222e-05,0.852840909090909,86.47727272727272,45.88053,4.888891e-06,5.1700213e-06,1.6752158e-05,30.79,66.7,11.13,0.95,44.21,6.53,Wheat,Vegetative,HEALTHY
20260724_123113,G_18_47,jpr_20240528_AB01_MS_aligned_sun-all,18,47,3040,1017,4300336.225177816,621447.184946078,0.55899024,0.15054932,3.672859e-05,0.8681818181818182,87.64204545454545,44.100975,4.642861e-06,4.9905143e-06,1.6886268e-05,32.51,76.69,11.17,3.65,33.29,6.69,Wheat,Vegetative,HEALTHY
20260724_123113,G_18_48,jpr_20240528_AB01_MS_aligned_sun-all,18,48,3104,1017,4300336.225177816,621450.3849460589,0.56291527,0.15001638,3.7130274e-05,0.865625,87.04545454545455,43.708473,4.657708e-06,5.081899e-06,1.7035021e-05,30.46,76.03,2.1,5.89,35.76,7.01,Wheat,Vegetative,HEALTHY
20260724_123113,G_18_49,jpr_20240528_AB01_MS_aligned_sun-all,18,49,3168,1017,4300336.225177816,621453.5849460397,0.5402709,0.1591417,3.188548e-05,0.8130681818181819,82.69886363636364,45.972908,4.318181e-06,4.3946184e-06,1.4947101e-05,30.03,76.65,1.46,4.59,33.97,6.04,Wheat,Vegetative,HEALTHY
20260724_123113,G_19_2,jpr_20240528_AB01_MS_aligned_sun-all,19,2,160,1072,4300333.475368845,621303.1849469384,0.49339485,0.14125255,2.9400062e-05,0.6838068181818182,69.23295454545455,50.660515,4.9180207e-06,4.5715924e-06,1.47184355e-05,32.33,77.23,13.57,2.06,31.85,6.39,Wheat,Vegetative,HEALTHY
20260724_123113,G_19_3,jpr_20240528_AB01_MS_aligned_sun-all,19,3,224,1072,4300333.475368845,621306.3849469193,0.50263757,0.13706832,3.245179e-05,0.897159090909091,90.85227272727273,49.736244,5.2038827e-06,5.2690048e-06,1.6021622e-05,28.72,67.69,13.19,2.96,21.09,6.33,Wheat,Vegetative,HEALTHY
20260724_123113,G_19_4,jpr_20240528_AB01_MS_aligned_sun-all,19,4,288,1072,4300333.475368845,621309.5849469001,0.49383774,0.11556915,2.9755296e-05,0.9090909090909091,91.96022727272727,50.61623,4.8081456e-06,4.3993355e-06,1.47269875e-05,33.62,68.42,1.89,5.99,36.87,6.96,Wheat,Vegetative,HEALTHY
20260724_123113,G_19_5,jpr_20240528_AB01_MS_aligned_sun-all,19,5,352,1072,4300333.475368845,621312.784946881,0.51442397,0.12599988,2.9780002e-05,0.8639204545454545,87.8409090909091,48.557602,4.584277e-06,4.514879e-06,1.45113345e-05,31.77,75.76,6.76,2.03,33.82,6.65,Wheat,Vegetative,HEALTHY
20260724_123113,G_19_6,jpr_20240528_AB01_MS_aligned_sun-all,19,6,416,1072,4300333.475368845,621315.9849468619,0.5012986,0.101761624,2.9285136e-05,0.8909090909090909,90.39772727272727,49.87014,4.5032093e-06,4.2477373e-06,1.4265314e-05,31.46,72.69,7.25,4.57,46.39,6.88,Wheat,Vegetative,HEALTHY
20260724_123113,G_19_7,jpr_20240528_AB01_MS_aligned_sun-all,19,7,480,1072,4300333.475368845,621319.1849468428,0.52682054,0.120708406,3.0119876e-05,0.7982954545454546,80.56818181818181,47.317947,4.240663e-06,4.257811e-06,1.4281019e-05,30.8,75.25,5.54,3.17,41.6,6.61,Wheat,Vegetative,HEALTHY
20260724_123113,G_19_8,jpr_20240528_AB01_MS_aligned_sun-all,19,8,544,1072,4300333.475368845,621322.3849468237,0.52830946,0.10908281,2.900409e-05,0.8053977272727273,81.16477272727273,47.169052,4.1125404e-06,4.145358e-06,1.3780934e-05,33.69,71.48,8.35,3.6,25.63,6.83,Wheat,Vegetative,HEALTHY
20260724_123113,G_19_9,jpr_20240528_AB01_MS_aligned_sun-all,19,9,608,1072,4300333.475368845,621325.5849468046,0.5289593,0.11650404,2.9577714e-05,0.8571022727272727,86.61931818181819,47.104073,4.2015554e-06,4.4638086e-06,1.4061168e-05,29.09,70.93,11.37,3.19,39.2,6.72,Wheat,Vegetative,HEALTHY
20260724_123113,G_19_10,jpr_20240528_AB01_MS_aligned_sun-all,19,10,672,1072,4300333.475368845,621328.7849467854,0.54647595,0.12187441,3.081189e-05,0.7534090909090909,76.19318181818183,45.352406,3.9766655e-06,4.4126905e-06,1.4247697e-05,29.56,71.55,3.7,4.85,33.46,6.77,Wheat,Vegetative,HEALTHY
20260724_123113,G_19_11,jpr_20240528_AB01_MS_aligned_sun-all,19,11,736,1072,4300333.475368845,621331.9849467663,0.5010987,0.10663862,2.8218226e-05,0.8213068181818182,82.69886363636364,49.89013,4.5943534e-06,4.6430177e-06,1.40007905e-05,33.78,72.18,7.34,1.31,41.05,6.77,Wheat,Vegetative,HEALTHY
20260724_123113,G_19_12,jpr_20240528_AB01_MS_aligned_sun-all,19,12,800,1072,4300333.475368845,621335.1849467471,0.4990631,0.11009139,2.5588472e-05,0.8241477272727272,83.38068181818183,50.093685,4.270015e-06,4.106988e-06,1.27998e-05,28.96,74.88,10.32,1.11,39.83,6.97,Wheat,Vegetative,HEALTHY
20260724_123113,G_19_13,jpr_20240528_AB01_MS_aligned_sun-all,19,13,864,1072,4300333.475368845,621338.3849467281,0.5056786,0.10720288,2.6324931e-05,0.8017045454545455,80.73863636363636,49.43214,4.224106e-06,4.0360387e-06,1.2999391e-05,31.89,71.72,0.5,5.24,33.49,6.72,Wheat,Vegetative,HEALTHY
20260724_123113,G_19_14,jpr_20240528_AB01_MS_aligned_sun-all,19,14,928,1072,4300333.475368845,621341.584946709,0.53616667,0.12015396,2.722993e-05,0.8068181818181818,81.47727272727273,46.38333,3.8636513e-06,4.0085106e-06,1.2940606e-05,30.11,72.82,13.63,5.0,38.8,6.4,Wheat,Vegetative,HEALTHY
20260724_123113,G_19_15,jpr_20240528_AB01_MS_aligned_sun-all,19,15,992,1072,4300333.475368845,621344.7849466898,0.58348656,0.12289705,3.286046e-05,0.7840909090909091,79.0909090909091,41.651344,3.83976e-06,4.347727e-06,1.47936635e-05,33.08,70.57,7.32,1.56,24.43,6.82,Wheat,Vegetative,HEALTHY
20260724_123113,G_19_16,jpr_20240528_AB01_MS_aligned_sun-all,19,16,1056,1072,4300333.475368845,621347.9849466707,0.525916,0.11207757,2.9218207e-05,0.9340909090909091,93.69318181818181,47.4084,4.357304e-06,4.5283823e-06,1.4097072e-05,36.08,65.36,9.6,0.81,25.51,7.02,Wheat,Vegetative,HEALTHY
20260724_123113,G_19_17,jpr_20240528_AB01_MS_aligned_sun-all,19,17,1120,1072,4300333.475368845,621351.1849466516,0.5316113,0.10775957,2.9517867e-05,0.8818181818181818,88.94886363636364,46.838867,4.302071e-06,4.4826497e-06,1.41417295e-05,28.73,68.49,0.44,1.99,24.28,6.98,Wheat,Vegetative,HEALTHY
20260724_123113,G_19_18,jpr_20240528_AB01_MS_aligned_sun-all,19,18,1184,1072,4300333.475368845,621354.3849466324,0.50073886,0.107670665,2.6423993e-05,0.8088068181818182,82.07386363636363,49.926113,4.376655e-06,4.295565e-06,1.31849665e-05,32.23,77.15,3.75,5.9,30.38,6.75,Wheat,Vegetative,HEALTHY
20260724_123113,G_19_19,jpr_20240528_AB01_MS_aligned_sun-all,19,19,1248,1072,4300333.475368845,621357.5849466133,0.55472773,0.10799911,2.9907407e-05,0.7920454545454545,80.08522727272728,44.527225,3.9627453e-06,4.2024412e-06,1.3932242e-05,28.54,73.1,8.8,5.07,35.52,6.38,Wheat,Vegetative,HEALTHY
20260724_123113,G_19_20,jpr_20240528_AB01_MS_aligned_sun-all,19,20,1312,1072,4300333.475368845,621360.7849465943,0.5106657,0.108668774,2.8036247e-05,0.819034090909091,82.72727272727273,48.93343,4.4678127e-06,4.5795077e-06,1.3813575e-05,29.8,73.41,9.81,1.58,36.15,6.95,Wheat,Vegetative,HEALTHY
20260724_123113,G_19_21,jpr_20240528_AB01_MS_aligned_sun-all,19,21,1376,1072,4300333.475368845,621363.9849465751,0.5233796,0.107164755,2.6830568e-05,0.7727272727272727,78.4090909090909,47.662037,3.9696743e-06,3.9756883e-06,1.2913508e-05,27.9,78.55,12.51,3.21,28.99,6.42,Wheat,Vegetative,HEALTHY
20260724_123113,G_19_22,jpr_20240528_AB01_MS_aligned_sun-all,19,22,1440,1072,4300333.475368845,621367.184946556,0.63651437,0.13956569,3.910507e-05,0.7775568181818182,79.00568181818181,36.348564,3.507431e-06,4.42854e-06,1.6543003e-05,32.02,79.09,6.46,2.53,29.98,6.95,Wheat,Vegetative,HEALTHY
20260724_123113,G_19_23,jpr_20240528_AB01_MS_aligned_sun-all,19,23,1504,1072,4300333.475368845,621370.3849465369,0.5661081,0.11029412,3.0780935e-05,0.7426136363636363,75.2840909090909,43.38919,3.6803638e-06,4.1053986e-06,1.39410595e-05,30.35,77.35,10.68,2.51,14.55,6.95,Wheat,Vegetative,HEALTHY
20260724_123113,G_19_24,jpr_20240528_AB01_MS_aligned_sun-all,19,24,1568,1072,4300333.475368845,621373.5849465177,0.5291815,0.108015545,2.7270218e-05,0.796875,80.39772727272727,47.081852,3.9866754e-06,4.087671e-06,1.3077066e-05,31.49,74.12,11.22,1.08,31.65,6.86,Wheat,Vegetative,HEALTHY
20260724_123113,G_19_25,jpr_20240528_AB01_MS_aligned_sun-all,19,25,1632,1072,4300333.475368845,621376.7849464986,0.45571196,0.07978613,2.4838251e-05,0.9048295454545454,90.9090909090909,54.428802,5.0269314e-06,4.7057106e-06,1.3306653e-05,30.04,78.16,3.22,3.85,39.86,6.6,Wheat,Vegetative,HEALTHY
20260724_123113,G_19_26,jpr_20240528_AB01_MS_aligned_sun-all,19,26,1696,1072,4300333.475368845,621379.9849464794,0.4098494,0.05445933,2.3067694e-05,1.0,100.0,59.01506,5.560017e-06,4.9133077e-06,1.3249538e-05,29.08,79.36,0.52,3.69,29.06,6.8,Wheat,Vegetative,HEALTHY
20260724_123113,G_19_27,jpr_20240528_AB01_MS_aligned_sun-all,19,27,1760,1072,4300333.475368845,621383.1849464604,0.41084602,0.05663307,2.3205443e-05,1.0,100.0,58.9154,5.5123323e-06,4.699598e-06,1.3247773e-05,31.81,71.2,11.81,2.91,39.67,7.18,Wheat,Vegetative,HEALTHY
20260724_123113,G_19_28,jpr_20240528_AB01_MS_aligned_sun-all,19,28,1824,1072,4300333.475368845,621386.3849464413,0.4641294,0.08952186,2.6454285e-05,1.0,100.0,53.587063,5.1098823e-06,4.7816525e-06,1.3928315e-05,29.74,75.41,9.51,2.13,41.16,6.22,Wheat,Vegetative,HEALTHY
20260724_123113,G_19_29,jpr_20240528_AB01_MS_aligned_sun-all,19,29,1888,1072,4300333.475368845,621389.5849464221,0.5235359,0.117378175,2.949513e-05,0.9573863636363636,96.19318181818181,47.646408,4.411825e-06,4.5928564e-06,1.4243909e-05,28.41,64.52,2.91,3.85,30.88,6.67,Wheat,Vegetative,HEALTHY
20260724_123113,G_19_30,jpr_20240528_AB01_MS_aligned_sun-all,19,30,1952,1072,4300333.475368845,621392.784946403,0.5694489,0.12901738,3.2591437e-05,0.8579545454545454,86.76136363636363,43.05511,3.930083e-06,4.4844132e-06,1.4794321e-05,30.49,70.8,1.84,5.51,30.47,7.3,Wheat,Vegetative,HEALTHY
20260724_123113,G_19_31,jpr_20240528_AB01_MS_aligned_sun-all,19,31,2016,1072,4300333.475368845,621395.9849463839,0.5462073,0.13097255,3.0198475e-05,0.8125,81.875,45.37927,4.0577397e-06,4.422722e-06,1.4124276e-05,29.49,71.17,6.13,2.18,35.39,6.45,Wheat,Vegetative,HEALTHY
20260724_123113,G_19_32,jpr_20240528_AB01_MS_aligned_sun-all,19,32,2080,1072,4300333.475368845,621399.1849463647,0.58285093,0.14467563,3.397303e-05,0.784375,79.14772727272728,41.714905,3.8645608e-06,4.4468175e-06,1.5189355e-05,31.35,67.74,13.94,1.52,30.88,6.76,Wheat,Vegetative,HEALTHY
20260724_123113,G_19_33,jpr_20240528_AB01_MS_aligned_sun-all,19,33,2144,1072,4300333.475368845,621402.3849463456,0.5451945,0.13600056,3.142339e-05,0.7772727272727272,78.55113636363636,45.48055,4.2911643e-06,4.676996e-06,1.4766035e-05,30.25,80.01,9.49,1.54,38.03,6.54,Wheat,Vegetative,HEALTHY
20260724_123113,G_19_34,jpr_20240528_AB01_MS_aligned_sun-all,19,34,2208,1072,4300333.475368845,621405.5849463266,0.5595649,0.13319515,3.2300635e-05,0.8076704545454545,81.5909090909091,44.04351,4.131242e-06,4.4500157e-06,1.489854e-05,33.0,77.43,9.11,3.68,35.56,6.65,Wheat,Vegetative,HEALTHY
20260724_123113,G_19_35,jpr_20240528_AB01_MS_aligned_sun-all,19,35,2272,1072,4300333.475368845,621408.7849463074,0.5404829,0.13448994,2.9942461e-05,0.7829545454545455,79.14772727272728,45.951714,4.0336513e-06,4.3756736e-06,1.4014847e-05,31.7,74.28,11.33,1.99,27.21,6.41,Wheat,Vegetative,HEALTHY
20260724_123113,G_19_36,jpr_20240528_AB01_MS_aligned_sun-all,19,36,2336,1072,4300333.475368845,621411.9849462883,0.53708655,0.12696686,2.8439978e-05,0.7619318181818182,76.98863636363636,46.291344,3.986899e-06,4.0621185e-06,1.3467231e-05,31.8,68.18,7.24,1.3,36.04,7.14,Wheat,Vegetative,HEALTHY
20260724_123113,G_19_37,jpr_20240528_AB01_MS_aligned_sun-all,19,37,2400,1072,4300333.475368845,621415.1849462691,0.5391857,0.1293816,2.961335e-05,0.7553977272727272,76.44886363636364,46.08143,4.004814e-06,4.4755093e-06,1.3876301e-05,27.83,79.09,2.36,4.12,37.49,6.54,Wheat,Vegetative,HEALTHY
20260724_123113,G_19_38,jpr_20240528_AB01_MS_aligned_sun-all,19,38,2464,1072,4300333.475368845,621418.38494625,0.54075044,0.11711218,3.0776635e-05,0.7778409090909091,78.97727272727273,45.924957,4.130017e-06,4.393592e-06,1.438929e-05,33.25,76.79,6.71,4.66,30.6,6.78,Wheat,Vegetative,HEALTHY
20260724_123113,G_19_39,jpr_20240528_AB01_MS_aligned_sun-all,19,39,2528,1072,4300333.475368845,621421.5849462309,0.5395193,0.12386427,3.0737236e-05,0.7715909090909091,78.01136363636364,46.04807,4.2524425e-06,4.7175245e-06,1.4498583e-05,30.74,67.06,6.74,2.86,30.19,7.22,Wheat,Vegetative,HEALTHY
20260724_123113,G_19_40,jpr_20240528_AB01_MS_aligned_sun-all,19,40,2592,1072,4300333.475368845,621424.7849462117,0.5056014,0.108952045,2.7790324e-05,0.7514204545454546,75.9659090909091,49.439857,4.3653126e-06,4.511324e-06,1.3629101e-05,33.61,72.7,13.54,3.75,26.97,7.05,Wheat,Vegetative,HEALTHY
20260724_123113,G_19_41,jpr_20240528_AB01_MS_aligned_sun-all,19,41,2656,1072,4300333.475368845,621427.9849461927,0.5606691,0.12769303,3.3912012e-05,0.8724431818181818,88.75,43.933086,4.309365e-06,5.1536076e-06,1.5613834e-05,32.12,77.03,5.61,2.44,31.62,6.62,Wheat,Vegetative,HEALTHY
20260724_123113,G_19_42,jpr_20240528_AB01_MS_aligned_sun-all,19,42,2720,1072,4300333.475368845,621431.1849461736,0.4952847,0.107001044,2.9272034e-05,0.8471590909090909,86.50568181818183,50.47153,4.9083005e-06,5.0686904e-06,1.4666033e-05,33.12,76.99,7.47,5.65,36.22,6.52,Wheat,Vegetative,HEALTHY
20260724_123113,G_19_43,jpr_20240528_AB01_MS_aligned_sun-all,19,43,2784,1072,4300333.475368845,621434.3849461544,0.5577658,0.13146181,3.340083e-05,0.9065340909090909,91.5625,44.223423,4.2827464e-06,5.0605827e-06,1.541681e-05,30.42,75.2,2.79,4.99,29.08,6.51,Wheat,Vegetative,HEALTHY
20260724_123113,G_19_44,jpr_20240528_AB01_MS_aligned_sun-all,19,44,2848,1072,4300333.475368845,621437.5849461353,0.51289934,0.12008573,3.1349642e-05,0.8488636363636364,85.68181818181819,48.710068,4.826201e-06,5.18971e-06,1.5276513e-05,28.63,68.56,11.1,5.9,29.86,6.72,Wheat,Vegetative,HEALTHY
20260724_123113,G_19_45,jpr_20240528_AB01_MS_aligned_sun-all,19,45,2912,1072,4300333.475368845,621440.7849461162,0.5552127,0.13468443,3.6717673e-05,0.8767045454545455,88.4659090909091,44.478733,4.773026e-06,5.487336e-06,1.7012799e-05,34.42,75.46,7.16,4.6,28.84,6.51,Wheat,Vegetative,HEALTHY
20260724_123113,G_19_46,jpr_20240528_AB01_MS_aligned_sun-all,19,46,2976,1072,4300333.475368845,621443.984946097,0.5534778,0.13684754,3.5642184e-05,0.9332386363636364,94.17613636363636,44.652218,4.657237e-06,5.079922e-06,1.6538486e-05,30.05,68.44,4.61,4.28,27.67,6.18,Wheat,Vegetative,HEALTHY
20260724_123113,G_19_47,jpr_20240528_AB01_MS_aligned_sun-all,19,47,3040,1072,4300333.475368845,621447.184946078,0.5561095,0.14577733,3.5393634e-05,0.8735795454545454,88.29545454545455,44.38905,4.4887415e-06,4.9372557e-06,1.628713e-05,32.42,71.26,10.34,5.65,28.78,6.81,Wheat,Vegetative,HEALTHY
20260724_123113,G_19_48,jpr_20240528_AB01_MS_aligned_sun-all,19,48,3104,1072,4300333.475368845,621450.3849460589,0.5693598,0.15246306,3.949919e-05,0.8494318181818182,85.5965909090909,43.064022,4.783178e-06,5.3923904e-06,1.7950197e-05,31.99,69.4,1.87,4.07,28.07,6.53,Wheat,Vegetative,HEALTHY
20260724_123113,G_19_49,jpr_20240528_AB01_MS_aligned_sun-all,19,49,3168,1072,4300333.475368845,621453.5849460397,0.5578,0.14893286,3.443763e-05,0.8338068181818182,84.48863636363636,44.22,4.364759e-06,4.5171614e-06,1.5844449e-05,34.98,67.83,3.98,2.31,31.63,6.78,Wheat,Vegetative,HEALTHY
20260724_123113,G_20_2,jpr_20240528_AB01_MS_aligned_sun-all,20,2,160,1127,4300330.725559875,621303.1849469384,0.50042355,0.1419788,3.0574636e-05,0.8204545454545454,83.01136363636363,49.957645,4.983351e-06,4.9333994e-06,1.5175318e-05,28.0,75.42,1.02,0.62,37.06,7.24,Wheat,Vegetative,HEALTHY
20260724_123113,G_20_3,jpr_20240528_AB01_MS_aligned_sun-all,20,3,224,1127,4300330.725559875,621306.3849469193,0.495317,0.12764789,3.2231863e-05,0.9076704545454546,92.1590909090909,50.4683,5.2871887e-06,5.2734263e-06,1.6031621e-05,31.67,67.29,6.92,4.3,33.51,6.57,Wheat,Vegetative,HEALTHY
20260724_123113,G_20_4,jpr_20240528_AB01_MS_aligned_sun-all,20,4,288,1127,4300330.725559875,621309.5849469001,0.53085715,0.13390203,3.2715143e-05,0.9363636363636364,95.45454545454545,46.914284,4.5370616e-06,4.7088533e-06,1.5442569e-05,31.64,68.59,13.91,5.22,39.38,6.75,Wheat,Vegetative,HEALTHY
20260724_123113,G_20_5,jpr_20240528_AB01_MS_aligned_sun-all,20,5,352,1127,4300330.725559875,621312.784946881,0.5066537,0.10889473,2.9667315e-05,0.9372159090909091,94.85795454545455,49.33463,4.650109e-06,4.4097233e-06,1.4539608e-05,30.46,76.62,9.51,2.75,19.54,6.57,Wheat,Vegetative,HEALTHY
20260724_123113,G_20_6,jpr_20240528_AB01_MS_aligned_sun-all,20,6,416,1127,4300330.725559875,621315.9849468619,0.49921453,0.11488695,2.8081291e-05,0.8230113636363636,82.89772727272727,50.07855,4.601232e-06,4.502254e-06,1.3962019e-05,27.88,70.08,9.96,1.62,42.13,6.88,Wheat,Vegetative,HEALTHY
20260724_123113,G_20_7,jpr_20240528_AB01_MS_aligned_sun-all,20,7,480,1127,4300330.725559875,621319.1849468428,0.4843512,0.090657145,2.5070816e-05,0.8011363636363636,80.71022727272728,51.564884,4.272429e-06,3.8881626e-06,1.2629663e-05,32.37,67.22,10.63,5.79,30.24,6.25,Wheat,Vegetative,HEALTHY
20260724_123113,G_20_8,jpr_20240528_AB01_MS_aligned_sun-all,20,8,544,1127,4300330.725559875,621322.3849468237,0.5708379,0.12462401,3.2803982e-05,0.7667613636363636,77.69886363636364,42.91621,3.8815465e-06,4.4435515e-06,1.4816638e-05,32.26,70.26,6.75,4.55,38.85,6.79,Wheat,Vegetative,HEALTHY
20260724_123113,G_20_9,jpr_20240528_AB01_MS_aligned_sun-all,20,9,608,1127,4300330.725559875,621325.5849468046,0.47917724,0.10308842,2.3843624e-05,0.8099431818181818,82.44318181818183,52.082275,4.236661e-06,4.1151216e-06,1.2184806e-05,30.13,72.92,9.11,4.93,46.63,6.82,Wheat,Vegetative,HEALTHY
20260724_123113,G_20_10,jpr_20240528_AB01_MS_aligned_sun-all,20,10,672,1127,4300330.725559875,621328.7849467854,0.529337,0.12227458,3.1589854e-05,0.7957386363636364,80.11363636363636,47.0663,4.552707e-06,5.025701e-06,1.50830865e-05,29.35,64.11,0.04,0.52,31.02,7.2,Wheat,Vegetative,HEALTHY
20260724_123113,G_20_11,jpr_20240528_AB01_MS_aligned_sun-all,20,11,736,1127,4300330.725559875,621331.9849467663,0.53464735,0.10860513,2.973981e-05,0.8036931818181818,81.19318181818181,46.535267,4.189396e-06,4.2006827e-06,1.410304e-05,26.09,73.67,13.45,2.65,41.46,6.69,Wheat,Vegetative,HEALTHY
20260724_123113,G_20_12,jpr_20240528_AB01_MS_aligned_sun-all,20,12,800,1127,4300330.725559875,621335.1849467471,0.52674305,0.11420506,2.8378488e-05,0.7684659090909091,77.8409090909091,47.325695,4.1364788e-06,4.10349e-06,1.3596321e-05,36.42,65.71,3.74,4.63,26.35,6.72,Wheat,Vegetative,HEALTHY
20260724_123113,G_20_13,jpr_20240528_AB01_MS_aligned_sun-all,20,13,864,1127,4300330.725559875,621338.3849467281,0.5585056,0.11596152,3.0103256e-05,0.7772727272727272,78.69318181818183,44.14944,3.7151563e-06,3.845906e-06,1.3749948e-05,29.86,74.78,9.38,0.58,31.63,6.66,Wheat,Vegetative,HEALTHY
20260724_123113,G_20_14,jpr_20240528_AB01_MS_aligned_sun-all,20,14,928,1127,4300330.725559875,621341.584946709,0.5002086,0.10530365,2.5379604e-05,0.8897727272727273,90.08522727272728,49.979137,4.1753215e-06,4.1013373e-06,1.263548e-05,33.93,77.27,2.82,2.95,30.77,6.97,Wheat,Vegetative,HEALTHY
20260724_123113,G_20_15,jpr_20240528_AB01_MS_aligned_sun-all,20,15,992,1127,4300330.725559875,621344.7849466898,0.5692304,0.11294987,3.268037e-05,0.8247159090909091,83.06818181818181,43.07696,3.9824336e-06,4.3522264e-06,1.4876314e-05,27.87,72.09,4.47,4.66,25.65,6.82,Wheat,Vegetative,HEALTHY
20260724_123113,G_20_16,jpr_20240528_AB01_MS_aligned_sun-all,20,16,1056,1127,4300330.725559875,621347.9849466707,0.5450718,0.11434471,2.9816276e-05,0.8508522727272727,86.2215909090909,45.49282,4.0884265e-06,4.4294925e-06,1.4027553e-05,30.92,74.41,1.19,2.93,29.89,6.21,Wheat,Vegetative,HEALTHY
20260724_123113,G_20_17,jpr_20240528_AB01_MS_aligned_sun-all,20,17,1120,1127,4300330.725559875,621351.1849466516,0.4947549,0.10258975,2.7176562e-05,0.8806818181818182,88.66477272727272,50.52451,4.5735337e-06,4.700921e-06,1.3632725e-05,30.25,75.62,10.25,3.47,39.17,6.66,Wheat,Vegetative,HEALTHY
20260724_123113,G_20_18,jpr_20240528_AB01_MS_aligned_sun-all,20,18,1184,1127,4300330.725559875,621354.3849466324,0.5126692,0.10438468,2.7281765e-05,0.8940340909090909,90.45454545454545,48.733078,4.2924567e-06,4.2898628e-06,1.3386705e-05,32.42,69.54,4.69,5.23,25.09,6.86,Wheat,Vegetative,HEALTHY
20260724_123113,G_20_19,jpr_20240528_AB01_MS_aligned_sun-all,20,19,1248,1127,4300330.725559875,621357.5849466133,0.56175923,0.113405794,3.0532694e-05,0.7991477272727273,80.51136363636363,43.824078,3.963771e-06,4.239849e-06,1.4141708e-05,31.41,79.66,8.1,3.26,37.9,6.86,Wheat,Vegetative,HEALTHY
20260724_123113,G_20_20,jpr_20240528_AB01_MS_aligned_sun-all,20,20,1312,1127,4300330.725559875,621360.7849465943,0.56123716,0.10653721,2.9928455e-05,0.7198863636363636,73.0965909090909,43.876286,3.8097608e-06,4.177635e-06,1.3786273e-05,33.6,78.24,6.39,5.2,39.53,7.1,Wheat,Vegetative,HEALTHY
20260724_123113,G_20_21,jpr_20240528_AB01_MS_aligned_sun-all,20,21,1376,1127,4300330.725559875,621363.9849465751,0.58416736,0.122951284,3.4849403e-05,0.7553977272727272,76.39204545454545,41.583263,4.014347e-06,4.556801e-06,1.5631289e-05,31.14,77.2,14.1,2.85,44.4,6.72,Wheat,Vegetative,HEALTHY
20260724_123113,G_20_22,jpr_20240528_AB01_MS_aligned_sun-all,20,22,1440,1127,4300330.725559875,621367.184946556,0.57077855,0.11568379,3.174629e-05,0.8855113636363636,90.0,42.922146,3.770633e-06,4.0443942e-06,1.43531315e-05,33.55,61.09,11.57,5.44,33.76,7.36,Wheat,Vegetative,HEALTHY
20260724_123113,G_20_23,jpr_20240528_AB01_MS_aligned_sun-all,20,23,1504,1127,4300330.725559875,621370.3849465369,0.57955354,0.12348142,3.260773e-05,0.8076704545454545,81.47727272727273,42.044647,3.7629989e-06,4.206602e-06,1.4632658e-05,32.91,72.84,13.6,2.33,42.86,7.16,Wheat,Vegetative,HEALTHY
20260724_123113,G_20_24,jpr_20240528_AB01_MS_aligned_sun-all,20,24,1568,1127,4300330.725559875,621373.5849465177,0.57781816,0.111586995,3.3215005e-05,0.7985795454545455,80.76704545454545,42.218185,3.965899e-06,4.2695888e-06,1.5038e-05,27.49,73.6,13.54,4.24,33.11,7.02,Wheat,Vegetative,HEALTHY
20260724_123113,G_20_25,jpr_20240528_AB01_MS_aligned_sun-all,20,25,1632,1127,4300330.725559875,621376.7849464986,0.5718614,0.11959222,3.266118e-05,0.8619318181818182,86.81818181818181,42.81386,3.8775524e-06,4.2844836e-06,1.4765039e-05,29.12,76.45,11.22,0.94,25.01,6.96,Wheat,Vegetative,HEALTHY
20260724_123113,G_20_26,jpr_20240528_AB01_MS_aligned_sun-all,20,26,1696,1127,4300330.725559875,621379.9849464794,0.52702636,0.112824775,2.6647476e-05,0.8352272727272727,84.11931818181819,47.297363,3.8900444e-06,3.90793e-06,1.2772842e-05,33.23,66.38,9.95,1.55,31.71,6.71,Wheat,Vegetative,HEALTHY
20260724_123113,G_20_27,jpr_20240528_AB01_MS_aligned_sun-all,20,27,1760,1127,4300330.725559875,621383.1849464604,0.4402976,0.071433894,2.3901175e-05,0.9625,96.61931818181819,55.970238,5.0966883e-06,4.428358e-06,1.3064037e-05,29.32,76.51,6.88,2.05,28.19,6.99,Wheat,Vegetative,HEALTHY
20260724_123113,G_20_28,jpr_20240528_AB01_MS_aligned_sun-all,20,28,1824,1127,4300330.725559875,621386.3849464413,0.42326453,0.06524181,2.468605e-05,1.0,100.0,57.67355,5.5949754e-06,5.0031836e-06,1.3823981e-05,30.4,66.83,1.8,0.82,28.44,6.88,Wheat,Vegetative,HEALTHY
20260724_123113,G_20_29,jpr_20240528_AB01_MS_aligned_sun-all,20,29,1888,1127,4300330.725559875,621389.5849464221,0.40972766,0.06425748,2.411596e-05,1.0,100.0,59.02723,5.8124624e-06,5.1371967e-06,1.38514315e-05,28.04,74.15,7.11,4.3,28.79,7.02,Wheat,Vegetative,HEALTHY
20260724_123113,G_20_30,jpr_20240528_AB01_MS_aligned_sun-all,20,30,1952,1127,4300330.725559875,621392.784946403,0.49417037,0.10053134,2.8719143e-05,0.990909090909091,99.375,50.582962,4.905986e-06,4.933659e-06,1.4479408e-05,31.17,76.13,3.95,3.53,34.72,6.8,Wheat,Vegetative,HEALTHY
20260724_123113,G_20_31,jpr_20240528_AB01_MS_aligned_sun-all,20,31,2016,1127,4300330.725559875,621395.9849463839,0.5216761,0.11877159,2.8547514e-05,0.9082386363636363,91.30681818181819,47.832386,4.3238165e-06,4.5106567e-06,1.3840006e-05,29.46,69.82,2.66,3.14,34.5,6.81,Wheat,Vegetative,HEALTHY
20260724_123113,G_20_32,jpr_20240528_AB01_MS_aligned_sun-all,20,32,2080,1127,4300330.725559875,621399.1849463647,0.5616046,0.13033254,3.2200478e-05,0.8224431818181818,83.52272727272727,43.83954,4.105404e-06,4.708702e-06,1.4839314e-05,33.54,73.36,9.8,4.7,36.36,6.36,Wheat,Vegetative,HEALTHY
20260724_123113,G_20_33,jpr_20240528_AB01_MS_aligned_sun-all,20,33,2144,1127,4300330.725559875,621402.3849463456,0.5238779,0.122391425,2.915955e-05,0.8170454545454545,82.67045454545455,47.61221,4.304289e-06,4.6466807e-06,1.4024505e-05,30.34,72.97,13.16,4.43,25.16,6.34,Wheat,Vegetative,HEALTHY
20260724_123113,G_20_34,jpr_20240528_AB01_MS_aligned_sun-all,20,34,2208,1127,4300330.725559875,621405.5849463266,0.5616533,0.12827122,3.2748823e-05,0.805965909090909,81.25,43.834667,4.093575e-06,4.6643618e-06,1.5010281e-05,29.99,62.67,2.37,3.81,28.94,6.81,Wheat,Vegetative,HEALTHY
20260724_123113,G_20_35,jpr_20240528_AB01_MS_aligned_sun-all,20,35,2272,1127,4300330.725559875,621408.7849463074,0.54668176,0.1330912,2.998312e-05,0.7258522727272727,73.80681818181817,45.331825,4.0988343e-06,4.41573e-06,1.4093579e-05,31.26,72.36,8.18,0.66,38.25,6.79,Wheat,Vegetative,HEALTHY
20260724_123113,G_20_36,jpr_20240528_AB01_MS_aligned_sun-all,20,36,2336,1127,4300330.725559875,621411.9849462883,0.49929821,0.12077983,2.6532305e-05,0.8485795454545455,85.6534090909091,50.07018,4.3761534e-06,4.2026027e-06,1.3220573e-05,30.11,77.39,3.74,2.65,25.78,6.76,Wheat,Vegetative,HEALTHY
20260724_123113,G_20_37,jpr_20240528_AB01_MS_aligned_sun-all,20,37,2400,1127,4300330.725559875,621415.1849462691,0.5528935,0.13039324,3.0758176e-05,0.7647727272727273,78.0965909090909,44.710648,3.926038e-06,4.234056e-06,1.4179154e-05,33.59,74.46,3.04,2.7,23.29,6.57,Wheat,Vegetative,HEALTHY
20260724_123113,G_20_38,jpr_20240528_AB01_MS_aligned_sun-all,20,38,2464,1127,4300330.725559875,621418.38494625,0.56312037,0.13169743,3.2873533e-05,0.7977272727272727,80.48295454545455,43.687965,4.1131602e-06,4.65875e-06,1.5071441e-05,29.36,70.13,3.03,4.73,33.81,6.36,Wheat,Vegetative,HEALTHY
20260724_123113,G_20_39,jpr_20240528_AB01_MS_aligned_sun-all,20,39,2528,1127,4300330.725559875,621421.5849462309,0.51943475,0.10988688,2.7908247e-05,0.7991477272727273,80.6534090909091,48.056526,4.1191092e-06,4.242785e-06,1.3422198e-05,29.98,68.07,0.51,4.37,30.27,7.02,Wheat,Vegetative,HEALTHY
20260724_123113,G_20_40,jpr_20240528_AB01_MS_aligned_sun-all,20,40,2592,1127,4300330.725559875,621424.7849462117,0.54090595,0.12002952,3.2566546e-05,0.774715909090909,78.18181818181819,45.909405,4.509187e-06,5.2234714e-06,1.5365147e-05,31.39,79.57,14.43,2.61,29.88,6.78,Wheat,Vegetative,HEALTHY
20260724_123113,G_20_41,jpr_20240528_AB01_MS_aligned_sun-all,20,41,2656,1127,4300330.725559875,621427.9849461927,0.5087239,0.10468821,2.969249e-05,0.8127840909090909,82.5284090909091,49.12761,4.7071876e-06,4.9718765e-06,1.4605072e-05,26.77,84.05,13.52,5.43,36.05,6.54,Wheat,Vegetative,HEALTHY
20260724_123113,G_20_42,jpr_20240528_AB01_MS_aligned_sun-all,20,42,2720,1127,4300330.725559875,621431.1849461736,0.5355337,0.12380817,2.9171115e-05,0.7767045454545455,79.4034090909091,46.44663,4.1836693e-06,4.5666307e-06,1.3907734e-05,28.62,74.01,3.07,4.94,33.3,6.75,Wheat,Vegetative,HEALTHY
20260724_123113,G_20_43,jpr_20240528_AB01_MS_aligned_sun-all,20,43,2784,1127,4300330.725559875,621434.3849461544,0.5068378,0.11142554,2.806105e-05,0.8,81.50568181818181,49.316223,4.362535e-06,4.550955e-06,1.3716571e-05,31.98,72.45,2.75,4.74,28.18,7.75,Wheat,Vegetative,HEALTHY
20260724_123113,G_20_44,jpr_20240528_AB01_MS_aligned_sun-all,20,44,2848,1127,4300330.725559875,621437.5849461353,0.5586406,0.13687122,3.3447403e-05,0.7752840909090909,78.23863636363636,44.13594,4.2395654e-06,5.0403155e-06,1.5389152e-05,34.36,78.92,6.73,4.61,35.89,6.47,Wheat,Vegetative,HEALTHY
20260724_123113,G_20_45,jpr_20240528_AB01_MS_aligned_sun-all,20,45,2912,1127,4300330.725559875,621440.7849461162,0.5501445,0.12935534,3.595183e-05,0.8227272727272728,83.23863636363636,44.98555,4.8224174e-06,5.2370283e-06,1.680689e-05,28.61,78.91,10.68,1.14,29.18,6.94,Wheat,Vegetative,HEALTHY
20260724_123113,G_20_46,jpr_20240528_AB01_MS_aligned_sun-all,20,46,2976,1127,4300330.725559875,621443.984946097,0.5667916,0.1349395,3.656142e-05,0.8306818181818182,84.14772727272727,43.32084,4.475642e-06,5.3693248e-06,1.6663318e-05,31.19,66.39,1.51,3.84,36.32,6.75,Wheat,Vegetative,HEALTHY
20260724_123113,G_20_47,jpr_20240528_AB01_MS_aligned_sun-all,20,47,3040,1127,4300330.725559875,621447.184946078,0.55155605,0.13773738,3.469964e-05,0.8284090909090909,83.4375,44.844395,4.508712e-06,4.9497453e-06,1.6075754e-05,29.29,72.18,3.32,4.02,43.97,6.48,Wheat,Vegetative,HEALTHY
20260724_123113,G_20_48,jpr_20240528_AB01_MS_aligned_sun-all,20,48,3104,1127,4300330.725559875,621450.3849460589,0.5618323,0.14226227,3.6700832e-05,0.8744318181818181,88.23863636363637,43.81677,4.6633077e-06,5.3140093e-06,1.6897462e-05,27.05,73.63,14.55,2.63,38.8,6.43,Wheat,Vegetative,HEALTHY
20260724_123113,G_20_49,jpr_20240528_AB01_MS_aligned_sun-all,20,49,3168,1127,4300330.725559875,621453.5849460397,0.5530425,0.14977291,3.359408e-05,0.8338068181818182,84.0909090909091,44.69575,4.364987e-06,4.3725236e-06,1.5563475e-05,29.5,69.49,11.6,4.36,37.64,6.78,Wheat,Vegetative,HEALTHY
20260724_123113,G_21_1,jpr_20240528_AB01_MS_aligned_sun-all,21,1,96,1182,4300327.9757509045,621299.9849469576,0.5389964,0.14363246,3.278811e-05,0.5369318181818182,54.20454545454545,46.10036,4.4331405e-06,4.5604465e-06,1.5362968e-05,29.54,73.66,0.29,1.41,46.53,6.46,Wheat,Vegetative,HEALTHY
20260724_123113,G_21_2,jpr_20240528_AB01_MS_aligned_sun-all,21,2,160,1182,4300327.9757509045,621303.1849469384,0.56530994,0.14925726,3.6233567e-05,0.8198863636363637,83.89204545454545,43.469006,4.3927566e-06,5.069879e-06,1.6471144e-05,36.3,77.08,10.03,5.06,27.7,6.63,Wheat,Vegetative,HEALTHY
20260724_123113,G_21_3,jpr_20240528_AB01_MS_aligned_sun-all,21,3,224,1182,4300327.9757509045,621306.3849469193,0.5135541,0.12410482,3.137219e-05,0.9213068181818181,93.94886363636363,48.644592,4.640831e-06,4.70788e-06,1.5098663e-05,31.95,76.84,11.91,1.09,28.52,6.81,Wheat,Vegetative,HEALTHY
20260724_123113,G_21_4,jpr_20240528_AB01_MS_aligned_sun-all,21,4,288,1182,4300327.9757509045,621309.5849469001,0.544478,0.13258444,3.4523237e-05,0.7997159090909091,81.93181818181819,45.5522,4.526228e-06,4.961163e-06,1.6034475e-05,30.48,72.65,3.13,0.97,37.41,6.35,Wheat,Vegetative,HEALTHY
20260724_123113,G_21_5,jpr_20240528_AB01_MS_aligned_sun-all,21,5,352,1182,4300327.9757509045,621312.784946881,0.56440455,0.12021711,3.571377e-05,0.8306818181818182,83.83522727272728,43.559544,4.264401e-06,4.855673e-06,1.6169513e-05,28.94,72.98,14.41,2.64,27.65,6.6,Wheat,Vegetative,HEALTHY
20260724_123113,G_21_6,jpr_20240528_AB01_MS_aligned_sun-all,21,6,416,1182,4300327.9757509045,621315.9849468619,0.55978405,0.12669294,3.2254407e-05,0.7605113636363636,77.13068181818183,44.021595,3.943303e-06,4.3447053e-06,1.4695199e-05,29.85,73.53,11.74,1.22,26.67,6.92,Wheat,Vegetative,HEALTHY
20260724_123113,G_21_7,jpr_20240528_AB01_MS_aligned_sun-all,21,7,480,1182,4300327.9757509045,621319.1849468428,0.5612405,0.1205102,3.257981e-05,0.7326704545454545,74.3465909090909,43.87595,3.910035e-06,4.350727e-06,1.4770413e-05,31.77,68.24,13.83,3.01,33.04,7.11,Wheat,Vegetative,HEALTHY
20260724_123113,G_21_8,jpr_20240528_AB01_MS_aligned_sun-all,21,8,544,1182,4300327.9757509045,621322.3849468237,0.56231534,0.119463705,3.3125732e-05,0.784375,79.60227272727273,43.768467,4.0588643e-06,4.6675755e-06,1.5101221e-05,32.92,69.62,6.62,3.23,42.12,6.71,Wheat,Vegetative,HEALTHY
20260724_123113,G_21_9,jpr_20240528_AB01_MS_aligned_sun-all,21,9,608,1182,4300327.9757509045,621325.5849468046,0.520071,0.115967356,2.8764287e-05,0.8053977272727273,81.16477272727273,47.992897,4.2337238e-06,4.5122333e-06,1.3822184e-05,27.85,68.77,7.7,2.5,34.54,6.93,Wheat,Vegetative,HEALTHY
20260724_123113,G_21_10,jpr_20240528_AB01_MS_aligned_sun-all,21,10,672,1182,4300327.9757509045,621328.7849467854,0.5370184,0.10925667,3.0895317e-05,0.8230113636363636,82.7840909090909,46.298157,4.350734e-06,4.6165437e-06,1.4649578e-05,30.97,73.27,7.41,3.92,28.78,6.47,Wheat,Vegetative,HEALTHY
20260724_123113,G_21_11,jpr_20240528_AB01_MS_aligned_sun-all,21,11,736,1182,4300327.9757509045,621331.9849467663,0.54121786,0.11320963,3.0929023e-05,0.8497159090909091,86.13636363636363,45.878212,4.2370816e-06,4.3081723e-06,1.4547157e-05,31.55,77.62,11.28,2.14,35.41,7.23,Wheat,Vegetative,HEALTHY
20260724_123113,G_21_12,jpr_20240528_AB01_MS_aligned_sun-all,21,12,800,1182,4300327.9757509045,621335.1849467471,0.5491077,0.11241994,3.0072593e-05,0.8048295454545454,81.64772727272728,45.089233,4.002281e-06,4.040226e-06,1.4026853e-05,35.91,70.97,11.99,3.21,32.91,6.94,Wheat,Vegetative,HEALTHY
20260724_123113,G_21_13,jpr_20240528_AB01_MS_aligned_sun-all,21,13,864,1182,4300327.9757509045,621338.3849467281,0.5492224,0.114975564,3.0442594e-05,0.8448863636363636,85.0,45.07776,4.1055787e-06,4.329552e-06,1.4253494e-05,31.19,80.16,4.79,1.09,32.65,6.62,Wheat,Vegetative,HEALTHY
20260724_123113,G_21_14,jpr_20240528_AB01_MS_aligned_sun-all,21,14,928,1182,4300327.9757509045,621341.584946709,0.51175016,0.09872614,2.5637752e-05,0.8670454545454546,87.89772727272728,48.824986,4.0264886e-06,4.057731e-06,1.2572695e-05,34.01,63.13,0.33,2.38,33.87,6.65,Wheat,Vegetative,HEALTHY
20260724_123113,G_21_15,jpr_20240528_AB01_MS_aligned_sun-all,21,15,992,1182,4300327.9757509045,621344.7849466898,0.5629804,0.11017609,3.3204666e-05,0.8514204545454546,85.9090909090909,43.701958,4.2516767e-06,4.6798523e-06,1.532034e-05,30.57,67.61,9.72,0.92,23.29,6.71,Wheat,Vegetative,HEALTHY
20260724_123113,G_21_16,jpr_20240528_AB01_MS_aligned_sun-all,21,16,1056,1182,4300327.9757509045,621347.9849466707,0.4608451,0.089655414,2.3535513e-05,0.8025568181818182,80.9375,53.91549,4.557473e-06,4.437662e-06,1.2402916e-05,27.41,74.12,4.71,1.56,34.77,6.95,Wheat,Vegetative,HEALTHY
20260724_123113,G_21_17,jpr_20240528_AB01_MS_aligned_sun-all,21,17,1120,1182,4300327.9757509045,621351.1849466516,0.4689264,0.096967824,2.5553853e-05,0.8948863636363636,90.68181818181819,53.107357,4.8284437e-06,4.6652694e-06,1.3346709e-05,32.23,63.58,12.45,0.72,24.84,6.98,Wheat,Vegetative,HEALTHY
20260724_123113,G_21_18,jpr_20240528_AB01_MS_aligned_sun-all,21,18,1184,1182,4300327.9757509045,621354.3849466324,0.56671673,0.11213449,3.1223764e-05,0.727840909090909,73.63636363636363,43.328327,3.907555e-06,4.093225e-06,1.4315865e-05,30.43,69.02,7.24,5.38,41.13,7.07,Wheat,Vegetative,HEALTHY
20260724_123113,G_21_19,jpr_20240528_AB01_MS_aligned_sun-all,21,19,1248,1182,4300327.9757509045,621357.5849466133,0.57704335,0.11223042,3.2539127e-05,0.8198863636363637,82.55681818181819,42.295666,3.9217603e-06,4.5482116e-06,1.476855e-05,32.85,63.91,14.19,4.5,24.04,6.58,Wheat,Vegetative,HEALTHY
20260724_123113,G_21_20,jpr_20240528_AB01_MS_aligned_sun-all,21,20,1312,1182,4300327.9757509045,621360.7849465943,0.5854985,0.11277973,3.2047512e-05,0.7977272727272727,80.68181818181817,41.45015,3.600416e-06,4.164091e-06,1.4283321e-05,33.32,65.68,9.25,2.07,43.59,6.84,Wheat,Vegetative,HEALTHY
20260724_123113,G_21_21,jpr_20240528_AB01_MS_aligned_sun-all,21,21,1376,1182,4300327.9757509045,621363.9849465751,0.58575755,0.114737876,3.5618836e-05,0.8326704545454545,84.43181818181819,41.424244,4.0893674e-06,4.782955e-06,1.5962807e-05,31.58,65.52,7.08,2.27,30.49,6.93,Wheat,Vegetative,HEALTHY
20260724_123113,G_21_22,jpr_20240528_AB01_MS_aligned_sun-all,21,22,1440,1182,4300327.9757509045,621367.184946556,0.54846895,0.11008383,2.9335695e-05,0.8017045454545455,80.99431818181819,45.153107,3.8960493e-06,4.0801833e-06,1.3674971e-05,33.47,69.75,12.78,2.65,31.55,6.45,Wheat,Vegetative,HEALTHY
20260724_123113,G_21_23,jpr_20240528_AB01_MS_aligned_sun-all,21,23,1504,1182,4300327.9757509045,621370.3849465369,0.5585587,0.11473324,3.1365205e-05,0.8392045454545455,84.51704545454545,44.14413,4.0185046e-06,4.3870027e-06,1.44739715e-05,28.99,69.31,7.29,5.09,23.67,6.61,Wheat,Vegetative,HEALTHY
20260724_123113,G_21_24,jpr_20240528_AB01_MS_aligned_sun-all,21,24,1568,1182,4300327.9757509045,621373.5849465177,0.56186354,0.11800601,3.2543652e-05,0.8028409090909091,81.10795454545455,43.813644,4.0602627e-06,4.3688074e-06,1.4908573e-05,34.52,61.71,5.5,4.87,30.76,6.52,Wheat,Vegetative,HEALTHY
20260724_123113,G_21_25,jpr_20240528_AB01_MS_aligned_sun-all,21,25,1632,1182,4300327.9757509045,621376.7849464986,0.53056484,0.11610927,2.7984883e-05,0.7928977272727272,79.9715909090909,46.943516,4.0494892e-06,4.062919e-06,1.337812e-05,29.13,67.9,3.79,2.17,35.87,6.97,Wheat,Vegetative,HEALTHY
20260724_123113,G_21_26,jpr_20240528_AB01_MS_aligned_sun-all,21,26,1696,1182,4300327.9757509045,621379.9849464794,0.5740838,0.1266775,3.133059e-05,0.7832386363636363,79.11931818181817,42.59162,3.6896045e-06,3.973077e-06,1.4133525e-05,31.06,70.6,6.81,5.42,34.31,6.67,Wheat,Vegetative,HEALTHY
20260724_123113,G_21_27,jpr_20240528_AB01_MS_aligned_sun-all,21,27,1760,1182,4300327.9757509045,621383.1849464604,0.5448028,0.12057308,3.0361563e-05,0.7985795454545455,80.51136363636363,45.519722,4.121814e-06,4.4289827e-06,1.4242718e-05,29.91,81.21,4.6,3.54,45.32,6.98,Wheat,Vegetative,HEALTHY
20260724_123113,G_21_28,jpr_20240528_AB01_MS_aligned_sun-all,21,28,1824,1182,4300327.9757509045,621386.3849464413,0.5131122,0.10357683,2.9913826e-05,0.8579545454545454,86.30681818181817,48.68878,4.671494e-06,4.817785e-06,1.4643162e-05,29.69,71.79,7.18,4.83,34.96,6.73,Wheat,Vegetative,HEALTHY
20260724_123113,G_21_29,jpr_20240528_AB01_MS_aligned_sun-all,21,29,1888,1182,4300327.9757509045,621389.5849464221,0.43805933,0.08155165,2.3627532e-05,0.9414772727272728,94.46022727272727,56.19407,5.033594e-06,4.4601256e-06,1.2909723e-05,30.23,77.8,2.11,3.22,37.1,6.94,Wheat,Vegetative,HEALTHY
20260724_123113,G_21_30,jpr_20240528_AB01_MS_aligned_sun-all,21,30,1952,1182,4300327.9757509045,621392.784946403,0.40812615,0.06359304,2.3406785e-05,1.0,100.0,59.18739,5.652616e-06,4.839346e-06,1.3455177e-05,31.02,79.87,14.61,4.22,38.08,6.57,Wheat,Vegetative,HEALTHY
20260724_123113,G_21_31,jpr_20240528_AB01_MS_aligned_sun-all,21,31,2016,1182,4300327.9757509045,621395.9849463839,0.42913437,0.077347755,2.535112e-05,1.0,100.0,57.086563,5.6201056e-06,5.135911e-06,1.4070815e-05,30.01,71.32,0.7,3.47,41.12,7.03,Wheat,Vegetative,HEALTHY
20260724_123113,G_21_32,jpr_20240528_AB01_MS_aligned_sun-all,21,32,2080,1182,4300327.9757509045,621399.1849463647,0.4578499,0.09678555,2.5785777e-05,1.0,100.0,54.215015,5.0930357e-06,4.805162e-06,1.3688619e-05,31.99,71.56,7.6,3.97,36.56,6.6,Wheat,Vegetative,HEALTHY
20260724_123113,G_21_33,jpr_20240528_AB01_MS_aligned_sun-all,21,33,2144,1182,4300327.9757509045,621402.3849463456,0.524199,0.11735994,2.9171999e-05,0.9485795454545455,95.36931818181819,47.5801,4.3841665e-06,4.707128e-06,1.4108532e-05,31.3,69.36,8.9,0.87,34.7,6.51,Wheat,Vegetative,HEALTHY
20260724_123113,G_21_34,jpr_20240528_AB01_MS_aligned_sun-all,21,34,2208,1182,4300327.9757509045,621405.5849463266,0.5765927,0.13351426,3.3091193e-05,0.7758522727272728,78.7784090909091,42.340733,3.9424103e-06,4.6763907e-06,1.4973235e-05,27.49,70.55,14.55,1.8,41.07,6.91,Wheat,Vegetative,HEALTHY
20260724_123113,G_21_35,jpr_20240528_AB01_MS_aligned_sun-all,21,35,2272,1182,4300327.9757509045,621408.7849463074,0.5499242,0.12319651,3.0659277e-05,0.7613636363636364,77.86931818181819,45.00758,4.014529e-06,4.146666e-06,1.4234677e-05,27.74,68.36,12.54,4.47,40.44,7.06,Wheat,Vegetative,HEALTHY
20260724_123113,G_21_36,jpr_20240528_AB01_MS_aligned_sun-all,21,36,2336,1182,4300327.9757509045,621411.9849462883,0.53699476,0.13481146,2.8223034e-05,0.7752840909090909,78.7215909090909,46.300526,3.881152e-06,4.1611297e-06,1.3289167e-05,31.55,72.93,6.97,2.56,23.04,7.08,Wheat,Vegetative,HEALTHY
20260724_123113,G_21_37,jpr_20240528_AB01_MS_aligned_sun-all,21,37,2400,1182,4300327.9757509045,621415.1849462691,0.5893361,0.1284946,3.431975e-05,0.7548295454545455,76.25,41.06639,3.828157e-06,4.3436644e-06,1.5268526e-05,27.86,75.99,5.4,3.98,47.73,6.44,Wheat,Vegetative,HEALTHY
20260724_123113,G_21_38,jpr_20240528_AB01_MS_aligned_sun-all,21,38,2464,1182,4300327.9757509045,621418.38494625,0.56490695,0.12959304,3.222295e-05,0.8389204545454545,84.60227272727273,43.509304,4.0277587e-06,4.464265e-06,1.4769159e-05,31.55,75.32,8.65,1.9,28.71,6.74,Wheat,Vegetative,HEALTHY
20260724_123113,G_21_39,jpr_20240528_AB01_MS_aligned_sun-all,21,39,2528,1182,4300327.9757509045,621421.5849462309,0.52570987,0.1162017,2.8937182e-05,0.7792613636363637,79.0909090909091,47.429012,4.2171637e-06,4.3703053e-06,1.386325e-05,32.62,64.75,6.65,0.66,37.23,6.48,Wheat,Vegetative,HEALTHY
20260724_123113,G_21_40,jpr_20240528_AB01_MS_aligned_sun-all,21,40,2592,1182,4300327.9757509045,621424.7849462117,0.5380919,0.1219044,3.131756e-05,0.7997159090909091,80.76704545454545,46.19081,4.428806e-06,4.8887923e-06,1.48684e-05,30.6,76.85,1.85,4.59,33.5,6.97,Wheat,Vegetative,HEALTHY
20260724_123113,G_21_41,jpr_20240528_AB01_MS_aligned_sun-all,21,41,2656,1182,4300327.9757509045,621427.9849461927,0.54134434,0.119276285,2.8843255e-05,0.7460227272727272,76.05113636363636,45.865566,4.007283e-06,4.2381307e-06,1.3622048e-05,31.14,72.81,6.5,5.92,25.29,6.34,Wheat,Vegetative,HEALTHY
20260724_123113,G_21_42,jpr_20240528_AB01_MS_aligned_sun-all,21,42,2720,1182,4300327.9757509045,621431.1849461736,0.53553766,0.1254405,2.8200779e-05,0.7914772727272728,80.42613636363637,46.446236,3.930261e-06,4.2188144e-06,1.3330858e-05,28.15,67.49,5.94,2.02,35.76,6.69,Wheat,Vegetative,HEALTHY
20260724_123113,G_21_43,jpr_20240528_AB01_MS_aligned_sun-all,21,43,2784,1182,4300327.9757509045,621434.3849461544,0.5572213,0.12725382,3.0877894e-05,0.8008522727272728,80.82386363636364,44.27787,3.911713e-06,4.4818707e-06,1.4204732e-05,30.7,71.78,3.21,0.54,36.94,6.75,Wheat,Vegetative,HEALTHY
20260724_123113,G_21_44,jpr_20240528_AB01_MS_aligned_sun-all,21,44,2848,1182,4300327.9757509045,621437.5849461353,0.567876,0.12801509,3.396801e-05,0.796875,80.2840909090909,43.212402,4.1573385e-06,4.8150387e-06,1.5480466e-05,33.24,76.23,1.53,3.49,37.58,6.65,Wheat,Vegetative,HEALTHY
20260724_123113,G_21_45,jpr_20240528_AB01_MS_aligned_sun-all,21,45,2912,1182,4300327.9757509045,621440.7849461162,0.5564081,0.1303734,3.412164e-05,0.8036931818181818,80.9375,44.359188,4.3889427e-06,4.9981504e-06,1.5763295e-05,30.57,76.29,3.45,2.89,31.14,7.12,Wheat,Vegetative,HEALTHY
20260724_123113,G_21_46,jpr_20240528_AB01_MS_aligned_sun-all,21,46,2976,1182,4300327.9757509045,621443.984946097,0.559821,0.12700911,3.4386907e-05,0.8255681818181818,83.01136363636363,44.0179,4.2289653e-06,4.7647172e-06,1.569175e-05,30.74,79.65,2.94,4.38,30.04,7.25,Wheat,Vegetative,HEALTHY
20260724_123113,G_21_47,jpr_20240528_AB01_MS_aligned_sun-all,21,47,3040,1182,4300327.9757509045,621447.184946078,0.5829039,0.1366087,3.9933777e-05,0.7892045454545454,79.57386363636364,41.709606,4.5210786e-06,5.3971144e-06,1.7832957e-05,29.49,73.61,14.49,2.62,21.24,6.37,Wheat,Vegetative,HEALTHY
20260724_123113,G_21_48,jpr_20240528_AB01_MS_aligned_sun-all,21,48,3104,1182,4300327.9757509045,621450.3849460589,0.522117,0.12085129,3.0969717e-05,0.8235795454545455,83.35227272727272,47.7883,4.549303e-06,4.4655076e-06,1.4872956e-05,31.64,72.94,2.2,4.35,35.62,7.09,Wheat,Vegetative,HEALTHY
20260724_123113,G_21_49,jpr_20240528_AB01_MS_aligned_sun-all,21,49,3168,1182,4300327.9757509045,621453.5849460397,0.5500523,0.14676279,3.2549964e-05,0.8150568181818182,82.10227272727273,44.99477,4.320236e-06,4.5189404e-06,1.5170658e-05,30.16,60.51,5.89,4.17,33.2,6.63,Wheat,Vegetative,HEALTHY
20260724_123113,G_22_1,jpr_20240528_AB01_MS_aligned_sun-all,22,1,96,1237,4300325.225941934,621299.9849469576,0.5376226,0.1472017,3.179767e-05,0.8017045454545455,80.76704545454545,46.237743,4.3814707e-06,4.610786e-06,1.4981122e-05,31.87,79.65,9.47,2.06,36.06,6.78,Wheat,Vegetative,HEALTHY
20260724_123113,G_22_2,jpr_20240528_AB01_MS_aligned_sun-all,22,2,160,1237,4300325.225941934,621303.1849469384,0.55837697,0.13474137,3.5278128e-05,0.9017045454545455,91.2215909090909,44.162304,4.2943498e-06,4.67221e-06,1.6054239e-05,34.09,60.86,6.63,1.06,23.62,6.27,Wheat,Vegetative,HEALTHY
20260724_123113,G_22_3,jpr_20240528_AB01_MS_aligned_sun-all,22,3,224,1237,4300325.225941934,621306.3849469193,0.5409529,0.12938875,3.331648e-05,0.8900568181818181,91.2784090909091,45.90471,4.447857e-06,4.903393e-06,1.5553816e-05,29.05,70.46,4.11,5.55,35.17,6.62,Wheat,Vegetative,HEALTHY
20260724_123113,G_22_4,jpr_20240528_AB01_MS_aligned_sun-all,22,4,288,1237,4300325.225941934,621309.5849469001,0.5252193,0.10801094,3.2012445e-05,0.8303977272727273,84.88636363636364,47.47807,4.5200914e-06,4.655458e-06,1.519135e-05,33.73,69.07,1.81,4.86,38.12,7.21,Wheat,Vegetative,HEALTHY
20260724_123113,G_22_5,jpr_20240528_AB01_MS_aligned_sun-all,22,5,352,1237,4300325.225941934,621312.784946881,0.5951935,0.13194822,3.779358e-05,0.7573863636363637,77.2159090909091,40.480648,4.084221e-06,5.0282633e-06,1.6682625e-05,33.46,68.98,1.64,2.55,31.4,7.1,Wheat,Vegetative,HEALTHY
20260724_123113,G_22_6,jpr_20240528_AB01_MS_aligned_sun-all,22,6,416,1237,4300325.225941934,621315.9849468619,0.5957815,0.12122443,3.6008467e-05,0.8301136363636363,84.3465909090909,40.42185,3.6298857e-06,4.3160244e-06,1.5633217e-05,31.28,73.77,12.61,0.76,35.88,6.44,Wheat,Vegetative,HEALTHY
20260724_123113,G_22_7,jpr_20240528_AB01_MS_aligned_sun-all,22,7,480,1237,4300325.225941934,621319.1849468428,0.58297634,0.12377396,3.6094025e-05,0.7892045454545454,79.91477272727273,41.702366,4.2249335e-06,5.1007814e-06,1.625678e-05,32.29,74.47,6.89,5.69,35.64,6.76,Wheat,Vegetative,HEALTHY
20260724_123113,G_22_8,jpr_20240528_AB01_MS_aligned_sun-all,22,8,544,1237,4300325.225941934,621322.3849468237,0.51494116,0.1116418,2.867372e-05,0.7741477272727273,78.01136363636364,48.505886,4.3206014e-06,4.485361e-06,1.3878873e-05,31.6,76.47,11.09,2.31,41.06,6.57,Wheat,Vegetative,HEALTHY
20260724_123113,G_22_9,jpr_20240528_AB01_MS_aligned_sun-all,22,9,608,1237,4300325.225941934,621325.5849468046,0.509308,0.1077612,2.8096232e-05,0.8573863636363637,86.5340909090909,49.069202,4.4427125e-06,4.7322733e-06,1.3808472e-05,32.57,74.31,2.11,3.8,33.56,6.89,Wheat,Vegetative,HEALTHY
20260724_123113,G_22_10,jpr_20240528_AB01_MS_aligned_sun-all,22,10,672,1237,4300325.225941934,621328.7849467854,0.5048838,0.092965126,2.7179247e-05,0.9326704545454545,93.7215909090909,49.511616,4.451936e-06,4.463258e-06,1.3512015e-05,32.5,71.9,0.75,0.59,33.26,6.95,Wheat,Vegetative,HEALTHY
20260724_123113,G_22_11,jpr_20240528_AB01_MS_aligned_sun-all,22,11,736,1237,4300325.225941934,621331.9849467663,0.50520873,0.103116706,2.9230108e-05,0.8710227272727272,87.58522727272727,49.479126,4.6482887e-06,4.690345e-06,1.4392042e-05,28.69,74.14,2.32,0.66,44.53,7.17,Wheat,Vegetative,HEALTHY
20260724_123113,G_22_12,jpr_20240528_AB01_MS_aligned_sun-all,22,12,800,1237,4300325.225941934,621335.1849467471,0.5471247,0.11957273,3.1052074e-05,0.8420454545454545,85.0,45.287533,4.2118822e-06,4.24232e-06,1.4562972e-05,29.05,78.16,9.03,2.36,34.14,6.93,Wheat,Vegetative,HEALTHY
20260724_123113,G_22_13,jpr_20240528_AB01_MS_aligned_sun-all,22,13,864,1237,4300325.225941934,621338.3849467281,0.5489647,0.12031177,3.068507e-05,0.7508522727272727,76.16477272727272,45.10353,4.0781374e-06,4.2655734e-06,1.4306885e-05,26.13,70.32,9.2,1.07,42.62,6.99,Wheat,Vegetative,HEALTHY
20260724_123113,G_22_14,jpr_20240528_AB01_MS_aligned_sun-all,22,14,928,1237,4300325.225941934,621341.584946709,0.50933415,0.103247374,2.6185002e-05,0.9477272727272728,95.22727272727273,49.066586,4.165619e-06,4.116499e-06,1.28942565e-05,31.95,70.48,6.86,1.32,28.6,6.65,Wheat,Vegetative,HEALTHY
20260724_123113,G_22_15,jpr_20240528_AB01_MS_aligned_sun-all,22,15,992,1237,4300325.225941934,621344.7849466898,0.50034404,0.10293277,2.7043805e-05,0.8377840909090909,84.74431818181817,49.965595,4.471022e-06,4.3155824e-06,1.3485953e-05,31.28,70.61,5.91,4.91,27.23,7.22,Wheat,Vegetative,HEALTHY
20260724_123113,G_22_16,jpr_20240528_AB01_MS_aligned_sun-all,22,16,1056,1237,4300325.225941934,621347.9849466707,0.51396,0.10415211,2.8657696e-05,0.8176136363636364,83.18181818181817,48.604,4.363283e-06,4.3692007e-06,1.3916211e-05,33.75,65.74,11.81,3.05,31.34,6.49,Wheat,Vegetative,HEALTHY
20260724_123113,G_22_17,jpr_20240528_AB01_MS_aligned_sun-all,22,17,1120,1237,4300325.225941934,621351.1849466516,0.53024167,0.10563357,2.8292112e-05,0.8255681818181818,83.4659090909091,46.975834,4.157708e-06,4.173332e-06,1.3588753e-05,27.24,74.5,2.32,1.74,32.02,7.02,Wheat,Vegetative,HEALTHY
20260724_123113,G_22_18,jpr_20240528_AB01_MS_aligned_sun-all,22,18,1184,1237,4300325.225941934,621354.3849466324,0.5264967,0.1097382,2.9308449e-05,0.78125,78.97727272727273,47.35033,4.2993956e-06,4.374909e-06,1.4069253e-05,28.64,72.21,10.56,5.23,22.53,6.9,Wheat,Vegetative,HEALTHY
20260724_123113,G_22_19,jpr_20240528_AB01_MS_aligned_sun-all,22,19,1248,1237,4300325.225941934,621357.5849466133,0.5497724,0.1153482,2.940884e-05,0.7752840909090909,78.49431818181817,45.022762,3.7507364e-06,4.1126304e-06,1.3554051e-05,29.73,78.61,6.16,2.97,42.33,6.61,Wheat,Vegetative,HEALTHY
20260724_123113,G_22_20,jpr_20240528_AB01_MS_aligned_sun-all,22,20,1312,1237,4300325.225941934,621360.7849465943,0.57177675,0.11591727,3.4031033e-05,0.8022727272727272,81.05113636363637,42.822327,4.1612775e-06,4.7112935e-06,1.5505413e-05,30.62,67.02,13.87,5.47,38.53,6.75,Wheat,Vegetative,HEALTHY
20260724_123113,G_22_21,jpr_20240528_AB01_MS_aligned_sun-all,22,21,1376,1237,4300325.225941934,621363.9849465751,0.5714486,0.11918018,3.2077314e-05,0.8420454545454545,85.45454545454545,42.855137,3.785939e-06,4.2142965e-06,1.4478793e-05,31.79,74.95,0.43,4.84,29.32,6.71,Wheat,Vegetative,HEALTHY
20260724_123113,G_22_22,jpr_20240528_AB01_MS_aligned_sun-all,22,22,1440,1237,4300325.225941934,621367.184946556,0.5555133,0.108502425,3.1527226e-05,0.8122159090909091,82.07386363636363,44.44867,4.0844716e-06,4.5577503e-06,1.4593956e-05,28.79,71.63,12.91,1.77,32.34,6.38,Wheat,Vegetative,HEALTHY
20260724_123113,G_22_23,jpr_20240528_AB01_MS_aligned_sun-all,22,23,1504,1237,4300325.225941934,621370.3849465369,0.55087894,0.10836584,3.0054676e-05,0.7744318181818182,78.52272727272728,44.912106,3.9647953e-06,4.164747e-06,1.3983392e-05,30.89,75.77,14.05,1.78,34.12,6.3,Wheat,Vegetative,HEALTHY
20260724_123113,G_22_24,jpr_20240528_AB01_MS_aligned_sun-all,22,24,1568,1237,4300325.225941934,621373.5849465177,0.54022247,0.12940072,2.8621902e-05,0.7559659090909091,76.96022727272728,45.977753,3.883087e-06,4.1426747e-06,1.3424068e-05,30.01,74.15,2.03,4.3,26.89,6.57,Wheat,Vegetative,HEALTHY
20260724_123113,G_22_25,jpr_20240528_AB01_MS_aligned_sun-all,22,25,1632,1237,4300325.225941934,621376.7849464986,0.53539526,0.12413218,2.682606e-05,0.8397727272727272,84.94318181818183,46.460472,3.7627885e-06,3.6480408e-06,1.27051135e-05,33.46,63.16,13.22,5.66,35.55,7.11,Wheat,Vegetative,HEALTHY
20260724_123113,G_22_26,jpr_20240528_AB01_MS_aligned_sun-all,22,26,1696,1237,4300325.225941934,621379.9849464794,0.5994179,0.13918714,3.54179e-05,0.8099431818181818,81.5340909090909,40.05821,3.8654216e-06,4.321703e-06,1.5671862e-05,29.79,65.48,3.33,1.62,30.77,6.58,Wheat,Vegetative,HEALTHY
20260724_123113,G_22_27,jpr_20240528_AB01_MS_aligned_sun-all,22,27,1760,1237,4300325.225941934,621383.1849464604,0.5782817,0.12566355,3.431664e-05,0.8664772727272727,87.75568181818181,42.17183,4.012723e-06,4.4705457e-06,1.5452066e-05,29.14,74.97,3.54,2.35,31.21,7.1,Wheat,Vegetative,HEALTHY
20260724_123113,G_22_28,jpr_20240528_AB01_MS_aligned_sun-all,22,28,1824,1237,4300325.225941934,621386.3849464413,0.5920615,0.1337345,3.6515285e-05,0.7801136363636364,78.80681818181819,40.793846,4.019102e-06,4.834836e-06,1.6191378e-05,29.32,73.12,2.63,1.76,34.55,6.68,Wheat,Vegetative,HEALTHY
20260724_123113,G_22_29,jpr_20240528_AB01_MS_aligned_sun-all,22,29,1888,1237,4300325.225941934,621389.5849464221,0.5263729,0.12713401,2.6455933e-05,0.7963068181818181,81.02272727272727,47.36271,3.7815719e-06,3.9589754e-06,1.260052e-05,29.89,69.6,14.3,4.38,34.59,6.39,Wheat,Vegetative,HEALTHY
20260724_123113,G_22_30,jpr_20240528_AB01_MS_aligned_sun-all,22,30,1952,1237,4300325.225941934,621392.784946403,0.48709634,0.10576948,2.5432675e-05,0.8948863636363636,89.82954545454545,51.290367,4.4835306e-06,4.230417e-06,1.2961386e-05,29.71,65.32,12.38,1.37,33.0,6.83,Wheat,Vegetative,HEALTHY
20260724_123113,G_22_31,jpr_20240528_AB01_MS_aligned_sun-all,22,31,2016,1237,4300325.225941934,621395.9849463839,0.4328478,0.07623376,2.4268058e-05,0.9948863636363636,99.6590909090909,56.71522,5.312758e-06,4.8029947e-06,1.3402414e-05,31.54,81.59,12.72,2.02,28.1,6.43,Wheat,Vegetative,HEALTHY
20260724_123113,G_22_32,jpr_20240528_AB01_MS_aligned_sun-all,22,32,2080,1237,4300325.225941934,621399.1849463647,0.40391457,0.059348684,2.4334122e-05,1.0,100.0,59.608543,5.9954377e-06,5.3633844e-06,1.4107138e-05,31.22,80.0,0.28,2.09,47.63,6.96,Wheat,Vegetative,HEALTHY
20260724_123113,G_22_33,jpr_20240528_AB01_MS_aligned_sun-all,22,33,2144,1237,4300325.225941934,621402.3849463456,0.42303172,0.06907535,2.5816084e-05,1.0,100.0,57.69683,5.8856035e-06,5.3776866e-06,1.4491316e-05,30.38,73.32,7.32,2.32,45.26,6.76,Wheat,Vegetative,HEALTHY
20260724_123113,G_22_34,jpr_20240528_AB01_MS_aligned_sun-all,22,34,2208,1237,4300325.225941934,621405.5849463266,0.48699823,0.09912341,2.8079348e-05,0.9761363636363637,98.0965909090909,51.30018,4.947422e-06,4.769883e-06,1.4307568e-05,32.74,71.97,6.2,2.36,26.62,6.52,Wheat,Vegetative,HEALTHY
20260724_123113,G_22_35,jpr_20240528_AB01_MS_aligned_sun-all,22,35,2272,1237,4300325.225941934,621408.7849463074,0.5719996,0.13470057,3.242842e-05,0.9758522727272727,98.35227272727273,42.800037,3.940576e-06,4.392713e-06,1.47504625e-05,32.48,66.57,11.06,3.64,31.23,6.3,Wheat,Vegetative,HEALTHY
20260724_123113,G_22_36,jpr_20240528_AB01_MS_aligned_sun-all,22,36,2336,1237,4300325.225941934,621411.9849462883,0.57096374,0.1237008,3.239789e-05,0.8196022727272727,83.4375,42.903625,3.911025e-06,4.3945124e-06,1.4710738e-05,27.68,71.21,5.68,1.5,31.11,7.02,Wheat,Vegetative,HEALTHY
20260724_123113,G_22_37,jpr_20240528_AB01_MS_aligned_sun-all,22,37,2400,1237,4300325.225941934,621415.1849462691,0.55841863,0.12903799,3.1333486e-05,0.7573863636363637,76.50568181818181,44.15814,4.0510995e-06,4.41118e-06,1.4495991e-05,32.27,72.34,8.4,1.15,23.84,6.22,Wheat,Vegetative,HEALTHY
20260724_123113,G_22_38,jpr_20240528_AB01_MS_aligned_sun-all,22,38,2464,1237,4300325.225941934,621418.38494625,0.5599533,0.12348063,3.2122723e-05,0.8019886363636364,80.68181818181817,44.004673,4.02996e-06,4.3676746e-06,1.4737954e-05,27.45,58.41,1.64,5.57,35.0,7.1,Wheat,Vegetative,HEALTHY
20260724_123113,G_22_39,jpr_20240528_AB01_MS_aligned_sun-all,22,39,2528,1237,4300325.225941934,621421.5849462309,0.5632878,0.13813525,3.0163716e-05,0.8116477272727273,82.24431818181817,43.67122,3.7756947e-06,4.102419e-06,1.3830632e-05,33.86,78.15,3.58,0.95,34.85,6.6,Wheat,Vegetative,HEALTHY
20260724_123113,G_22_40,jpr_20240528_AB01_MS_aligned_sun-all,22,40,2592,1237,4300325.225941934,621424.7849462117,0.53497005,0.11624341,2.9973886e-05,0.7940340909090909,80.3409090909091,46.502995,4.2485262e-06,4.364725e-06,1.4240199e-05,29.9,74.12,5.5,1.11,29.71,6.6,Wheat,Vegetative,HEALTHY
20260724_123113,G_22_41,jpr_20240528_AB01_MS_aligned_sun-all,22,41,2656,1237,4300325.225941934,621427.9849461927,0.5478314,0.123593494,2.997016e-05,0.7815340909090909,79.6590909090909,45.216858,4.0325126e-06,4.409041e-06,1.4022936e-05,28.25,72.37,5.4,3.99,25.98,6.95,Wheat,Vegetative,HEALTHY
20260724_123113,G_22_42,jpr_20240528_AB01_MS_aligned_sun-all,22,42,2720,1237,4300325.225941934,621431.1849461736,0.51657665,0.10994984,2.7658041e-05,0.7897727272727273,80.08522727272728,48.342335,4.1196704e-06,4.217637e-06,1.3339351e-05,32.18,67.99,2.33,2.81,41.32,7.05,Wheat,Vegetative,HEALTHY
20260724_123113,G_22_43,jpr_20240528_AB01_MS_aligned_sun-all,22,43,2784,1237,4300325.225941934,621434.3849461544,0.528486,0.12330405,2.776244e-05,0.80625,81.30681818181819,47.151398,3.9810866e-06,4.3214227e-06,1.3235562e-05,32.98,80.01,6.05,3.0,28.11,6.96,Wheat,Vegetative,HEALTHY
20260724_123113,G_22_44,jpr_20240528_AB01_MS_aligned_sun-all,22,44,2848,1237,4300325.225941934,621437.5849461353,0.5355351,0.12140812,2.9387615e-05,0.803125,80.9090909090909,46.44649,4.144153e-06,4.481523e-06,1.3940386e-05,29.29,72.1,1.46,4.37,42.39,7.04,Wheat,Vegetative,HEALTHY
20260724_123113,G_22_45,jpr_20240528_AB01_MS_aligned_sun-all,22,45,2912,1237,4300325.225941934,621440.7849461162,0.5290194,0.120065734,2.9501361e-05,0.8360795454545454,84.31818181818181,47.098057,4.3005675e-06,4.5693473e-06,1.41347255e-05,31.51,60.08,7.95,5.59,44.26,7.11,Wheat,Vegetative,HEALTHY
20260724_123113,G_22_46,jpr_20240528_AB01_MS_aligned_sun-all,22,46,2976,1237,4300325.225941934,621443.984946097,0.5465712,0.123452075,3.2278276e-05,0.7866477272727272,79.28977272727272,45.34288,4.2657316e-06,4.623967e-06,1.5025591e-05,28.87,76.82,7.46,4.06,31.11,6.58,Wheat,Vegetative,HEALTHY
20260724_123113,G_22_47,jpr_20240528_AB01_MS_aligned_sun-all,22,47,3040,1237,4300325.225941934,621447.184946078,0.547185,0.12498731,3.2883807e-05,0.8357954545454546,84.57386363636363,45.281498,4.359271e-06,4.7000326e-06,1.5320984e-05,33.07,66.6,0.4,4.27,38.06,6.2,Wheat,Vegetative,HEALTHY
20260724_123113,G_22_48,jpr_20240528_AB01_MS_aligned_sun-all,22,48,3104,1237,4300325.225941934,621450.3849460589,0.5218068,0.12644483,3.0089905e-05,0.7965909090909091,80.39772727272727,47.81932,4.419935e-06,4.3220193e-06,1.4450296e-05,28.4,74.94,1.15,5.08,29.06,6.72,Wheat,Vegetative,HEALTHY
20260724_123113,G_22_49,jpr_20240528_AB01_MS_aligned_sun-all,22,49,3168,1237,4300325.225941934,621453.5849460397,0.53259903,0.13182986,3.149954e-05,0.784375,79.23295454545455,46.740097,4.402107e-06,4.363513e-06,1.4902376e-05,31.73,59.15,8.99,3.57,39.44,6.89,Wheat,Vegetative,HEALTHY
20260724_123113,G_23_1,jpr_20240528_AB01_MS_aligned_sun-all,23,1,96,1292,4300322.476132964,621299.9849469576,0.55732256,0.14230713,3.317252e-05,0.9357954545454545,94.6590909090909,44.267742,4.2484285e-06,4.652151e-06,1.5306387e-05,29.7,63.17,0.43,0.56,35.96,7.15,Wheat,Vegetative,HEALTHY
20260724_123113,G_23_2,jpr_20240528_AB01_MS_aligned_sun-all,23,2,160,1292,4300322.476132964,621303.1849469384,0.50722265,0.11648691,2.8929926e-05,0.9275568181818182,93.63636363636364,49.277733,4.557871e-06,4.5868337e-06,1.4201555e-05,30.79,73.88,11.78,2.95,45.07,7.04,Wheat,Vegetative,HEALTHY
20260724_123113,G_23_3,jpr_20240528_AB01_MS_aligned_sun-all,23,3,224,1292,4300322.476132964,621306.3849469193,0.5029189,0.10961127,3.0053856e-05,0.8872159090909091,90.0284090909091,49.70811,4.732998e-06,4.868239e-06,1.4751357e-05,27.48,65.89,7.71,3.87,26.12,6.85,Wheat,Vegetative,HEALTHY
20260724_123113,G_23_4,jpr_20240528_AB01_MS_aligned_sun-all,23,4,288,1292,4300322.476132964,621309.5849469001,0.49446788,0.11138256,2.7601947e-05,0.7605113636363636,76.93181818181817,50.553215,4.607784e-06,4.562255e-06,1.3808782e-05,35.09,84.14,14.48,1.54,28.11,6.22,Wheat,Vegetative,HEALTHY
20260724_123113,G_23_5,jpr_20240528_AB01_MS_aligned_sun-all,23,5,352,1292,4300322.476132964,621312.784946881,0.5243048,0.114020996,2.9639219e-05,0.8107954545454545,82.04545454545455,47.56952,4.2196484e-06,4.3507084e-06,1.40997745e-05,34.72,72.61,6.02,3.65,38.25,6.87,Wheat,Vegetative,HEALTHY
20260724_123113,G_23_6,jpr_20240528_AB01_MS_aligned_sun-all,23,6,416,1292,4300322.476132964,621315.9849468619,0.5676737,0.12200517,3.3192515e-05,0.803409090909091,81.2784090909091,43.23263,3.9648667e-06,4.5578004e-06,1.5029483e-05,27.45,74.56,2.09,2.89,32.27,6.5,Wheat,Vegetative,HEALTHY
20260724_123113,G_23_7,jpr_20240528_AB01_MS_aligned_sun-all,23,7,480,1292,4300322.476132964,621319.1849468428,0.539519,0.109013684,3.127452e-05,0.7755681818181818,78.29545454545455,46.0481,4.220327e-06,4.658288e-06,1.4645579e-05,32.24,67.76,7.25,4.33,40.23,6.06,Wheat,Vegetative,HEALTHY
20260724_123113,G_23_8,jpr_20240528_AB01_MS_aligned_sun-all,23,8,544,1292,4300322.476132964,621322.3849468237,0.5324059,0.10191522,3.29405e-05,0.7886363636363637,79.48863636363637,46.759407,4.7117924e-06,5.515476e-06,1.5692425e-05,33.6,79.61,13.71,4.54,35.01,7.16,Wheat,Vegetative,HEALTHY
20260724_123113,G_23_9,jpr_20240528_AB01_MS_aligned_sun-all,23,9,608,1292,4300322.476132964,621325.5849468046,0.5336535,0.100910194,3.0120136e-05,0.8153409090909091,82.24431818181817,46.63465,4.337855e-06,4.6458945e-06,1.4378283e-05,31.37,70.27,9.7,5.35,37.1,6.98,Wheat,Vegetative,HEALTHY
20260724_123113,G_23_10,jpr_20240528_AB01_MS_aligned_sun-all,23,10,672,1292,4300322.476132964,621328.7849467854,0.52063435,0.09851731,3.2139804e-05,0.8204545454545454,82.69886363636364,47.936565,4.8759266e-06,5.298608e-06,1.5589645e-05,33.14,76.46,4.38,4.24,33.73,6.45,Wheat,Vegetative,HEALTHY
20260724_123113,G_23_11,jpr_20240528_AB01_MS_aligned_sun-all,23,11,736,1292,4300322.476132964,621331.9849467663,0.5150994,0.10837802,2.8938488e-05,0.8519886363636363,86.13636363636363,48.49006,4.4502663e-06,4.461467e-06,1.4096797e-05,34.96,72.44,10.85,2.59,24.79,6.86,Wheat,Vegetative,HEALTHY
20260724_123113,G_23_12,jpr_20240528_AB01_MS_aligned_sun-all,23,12,800,1292,4300322.476132964,621335.1849467471,0.5242426,0.11611753,2.9351802e-05,0.740625,75.17045454545455,47.57574,4.3202867e-06,4.3545615e-06,1.4104591e-05,32.37,67.18,0.91,2.85,32.85,6.6,Wheat,Vegetative,HEALTHY
20260724_123113,G_23_13,jpr_20240528_AB01_MS_aligned_sun-all,23,13,864,1292,4300322.476132964,621338.3849467281,0.5052228,0.10123406,2.7125106e-05,0.8806818181818182,89.51704545454545,49.477722,4.3667183e-06,4.1823596e-06,1.34087495e-05,31.04,76.29,9.68,0.84,29.09,6.53,Wheat,Vegetative,HEALTHY
20260724_123113,G_23_14,jpr_20240528_AB01_MS_aligned_sun-all,23,14,928,1292,4300322.476132964,621341.584946709,0.5333806,0.11164171,2.9778377e-05,0.8411931818181818,85.53977272727272,46.661938,4.2569472e-06,4.2578727e-06,1.4183448e-05,29.83,80.81,11.93,1.64,28.71,6.39,Wheat,Vegetative,HEALTHY
20260724_123113,G_23_15,jpr_20240528_AB01_MS_aligned_sun-all,23,15,992,1292,4300322.476132964,621344.7849466898,0.5180027,0.105263956,2.9261431e-05,0.8184659090909091,82.58522727272727,48.19973,4.4495537e-06,4.2918996e-06,1.4203736e-05,32.31,75.84,4.97,4.92,31.84,6.66,Wheat,Vegetative,HEALTHY
20260724_123113,G_23_16,jpr_20240528_AB01_MS_aligned_sun-all,23,16,1056,1292,4300322.476132964,621347.9849466707,0.5429155,0.11229552,3.1303956e-05,0.8053977272727273,81.19318181818181,45.708447,4.3020736e-06,4.5377524e-06,1.4737137e-05,30.39,76.9,5.38,1.85,40.39,6.75,Wheat,Vegetative,HEALTHY
20260724_123113,G_23_17,jpr_20240528_AB01_MS_aligned_sun-all,23,17,1120,1292,4300322.476132964,621351.1849466516,0.57192785,0.11868645,3.236774e-05,0.7741477272727273,78.52272727272728,42.807217,3.8465e-06,4.038664e-06,1.4636167e-05,30.01,68.38,0.98,6.0,45.12,7.03,Wheat,Vegetative,HEALTHY
20260724_123113,G_23_18,jpr_20240528_AB01_MS_aligned_sun-all,23,18,1184,1292,4300322.476132964,621354.3849466324,0.5087569,0.1064642,2.6577212e-05,0.8539772727272728,86.25,49.124313,4.150222e-06,4.077509e-06,1.3009609e-05,30.11,74.68,9.51,4.06,28.64,6.92,Wheat,Vegetative,HEALTHY
20260724_123113,G_23_19,jpr_20240528_AB01_MS_aligned_sun-all,23,19,1248,1292,4300322.476132964,621357.5849466133,0.49578163,0.096969225,2.594451e-05,0.9502840909090909,95.45454545454545,50.421833,4.380912e-06,4.258425e-06,1.3029389e-05,32.06,72.82,1.63,4.63,33.06,6.57,Wheat,Vegetative,HEALTHY
20260724_123113,G_23_20,jpr_20240528_AB01_MS_aligned_sun-all,23,20,1312,1292,4300322.476132964,621360.7849465943,0.5268919,0.10634358,3.000272e-05,0.8414772727272727,84.74431818181817,47.31081,4.4559106e-06,4.7216595e-06,1.4457203e-05,31.93,70.17,2.76,4.67,24.94,6.68,Wheat,Vegetative,HEALTHY
20260724_123113,G_23_21,jpr_20240528_AB01_MS_aligned_sun-all,23,21,1376,1292,4300322.476132964,621363.9849465751,0.5772055,0.12030841,3.466438e-05,0.7948863636363637,80.36931818181819,42.279453,4.003767e-06,4.5824113e-06,1.5559035e-05,28.61,71.76,8.73,1.53,27.84,6.7,Wheat,Vegetative,HEALTHY
20260724_123113,G_23_22,jpr_20240528_AB01_MS_aligned_sun-all,23,22,1440,1292,4300322.476132964,621367.184946556,0.56116045,0.11771472,3.1695494e-05,0.8585227272727273,87.01704545454545,43.883957,3.9109377e-06,4.2947813e-06,1.4476512e-05,30.45,66.55,9.45,4.75,25.41,6.65,Wheat,Vegetative,HEALTHY
20260724_123113,G_23_23,jpr_20240528_AB01_MS_aligned_sun-all,23,23,1504,1292,4300322.476132964,621370.3849465369,0.51794636,0.11345825,2.6620528e-05,0.9196022727272727,93.21022727272728,48.205364,4.0791015e-06,4.1066996e-06,1.295292e-05,30.46,76.16,6.2,2.21,30.97,6.76,Wheat,Vegetative,HEALTHY
20260724_123113,G_23_24,jpr_20240528_AB01_MS_aligned_sun-all,23,24,1568,1292,4300322.476132964,621373.5849465177,0.5096243,0.12013499,2.457485e-05,0.8122159090909091,81.81818181818183,49.03757,3.8541516e-06,3.831899e-06,1.2046038e-05,33.27,75.4,11.65,2.91,29.49,7.41,Wheat,Vegetative,HEALTHY
20260724_123113,G_23_25,jpr_20240528_AB01_MS_aligned_sun-all,23,25,1632,1292,4300322.476132964,621376.7849464986,0.52744305,0.12948065,2.5462226e-05,0.9207386363636364,92.8409090909091,47.255695,3.7559396e-06,3.726342e-06,1.2243625e-05,31.31,65.13,14.58,1.98,39.67,6.97,Wheat,Vegetative,HEALTHY
20260724_123113,G_23_26,jpr_20240528_AB01_MS_aligned_sun-all,23,26,1696,1292,4300322.476132964,621379.9849464794,0.5375486,0.12203811,2.8417231e-05,0.821875,82.7840909090909,46.24514,3.99856e-06,4.087551e-06,1.3471309e-05,31.07,77.75,1.36,3.17,39.98,6.72,Wheat,Vegetative,HEALTHY
20260724_123113,G_23_27,jpr_20240528_AB01_MS_aligned_sun-all,23,27,1760,1292,4300322.476132964,621383.1849464604,0.5754749,0.13453966,3.433364e-05,0.834375,84.0909090909091,42.452507,4.086316e-06,4.6716086e-06,1.5531326e-05,30.53,68.14,12.12,5.4,31.36,7.14,Wheat,Vegetative,HEALTHY
20260724_123113,G_23_28,jpr_20240528_AB01_MS_aligned_sun-all,23,28,1824,1292,4300322.476132964,621386.3849464413,0.5281275,0.13016647,2.6872876e-05,0.8485795454545455,86.2215909090909,47.187252,3.907959e-06,4.06155e-06,1.2865895e-05,32.25,73.1,4.92,1.19,33.71,6.93,Wheat,Vegetative,HEALTHY
20260724_123113,G_23_29,jpr_20240528_AB01_MS_aligned_sun-all,23,29,1888,1292,4300322.476132964,621389.5849464221,0.5619813,0.13918273,3.0025081e-05,0.7772727272727272,78.75,43.80187,3.762949e-06,4.1399117e-06,1.3771675e-05,32.67,80.75,4.19,3.27,40.12,6.68,Wheat,Vegetative,HEALTHY
20260724_123113,G_23_30,jpr_20240528_AB01_MS_aligned_sun-all,23,30,1952,1292,4300322.476132964,621392.784946403,0.5508987,0.1207608,3.0828578e-05,0.759375,77.24431818181819,44.910133,3.9692295e-06,4.337886e-06,1.4245816e-05,30.08,68.89,3.04,4.72,33.64,6.72,Wheat,Vegetative,HEALTHY
20260724_123113,G_23_31,jpr_20240528_AB01_MS_aligned_sun-all,23,31,2016,1292,4300322.476132964,621395.9849463839,0.51512337,0.11441573,2.7660704e-05,0.9340909090909091,94.23295454545455,48.487663,4.3457676e-06,4.50229e-06,1.3566335e-05,36.74,72.69,10.42,0.92,32.28,6.68,Wheat,Vegetative,HEALTHY
20260724_123113,G_23_32,jpr_20240528_AB01_MS_aligned_sun-all,23,32,2080,1292,4300322.476132964,621399.1849463647,0.49297205,0.1008241,2.8333634e-05,0.9130681818181818,91.64772727272728,50.702797,4.8386205e-06,4.840465e-06,1.428353e-05,32.58,73.3,8.19,4.63,32.59,7.02,Wheat,Vegetative,HEALTHY
20260724_123113,G_23_33,jpr_20240528_AB01_MS_aligned_sun-all,23,33,2144,1292,4300322.476132964,621402.3849463456,0.44538727,0.08035267,2.598924e-05,1.0,100.0,55.461277,5.4009e-06,4.9783075e-06,1.4064317e-05,36.55,71.73,9.75,1.08,41.27,6.78,Wheat,Vegetative,HEALTHY
20260724_123113,G_23_34,jpr_20240528_AB01_MS_aligned_sun-all,23,34,2208,1292,4300322.476132964,621405.5849463266,0.39988765,0.05812822,2.4074201e-05,1.0,100.0,60.01123,6.031914e-06,5.19632e-06,1.405697e-05,29.85,74.48,3.45,2.5,31.01,7.24,Wheat,Vegetative,HEALTHY
20260724_123113,G_23_35,jpr_20240528_AB01_MS_aligned_sun-all,23,35,2272,1292,4300322.476132964,621408.7849463074,0.42456096,0.069512986,2.5589254e-05,1.0,100.0,57.543903,5.7925968e-06,5.1708216e-06,1.4322693e-05,34.18,78.19,12.89,3.88,33.56,6.74,Wheat,Vegetative,HEALTHY
20260724_123113,G_23_36,jpr_20240528_AB01_MS_aligned_sun-all,23,36,2336,1292,4300322.476132964,621411.9849462883,0.50539756,0.10065135,2.8677243e-05,0.9914772727272727,99.31818181818181,49.460243,4.6477076e-06,4.550881e-06,1.4207154e-05,32.87,73.83,4.13,1.74,36.97,6.29,Wheat,Vegetative,HEALTHY
20260724_123113,G_23_37,jpr_20240528_AB01_MS_aligned_sun-all,23,37,2400,1292,4300322.476132964,621415.1849462691,0.54900557,0.11537641,3.0694166e-05,0.9053977272727273,91.16477272727272,45.09944,4.158583e-06,4.454118e-06,1.4390358e-05,30.11,82.11,5.08,3.75,32.98,6.62,Wheat,Vegetative,HEALTHY
20260724_123113,G_23_38,jpr_20240528_AB01_MS_aligned_sun-all,23,38,2464,1292,4300322.476132964,621418.38494625,0.5701567,0.1279445,3.1844575e-05,0.834375,84.14772727272727,42.98433,3.8731573e-06,4.3691844e-06,1.4488419e-05,31.84,77.26,9.75,1.98,31.03,6.58,Wheat,Vegetative,HEALTHY
20260724_123113,G_23_39,jpr_20240528_AB01_MS_aligned_sun-all,23,39,2528,1292,4300322.476132964,621421.5849462309,0.545263,0.124856174,2.9256951e-05,0.803125,81.44886363636363,45.4737,3.942511e-06,4.202506e-06,1.3695183e-05,31.95,65.69,5.48,1.2,20.59,6.85,Wheat,Vegetative,HEALTHY
20260724_123113,G_23_40,jpr_20240528_AB01_MS_aligned_sun-all,23,40,2592,1292,4300322.476132964,621424.7849462117,0.5309248,0.11353685,2.9157436e-05,0.7767045454545455,78.38068181818181,46.90752,4.2089005e-06,4.273619e-06,1.3928406e-05,29.57,66.79,9.87,0.64,34.3,6.51,Wheat,Vegetative,HEALTHY
20260724_123113,G_23_41,jpr_20240528_AB01_MS_aligned_sun-all,23,41,2656,1292,4300322.476132964,621427.9849461927,0.50755656,0.11000633,2.6965898e-05,0.7738636363636363,78.21022727272727,49.244343,4.245132e-06,4.1867465e-06,1.3234087e-05,34.25,70.88,13.57,0.71,35.74,6.63,Wheat,Vegetative,HEALTHY
20260724_123113,G_23_42,jpr_20240528_AB01_MS_aligned_sun-all,23,42,2720,1292,4300322.476132964,621431.1849461736,0.525119,0.12612627,2.6967504e-05,0.8122159090909091,81.93181818181819,47.4881,3.958449e-06,4.072365e-06,1.2947929e-05,30.38,72.11,1.6,5.51,34.07,6.9,Wheat,Vegetative,HEALTHY
20260724_123113,G_23_43,jpr_20240528_AB01_MS_aligned_sun-all,23,43,2784,1292,4300322.476132964,621434.3849461544,0.52434546,0.115828715,2.8515862e-05,0.7894886363636363,79.54545454545455,47.565453,4.187058e-06,4.413065e-06,1.3692697e-05,28.67,72.6,9.54,4.64,36.91,6.44,Wheat,Vegetative,HEALTHY
20260724_123113,G_23_44,jpr_20240528_AB01_MS_aligned_sun-all,23,44,2848,1292,4300322.476132964,621437.5849461353,0.5934028,0.13555473,3.4205572e-05,0.8,80.9375,40.65972,3.833248e-06,4.5067213e-06,1.523555e-05,28.74,75.96,6.17,1.51,38.8,6.89,Wheat,Vegetative,HEALTHY
20260724_123113,G_23_45,jpr_20240528_AB01_MS_aligned_sun-all,23,45,2912,1292,4300322.476132964,621440.7849461162,0.55514634,0.11937369,3.0110872e-05,0.7894886363636363,79.82954545454545,44.485367,3.907313e-06,4.268026e-06,1.3944638e-05,29.8,70.39,1.02,4.28,36.22,6.54,Wheat,Vegetative,HEALTHY
20260724_123113,G_23_46,jpr_20240528_AB01_MS_aligned_sun-all,23,46,2976,1292,4300322.476132964,621443.984946097,0.5739823,0.13219732,3.3318905e-05,0.8056818181818182,81.8465909090909,42.60177,4.003178e-06,4.612258e-06,1.51099175e-05,31.64,80.49,5.9,4.5,28.03,6.47,Wheat,Vegetative,HEALTHY
20260724_123113,G_23_47,jpr_20240528_AB01_MS_aligned_sun-all,23,47,3040,1292,4300322.476132964,621447.184946078,0.52260077,0.10878493,2.9244877e-05,0.7275568181818182,73.52272727272727,47.73992,4.2802335e-06,4.138246e-06,1.4028893e-05,27.72,68.23,11.57,4.91,34.57,7.23,Wheat,Vegetative,HEALTHY
20260724_123113,G_23_48,jpr_20240528_AB01_MS_aligned_sun-all,23,48,3104,1292,4300322.476132964,621450.3849460589,0.5243755,0.12948437,2.9052586e-05,0.7829545454545455,79.0909090909091,47.56245,4.211838e-06,4.34154e-06,1.3896398e-05,32.5,65.51,11.56,2.23,33.48,6.5,Wheat,Vegetative,HEALTHY
20260724_123113,G_23_49,jpr_20240528_AB01_MS_aligned_sun-all,23,49,3168,1292,4300322.476132964,621453.5849460397,0.557326,0.12716524,3.4138353e-05,0.771875,78.125,44.2674,4.256287e-06,4.4006983e-06,1.5636213e-05,35.0,75.41,11.58,3.3,42.91,6.42,Wheat,Vegetative,HEALTHY
20260724_123113,G_24_0,jpr_20240528_AB01_MS_aligned_sun-all,24,0,32,1347,4300319.726323993,621296.7849469767,0.58601505,0.13784628,3.620368e-05,0.5394886363636363,54.460227272727266,41.398495,4.074249e-06,4.8223487e-06,1.6142658e-05,27.7,76.28,10.03,2.92,41.87,6.95,Wheat,Vegetative,HEALTHY
20260724_123113,G_24_1,jpr_20240528_AB01_MS_aligned_sun-all,24,1,96,1347,4300319.726323993,621299.9849469576,0.54614794,0.1187932,3.2694436e-05,0.8576704545454545,86.875,45.385204,4.3787713e-06,4.564203e-06,1.527736e-05,32.95,71.02,3.08,3.36,33.9,6.93,Wheat,Vegetative,HEALTHY
20260724_123113,G_24_2,jpr_20240528_AB01_MS_aligned_sun-all,24,2,160,1347,4300319.726323993,621303.1849469384,0.5220433,0.11096806,3.126917e-05,0.8514204545454546,87.01704545454545,47.79567,4.6143955e-06,4.9287532e-06,1.5037876e-05,25.73,71.15,0.95,1.05,36.83,7.27,Wheat,Vegetative,HEALTHY
20260724_123113,G_24_3,jpr_20240528_AB01_MS_aligned_sun-all,24,3,224,1347,4300319.726323993,621306.3849469193,0.45512542,0.09474295,2.3754485e-05,0.7764204545454545,78.7784090909091,54.487453,4.65272e-06,4.4335516e-06,1.257116e-05,32.82,77.16,9.91,1.49,31.28,6.58,Wheat,Vegetative,HEALTHY
20260724_123113,G_24_4,jpr_20240528_AB01_MS_aligned_sun-all,24,4,288,1347,4300319.726323993,621309.5849469001,0.55767155,0.12139217,3.2647236e-05,0.7556818181818182,76.5625,44.232845,3.963378e-06,4.5470874e-06,1.484623e-05,28.7,71.17,10.79,3.23,41.32,7.04,Wheat,Vegetative,HEALTHY
20260724_123113,G_24_5,jpr_20240528_AB01_MS_aligned_sun-all,24,5,352,1347,4300319.726323993,621312.784946881,0.5486921,0.111509934,3.055215e-05,0.7184659090909091,72.98295454545455,45.13079,3.87241e-06,4.183568e-06,1.405685e-05,31.44,72.02,4.93,4.05,42.18,6.46,Wheat,Vegetative,HEALTHY
20260724_123113,G_24_6,jpr_20240528_AB01_MS_aligned_sun-all,24,6,416,1347,4300319.726323993,621315.9849468619,0.55686384,0.11574391,3.1102976e-05,0.7619318181818182,76.96022727272728,44.313614,3.895325e-06,4.436134e-06,1.4263382e-05,27.41,66.09,6.87,1.49,30.87,6.57,Wheat,Vegetative,HEALTHY
20260724_123113,G_24_7,jpr_20240528_AB01_MS_aligned_sun-all,24,7,480,1347,4300319.726323993,621319.1849468428,0.47646648,0.08951776,2.563779e-05,0.8724431818181818,88.32386363636363,52.35335,4.5799507e-06,4.6621303e-06,1.3126194e-05,33.25,71.17,6.94,0.64,27.21,6.22,Wheat,Vegetative,HEALTHY
20260724_123113,G_24_8,jpr_20240528_AB01_MS_aligned_sun-all,24,8,544,1347,4300319.726323993,621322.3849468237,0.48432276,0.09417001,2.6566739e-05,0.8960227272727272,90.39772727272727,51.567722,4.592229e-06,4.852611e-06,1.344814e-05,28.66,69.13,2.48,4.82,40.93,6.57,Wheat,Vegetative,HEALTHY
20260724_123113,G_24_9,jpr_20240528_AB01_MS_aligned_sun-all,24,9,608,1347,4300319.726323993,621325.5849468046,0.52632743,0.10098113,3.0613828e-05,0.8321022727272728,84.17613636363637,47.367256,4.522453e-06,4.854897e-06,1.4727467e-05,29.47,67.28,8.23,2.88,36.88,7.19,Wheat,Vegetative,HEALTHY
20260724_123113,G_24_10,jpr_20240528_AB01_MS_aligned_sun-all,24,10,672,1347,4300319.726323993,621328.7849467854,0.51704234,0.10662391,2.8940458e-05,0.8792613636363636,88.80681818181819,48.295765,4.4401163e-06,4.6633254e-06,1.4087305e-05,34.33,60.06,4.2,2.48,27.09,7.1,Wheat,Vegetative,HEALTHY
20260724_123113,G_24_11,jpr_20240528_AB01_MS_aligned_sun-all,24,11,736,1347,4300319.726323993,621331.9849467663,0.561536,0.11912628,3.3074026e-05,0.8184659090909091,82.61363636363637,43.846397,4.1289704e-06,4.496754e-06,1.5154089e-05,30.06,79.06,12.15,4.52,27.15,6.94,Wheat,Vegetative,HEALTHY
20260724_123113,G_24_12,jpr_20240528_AB01_MS_aligned_sun-all,24,12,800,1347,4300319.726323993,621335.1849467471,0.55883676,0.10961749,3.1408348e-05,0.7900568181818182,80.0284090909091,44.116325,4.012395e-06,4.2637234e-06,1.44822425e-05,33.02,71.48,0.84,5.45,43.36,6.91,Wheat,Vegetative,HEALTHY
20260724_123113,G_24_13,jpr_20240528_AB01_MS_aligned_sun-all,24,13,864,1347,4300319.726323993,621338.3849467281,0.5561027,0.11058196,3.1800104e-05,0.7931818181818182,79.91477272727273,44.389732,4.102224e-06,4.255933e-06,1.470267e-05,33.66,63.22,7.36,5.52,31.66,6.75,Wheat,Vegetative,HEALTHY
20260724_123113,G_24_14,jpr_20240528_AB01_MS_aligned_sun-all,24,14,928,1347,4300319.726323993,621341.584946709,0.5298818,0.10371581,2.9587038e-05,0.8207386363636363,82.75568181818181,47.01182,4.2795027e-06,4.1014678e-06,1.4142222e-05,33.74,72.16,11.45,4.93,36.62,6.23,Wheat,Vegetative,HEALTHY
20260724_123113,G_24_15,jpr_20240528_AB01_MS_aligned_sun-all,24,15,992,1347,4300319.726323993,621344.7849466898,0.49621862,0.09943809,2.7792072e-05,0.7553977272727272,76.2784090909091,50.37814,4.672565e-06,4.548478e-06,1.39369395e-05,30.49,71.05,3.56,4.46,22.93,6.57,Wheat,Vegetative,HEALTHY
20260724_123113,G_24_16,jpr_20240528_AB01_MS_aligned_sun-all,24,16,1056,1347,4300319.726323993,621347.9849466707,0.5385249,0.104729004,2.984125e-05,0.772159090909091,78.80681818181819,46.147507,4.1081494e-06,4.182432e-06,1.4055611e-05,29.79,84.01,9.68,1.24,26.43,6.96,Wheat,Vegetative,HEALTHY
20260724_123113,G_24_17,jpr_20240528_AB01_MS_aligned_sun-all,24,17,1120,1347,4300319.726323993,621351.1849466516,0.5151277,0.10692869,3.0030335e-05,0.8073863636363636,81.70454545454545,48.48723,4.5893526e-06,4.564388e-06,1.4599868e-05,31.06,77.02,8.98,4.48,40.82,6.87,Wheat,Vegetative,HEALTHY
20260724_123113,G_24_18,jpr_20240528_AB01_MS_aligned_sun-all,24,18,1184,1347,4300319.726323993,621354.3849466324,0.5594221,0.11529901,3.1148895e-05,0.7920454545454545,80.0284090909091,44.057793,3.9631054e-06,4.169593e-06,1.4346465e-05,28.55,68.72,6.74,5.28,40.35,6.57,Wheat,Vegetative,HEALTHY
20260724_123113,G_24_19,jpr_20240528_AB01_MS_aligned_sun-all,24,19,1248,1347,4300319.726323993,621357.5849466133,0.54368156,0.11547569,3.0944226e-05,0.8448863636363636,85.36931818181817,45.631844,4.1901117e-06,4.5075517e-06,1.4505255e-05,32.97,79.81,11.59,4.89,38.23,7.29,Wheat,Vegetative,HEALTHY
20260724_123113,G_24_20,jpr_20240528_AB01_MS_aligned_sun-all,24,20,1312,1347,4300319.726323993,621360.7849465943,0.58138806,0.11836411,3.4917135e-05,0.7849431818181818,79.91477272727273,41.861195,3.915535e-06,4.43884e-06,1.5555062e-05,29.95,78.69,14.55,0.79,36.29,6.84,Wheat,Vegetative,HEALTHY
20260724_123113,G_24_21,jpr_20240528_AB01_MS_aligned_sun-all,24,21,1376,1347,4300319.726323993,621363.9849465751,0.5505241,0.11645843,3.2453067e-05,0.8255681818181818,83.18181818181817,44.94759,4.3939576e-06,4.8172974e-06,1.5212082e-05,31.86,72.06,11.37,1.71,31.09,7.22,Wheat,Vegetative,HEALTHY
20260724_123113,G_24_22,jpr_20240528_AB01_MS_aligned_sun-all,24,22,1440,1347,4300319.726323993,621367.184946556,0.5175748,0.118999004,2.5870793e-05,0.7289772727272728,73.97727272727272,48.242523,3.880022e-06,3.9331053e-06,1.2503914e-05,31.6,67.96,2.18,3.27,40.82,7.02,Wheat,Vegetative,HEALTHY
20260724_123113,G_24_23,jpr_20240528_AB01_MS_aligned_sun-all,24,23,1504,1347,4300319.726323993,621370.3849465369,0.5210838,0.12085975,2.7774651e-05,0.8338068181818182,83.86363636363636,47.891624,4.138628e-06,4.353203e-06,1.3397179e-05,31.12,67.13,6.9,5.54,33.48,6.82,Wheat,Vegetative,HEALTHY
20260724_123113,G_24_24,jpr_20240528_AB01_MS_aligned_sun-all,24,24,1568,1347,4300319.726323993,621373.5849465177,0.5537818,0.1289357,2.9125973e-05,0.8056818181818182,81.50568181818181,44.62182,3.67668e-06,3.9950037e-06,1.3385693e-05,32.23,76.56,13.33,2.73,24.47,6.24,Wheat,Vegetative,HEALTHY
20260724_123113,G_24_25,jpr_20240528_AB01_MS_aligned_sun-all,24,25,1632,1347,4300319.726323993,621376.7849464986,0.5610331,0.12329032,3.0868265e-05,0.8428977272727273,85.45454545454545,43.896687,3.903849e-06,4.281436e-06,1.4193658e-05,31.53,68.04,12.63,3.88,32.31,6.05,Wheat,Vegetative,HEALTHY
20260724_123113,G_24_26,jpr_20240528_AB01_MS_aligned_sun-all,24,26,1696,1347,4300319.726323993,621379.9849464794,0.5767813,0.12844606,3.2429663e-05,0.7994318181818182,81.8465909090909,42.321873,3.729057e-06,4.1292633e-06,1.4539363e-05,29.42,81.73,8.76,5.13,24.49,6.54,Wheat,Vegetative,HEALTHY
20260724_123113,G_24_27,jpr_20240528_AB01_MS_aligned_sun-all,24,27,1760,1347,4300319.726323993,621383.1849464604,0.5646558,0.12766208,3.143101e-05,0.7772727272727272,78.52272727272728,43.534424,3.8333724e-06,4.2082524e-06,1.4310775e-05,31.12,73.03,9.92,2.04,34.81,6.82,Wheat,Vegetative,HEALTHY
20260724_123113,G_24_28,jpr_20240528_AB01_MS_aligned_sun-all,24,28,1824,1347,4300319.726323993,621386.3849464413,0.52220064,0.119520076,2.7800575e-05,0.7909090909090909,80.53977272727273,47.779934,4.099367e-06,4.2927595e-06,1.3366563e-05,30.88,81.97,9.46,2.76,32.6,6.75,Wheat,Vegetative,HEALTHY
20260724_123113,G_24_29,jpr_20240528_AB01_MS_aligned_sun-all,24,29,1888,1347,4300319.726323993,621389.5849464221,0.5587276,0.12934397,3.1117306e-05,0.8068181818181818,81.5909090909091,44.12724,3.920885e-06,4.299737e-06,1.4293713e-05,33.59,72.13,0.75,2.45,31.43,6.87,Wheat,Vegetative,HEALTHY
20260724_123113,G_24_30,jpr_20240528_AB01_MS_aligned_sun-all,24,30,1952,1347,4300319.726323993,621392.784946403,0.5316951,0.118870035,3.0028943e-05,0.7789772727272727,78.66477272727272,46.830486,4.2977067e-06,4.6281584e-06,1.4307739e-05,29.53,70.1,9.22,3.45,18.05,6.18,Wheat,Vegetative,HEALTHY
20260724_123113,G_24_31,jpr_20240528_AB01_MS_aligned_sun-all,24,31,2016,1347,4300319.726323993,621395.9849463839,0.5307425,0.11180362,2.8327531e-05,0.8306818181818182,83.75,46.925747,4.0922555e-06,4.2539136e-06,1.3535109e-05,29.45,75.41,1.87,4.46,40.14,6.54,Wheat,Vegetative,HEALTHY
20260724_123113,G_24_32,jpr_20240528_AB01_MS_aligned_sun-all,24,32,2080,1347,4300319.726323993,621399.1849463647,0.55474216,0.12898248,3.1871168e-05,0.8119318181818181,82.38636363636364,44.525784,4.0684195e-06,4.5521897e-06,1.46925595e-05,27.84,74.7,9.17,5.2,33.44,6.85,Wheat,Vegetative,HEALTHY
20260724_123113,G_24_33,jpr_20240528_AB01_MS_aligned_sun-all,24,33,2144,1347,4300319.726323993,621402.3849463456,0.51787996,0.111662745,2.777665e-05,0.8676136363636363,87.4715909090909,48.212006,4.1794297e-06,4.2559213e-06,1.3438652e-05,30.1,74.0,6.7,4.72,29.74,6.61,Wheat,Vegetative,HEALTHY
20260724_123113,G_24_34,jpr_20240528_AB01_MS_aligned_sun-all,24,34,2208,1347,4300319.726323993,621405.5849463266,0.467898,0.09352572,2.5146323e-05,0.9380681818181819,94.17613636363636,53.210197,4.7693134e-06,4.306769e-06,1.3151724e-05,33.73,78.77,10.93,4.68,29.03,7.4,Wheat,Vegetative,HEALTHY
20260724_123113,G_24_35,jpr_20240528_AB01_MS_aligned_sun-all,24,35,2272,1347,4300319.726323993,621408.7849463074,0.4251469,0.065768145,2.3957558e-05,1.0,100.0,57.485306,5.4243383e-06,4.706607e-06,1.3410491e-05,34.88,78.71,7.77,1.96,30.65,6.83,Wheat,Vegetative,HEALTHY
20260724_123113,G_24_36,jpr_20240528_AB01_MS_aligned_sun-all,24,36,2336,1347,4300319.726323993,621411.9849462883,0.4066429,0.051396325,2.4129571e-05,1.0,100.0,59.33571,5.8792693e-06,5.149237e-06,1.39227795e-05,32.57,68.5,9.08,5.4,38.98,6.88,Wheat,Vegetative,HEALTHY
20260724_123113,G_24_37,jpr_20240528_AB01_MS_aligned_sun-all,24,37,2400,1347,4300319.726323993,621415.1849462691,0.43158334,0.05942393,2.4808829e-05,1.0,100.0,56.841667,5.4481725e-06,4.8596444e-06,1.37181e-05,30.09,68.44,12.06,2.33,40.35,6.83,Wheat,Vegetative,HEALTHY
20260724_123113,G_24_38,jpr_20240528_AB01_MS_aligned_sun-all,24,38,2464,1347,4300319.726323993,621418.38494625,0.5073628,0.10121817,2.8513365e-05,0.9911931818181818,99.20454545454545,49.26372,4.622521e-06,4.552354e-06,1.4127336e-05,32.56,68.78,2.82,5.55,24.27,6.43,Wheat,Vegetative,HEALTHY
20260724_123113,G_24_39,jpr_20240528_AB01_MS_aligned_sun-all,24,39,2528,1347,4300319.726323993,621421.5849462309,0.5201906,0.10115129,2.7975464e-05,0.8096590909090909,81.98863636363637,47.98094,4.196264e-06,4.3326672e-06,1.3521758e-05,32.09,73.18,6.37,4.84,37.02,6.74,Wheat,Vegetative,HEALTHY
20260724_123113,G_24_40,jpr_20240528_AB01_MS_aligned_sun-all,24,40,2592,1347,4300319.726323993,621424.7849462117,0.57669055,0.11716976,3.373867e-05,0.8068181818181818,81.36363636363636,42.330944,4.023377e-06,4.6011023e-06,1.5270049e-05,31.38,74.86,8.79,4.57,38.1,6.72,Wheat,Vegetative,HEALTHY
20260724_123113,G_24_41,jpr_20240528_AB01_MS_aligned_sun-all,24,41,2656,1347,4300319.726323993,621427.9849461927,0.5146408,0.11029497,2.8055723e-05,0.8073863636363636,81.42045454545455,48.53592,4.2635825e-06,4.3485175e-06,1.3615835e-05,31.79,66.77,1.96,5.88,40.76,6.45,Wheat,Vegetative,HEALTHY
20260724_123113,G_24_42,jpr_20240528_AB01_MS_aligned_sun-all,24,42,2720,1347,4300319.726323993,621431.1849461736,0.51325554,0.11892234,2.712937e-05,0.790340909090909,79.60227272727273,48.674446,4.208846e-06,4.1948165e-06,1.3252292e-05,29.17,64.68,14.78,3.21,32.06,7.05,Wheat,Vegetative,HEALTHY
20260724_123113,G_24_43,jpr_20240528_AB01_MS_aligned_sun-all,24,43,2784,1347,4300319.726323993,621434.3849461544,0.5547715,0.11697703,3.2583655e-05,0.7931818181818182,79.80113636363636,44.52285,4.260121e-06,4.685958e-06,1.5121772e-05,32.96,61.96,11.9,1.05,31.34,6.76,Wheat,Vegetative,HEALTHY
20260724_123113,G_24_44,jpr_20240528_AB01_MS_aligned_sun-all,24,44,2848,1347,4300319.726323993,621437.5849461353,0.5829085,0.122449644,3.3871518e-05,0.8559659090909091,86.30681818181817,41.70915,4.0052573e-06,4.6665514e-06,1.5296204e-05,34.26,70.37,1.27,3.99,31.08,6.84,Wheat,Vegetative,HEALTHY
20260724_123113,G_24_45,jpr_20240528_AB01_MS_aligned_sun-all,24,45,2912,1347,4300319.726323993,621440.7849461162,0.54433525,0.11725085,3.0560655e-05,0.7960227272727273,80.76704545454545,45.566475,4.172736e-06,4.4748263e-06,1.436001e-05,28.43,65.34,12.26,5.07,27.87,6.58,Wheat,Vegetative,HEALTHY
20260724_123113,G_24_46,jpr_20240528_AB01_MS_aligned_sun-all,24,46,2976,1347,4300319.726323993,621443.984946097,0.5221237,0.1162156,2.9276142e-05,0.7607954545454545,76.96022727272728,47.787632,4.361735e-06,4.278591e-06,1.4120817e-05,27.09,75.39,7.74,1.94,39.72,6.74,Wheat,Vegetative,HEALTHY
20260724_123113,G_24_47,jpr_20240528_AB01_MS_aligned_sun-all,24,47,3040,1347,4300319.726323993,621447.184946078,0.55470836,0.12821275,3.0243216e-05,0.7838068181818182,79.23295454545455,44.529163,3.910666e-06,4.131959e-06,1.399211e-05,28.8,73.51,12.03,4.22,27.4,6.63,Wheat,Vegetative,HEALTHY
20260724_123113,G_24_48,jpr_20240528_AB01_MS_aligned_sun-all,24,48,3104,1347,4300319.726323993,621450.3849460589,0.51563615,0.11516464,2.7990052e-05,0.7829545454545455,78.97727272727273,48.436386,4.1998887e-06,4.0947602e-06,1.3530252e-05,33.56,74.66,12.97,0.78,32.1,6.71,Wheat,Vegetative,HEALTHY
20260724_123113,G_24_49,jpr_20240528_AB01_MS_aligned_sun-all,24,49,3168,1347,4300319.726323993,621453.5849460397,0.53670007,0.13093334,3.179576e-05,0.7835227272727273,79.00568181818181,46.329994,4.449446e-06,4.560987e-06,1.5048457e-05,34.07,65.99,6.38,1.01,24.32,6.46,Wheat,Vegetative,HEALTHY
20260724_123113,G_25_0,jpr_20240528_AB01_MS_aligned_sun-all,25,0,32,1402,4300316.976515023,621296.7849469767,0.5588113,0.12273583,3.3712746e-05,0.5428977272727272,55.08522727272728,44.11887,4.1641506e-06,4.403604e-06,1.5402202e-05,29.31,67.34,5.1,0.79,32.7,6.86,Wheat,Vegetative,HEALTHY
20260724_123113,G_25_1,jpr_20240528_AB01_MS_aligned_sun-all,25,1,96,1402,4300316.976515023,621299.9849469576,0.5141641,0.105003916,3.0154592e-05,0.9454545454545454,95.9090909090909,48.58359,4.6646614e-06,4.807272e-06,1.471659e-05,28.07,73.35,5.87,2.79,32.73,6.56,Wheat,Vegetative,HEALTHY
20260724_123113,G_25_2,jpr_20240528_AB01_MS_aligned_sun-all,25,2,160,1402,4300316.976515023,621303.1849469384,0.49914092,0.09291133,2.8161936e-05,0.8923295454545455,90.08522727272728,50.085907,4.630642e-06,4.584481e-06,1.4018313e-05,29.75,70.46,9.77,4.67,24.08,6.78,Wheat,Vegetative,HEALTHY
20260724_123113,G_25_3,jpr_20240528_AB01_MS_aligned_sun-all,25,3,224,1402,4300316.976515023,621306.3849469193,0.5189432,0.095563404,2.9854149e-05,0.7982954545454546,80.9375,48.105682,4.3730165e-06,4.6902223e-06,1.432479e-05,29.14,75.0,12.53,5.14,34.08,6.59,Wheat,Vegetative,HEALTHY
20260724_123113,G_25_4,jpr_20240528_AB01_MS_aligned_sun-all,25,4,288,1402,4300316.976515023,621309.5849469001,0.5351111,0.107788615,2.9322406e-05,0.7795454545454545,78.83522727272727,46.488888,4.031162e-06,4.264127e-06,1.3805666e-05,32.22,67.56,10.64,4.14,25.72,7.16,Wheat,Vegetative,HEALTHY
20260724_123113,G_25_5,jpr_20240528_AB01_MS_aligned_sun-all,25,5,352,1402,4300316.976515023,621312.784946881,0.5611037,0.10772963,3.2430773e-05,0.8238636363636364,83.49431818181819,43.88963,4.1098383e-06,4.6548967e-06,1.4920522e-05,30.83,65.48,7.74,0.59,31.39,7.15,Wheat,Vegetative,HEALTHY
20260724_123113,G_25_6,jpr_20240528_AB01_MS_aligned_sun-all,25,6,416,1402,4300316.976515023,621315.9849468619,0.5286638,0.09840052,2.9348907e-05,0.8198863636363637,83.06818181818181,47.133617,4.006596e-06,4.2684464e-06,1.37899415e-05,28.55,74.17,0.22,1.48,41.23,6.74,Wheat,Vegetative,HEALTHY
20260724_123113,G_25_7,jpr_20240528_AB01_MS_aligned_sun-all,25,7,480,1402,4300316.976515023,621319.1849468428,0.46369743,0.0900894,2.4697523e-05,0.8065340909090909,81.5909090909091,53.630257,4.7474514e-06,4.83874e-06,1.29802565e-05,29.09,67.98,9.59,2.3,29.4,6.35,Wheat,Vegetative,HEALTHY
20260724_123113,G_25_8,jpr_20240528_AB01_MS_aligned_sun-all,25,8,544,1402,4300316.976515023,621322.3849468237,0.46572545,0.09259258,2.2515065e-05,0.7789772727272727,78.94886363636363,53.42746,4.1335234e-06,3.85911e-06,1.1638794e-05,27.95,59.5,3.49,4.01,34.41,6.71,Wheat,Vegetative,HEALTHY
20260724_123113,G_25_9,jpr_20240528_AB01_MS_aligned_sun-all,25,9,608,1402,4300316.976515023,621325.5849468046,0.5489757,0.106120996,3.183214e-05,0.8306818181818182,84.0625,45.10243,4.236048e-06,4.732112e-06,1.4847182e-05,32.42,74.62,3.31,3.77,23.42,6.94,Wheat,Vegetative,HEALTHY
20260724_123113,G_25_10,jpr_20240528_AB01_MS_aligned_sun-all,25,10,672,1402,4300316.976515023,621328.7849467854,0.5347266,0.10893083,2.8134424e-05,0.7991477272727273,80.85227272727272,46.527336,3.872068e-06,4.1057037e-06,1.3250548e-05,35.51,74.17,7.46,5.22,42.21,6.82,Wheat,Vegetative,HEALTHY
20260724_123113,G_25_11,jpr_20240528_AB01_MS_aligned_sun-all,25,11,736,1402,4300316.976515023,621331.9849467663,0.5499935,0.10733357,3.2280732e-05,0.7977272727272727,80.79545454545455,45.00065,4.1799367e-06,4.562667e-06,1.494061e-05,32.47,74.37,9.01,4.97,32.69,6.74,Wheat,Vegetative,HEALTHY
20260724_123113,G_25_12,jpr_20240528_AB01_MS_aligned_sun-all,25,12,800,1402,4300316.976515023,621335.1849467471,0.51578766,0.09235444,2.8793385e-05,0.9318181818181818,94.00568181818181,48.421234,4.3847976e-06,4.45436e-06,1.3982956e-05,31.34,75.39,14.78,1.27,28.53,6.15,Wheat,Vegetative,HEALTHY
20260724_123113,G_25_13,jpr_20240528_AB01_MS_aligned_sun-all,25,13,864,1402,4300316.976515023,621338.3849467281,0.5603044,0.11162212,3.275425e-05,0.821875,83.26704545454545,43.96956,4.166395e-06,4.4237954e-06,1.5084912e-05,31.86,64.73,9.76,1.25,38.69,7.48,Wheat,Vegetative,HEALTHY
20260724_123113,G_25_14,jpr_20240528_AB01_MS_aligned_sun-all,25,14,928,1402,4300316.976515023,621341.584946709,0.52288973,0.100014225,3.0049934e-05,0.7767045454545455,78.49431818181817,47.711025,4.3761265e-06,4.2662805e-06,1.4393163e-05,32.09,75.79,8.71,5.05,35.66,6.76,Wheat,Vegetative,HEALTHY
20260724_123113,G_25_15,jpr_20240528_AB01_MS_aligned_sun-all,25,15,992,1402,4300316.976515023,621344.7849466898,0.5484175,0.10872585,3.234273e-05,0.834659090909091,83.97727272727272,45.15825,4.2976653e-06,4.5402994e-06,1.5079011e-05,31.38,73.06,2.49,1.6,33.62,6.39,Wheat,Vegetative,HEALTHY
20260724_123113,G_25_16,jpr_20240528_AB01_MS_aligned_sun-all,25,16,1056,1402,4300316.976515023,621347.9849466707,0.54933566,0.103765585,3.1388252e-05,0.8403409090909091,84.9715909090909,45.066433,4.133304e-06,4.4494964e-06,1.4596465e-05,28.37,76.01,13.76,3.81,27.77,6.94,Wheat,Vegetative,HEALTHY
20260724_123113,G_25_17,jpr_20240528_AB01_MS_aligned_sun-all,25,17,1120,1402,4300316.976515023,621351.1849466516,0.55156887,0.11234338,3.204354e-05,0.7889204545454546,79.31818181818183,44.843113,4.204823e-06,4.66897e-06,1.48864265e-05,34.88,75.1,14.03,1.1,25.77,6.87,Wheat,Vegetative,HEALTHY
20260724_123113,G_25_18,jpr_20240528_AB01_MS_aligned_sun-all,25,18,1184,1402,4300316.976515023,621354.3849466324,0.5651696,0.11788907,3.3643497e-05,0.8366477272727273,84.57386363636363,43.483044,4.224196e-06,4.7538733e-06,1.543915e-05,30.69,74.71,1.04,1.98,39.74,7.34,Wheat,Vegetative,HEALTHY
20260724_123113,G_25_19,jpr_20240528_AB01_MS_aligned_sun-all,25,19,1248,1402,4300316.976515023,621357.5849466133,0.5410765,0.1313659,2.8311299e-05,0.8375,84.3465909090909,45.892353,3.7748903e-06,4.041712e-06,1.3212331e-05,30.77,79.38,3.02,1.66,42.02,6.65,Wheat,Vegetative,HEALTHY
20260724_123113,G_25_20,jpr_20240528_AB01_MS_aligned_sun-all,25,20,1312,1402,4300316.976515023,621360.7849465943,0.5477568,0.12195576,3.0909185e-05,0.7798295454545454,78.66477272727272,45.22432,4.166e-06,4.5040715e-06,1.4469455e-05,30.3,68.73,12.36,3.25,34.1,7.02,Wheat,Vegetative,HEALTHY
20260724_123113,G_25_21,jpr_20240528_AB01_MS_aligned_sun-all,25,21,1376,1402,4300316.976515023,621363.9849465751,0.5146821,0.123205334,2.6312697e-05,0.7696022727272728,78.1534090909091,48.531788,3.999511e-06,3.981907e-06,1.2770716e-05,32.89,85.86,12.45,0.82,47.05,6.45,Wheat,Vegetative,HEALTHY
20260724_123113,G_25_22,jpr_20240528_AB01_MS_aligned_sun-all,25,22,1440,1402,4300316.976515023,621367.184946556,0.49838528,0.118239604,2.5769572e-05,0.8090909090909091,81.5340909090909,50.16147,4.15046e-06,4.268994e-06,1.2740623e-05,29.69,77.69,4.2,2.51,28.73,7.38,Wheat,Vegetative,HEALTHY
20260724_123113,G_25_23,jpr_20240528_AB01_MS_aligned_sun-all,25,23,1504,1402,4300316.976515023,621370.3849465369,0.54936475,0.12028247,2.911285e-05,0.8292613636363636,83.7215909090909,45.063526,3.843683e-06,4.004664e-06,1.3548317e-05,32.13,77.94,6.93,3.13,34.73,6.78,Wheat,Vegetative,HEALTHY
20260724_123113,G_25_24,jpr_20240528_AB01_MS_aligned_sun-all,25,24,1568,1402,4300316.976515023,621373.5849465177,0.5270206,0.11442767,2.9698183e-05,0.8409090909090909,85.08522727272727,47.297943,4.314846e-06,4.462854e-06,1.4214621e-05,30.69,81.58,3.64,5.66,29.72,7.14,Wheat,Vegetative,HEALTHY
20260724_123113,G_25_25,jpr_20240528_AB01_MS_aligned_sun-all,25,25,1632,1402,4300316.976515023,621376.7849464986,0.5554805,0.11088731,3.1918815e-05,0.7573863636363637,76.5625,44.45195,4.094072e-06,4.3784507e-06,1.4734092e-05,27.87,72.01,12.69,5.2,33.26,6.78,Wheat,Vegetative,HEALTHY
20260724_123113,G_25_26,jpr_20240528_AB01_MS_aligned_sun-all,25,26,1696,1402,4300316.976515023,621379.9849464794,0.54331756,0.12637687,2.804555e-05,0.8017045454545455,81.16477272727273,45.668243,3.86542e-06,4.0893783e-06,1.3214264e-05,30.73,70.8,12.0,5.5,36.3,7.42,Wheat,Vegetative,HEALTHY
20260724_123113,G_25_27,jpr_20240528_AB01_MS_aligned_sun-all,25,27,1760,1402,4300316.976515023,621383.1849464604,0.52803093,0.111001715,2.7950886e-05,0.8866477272727272,89.375,47.196907,4.0630616e-06,4.145816e-06,1.3380357e-05,28.86,71.29,14.01,4.95,41.9,7.46,Wheat,Vegetative,HEALTHY
20260724_123113,G_25_28,jpr_20240528_AB01_MS_aligned_sun-all,25,28,1824,1402,4300316.976515023,621386.3849464413,0.54347724,0.117237315,3.0533018e-05,0.7588068181818182,76.96022727272728,45.652275,4.1348103e-06,4.5729726e-06,1.4312874e-05,31.0,73.94,4.67,2.38,27.15,7.11,Wheat,Vegetative,HEALTHY
20260724_123113,G_25_29,jpr_20240528_AB01_MS_aligned_sun-all,25,29,1888,1402,4300316.976515023,621389.5849464221,0.54508895,0.10524625,3.1639567e-05,0.7786931818181818,78.66477272727272,45.491104,4.269874e-06,4.648338e-06,1.4816813e-05,30.2,66.26,14.95,1.18,31.67,6.86,Wheat,Vegetative,HEALTHY
20260724_123113,G_25_30,jpr_20240528_AB01_MS_aligned_sun-all,25,30,1952,1402,4300316.976515023,621392.784946403,0.5118556,0.10833348,2.7065516e-05,0.8053977272727273,81.5625,48.814438,4.1328335e-06,4.3466507e-06,1.3154997e-05,30.24,83.47,14.5,3.69,31.07,6.78,Wheat,Vegetative,HEALTHY
20260724_123113,G_25_31,jpr_20240528_AB01_MS_aligned_sun-all,25,31,2016,1402,4300316.976515023,621395.9849463839,0.5441795,0.11959345,2.8949484e-05,0.8693181818181818,87.58522727272727,45.58205,3.945703e-06,4.122228e-06,1.359588e-05,31.87,75.01,9.78,4.24,25.36,6.94,Wheat,Vegetative,HEALTHY
20260724_123113,G_25_32,jpr_20240528_AB01_MS_aligned_sun-all,25,32,2080,1402,4300316.976515023,621399.1849463647,0.5003838,0.112181276,2.6707921e-05,0.9553977272727273,95.71022727272728,49.96162,4.4475764e-06,4.478841e-06,1.3350539e-05,29.12,78.54,1.64,2.35,33.2,6.97,Wheat,Vegetative,HEALTHY
20260724_123113,G_25_33,jpr_20240528_AB01_MS_aligned_sun-all,25,33,2144,1402,4300316.976515023,621402.3849463456,0.49648693,0.10739718,2.6018151e-05,0.959375,96.98863636363636,50.35131,4.3960313e-06,4.2790157e-06,1.3069056e-05,29.68,69.87,3.78,3.57,35.27,6.91,Wheat,Vegetative,HEALTHY
20260724_123113,G_25_34,jpr_20240528_AB01_MS_aligned_sun-all,25,34,2208,1402,4300316.976515023,621405.5849463266,0.5566619,0.12251834,2.94216e-05,0.7960227272727273,80.76704545454545,44.33381,3.7572845e-06,4.0403243e-06,1.3564841e-05,32.77,75.99,7.56,3.15,32.86,6.58,Wheat,Vegetative,HEALTHY
20260724_123113,G_25_35,jpr_20240528_AB01_MS_aligned_sun-all,25,35,2272,1402,4300316.976515023,621408.7849463074,0.5254298,0.10686412,2.726391e-05,0.834659090909091,84.14772727272727,47.45702,4.039747e-06,4.0344053e-06,1.3128036e-05,32.92,70.85,0.88,2.57,32.04,6.5,Wheat,Vegetative,HEALTHY
20260724_123113,G_25_36,jpr_20240528_AB01_MS_aligned_sun-all,25,36,2336,1402,4300316.976515023,621411.9849462883,0.4616851,0.07279102,2.4966044e-05,0.9644886363636364,96.64772727272727,53.831493,4.8684715e-06,4.409201e-06,1.3190787e-05,28.82,65.64,5.97,4.97,33.56,6.96,Wheat,Vegetative,HEALTHY
20260724_123113,G_25_37,jpr_20240528_AB01_MS_aligned_sun-all,25,37,2400,1402,4300316.976515023,621415.1849462691,0.39335036,0.035640005,2.1863563e-05,1.0,100.0,60.664963,5.6262243e-06,4.786489e-06,1.291435e-05,31.94,75.94,2.14,5.74,38.59,6.01,Wheat,Vegetative,HEALTHY
20260724_123113,G_25_38,jpr_20240528_AB01_MS_aligned_sun-all,25,38,2464,1402,4300316.976515023,621418.38494625,0.39920983,0.04421054,2.2003003e-05,1.0,100.0,60.079014,5.5099285e-06,4.616071e-06,1.2844534e-05,30.35,66.8,2.59,3.94,38.0,6.91,Wheat,Vegetative,HEALTHY
20260724_123113,G_25_39,jpr_20240528_AB01_MS_aligned_sun-all,25,39,2528,1402,4300316.976515023,621421.5849462309,0.43491045,0.064551845,2.4375193e-05,1.0,100.0,56.508957,5.271998e-06,4.6778937e-06,1.3397367e-05,31.2,71.07,2.38,4.97,37.22,6.9,Wheat,Vegetative,HEALTHY
20260724_123113,G_25_40,jpr_20240528_AB01_MS_aligned_sun-all,25,40,2592,1402,4300316.976515023,621424.7849462117,0.48643425,0.08993333,2.774971e-05,0.978125,98.26704545454545,51.35658,4.8524207e-06,4.8256184e-06,1.4102679e-05,33.54,66.09,9.82,3.52,31.78,6.64,Wheat,Vegetative,HEALTHY
20260724_123113,G_25_41,jpr_20240528_AB01_MS_aligned_sun-all,25,41,2656,1402,4300316.976515023,621427.9849461927,0.5401501,0.11866604,2.9226921e-05,0.8139204545454546,82.10227272727273,45.98499,4.031664e-06,4.3643963e-06,1.3774329e-05,29.99,65.76,0.62,1.0,40.92,6.99,Wheat,Vegetative,HEALTHY
20260724_123113,G_25_42,jpr_20240528_AB01_MS_aligned_sun-all,25,42,2720,1402,4300316.976515023,621431.1849461736,0.5485216,0.10752795,3.158723e-05,0.7792613636363637,78.92045454545455,45.147842,4.2177653e-06,4.7597073e-06,1.4747252e-05,28.02,72.0,7.34,0.7,38.79,7.1,Wheat,Vegetative,HEALTHY
20260724_123113,G_25_43,jpr_20240528_AB01_MS_aligned_sun-all,25,43,2784,1402,4300316.976515023,621434.3849461544,0.52365613,0.11217064,2.9083834e-05,0.7872159090909091,79.17613636363636,47.634388,4.2733145e-06,4.5739152e-06,1.3968291e-05,33.19,73.18,3.45,2.27,42.41,6.35,Wheat,Vegetative,HEALTHY
20260724_123113,G_25_44,jpr_20240528_AB01_MS_aligned_sun-all,25,44,2848,1402,4300316.976515023,621437.5849461353,0.57699203,0.115935236,3.5212026e-05,0.7744318181818182,78.1534090909091,42.300797,4.205824e-06,4.95368e-06,1.594365e-05,28.92,69.18,0.74,5.2,26.13,6.24,Wheat,Vegetative,HEALTHY
20260724_123113,G_25_45,jpr_20240528_AB01_MS_aligned_sun-all,25,45,2912,1402,4300316.976515023,621440.7849461162,0.5605638,0.12993772,3.1070304e-05,0.7872159090909091,79.77272727272727,43.94362,3.9099828e-06,4.3346904e-06,1.426714e-05,27.23,73.54,7.36,1.81,39.55,6.24,Wheat,Vegetative,HEALTHY
20260724_123113,G_25_46,jpr_20240528_AB01_MS_aligned_sun-all,25,46,2976,1402,4300316.976515023,621443.984946097,0.53648263,0.12269706,3.0389965e-05,0.8298295454545455,83.92045454545455,46.351738,4.2924457e-06,4.2771712e-06,1.44228225e-05,29.25,74.68,6.0,0.86,38.38,6.09,Wheat,Vegetative,HEALTHY
20260724_123113,G_25_47,jpr_20240528_AB01_MS_aligned_sun-all,25,47,3040,1402,4300316.976515023,621447.184946078,0.54548365,0.12841673,3.055326e-05,0.8088068181818182,81.76136363636364,45.451633,4.0082364e-06,4.2815977e-06,1.4193048e-05,30.31,70.59,3.95,4.92,32.22,6.78,Wheat,Vegetative,HEALTHY
20260724_123113,G_25_48,jpr_20240528_AB01_MS_aligned_sun-all,25,48,3104,1402,4300316.976515023,621450.3849460589,0.5260422,0.11542483,2.945356e-05,0.7940340909090909,80.0284090909091,47.39578,4.294907e-06,4.2131287e-06,1.4113135e-05,29.1,80.76,6.09,5.09,33.89,6.87,Wheat,Vegetative,HEALTHY
20260724_123113,G_25_49,jpr_20240528_AB01_MS_aligned_sun-all,25,49,3168,1402,4300316.976515023,621453.5849460397,0.5265004,0.1260907,2.941101e-05,0.8164772727272728,82.32954545454545,47.34996,4.312165e-06,4.2831102e-06,1.41162045e-05,29.06,73.26,13.83,0.88,35.64,7.14,Wheat,Vegetative,HEALTHY
20260724_123113,G_26_0,jpr_20240528_AB01_MS_aligned_sun-all,26,0,32,1457,4300314.226706052,621296.7849469767,0.5470344,0.117195085,3.274094e-05,0.6278409090909091,64.00568181818181,45.296562,4.2043694e-06,4.6042746e-06,1.5118469e-05,28.86,74.79,7.32,5.15,31.63,6.35,Wheat,Vegetative,HEALTHY
20260724_123113,G_26_1,jpr_20240528_AB01_MS_aligned_sun-all,26,1,96,1457,4300314.226706052,621299.9849469576,0.506387,0.102581374,2.8441198e-05,0.94375,95.0,49.3613,4.570752e-06,4.652416e-06,1.4051512e-05,32.73,76.95,3.61,1.83,16.84,6.95,Wheat,Vegetative,HEALTHY
20260724_123113,G_26_2,jpr_20240528_AB01_MS_aligned_sun-all,26,2,160,1457,4300314.226706052,621303.1849469384,0.5555661,0.105359204,3.1762553e-05,0.8650568181818182,87.72727272727273,44.443394,4.055084e-06,4.4426984e-06,1.4643015e-05,29.78,66.62,6.85,3.84,32.19,6.55,Wheat,Vegetative,HEALTHY
20260724_123113,G_26_3,jpr_20240528_AB01_MS_aligned_sun-all,26,3,224,1457,4300314.226706052,621306.3849469193,0.5694356,0.10666464,3.209777e-05,0.8636363636363636,87.38636363636364,43.056442,3.778878e-06,4.3396076e-06,1.4478548e-05,33.08,68.91,12.82,3.91,27.35,6.82,Wheat,Vegetative,HEALTHY
20260724_123113,G_26_4,jpr_20240528_AB01_MS_aligned_sun-all,26,4,288,1457,4300314.226706052,621309.5849469001,0.5254297,0.09413238,2.8494524e-05,0.7761363636363636,78.4090909090909,47.457027,4.134584e-06,4.2155793e-06,1.363311e-05,29.18,67.86,10.57,5.37,44.26,6.91,Wheat,Vegetative,HEALTHY
20260724_123113,G_26_5,jpr_20240528_AB01_MS_aligned_sun-all,26,5,352,1457,4300314.226706052,621312.784946881,0.5393454,0.09530908,2.94681e-05,0.8329545454545455,83.97727272727272,46.06546,3.973723e-06,4.338573e-06,1.3796789e-05,34.28,75.78,13.19,4.99,30.02,6.34,Wheat,Vegetative,HEALTHY
20260724_123113,G_26_6,jpr_20240528_AB01_MS_aligned_sun-all,26,6,416,1457,4300314.226706052,621315.9849468619,0.5236023,0.08985161,2.9578836e-05,0.7991477272727273,81.05113636363637,47.63977,4.2870206e-06,4.5712613e-06,1.4147013e-05,34.68,72.27,11.23,3.79,33.53,7.05,Wheat,Vegetative,HEALTHY
20260724_123113,G_26_7,jpr_20240528_AB01_MS_aligned_sun-all,26,7,480,1457,4300314.226706052,621319.1849468428,0.44558376,0.072476074,2.1950724e-05,0.9079545454545455,91.33522727272727,55.441624,4.508402e-06,4.1820886e-06,1.1825555e-05,32.05,79.81,5.24,0.87,35.95,7.23,Wheat,Vegetative,HEALTHY
20260724_123113,G_26_8,jpr_20240528_AB01_MS_aligned_sun-all,26,8,544,1457,4300314.226706052,621322.3849468237,0.5220263,0.09430704,2.969131e-05,0.8159090909090909,82.38636363636364,47.79737,4.4212206e-06,4.647687e-06,1.4318708e-05,28.28,72.36,5.8,1.4,25.39,7.04,Wheat,Vegetative,HEALTHY
20260724_123113,G_26_9,jpr_20240528_AB01_MS_aligned_sun-all,26,9,608,1457,4300314.226706052,621325.5849468046,0.5405875,0.097919516,2.902808e-05,0.8761363636363636,88.52272727272728,45.94125,3.9824304e-06,4.336424e-06,1.3658812e-05,32.32,82.26,10.42,0.96,32.51,6.68,Wheat,Vegetative,HEALTHY
20260724_123113,G_26_10,jpr_20240528_AB01_MS_aligned_sun-all,26,10,672,1457,4300314.226706052,621328.7849467854,0.5263486,0.1017423,2.9539075e-05,0.7954545454545454,80.71022727272728,47.365143,4.267678e-06,4.5648576e-06,1.4114415e-05,31.74,61.11,6.8,0.68,41.13,6.96,Wheat,Vegetative,HEALTHY
20260724_123113,G_26_11,jpr_20240528_AB01_MS_aligned_sun-all,26,11,736,1457,4300314.226706052,621331.9849467663,0.5183575,0.08434462,2.9110734e-05,0.8269886363636364,83.35227272727272,48.16425,4.4797384e-06,4.4672292e-06,1.4183684e-05,29.62,77.19,13.28,4.12,26.94,7.42,Wheat,Vegetative,HEALTHY
20260724_123113,G_26_12,jpr_20240528_AB01_MS_aligned_sun-all,26,12,800,1457,4300314.226706052,621335.1849467471,0.540862,0.096368246,2.9826837e-05,0.7894886363636363,79.74431818181819,45.9138,4.122906e-06,4.317429e-06,1.4065557e-05,31.14,79.86,8.01,2.43,32.14,6.81,Wheat,Vegetative,HEALTHY
20260724_123113,G_26_13,jpr_20240528_AB01_MS_aligned_sun-all,26,13,864,1457,4300314.226706052,621338.3849467281,0.4978717,0.085093014,2.8366956e-05,0.84375,84.91477272727272,50.21283,4.705299e-06,4.5065544e-06,1.4161315e-05,29.94,80.84,5.31,1.3,28.57,6.78,Wheat,Vegetative,HEALTHY
20260724_123113,G_26_14,jpr_20240528_AB01_MS_aligned_sun-all,26,14,928,1457,4300314.226706052,621341.584946709,0.5070557,0.10661671,2.9225672e-05,0.8383522727272728,85.05681818181819,49.29443,4.7028134e-06,4.628273e-06,1.4445086e-05,30.68,71.29,10.97,1.5,27.59,6.67,Wheat,Vegetative,HEALTHY
20260724_123113,G_26_15,jpr_20240528_AB01_MS_aligned_sun-all,26,15,992,1457,4300314.226706052,621344.7849466898,0.52232,0.095342346,3.0528605e-05,0.8775568181818182,88.57954545454545,47.768,4.5823854e-06,4.629169e-06,1.4758988e-05,31.81,74.63,0.57,2.04,34.89,6.32,Wheat,Vegetative,HEALTHY
20260724_123113,G_26_16,jpr_20240528_AB01_MS_aligned_sun-all,26,16,1056,1457,4300314.226706052,621347.9849466707,0.54104054,0.1067877,3.101932e-05,0.8076704545454545,81.36363636363636,45.895947,4.31309e-06,4.5972406e-06,1.4653266e-05,28.65,72.88,5.04,4.35,38.98,6.85,Wheat,Vegetative,HEALTHY
20260724_123113,G_26_17,jpr_20240528_AB01_MS_aligned_sun-all,26,17,1120,1457,4300314.226706052,621351.1849466516,0.5237132,0.10870273,2.7884817e-05,0.9681818181818181,96.98863636363636,47.62868,4.150929e-06,4.191287e-06,1.34462025e-05,30.67,76.64,0.9,2.92,35.5,6.81,Wheat,Vegetative,HEALTHY
20260724_123113,G_26_18,jpr_20240528_AB01_MS_aligned_sun-all,26,18,1184,1457,4300314.226706052,621354.3849466324,0.5463406,0.113455914,3.1567277e-05,0.8630681818181818,86.96022727272728,45.36594,4.2371744e-06,4.6885393e-06,1.4760014e-05,25.83,75.8,3.05,2.53,35.0,6.81,Wheat,Vegetative,HEALTHY
20260724_123113,G_26_19,jpr_20240528_AB01_MS_aligned_sun-all,26,19,1248,1457,4300314.226706052,621357.5849466133,0.51718813,0.11837437,2.6521877e-05,0.8363636363636363,84.46022727272727,48.281185,4.0751024e-06,4.163661e-06,1.2916042e-05,33.89,76.65,12.15,4.09,36.06,6.97,Wheat,Vegetative,HEALTHY
20260724_123113,G_26_20,jpr_20240528_AB01_MS_aligned_sun-all,26,20,1312,1457,4300314.226706052,621360.7849465943,0.52629185,0.120652534,2.9337454e-05,0.8261363636363637,83.29545454545455,47.370815,4.319675e-06,4.4323847e-06,1.4099197e-05,29.05,76.3,1.5,4.71,36.42,6.71,Wheat,Vegetative,HEALTHY
20260724_123113,G_26_21,jpr_20240528_AB01_MS_aligned_sun-all,26,21,1376,1457,4300314.226706052,621363.9849465751,0.52699995,0.12772532,2.7837565e-05,0.7355113636363636,74.51704545454545,47.300003,4.005819e-06,4.079045e-06,1.3285342e-05,31.7,77.08,1.41,4.03,32.64,7.07,Wheat,Vegetative,HEALTHY
20260724_123113,G_26_22,jpr_20240528_AB01_MS_aligned_sun-all,26,22,1440,1457,4300314.226706052,621367.184946556,0.48778072,0.11562372,2.4014496e-05,0.8826704545454546,88.97727272727273,51.22193,4.1936187e-06,4.1570524e-06,1.2198718e-05,29.46,75.09,8.58,2.87,22.67,6.88,Wheat,Vegetative,HEALTHY
20260724_123113,G_26_23,jpr_20240528_AB01_MS_aligned_sun-all,26,23,1504,1457,4300314.226706052,621370.3849465369,0.50222313,0.107973434,2.5769106e-05,0.80625,81.2215909090909,49.777687,4.2276206e-06,4.220734e-06,1.2817622e-05,32.1,76.94,11.31,3.02,37.92,7.37,Wheat,Vegetative,HEALTHY
20260724_123113,G_26_24,jpr_20240528_AB01_MS_aligned_sun-all,26,24,1568,1457,4300314.226706052,621373.5849465177,0.5057685,0.10040329,2.853413e-05,0.8261363636363637,83.38068181818183,49.423153,4.5561956e-06,4.702093e-06,1.4067935e-05,31.6,62.95,12.97,5.76,36.51,6.65,Wheat,Vegetative,HEALTHY
20260724_123113,G_26_25,jpr_20240528_AB01_MS_aligned_sun-all,26,25,1632,1457,4300314.226706052,621376.7849464986,0.54294187,0.10036902,3.1964304e-05,0.7707386363636364,78.18181818181819,45.705814,4.3292534e-06,4.7770354e-06,1.4984447e-05,31.3,74.32,14.97,2.23,37.59,6.95,Wheat,Vegetative,HEALTHY
20260724_123113,G_26_26,jpr_20240528_AB01_MS_aligned_sun-all,26,26,1696,1457,4300314.226706052,621379.9849464794,0.5277046,0.10511945,2.8314938e-05,0.7846590909090909,79.77272727272727,47.22954,3.9831116e-06,4.190065e-06,1.3421773e-05,31.61,71.85,1.24,3.7,33.3,6.95,Wheat,Vegetative,HEALTHY
20260724_123113,G_26_27,jpr_20240528_AB01_MS_aligned_sun-all,26,27,1760,1457,4300314.226706052,621383.1849464604,0.5159392,0.110274084,2.9367102e-05,0.8258522727272727,83.23863636363636,48.406082,4.471589e-06,4.7044923e-06,1.4261005e-05,31.52,68.85,0.75,3.52,41.51,7.0,Wheat,Vegetative,HEALTHY
20260724_123113,G_26_28,jpr_20240528_AB01_MS_aligned_sun-all,26,28,1824,1457,4300314.226706052,621386.3849464413,0.5322556,0.10609314,2.9458119e-05,0.8161931818181818,82.44318181818183,46.77444,4.2120296e-06,4.4399567e-06,1.4031772e-05,34.17,77.88,1.22,4.13,25.11,7.11,Wheat,Vegetative,HEALTHY
20260724_123113,G_26_29,jpr_20240528_AB01_MS_aligned_sun-all,26,29,1888,1457,4300314.226706052,621389.5849464221,0.50308484,0.10506405,2.6411519e-05,0.8627840909090909,87.35795454545455,49.691517,4.216812e-06,4.3372597e-06,1.3020969e-05,33.21,73.52,6.93,0.81,31.29,7.22,Wheat,Vegetative,HEALTHY
20260724_123113,G_26_30,jpr_20240528_AB01_MS_aligned_sun-all,26,30,1952,1457,4300314.226706052,621392.784946403,0.5300988,0.1085086,2.7574146e-05,0.7071022727272728,71.93181818181819,46.99012,3.826244e-06,3.8685225e-06,1.3017956e-05,34.98,78.62,8.75,5.59,46.05,6.83,Wheat,Vegetative,HEALTHY
20260724_123113,G_26_31,jpr_20240528_AB01_MS_aligned_sun-all,26,31,2016,1457,4300314.226706052,621395.9849463839,0.52490747,0.119156964,2.7731947e-05,0.8139204545454546,82.13068181818181,47.509254,4.0646746e-06,4.2827437e-06,1.330899e-05,32.18,78.89,4.18,1.83,34.91,6.62,Wheat,Vegetative,HEALTHY
20260724_123113,G_26_32,jpr_20240528_AB01_MS_aligned_sun-all,26,32,2080,1457,4300314.226706052,621399.1849463647,0.5332911,0.114502914,2.821666e-05,0.8673295454545454,88.4659090909091,46.67089,3.9192287e-06,3.910311e-06,1.3325124e-05,31.2,71.45,13.34,4.66,26.26,6.72,Wheat,Vegetative,HEALTHY
20260724_123113,G_26_33,jpr_20240528_AB01_MS_aligned_sun-all,26,33,2144,1457,4300314.226706052,621402.3849463456,0.539002,0.11477912,3.0805768e-05,0.8451704545454546,86.36363636363636,46.0998,4.313479e-06,4.548332e-06,1.4582468e-05,29.94,76.47,11.39,3.35,28.75,7.1,Wheat,Vegetative,HEALTHY
20260724_123113,G_26_34,jpr_20240528_AB01_MS_aligned_sun-all,26,34,2208,1457,4300314.226706052,621405.5849463266,0.56024987,0.12356347,2.844759e-05,0.8122159090909091,82.67045454545455,43.975014,3.4840348e-06,3.6585736e-06,1.2966898e-05,33.44,81.96,14.34,0.9,39.84,6.36,Wheat,Vegetative,HEALTHY
20260724_123113,G_26_35,jpr_20240528_AB01_MS_aligned_sun-all,26,35,2272,1457,4300314.226706052,621408.7849463074,0.57049865,0.119548276,3.1539807e-05,0.7974431818181819,80.53977272727273,42.950134,3.8202584e-06,4.1635167e-06,1.4333924e-05,33.76,75.12,7.03,2.43,20.72,6.57,Wheat,Vegetative,HEALTHY
20260724_123113,G_26_36,jpr_20240528_AB01_MS_aligned_sun-all,26,36,2336,1457,4300314.226706052,621411.9849462883,0.53467435,0.09531016,2.8562132e-05,0.8085227272727272,82.1875,46.532566,3.993902e-06,4.021109e-06,1.3514959e-05,31.1,73.03,2.18,2.76,45.62,6.37,Wheat,Vegetative,HEALTHY
20260724_123113,G_26_37,jpr_20240528_AB01_MS_aligned_sun-all,26,37,2400,1457,4300314.226706052,621415.1849462691,0.47415608,0.07942634,2.4607463e-05,0.8255681818181818,83.06818181818181,52.584393,4.4748567e-06,4.2117554e-06,1.2677633e-05,29.99,69.13,7.82,3.7,30.94,7.32,Wheat,Vegetative,HEALTHY
20260724_123113,G_26_38,jpr_20240528_AB01_MS_aligned_sun-all,26,38,2464,1457,4300314.226706052,621418.38494625,0.43089443,0.06297211,2.2162898e-05,0.9639204545454545,96.47727272727272,56.910557,4.884055e-06,4.20452e-06,1.2271942e-05,31.78,65.51,7.4,5.26,41.85,7.55,Wheat,Vegetative,HEALTHY
20260724_123113,G_26_39,jpr_20240528_AB01_MS_aligned_sun-all,26,39,2528,1457,4300314.226706052,621421.5849462309,0.39464006,0.04380221,2.1311544e-05,1.0,100.0,60.53599,5.4529855e-06,4.529044e-06,1.255709e-05,31.28,80.05,0.55,5.85,26.4,6.68,Wheat,Vegetative,HEALTHY
20260724_123113,G_26_40,jpr_20240528_AB01_MS_aligned_sun-all,26,40,2592,1457,4300314.226706052,621424.7849462117,0.39400545,0.047314957,2.3941624e-05,1.0,100.0,60.599457,6.126861e-06,5.4372886e-06,1.4107727e-05,31.86,71.98,3.51,4.28,29.53,6.74,Wheat,Vegetative,HEALTHY
20260724_123113,G_26_41,jpr_20240528_AB01_MS_aligned_sun-all,26,41,2656,1457,4300314.226706052,621427.9849461927,0.44608095,0.07579832,2.5765981e-05,0.9948863636363636,99.57386363636364,55.391907,5.3218223e-06,4.958332e-06,1.3910816e-05,30.61,67.23,12.69,0.77,44.53,6.6,Wheat,Vegetative,HEALTHY
20260724_123113,G_26_42,jpr_20240528_AB01_MS_aligned_sun-all,26,42,2720,1457,4300314.226706052,621431.1849461736,0.50350595,0.09608227,2.9806091e-05,0.9676136363636364,96.98863636363636,49.649406,4.873315e-06,5.016666e-06,1.4809074e-05,28.67,72.97,7.92,1.03,31.71,6.77,Wheat,Vegetative,HEALTHY
20260724_123113,G_26_43,jpr_20240528_AB01_MS_aligned_sun-all,26,43,2784,1457,4300314.226706052,621434.3849461544,0.5666242,0.11356245,3.282178e-05,0.8278409090909091,83.75,43.337578,4.1410494e-06,4.933939e-06,1.5082071e-05,29.77,68.22,9.7,5.64,33.23,6.88,Wheat,Vegetative,HEALTHY
20260724_123113,G_26_44,jpr_20240528_AB01_MS_aligned_sun-all,26,44,2848,1457,4300314.226706052,621437.5849461353,0.58867836,0.12071655,3.415679e-05,0.8051136363636363,81.25,41.132164,3.8966314e-06,4.7531903e-06,1.5282676e-05,32.15,77.8,11.03,2.28,38.53,7.11,Wheat,Vegetative,HEALTHY
20260724_123113,G_26_45,jpr_20240528_AB01_MS_aligned_sun-all,26,45,2912,1457,4300314.226706052,621440.7849461162,0.5263047,0.10760303,2.8891875e-05,0.756534090909091,76.39204545454545,47.36953,4.2403517e-06,4.3520145e-06,1.3871334e-05,32.5,73.44,12.64,4.8,32.35,6.97,Wheat,Vegetative,HEALTHY
20260724_123113,G_26_46,jpr_20240528_AB01_MS_aligned_sun-all,26,46,2976,1457,4300314.226706052,621443.984946097,0.5660683,0.12577426,3.172409e-05,0.7798295454545454,78.66477272727272,43.39317,3.9626884e-06,4.4764165e-06,1.4537786e-05,28.52,69.91,11.25,2.83,31.09,6.75,Wheat,Vegetative,HEALTHY
20260724_123113,G_26_47,jpr_20240528_AB01_MS_aligned_sun-all,26,47,3040,1457,4300314.226706052,621447.184946078,0.5472065,0.11799241,3.084893e-05,0.7917613636363636,79.94318181818181,45.279346,4.122315e-06,4.218428e-06,1.4405686e-05,33.14,74.95,10.93,2.33,37.35,7.03,Wheat,Vegetative,HEALTHY
20260724_123113,G_26_48,jpr_20240528_AB01_MS_aligned_sun-all,26,48,3104,1457,4300314.226706052,621450.3849460589,0.5176876,0.12584639,2.7999276e-05,0.8184659090909091,82.41477272727272,48.23124,4.2828046e-06,4.242194e-06,1.3616236e-05,28.74,71.59,13.23,0.7,34.63,7.01,Wheat,Vegetative,HEALTHY
20260724_123113,G_26_49,jpr_20240528_AB01_MS_aligned_sun-all,26,49,3168,1457,4300314.226706052,621453.5849460397,0.5270148,0.11991912,2.83028e-05,0.8122159090909091,81.81818181818183,47.29852,4.177635e-06,3.8708e-06,1.36122435e-05,28.08,69.19,3.63,4.11,28.59,6.93,Wheat,Vegetative,HEALTHY
20260724_123113,G_27_0,jpr_20240528_AB01_MS_aligned_sun-all,27,0,32,1512,4300311.476897081,621296.7849469767,0.5196958,0.11577031,2.955505e-05,0.7914772727272728,79.48863636363637,48.03042,4.438681e-06,4.6055957e-06,1.4290745e-05,32.65,74.19,5.88,3.94,18.03,7.21,Wheat,Vegetative,HEALTHY
20260724_123113,G_27_1,jpr_20240528_AB01_MS_aligned_sun-all,27,1,96,1512,4300311.476897081,621299.9849469576,0.58488464,0.12032709,3.406356e-05,0.8471590909090909,86.2215909090909,41.511536,3.8318944e-06,4.2458846e-06,1.5186864e-05,32.92,65.57,11.91,2.04,44.86,6.47,Wheat,Vegetative,HEALTHY
20260724_123113,G_27_2,jpr_20240528_AB01_MS_aligned_sun-all,27,2,160,1512,4300311.476897081,621303.1849469384,0.5381211,0.11525114,3.053975e-05,0.8011363636363636,80.56818181818181,46.18789,4.2224315e-06,4.5473394e-06,1.4402742e-05,31.13,76.78,4.37,2.41,37.83,7.06,Wheat,Vegetative,HEALTHY
20260724_123113,G_27_3,jpr_20240528_AB01_MS_aligned_sun-all,27,3,224,1512,4300311.476897081,621306.3849469193,0.5711616,0.09509395,3.334618e-05,0.7661931818181819,77.5284090909091,42.88384,3.973854e-06,4.335332e-06,1.5089689e-05,26.7,78.34,5.94,5.51,22.9,6.42,Wheat,Vegetative,HEALTHY
20260724_123113,G_27_4,jpr_20240528_AB01_MS_aligned_sun-all,27,4,288,1512,4300311.476897081,621309.5849469001,0.54027236,0.09565651,3.0064604e-05,0.8607954545454546,87.27272727272727,45.972763,4.1803955e-06,4.5947622e-06,1.4202309e-05,30.98,71.4,1.18,1.93,42.48,6.69,Wheat,Vegetative,HEALTHY
20260724_123113,G_27_5,jpr_20240528_AB01_MS_aligned_sun-all,27,5,352,1512,4300311.476897081,621312.784946881,0.557982,0.094995946,2.9080446e-05,0.8039772727272727,81.64772727272728,44.201797,3.5457044e-06,3.9680426e-06,1.3239535e-05,30.91,74.16,5.34,5.69,30.12,6.7,Wheat,Vegetative,HEALTHY
20260724_123113,G_27_6,jpr_20240528_AB01_MS_aligned_sun-all,27,6,416,1512,4300311.476897081,621315.9849468619,0.51930267,0.08418089,2.8723225e-05,0.8082386363636364,81.76136363636364,48.069733,4.338044e-06,4.7020135e-06,1.39128115e-05,31.91,73.01,9.44,0.65,38.19,6.51,Wheat,Vegetative,HEALTHY
20260724_123113,G_27_7,jpr_20240528_AB01_MS_aligned_sun-all,27,7,480,1512,4300311.476897081,621319.1849468428,0.4716868,0.062344372,2.4109713e-05,0.7482954545454545,75.88068181818181,52.831314,4.3764635e-06,4.0789096e-06,1.2413313e-05,32.3,73.98,4.62,5.83,27.05,7.05,Wheat,Vegetative,HEALTHY
20260724_123113,G_27_8,jpr_20240528_AB01_MS_aligned_sun-all,27,8,544,1512,4300311.476897081,621322.3849468237,0.5067415,0.08506426,2.9010096e-05,0.8176136363636364,82.35795454545455,49.325848,4.5509273e-06,4.8171028e-06,1.42213385e-05,33.4,66.43,10.83,1.27,31.6,6.65,Wheat,Vegetative,HEALTHY
20260724_123113,G_27_9,jpr_20240528_AB01_MS_aligned_sun-all,27,9,608,1512,4300311.476897081,621325.5849468046,0.55985606,0.09574371,3.179175e-05,0.8096590909090909,81.93181818181819,44.014393,4.0661203e-06,4.477601e-06,1.4663779e-05,30.44,64.81,14.75,4.56,34.74,6.69,Wheat,Vegetative,HEALTHY
20260724_123113,G_27_10,jpr_20240528_AB01_MS_aligned_sun-all,27,10,672,1512,4300311.476897081,621328.7849467854,0.53976905,0.09738003,3.0450668e-05,0.8210227272727273,83.0965909090909,46.023094,4.129986e-06,4.3739824e-06,1.42806e-05,38.22,72.9,14.9,0.57,33.44,6.56,Wheat,Vegetative,HEALTHY
20260724_123113,G_27_11,jpr_20240528_AB01_MS_aligned_sun-all,27,11,736,1512,4300311.476897081,621331.9849467663,0.5390397,0.086343065,3.100862e-05,0.8434659090909091,85.19886363636363,46.09603,4.3742903e-06,4.4303124e-06,1.47108985e-05,32.33,72.95,4.85,3.05,29.75,7.32,Wheat,Vegetative,HEALTHY
20260724_123113,G_27_12,jpr_20240528_AB01_MS_aligned_sun-all,27,12,800,1512,4300311.476897081,621335.1849467471,0.50743574,0.08257168,2.832469e-05,0.8801136363636364,89.11931818181819,49.256428,4.535979e-06,4.600666e-06,1.3977899e-05,30.21,70.74,4.15,2.71,23.92,6.77,Wheat,Vegetative,HEALTHY
20260724_123113,G_27_13,jpr_20240528_AB01_MS_aligned_sun-all,27,13,864,1512,4300311.476897081,621338.3849467281,0.5067292,0.09292797,2.817009e-05,0.8326704545454545,83.97727272727272,49.32708,4.57779e-06,4.553596e-06,1.3968172e-05,32.02,80.78,8.07,1.68,38.16,6.54,Wheat,Vegetative,HEALTHY
20260724_123113,G_27_14,jpr_20240528_AB01_MS_aligned_sun-all,27,14,928,1512,4300311.476897081,621341.584946709,0.49870834,0.097244166,2.7306243e-05,0.7789772727272727,78.7784090909091,50.12916,4.5198517e-06,4.583834e-06,1.36222725e-05,31.3,72.66,13.93,0.91,31.12,6.88,Wheat,Vegetative,HEALTHY
20260724_123113,G_27_15,jpr_20240528_AB01_MS_aligned_sun-all,27,15,992,1512,4300311.476897081,621344.7849466898,0.5832153,0.11120863,3.6630387e-05,0.7909090909090909,79.80113636363636,41.67847,4.2187057e-06,4.8749866e-06,1.6429354e-05,30.36,69.8,9.33,3.66,29.17,6.7,Wheat,Vegetative,HEALTHY
20260724_123113,G_27_16,jpr_20240528_AB01_MS_aligned_sun-all,27,16,1056,1512,4300311.476897081,621347.9849466707,0.5885059,0.120514,3.6091846e-05,0.8201704545454546,82.61363636363637,41.149406,4.144528e-06,4.6326404e-06,1.6175642e-05,33.67,78.75,12.8,2.68,31.43,6.72,Wheat,Vegetative,HEALTHY
20260724_123113,G_27_17,jpr_20240528_AB01_MS_aligned_sun-all,27,17,1120,1512,4300311.476897081,621351.1849466516,0.5331722,0.11327113,2.968861e-05,0.8221590909090909,82.95454545454545,46.68278,4.267794e-06,4.5310558e-06,1.416437e-05,28.68,69.16,6.95,0.98,27.74,6.73,Wheat,Vegetative,HEALTHY
20260724_123113,G_27_18,jpr_20240528_AB01_MS_aligned_sun-all,27,18,1184,1512,4300311.476897081,621354.3849466324,0.5089147,0.11350901,2.6098822e-05,0.8011363636363636,80.85227272727272,49.10853,4.0472173e-06,4.103234e-06,1.274713e-05,32.0,69.19,14.28,5.0,26.1,7.25,Wheat,Vegetative,HEALTHY
20260724_123113,G_27_19,jpr_20240528_AB01_MS_aligned_sun-all,27,19,1248,1512,4300311.476897081,621357.5849466133,0.5518295,0.120605,3.109799e-05,0.803409090909091,80.73863636363636,44.817047,4.0224486e-06,4.384028e-06,1.4388846e-05,28.66,63.99,8.39,4.23,32.24,7.25,Wheat,Vegetative,HEALTHY
20260724_123113,G_27_20,jpr_20240528_AB01_MS_aligned_sun-all,27,20,1312,1512,4300311.476897081,621360.7849465943,0.53296995,0.12608404,2.8557024e-05,0.7394886363636364,75.0284090909091,46.703003,3.979433e-06,4.0268646e-06,1.3498788e-05,29.64,65.66,11.06,2.08,36.91,6.5,Wheat,Vegetative,HEALTHY
20260724_123113,G_27_21,jpr_20240528_AB01_MS_aligned_sun-all,27,21,1376,1512,4300311.476897081,621363.9849465751,0.54724056,0.13811381,3.0334375e-05,0.7659090909090909,77.72727272727272,45.275944,3.9450615e-06,4.3768327e-06,1.40569055e-05,27.03,71.99,8.99,2.29,39.24,7.04,Wheat,Vegetative,HEALTHY
20260724_123113,G_27_22,jpr_20240528_AB01_MS_aligned_sun-all,27,22,1440,1512,4300311.476897081,621367.184946556,0.5603324,0.12496876,3.1237927e-05,0.8803977272727272,89.14772727272727,43.96676,3.8380795e-06,4.1846547e-06,1.4251124e-05,32.91,72.27,4.44,1.44,28.89,7.11,Wheat,Vegetative,HEALTHY
20260724_123113,G_27_23,jpr_20240528_AB01_MS_aligned_sun-all,27,23,1504,1512,4300311.476897081,621370.3849465369,0.5317808,0.116528794,3.0255898e-05,0.78125,78.83522727272727,46.821922,4.3136665e-06,4.6173277e-06,1.4399355e-05,30.91,69.37,8.85,5.07,31.61,6.92,Wheat,Vegetative,HEALTHY
20260724_123113,G_27_24,jpr_20240528_AB01_MS_aligned_sun-all,27,24,1568,1512,4300311.476897081,621373.5849465177,0.5131507,0.1001546,2.7775322e-05,0.85625,86.5340909090909,48.68493,4.3453474e-06,4.4060207e-06,1.3604126e-05,31.78,77.71,3.61,5.76,31.49,6.26,Wheat,Vegetative,HEALTHY
20260724_123113,G_27_25,jpr_20240528_AB01_MS_aligned_sun-all,27,25,1632,1512,4300311.476897081,621376.7849464986,0.48648673,0.093326926,2.6123742e-05,0.9005681818181818,90.9375,51.351326,4.543171e-06,4.6475125e-06,1.32514015e-05,30.53,75.65,14.83,4.95,25.96,6.95,Wheat,Vegetative,HEALTHY
20260724_123113,G_27_26,jpr_20240528_AB01_MS_aligned_sun-all,27,26,1696,1512,4300311.476897081,621379.9849464794,0.5110149,0.09773084,2.6010111e-05,0.9338068181818182,94.20454545454545,48.898514,4.0594105e-06,4.012268e-06,1.2729745e-05,30.04,77.34,9.58,2.41,35.64,6.72,Wheat,Vegetative,HEALTHY
20260724_123113,G_27_27,jpr_20240528_AB01_MS_aligned_sun-all,27,27,1760,1512,4300311.476897081,621383.1849464604,0.5744951,0.11438722,3.3926e-05,0.7568181818181818,76.98863636363636,42.55049,3.7998298e-06,4.3832874e-06,1.51089625e-05,28.8,83.0,4.19,1.25,36.62,7.35,Wheat,Vegetative,HEALTHY
20260724_123113,G_27_28,jpr_20240528_AB01_MS_aligned_sun-all,27,28,1824,1512,4300311.476897081,621386.3849464413,0.5156762,0.10753115,2.6837452e-05,0.9389204545454546,94.60227272727273,48.43238,4.1797466e-06,4.232149e-06,1.3125879e-05,28.58,75.77,6.4,0.87,31.25,6.54,Wheat,Vegetative,HEALTHY
20260724_123113,G_27_29,jpr_20240528_AB01_MS_aligned_sun-all,27,29,1888,1512,4300311.476897081,621389.5849464221,0.566591,0.11545953,3.1584346e-05,0.8133522727272727,82.32954545454545,43.340897,3.8026492e-06,4.264542e-06,1.4331169e-05,30.28,72.76,5.67,5.08,26.09,7.46,Wheat,Vegetative,HEALTHY
20260724_123113,G_27_30,jpr_20240528_AB01_MS_aligned_sun-all,27,30,1952,1512,4300311.476897081,621392.784946403,0.55333936,0.11854805,3.1140775e-05,0.7690340909090909,77.72727272727272,44.666065,3.9946344e-06,4.372524e-06,1.4375293e-05,35.03,74.91,8.99,4.64,32.29,7.07,Wheat,Vegetative,HEALTHY
20260724_123113,G_27_31,jpr_20240528_AB01_MS_aligned_sun-all,27,31,2016,1512,4300311.476897081,621395.9849463839,0.53367275,0.11313757,2.8653545e-05,0.8519886363636363,86.2215909090909,46.632725,4.061602e-06,4.2679803e-06,1.3613134e-05,30.42,72.61,0.85,3.35,19.44,6.42,Wheat,Vegetative,HEALTHY
20260724_123113,G_27_32,jpr_20240528_AB01_MS_aligned_sun-all,27,32,2080,1512,4300311.476897081,621399.1849463647,0.52089083,0.113918744,2.7268561e-05,0.903125,90.73863636363636,47.910915,4.143654e-06,4.1287662e-06,1.3233496e-05,31.27,75.8,8.41,3.62,41.62,6.74,Wheat,Vegetative,HEALTHY
20260724_123113,G_27_33,jpr_20240528_AB01_MS_aligned_sun-all,27,33,2144,1512,4300311.476897081,621402.3849463456,0.5169654,0.108004265,2.6339265e-05,0.8576704545454545,86.42045454545455,48.30346,4.001693e-06,3.873948e-06,1.2781753e-05,30.41,62.29,1.44,5.66,34.04,6.89,Wheat,Vegetative,HEALTHY
20260724_123113,G_27_34,jpr_20240528_AB01_MS_aligned_sun-all,27,34,2208,1512,4300311.476897081,621405.5849463266,0.49476844,0.10894844,2.4545481e-05,0.8923295454545455,90.6534090909091,50.523155,4.161403e-06,3.9718193e-06,1.2343504e-05,29.56,64.07,5.44,5.18,32.52,6.68,Wheat,Vegetative,HEALTHY
20260724_123113,G_27_35,jpr_20240528_AB01_MS_aligned_sun-all,27,35,2272,1512,4300311.476897081,621408.7849463074,0.558908,0.11189332,3.2275315e-05,0.8247159090909091,83.0965909090909,44.1092,4.0647287e-06,4.1607263e-06,1.4823592e-05,32.02,72.65,1.9,2.31,37.19,6.57,Wheat,Vegetative,HEALTHY
20260724_123113,G_27_36,jpr_20240528_AB01_MS_aligned_sun-all,27,36,2336,1512,4300311.476897081,621411.9849462883,0.528328,0.11155125,2.6868312e-05,0.7588068181818182,76.64772727272727,47.1672,3.849594e-06,3.88779e-06,1.280601e-05,32.85,70.73,4.96,0.52,29.96,6.89,Wheat,Vegetative,HEALTHY
20260724_123113,G_27_37,jpr_20240528_AB01_MS_aligned_sun-all,27,37,2400,1512,4300311.476897081,621415.1849462691,0.53123105,0.09620458,3.1141804e-05,0.7755681818181818,78.4659090909091,46.876896,4.1685075e-06,4.2494526e-06,1.4549532e-05,28.16,72.22,14.52,1.72,29.25,6.67,Wheat,Vegetative,HEALTHY
20260724_123113,G_27_38,jpr_20240528_AB01_MS_aligned_sun-all,27,38,2464,1512,4300311.476897081,621418.38494625,0.56921834,0.112174936,3.2695334e-05,0.709659090909091,72.44318181818183,43.078167,3.7751806e-06,4.1228686e-06,1.4674059e-05,33.09,71.07,1.37,1.24,26.32,6.99,Wheat,Vegetative,HEALTHY
20260724_123113,G_27_39,jpr_20240528_AB01_MS_aligned_sun-all,27,39,2528,1512,4300311.476897081,621421.5849462309,0.47291338,0.083239645,2.4253557e-05,0.8278409090909091,83.32386363636364,52.70866,4.4345397e-06,4.0429168e-06,1.251934e-05,32.15,72.73,13.86,5.58,33.65,6.7,Wheat,Vegetative,HEALTHY
20260724_123113,G_27_40,jpr_20240528_AB01_MS_aligned_sun-all,27,40,2592,1512,4300311.476897081,621424.7849462117,0.4340028,0.067758456,2.3492015e-05,0.9985795454545454,99.9715909090909,56.599724,5.0977947e-06,4.469821e-06,1.292875e-05,33.27,78.72,4.95,5.92,42.14,7.0,Wheat,Vegetative,HEALTHY
20260724_123113,G_27_41,jpr_20240528_AB01_MS_aligned_sun-all,27,41,2656,1512,4300311.476897081,621427.9849461927,0.39905366,0.04958081,2.280586e-05,1.0,100.0,60.09463,5.7406946e-06,4.8687184e-06,1.3342938e-05,29.38,71.63,5.59,5.8,46.92,6.98,Wheat,Vegetative,HEALTHY
20260724_123113,G_27_42,jpr_20240528_AB01_MS_aligned_sun-all,27,42,2720,1512,4300311.476897081,621431.1849461736,0.40360516,0.051973812,2.315642e-05,1.0,100.0,59.639484,5.693371e-06,4.883863e-06,1.3412475e-05,34.89,75.79,12.15,4.88,38.81,6.54,Wheat,Vegetative,HEALTHY
20260724_123113,G_27_43,jpr_20240528_AB01_MS_aligned_sun-all,27,43,2784,1512,4300311.476897081,621434.3849461544,0.5024838,0.08719608,2.914588e-05,1.0,100.0,49.75162,4.800749e-06,4.8921506e-06,1.4516423e-05,30.64,70.31,8.43,4.58,22.87,7.24,Wheat,Vegetative,HEALTHY
20260724_123113,G_27_44,jpr_20240528_AB01_MS_aligned_sun-all,27,44,2848,1512,4300311.476897081,621437.5849461353,0.53883475,0.10319131,3.0377409e-05,0.9255681818181818,92.8125,46.116524,4.2674837e-06,4.676012e-06,1.4393673e-05,35.0,71.06,0.74,4.28,31.03,6.95,Wheat,Vegetative,HEALTHY
20260724_123113,G_27_45,jpr_20240528_AB01_MS_aligned_sun-all,27,45,2912,1512,4300311.476897081,621440.7849461162,0.5580261,0.10746198,3.192538e-05,0.8088068181818182,81.61931818181817,44.19739,4.1501135e-06,4.6389287e-06,1.479232e-05,31.65,67.16,14.02,1.36,28.75,6.51,Wheat,Vegetative,HEALTHY
20260724_123113,G_27_46,jpr_20240528_AB01_MS_aligned_sun-all,27,46,2976,1512,4300311.476897081,621443.984946097,0.56658477,0.11696512,3.197322e-05,0.8014204545454545,80.9090909090909,43.341522,3.939566e-06,4.4650646e-06,1.4597714e-05,28.57,77.96,12.8,2.73,40.99,6.92,Wheat,Vegetative,HEALTHY
20260724_123113,G_27_47,jpr_20240528_AB01_MS_aligned_sun-all,27,47,3040,1512,4300311.476897081,621447.184946078,0.55248046,0.12138448,3.057689e-05,0.8440340909090909,85.25568181818181,44.751953,4.0823006e-06,4.25123e-06,1.4274977e-05,30.93,74.71,1.03,3.55,32.68,6.7,Wheat,Vegetative,HEALTHY
20260724_123113,G_27_48,jpr_20240528_AB01_MS_aligned_sun-all,27,48,3104,1512,4300311.476897081,621450.3849460589,0.5505181,0.13129792,3.0125811e-05,0.821590909090909,82.7840909090909,44.94819,4.0328155e-06,4.06059e-06,1.4075122e-05,29.75,61.38,10.45,1.13,30.69,7.26,Wheat,Vegetative,HEALTHY
20260724_123113,G_27_49,jpr_20240528_AB01_MS_aligned_sun-all,27,49,3168,1512,4300311.476897081,621453.5849460397,0.5415294,0.1344194,2.9139681e-05,0.8113636363636364,81.81818181818183,45.847057,4.0436157e-06,3.8828184e-06,1.3757197e-05,32.72,78.26,12.49,4.64,28.27,7.13,Wheat,Vegetative,HEALTHY
20260724_123113,G_28_0,jpr_20240528_AB01_MS_aligned_sun-all,28,0,32,1567,4300308.727088111,621296.7849469767,0.55099297,0.12855168,3.146539e-05,0.9201704545454545,92.95454545454545,44.900703,4.1901617e-06,4.4380613e-06,1.4679033e-05,30.79,77.16,0.15,2.57,31.45,6.71,Wheat,Vegetative,HEALTHY
20260724_123113,G_28_1,jpr_20240528_AB01_MS_aligned_sun-all,28,1,96,1567,4300308.727088111,621299.9849469576,0.5466217,0.118022576,3.189642e-05,0.825,83.7784090909091,45.337833,4.2434813e-06,4.488904e-06,1.4876045e-05,33.58,62.42,4.37,5.07,37.35,7.14,Wheat,Vegetative,HEALTHY
20260724_123113,G_28_2,jpr_20240528_AB01_MS_aligned_sun-all,28,2,160,1567,4300308.727088111,621303.1849469384,0.5927039,0.12044808,3.568197e-05,0.7994318181818182,81.2784090909091,40.72961,3.8490543e-06,4.4585563e-06,1.5743535e-05,31.26,70.74,4.05,1.28,29.89,6.67,Wheat,Vegetative,HEALTHY
20260724_123113,G_28_3,jpr_20240528_AB01_MS_aligned_sun-all,28,3,224,1567,4300308.727088111,621306.3849469193,0.54145384,0.10160261,3.1313994e-05,0.8,80.625,45.854614,4.248232e-06,4.549264e-06,1.46866405e-05,31.48,63.13,4.86,5.74,45.95,6.97,Wheat,Vegetative,HEALTHY
20260724_123113,G_28_4,jpr_20240528_AB01_MS_aligned_sun-all,28,4,288,1567,4300308.727088111,621309.5849469001,0.5047168,0.0866563,2.4720419e-05,0.7008522727272727,71.30681818181817,49.52832,3.986515e-06,4.0700743e-06,1.2226932e-05,29.89,71.84,4.93,3.25,41.04,6.48,Wheat,Vegetative,HEALTHY
20260724_123113,G_28_5,jpr_20240528_AB01_MS_aligned_sun-all,28,5,352,1567,4300308.727088111,621312.784946881,0.55176204,0.093863435,3.0524137e-05,0.7349431818181819,74.48863636363636,44.823795,3.945456e-06,4.545572e-06,1.4120552e-05,33.84,78.45,13.81,4.2,44.33,6.94,Wheat,Vegetative,HEALTHY
20260724_123113,G_28_6,jpr_20240528_AB01_MS_aligned_sun-all,28,6,416,1567,4300308.727088111,621315.9849468619,0.45027196,0.060576737,2.2370235e-05,0.8730113636363637,88.66477272727272,54.972805,4.480582e-06,4.280635e-06,1.1937577e-05,30.48,74.52,1.9,5.64,43.22,6.75,Wheat,Vegetative,HEALTHY
20260724_123113,G_28_7,jpr_20240528_AB01_MS_aligned_sun-all,28,7,480,1567,4300308.727088111,621319.1849468428,0.4946678,0.07168736,2.7457478e-05,0.809375,81.5625,50.533222,4.5339866e-06,4.803594e-06,1.3686823e-05,34.51,62.8,14.08,5.6,28.87,6.77,Wheat,Vegetative,HEALTHY
20260724_123113,G_28_8,jpr_20240528_AB01_MS_aligned_sun-all,28,8,544,1567,4300308.727088111,621322.3849468237,0.50403327,0.0798708,2.6253603e-05,0.8184659090909091,82.5,49.596672,4.2554266e-06,4.286732e-06,1.3006935e-05,32.1,75.25,9.25,3.67,20.68,6.48,Wheat,Vegetative,HEALTHY
20260724_123113,G_28_9,jpr_20240528_AB01_MS_aligned_sun-all,28,9,608,1567,4300308.727088111,621325.5849468046,0.5279338,0.095103376,2.6899974e-05,0.8147727272727273,82.58522727272727,47.206623,3.9173988e-06,4.0755676e-06,1.28843685e-05,32.83,72.25,14.0,5.32,23.91,6.68,Wheat,Vegetative,HEALTHY
20260724_123113,G_28_10,jpr_20240528_AB01_MS_aligned_sun-all,28,10,672,1567,4300308.727088111,621328.7849467854,0.5452326,0.08505266,3.077124e-05,0.7846590909090909,79.11931818181817,45.47674,4.0464797e-06,4.173205e-06,1.4303955e-05,30.23,80.22,7.31,4.88,32.74,7.59,Wheat,Vegetative,HEALTHY
20260724_123113,G_28_11,jpr_20240528_AB01_MS_aligned_sun-all,28,11,736,1567,4300308.727088111,621331.9849467663,0.53317314,0.09642396,2.9780762e-05,0.8696022727272728,87.64204545454545,46.682686,4.344234e-06,4.3688246e-06,1.4271528e-05,30.14,70.78,13.44,0.7,28.94,7.04,Wheat,Vegetative,HEALTHY
20260724_123113,G_28_12,jpr_20240528_AB01_MS_aligned_sun-all,28,12,800,1567,4300308.727088111,621335.1849467471,0.513942,0.08757928,2.7946793e-05,0.8389204545454545,84.85795454545455,48.6058,4.371334e-06,4.5070115e-06,1.3687274e-05,31.9,74.28,14.34,5.12,25.66,6.92,Wheat,Vegetative,HEALTHY
20260724_123113,G_28_13,jpr_20240528_AB01_MS_aligned_sun-all,28,13,864,1567,4300308.727088111,621338.3849467281,0.5370449,0.11539451,2.993352e-05,0.7556818181818182,76.19318181818183,46.295513,4.1633843e-06,4.3759533e-06,1.4141603e-05,30.08,64.74,6.59,1.35,30.59,7.31,Wheat,Vegetative,HEALTHY
20260724_123113,G_28_14,jpr_20240528_AB01_MS_aligned_sun-all,28,14,928,1567,4300308.727088111,621341.584946709,0.5074097,0.09831297,2.859302e-05,0.7636363636363637,77.1875,49.25903,4.452549e-06,4.627185e-06,1.3983921e-05,30.61,61.7,8.72,0.61,38.25,6.74,Wheat,Vegetative,HEALTHY
20260724_123113,G_28_15,jpr_20240528_AB01_MS_aligned_sun-all,28,15,992,1567,4300308.727088111,621344.7849466898,0.5683288,0.10883811,3.5320845e-05,0.8642045454545455,87.35795454545455,43.16712,4.415163e-06,4.94979e-06,1.6189273e-05,30.62,73.83,0.49,5.98,21.77,6.94,Wheat,Vegetative,HEALTHY
20260724_123113,G_28_16,jpr_20240528_AB01_MS_aligned_sun-all,28,16,1056,1567,4300308.727088111,621347.9849466707,0.5455468,0.11058175,3.3016226e-05,0.9082386363636363,91.875,45.445316,4.422533e-06,4.6559967e-06,1.5428395e-05,25.84,70.62,3.78,2.09,44.4,7.06,Wheat,Vegetative,HEALTHY
20260724_123113,G_28_17,jpr_20240528_AB01_MS_aligned_sun-all,28,17,1120,1567,4300308.727088111,621351.1849466516,0.58500373,0.13202581,3.438945e-05,0.81875,82.64204545454545,41.499626,3.8127694e-06,4.492048e-06,1.5276384e-05,34.19,71.43,1.98,2.87,37.73,6.93,Wheat,Vegetative,HEALTHY
20260724_123113,G_28_18,jpr_20240528_AB01_MS_aligned_sun-all,28,18,1184,1567,4300308.727088111,621354.3849466324,0.5356675,0.12225036,2.8863027e-05,0.8068181818181818,81.78977272727272,46.43325,4.0062937e-06,4.208061e-06,1.3627658e-05,30.16,67.47,6.23,3.27,23.4,6.7,Wheat,Vegetative,HEALTHY
20260724_123113,G_28_19,jpr_20240528_AB01_MS_aligned_sun-all,28,19,1248,1567,4300308.727088111,621357.5849466133,0.5293944,0.12367541,2.860757e-05,0.8113636363636364,81.76136363636364,47.060562,4.1509784e-06,4.2264865e-06,1.3687185e-05,30.52,64.51,5.13,4.29,32.81,6.48,Wheat,Vegetative,HEALTHY
20260724_123113,G_28_20,jpr_20240528_AB01_MS_aligned_sun-all,28,20,1312,1567,4300308.727088111,621360.7849465943,0.5484104,0.13294713,3.0206338e-05,0.8164772727272728,82.1590909090909,45.15896,3.9804977e-06,4.3411796e-06,1.4049654e-05,35.21,76.23,8.57,4.88,41.32,6.83,Wheat,Vegetative,HEALTHY
20260724_123113,G_28_21,jpr_20240528_AB01_MS_aligned_sun-all,28,21,1376,1567,4300308.727088111,621363.9849465751,0.5801962,0.13507926,3.441748e-05,0.8130681818181819,82.30113636363636,41.98038,3.9477645e-06,4.502184e-06,1.5420726e-05,31.07,73.35,7.53,2.34,24.98,6.76,Wheat,Vegetative,HEALTHY
20260724_123113,G_28_22,jpr_20240528_AB01_MS_aligned_sun-all,28,22,1440,1567,4300308.727088111,621367.184946556,0.5450802,0.12154661,3.0548807e-05,0.7809659090909091,79.23295454545455,45.49198,4.0723967e-06,4.3814043e-06,1.4255723e-05,30.21,67.52,0.37,2.05,29.02,6.5,Wheat,Vegetative,HEALTHY
20260724_123113,G_28_23,jpr_20240528_AB01_MS_aligned_sun-all,28,23,1504,1567,4300308.727088111,621370.3849465369,0.504217,0.10725949,2.6208254e-05,0.8494318181818182,85.56818181818183,49.578297,4.271635e-06,4.329969e-06,1.3008026e-05,33.17,78.6,4.57,1.05,28.07,6.66,Wheat,Vegetative,HEALTHY
20260724_123113,G_28_24,jpr_20240528_AB01_MS_aligned_sun-all,28,24,1568,1567,4300308.727088111,621373.5849465177,0.4815052,0.09317496,2.5312002e-05,0.93125,94.4034090909091,51.849483,4.559136e-06,4.5919664e-06,1.299677e-05,29.8,77.74,12.91,5.23,27.11,6.86,Wheat,Vegetative,HEALTHY
20260724_123113,G_28_25,jpr_20240528_AB01_MS_aligned_sun-all,28,25,1632,1567,4300308.727088111,621376.7849464986,0.52102524,0.08999855,2.8133858e-05,0.7625,77.35795454545455,47.897476,4.201873e-06,4.4140106e-06,1.3580173e-05,29.22,74.57,7.14,5.45,32.95,7.04,Wheat,Vegetative,HEALTHY
20260724_123113,G_28_26,jpr_20240528_AB01_MS_aligned_sun-all,28,26,1696,1567,4300308.727088111,621379.9849464794,0.5484757,0.107364014,2.9969662e-05,0.8019886363636364,80.85227272727272,45.15243,4.0728673e-06,4.2709958e-06,1.4063123e-05,30.35,69.36,2.86,3.29,27.43,6.75,Wheat,Vegetative,HEALTHY
20260724_123113,G_28_27,jpr_20240528_AB01_MS_aligned_sun-all,28,27,1760,1567,4300308.727088111,621383.1849464604,0.5709877,0.11384903,3.058763e-05,0.7383522727272728,75.08522727272727,42.90123,3.5906771e-06,3.9049105e-06,1.3786932e-05,30.99,70.69,14.39,1.6,38.68,6.76,Wheat,Vegetative,HEALTHY
20260724_123113,G_28_28,jpr_20240528_AB01_MS_aligned_sun-all,28,28,1824,1567,4300308.727088111,621386.3849464413,0.5249922,0.105408795,2.7206403e-05,0.9045454545454545,91.2215909090909,47.50078,4.08297e-06,4.2134043e-06,1.3152087e-05,30.16,64.58,9.3,5.25,33.41,6.86,Wheat,Vegetative,HEALTHY
20260724_123113,G_28_29,jpr_20240528_AB01_MS_aligned_sun-all,28,29,1888,1567,4300308.727088111,621389.5849464221,0.508864,0.09828165,2.6193657e-05,0.9116477272727272,92.2159090909091,49.1136,4.123958e-06,4.0689497e-06,1.2855482e-05,30.83,72.78,0.4,3.05,45.38,7.18,Wheat,Vegetative,HEALTHY
20260724_123113,G_28_30,jpr_20240528_AB01_MS_aligned_sun-all,28,30,1952,1567,4300308.727088111,621392.784946403,0.5330649,0.10807156,3.1446823e-05,0.8011363636363636,80.85227272727272,46.69351,4.4965473e-06,4.893511e-06,1.49792395e-05,27.59,66.52,11.61,2.85,35.82,6.97,Wheat,Vegetative,HEALTHY
20260724_123113,G_28_31,jpr_20240528_AB01_MS_aligned_sun-all,28,31,2016,1567,4300308.727088111,621395.9849463839,0.5395896,0.10740092,2.9391545e-05,0.7681818181818182,77.69886363636364,46.041042,4.0463883e-06,4.047417e-06,1.38439345e-05,32.83,63.39,2.15,1.22,36.9,6.06,Wheat,Vegetative,HEALTHY
20260724_123113,G_28_32,jpr_20240528_AB01_MS_aligned_sun-all,28,32,2080,1567,4300308.727088111,621399.1849463647,0.5466674,0.121742725,3.129738e-05,0.8423295454545454,84.88636363636364,45.33326,4.2128327e-06,4.499461e-06,1.46457e-05,29.05,77.55,9.34,3.89,36.86,6.97,Wheat,Vegetative,HEALTHY
20260724_123113,G_28_33,jpr_20240528_AB01_MS_aligned_sun-all,28,33,2144,1567,4300308.727088111,621402.3849463456,0.55135125,0.118275054,2.9671888e-05,0.7690340909090909,77.61363636363636,44.864876,3.8575517e-06,3.9484953e-06,1.3748548e-05,30.44,79.68,6.29,4.72,19.4,6.93,Wheat,Vegetative,HEALTHY
20260724_123113,G_28_34,jpr_20240528_AB01_MS_aligned_sun-all,28,34,2208,1567,4300308.727088111,621405.5849463266,0.5289796,0.11182405,2.8272463e-05,0.8863636363636364,89.51704545454545,47.10204,4.148454e-06,4.2333786e-06,1.3572951e-05,29.48,71.45,10.46,3.67,31.9,6.86,Wheat,Vegetative,HEALTHY
20260724_123113,G_28_35,jpr_20240528_AB01_MS_aligned_sun-all,28,35,2272,1567,4300308.727088111,621408.7849463074,0.5393501,0.11458194,2.9116442e-05,0.7920454545454545,80.3125,46.06499,3.9866613e-06,4.1018634e-06,1.3692499e-05,29.71,65.78,10.64,0.75,38.74,7.13,Wheat,Vegetative,HEALTHY
20260724_123113,G_28_36,jpr_20240528_AB01_MS_aligned_sun-all,28,36,2336,1567,4300308.727088111,621411.9849462883,0.5395442,0.12413707,2.8033452e-05,0.7815340909090909,78.75,46.045578,3.6903502e-06,3.8740213e-06,1.3035174e-05,34.85,73.51,12.55,1.08,32.0,7.2,Wheat,Vegetative,HEALTHY
20260724_123113,G_28_37,jpr_20240528_AB01_MS_aligned_sun-all,28,37,2400,1567,4300308.727088111,621415.1849462691,0.5674779,0.11947406,3.232169e-05,0.803409090909091,81.07954545454545,43.252213,3.8167536e-06,4.052764e-06,1.4591074e-05,31.55,74.1,8.22,4.43,32.89,6.66,Wheat,Vegetative,HEALTHY
20260724_123113,G_28_38,jpr_20240528_AB01_MS_aligned_sun-all,28,38,2464,1567,4300308.727088111,621418.38494625,0.5062939,0.10320424,2.547671e-05,0.8394886363636364,84.82954545454545,49.37061,4.038967e-06,3.8728513e-06,1.2531495e-05,34.46,68.97,6.38,0.72,26.93,7.15,Wheat,Vegetative,HEALTHY
20260724_123113,G_28_39,jpr_20240528_AB01_MS_aligned_sun-all,28,39,2528,1567,4300308.727088111,621421.5849462309,0.54410005,0.1125895,2.9913926e-05,0.8224431818181818,83.52272727272727,45.589996,3.9473994e-06,4.1222625e-06,1.3919084e-05,32.38,60.31,3.28,3.17,26.42,7.14,Wheat,Vegetative,HEALTHY
20260724_123113,G_28_40,jpr_20240528_AB01_MS_aligned_sun-all,28,40,2592,1567,4300308.727088111,621424.7849462117,0.5096372,0.10101304,2.6724443e-05,0.8477272727272728,85.5965909090909,49.03628,4.1690964e-06,4.0405594e-06,1.3077561e-05,31.43,73.56,0.15,3.2,31.46,7.11,Wheat,Vegetative,HEALTHY
20260724_123113,G_28_41,jpr_20240528_AB01_MS_aligned_sun-all,28,41,2656,1567,4300308.727088111,621427.9849461927,0.4594072,0.08067923,2.4166693e-05,0.8394886363636364,84.375,54.05928,4.7161197e-06,4.07745e-06,1.2771969e-05,32.63,68.28,8.63,2.55,35.69,6.77,Wheat,Vegetative,HEALTHY
20260724_123113,G_28_42,jpr_20240528_AB01_MS_aligned_sun-all,28,42,2720,1567,4300308.727088111,621431.1849461736,0.43152228,0.064013496,2.3344917e-05,0.9982954545454545,99.88636363636364,56.847775,5.1522297e-06,4.333945e-06,1.2934151e-05,31.13,72.46,14.26,3.43,43.34,6.66,Wheat,Vegetative,HEALTHY
20260724_123113,G_28_43,jpr_20240528_AB01_MS_aligned_sun-all,28,43,2784,1567,4300308.727088111,621434.3849461544,0.41358435,0.048916478,2.3617426e-05,1.0,100.0,58.641563,5.5789237e-06,4.818216e-06,1.34517e-05,32.56,75.55,6.21,1.03,38.67,6.84,Wheat,Vegetative,HEALTHY
20260724_123113,G_28_44,jpr_20240528_AB01_MS_aligned_sun-all,28,44,2848,1567,4300308.727088111,621437.5849461353,0.4439046,0.061530303,2.5264022e-05,1.0,100.0,55.609535,5.285931e-06,4.8216534e-06,1.3707593e-05,34.97,72.95,13.48,2.11,41.03,6.65,Wheat,Vegetative,HEALTHY
20260724_123113,G_28_45,jpr_20240528_AB01_MS_aligned_sun-all,28,45,2912,1567,4300308.727088111,621440.7849461162,0.4769043,0.080186374,2.5790605e-05,0.9630681818181818,96.96022727272727,52.309574,4.7046083e-06,4.4712433e-06,1.3301788e-05,33.5,71.52,0.82,4.53,29.01,6.66,Wheat,Vegetative,HEALTHY
20260724_123113,G_28_46,jpr_20240528_AB01_MS_aligned_sun-all,28,46,2976,1567,4300308.727088111,621443.984946097,0.5383147,0.10373968,2.84681e-05,0.884090909090909,89.0909090909091,46.16853,3.994443e-06,4.199634e-06,1.3484147e-05,31.79,73.82,8.62,4.93,28.96,6.59,Wheat,Vegetative,HEALTHY
20260724_123113,G_28_47,jpr_20240528_AB01_MS_aligned_sun-all,28,47,3040,1567,4300308.727088111,621447.184946078,0.5524698,0.11795563,3.0597912e-05,0.8519886363636363,85.5965909090909,44.75302,4.0511086e-06,4.44802e-06,1.4250794e-05,28.8,78.34,1.47,3.1,33.21,6.59,Wheat,Vegetative,HEALTHY
20260724_123113,G_28_48,jpr_20240528_AB01_MS_aligned_sun-all,28,48,3104,1567,4300308.727088111,621450.3849460589,0.58072656,0.12509973,3.3610482e-05,0.7769886363636364,78.49431818181817,41.927345,3.9000097e-06,4.1851717e-06,1.5103945e-05,32.23,67.19,4.39,3.84,31.47,7.1,Wheat,Vegetative,HEALTHY
20260724_123113,G_28_49,jpr_20240528_AB01_MS_aligned_sun-all,28,49,3168,1567,4300308.727088111,621453.5849460397,0.58759487,0.15256143,3.211363e-05,0.7196022727272727,72.58522727272727,41.240513,3.7031446e-06,3.94237e-06,1.4408084e-05,29.5,72.33,5.51,5.77,33.3,6.65,Wheat,Vegetative,HEALTHY
20260724_123113,G_29_0,jpr_20240528_AB01_MS_aligned_sun-all,29,0,32,1622,4300305.977279141,621296.7849469767,0.5512424,0.12386412,3.1011128e-05,0.9642045454545455,97.07386363636363,44.87576,4.0733667e-06,4.2873344e-06,1.4410806e-05,32.46,69.8,5.6,3.09,37.07,7.23,Wheat,Vegetative,HEALTHY
20260724_123113,G_29_1,jpr_20240528_AB01_MS_aligned_sun-all,29,1,96,1622,4300305.977279141,621299.9849469576,0.5600036,0.12529434,3.3031578e-05,0.8383522727272728,84.54545454545455,43.99964,4.1012286e-06,4.586848e-06,1.51121985e-05,29.94,74.63,5.2,5.41,15.89,6.53,Wheat,Vegetative,HEALTHY
20260724_123113,G_29_2,jpr_20240528_AB01_MS_aligned_sun-all,29,2,160,1622,4300305.977279141,621303.1849469384,0.5837127,0.11726559,3.4714918e-05,0.7681818181818182,78.18181818181819,41.62873,3.9230376e-06,4.2618185e-06,1.5495147e-05,31.46,71.43,8.52,5.99,21.05,6.64,Wheat,Vegetative,HEALTHY
20260724_123113,G_29_3,jpr_20240528_AB01_MS_aligned_sun-all,29,3,224,1622,4300305.977279141,621306.3849469193,0.52478474,0.10520921,2.851713e-05,0.8585227272727273,86.67613636363637,47.521526,4.25279e-06,4.4581443e-06,1.3758851e-05,33.17,85.72,8.63,1.23,31.04,7.18,Wheat,Vegetative,HEALTHY
20260724_123113,G_29_4,jpr_20240528_AB01_MS_aligned_sun-all,29,4,288,1622,4300305.977279141,621309.5849469001,0.5143573,0.09039998,2.5860994e-05,0.8144886363636363,82.30113636363636,48.564266,3.868629e-06,4.0791533e-06,1.2489259e-05,34.66,67.94,10.38,4.57,39.17,7.25,Wheat,Vegetative,HEALTHY
20260724_123113,G_29_5,jpr_20240528_AB01_MS_aligned_sun-all,29,5,352,1622,4300305.977279141,621312.784946881,0.53455484,0.09552768,2.828859e-05,0.8323863636363636,84.00568181818183,46.544518,3.993097e-06,4.3976415e-06,1.3422967e-05,33.8,75.25,5.97,3.86,38.83,6.81,Wheat,Vegetative,HEALTHY
20260724_123113,G_29_6,jpr_20240528_AB01_MS_aligned_sun-all,29,6,416,1622,4300305.977279141,621315.9849468619,0.43945652,0.05396673,2.1794322e-05,0.93125,94.0340909090909,56.054348,4.608887e-06,4.2311035e-06,1.1873904e-05,27.71,74.1,4.14,2.66,36.48,6.94,Wheat,Vegetative,HEALTHY
20260724_123113,G_29_7,jpr_20240528_AB01_MS_aligned_sun-all,29,7,480,1622,4300305.977279141,621319.1849468428,0.47381824,0.06513863,2.5665737e-05,0.8210227272727273,82.64204545454545,52.618176,4.6371892e-06,4.7622484e-06,1.3192749e-05,31.08,68.51,9.32,4.77,40.53,6.87,Wheat,Vegetative,HEALTHY
20260724_123113,G_29_8,jpr_20240528_AB01_MS_aligned_sun-all,29,8,544,1622,4300305.977279141,621322.3849468237,0.50097996,0.076027684,2.6556643e-05,0.8096590909090909,82.69886363636364,49.902004,4.167198e-06,4.283034e-06,1.3019738e-05,30.22,72.16,5.79,0.53,41.22,7.09,Wheat,Vegetative,HEALTHY
20260724_123113,G_29_9,jpr_20240528_AB01_MS_aligned_sun-all,29,9,608,1622,4300305.977279141,621325.5849468046,0.4980802,0.077255584,2.5591864e-05,0.7559659090909091,76.39204545454545,50.191982,4.3045625e-06,4.299806e-06,1.2835481e-05,31.16,73.56,8.28,5.09,40.36,6.59,Wheat,Vegetative,HEALTHY
20260724_123113,G_29_10,jpr_20240528_AB01_MS_aligned_sun-all,29,10,672,1622,4300305.977279141,621328.7849467854,0.48663652,0.07806071,2.6133459e-05,0.9571022727272728,96.42045454545455,51.33635,4.554574e-06,4.2584397e-06,1.3266042e-05,31.78,79.17,9.89,4.59,32.05,6.58,Wheat,Vegetative,HEALTHY
20260724_123113,G_29_11,jpr_20240528_AB01_MS_aligned_sun-all,29,11,736,1622,4300305.977279141,621331.9849467663,0.49854195,0.091732025,2.6094402e-05,0.9019886363636364,91.16477272727272,50.145805,4.3882883e-06,4.3257837e-06,1.308673e-05,32.61,69.18,4.94,3.04,32.32,6.35,Wheat,Vegetative,HEALTHY
20260724_123113,G_29_12,jpr_20240528_AB01_MS_aligned_sun-all,29,12,800,1622,4300305.977279141,621335.1849467471,0.5413313,0.09957461,3.1746713e-05,0.8383522727272728,84.6875,45.86687,4.441432e-06,4.773879e-06,1.5024089e-05,32.11,78.15,8.59,4.69,42.84,6.84,Wheat,Vegetative,HEALTHY
20260724_123113,G_29_13,jpr_20240528_AB01_MS_aligned_sun-all,29,13,864,1622,4300305.977279141,621338.3849467281,0.6255081,0.12498514,3.7892132e-05,0.8036931818181818,81.5340909090909,37.44919,3.6115157e-06,4.235473e-06,1.6242748e-05,29.64,64.78,7.0,3.85,41.35,6.94,Wheat,Vegetative,HEALTHY
20260724_123113,G_29_14,jpr_20240528_AB01_MS_aligned_sun-all,29,14,928,1622,4300305.977279141,621341.584946709,0.5654376,0.114201576,3.3408767e-05,0.865909090909091,87.30113636363637,43.456238,4.246728e-06,4.706856e-06,1.538343e-05,32.05,68.38,12.84,3.28,43.3,7.36,Wheat,Vegetative,HEALTHY
20260724_123113,G_29_15,jpr_20240528_AB01_MS_aligned_sun-all,29,15,992,1622,4300305.977279141,621344.7849466898,0.5398796,0.10445223,3.082762e-05,0.8616477272727273,87.07386363636364,46.01204,4.3197338e-06,4.4312333e-06,1.4596005e-05,29.67,74.44,8.43,2.95,34.35,6.74,Wheat,Vegetative,HEALTHY
20260724_123113,G_29_16,jpr_20240528_AB01_MS_aligned_sun-all,29,16,1056,1622,4300305.977279141,621347.9849466707,0.5301235,0.11848788,2.9728131e-05,0.8130681818181819,82.2159090909091,46.98765,4.3034697e-06,4.6123796e-06,1.4213223e-05,31.6,70.48,14.69,3.96,31.51,6.98,Wheat,Vegetative,HEALTHY
20260724_123113,G_29_17,jpr_20240528_AB01_MS_aligned_sun-all,29,17,1120,1622,4300305.977279141,621351.1849466516,0.52779096,0.11780586,2.8445394e-05,0.8082386363636364,81.64772727272728,47.220905,4.127981e-06,4.2174797e-06,1.3610125e-05,34.34,68.07,14.51,4.88,34.58,6.91,Wheat,Vegetative,HEALTHY
20260724_123113,G_29_18,jpr_20240528_AB01_MS_aligned_sun-all,29,18,1184,1622,4300305.977279141,621354.3849466324,0.5460609,0.13271302,3.0529107e-05,0.7897727272727273,80.05681818181817,45.39391,4.0231616e-06,4.352158e-06,1.4199921e-05,29.71,75.11,1.7,2.38,30.29,6.61,Wheat,Vegetative,HEALTHY
20260724_123113,G_29_19,jpr_20240528_AB01_MS_aligned_sun-all,29,19,1248,1622,4300305.977279141,621357.5849466133,0.5639339,0.1306305,3.2359505e-05,0.8110795454545454,81.96022727272727,43.60661,4.0549694e-06,4.403188e-06,1.4841889e-05,32.17,72.99,1.32,5.66,30.76,6.94,Wheat,Vegetative,HEALTHY
20260724_123113,G_29_20,jpr_20240528_AB01_MS_aligned_sun-all,29,20,1312,1622,4300305.977279141,621360.7849465943,0.49581492,0.123873785,2.7341892e-05,0.8613636363636363,86.875,50.418507,4.518197e-06,4.6421665e-06,1.3632503e-05,33.26,70.95,2.06,4.01,32.82,6.66,Wheat,Vegetative,HEALTHY
20260724_123113,G_29_21,jpr_20240528_AB01_MS_aligned_sun-all,29,21,1376,1622,4300305.977279141,621363.9849465751,0.58730847,0.13129514,3.6315716e-05,0.8920454545454546,89.88636363636363,41.269154,4.1325015e-06,4.617205e-06,1.6238248e-05,30.08,74.51,0.91,3.8,40.02,6.81,Wheat,Vegetative,HEALTHY
20260724_123113,G_29_22,jpr_20240528_AB01_MS_aligned_sun-all,29,22,1440,1622,4300305.977279141,621367.184946556,0.55277485,0.12275205,3.1316453e-05,0.8107954545454545,81.78977272727272,44.722515,4.0069594e-06,4.47652e-06,1.4446183e-05,26.13,69.59,9.43,2.65,30.07,6.86,Wheat,Vegetative,HEALTHY
20260724_123113,G_29_23,jpr_20240528_AB01_MS_aligned_sun-all,29,23,1504,1622,4300305.977279141,621370.3849465369,0.52440256,0.09972892,2.8298464e-05,0.7764204545454545,78.23863636363636,47.559746,4.1730805e-06,4.349474e-06,1.3606248e-05,32.98,74.77,8.52,2.4,32.01,6.45,Wheat,Vegetative,HEALTHY
20260724_123113,G_29_24,jpr_20240528_AB01_MS_aligned_sun-all,29,24,1568,1622,4300305.977279141,621373.5849465177,0.47348583,0.08010056,2.3979159e-05,0.9079545454545455,92.01704545454545,52.651417,4.451926e-06,4.397083e-06,1.2445255e-05,33.99,72.24,7.23,1.49,35.52,6.42,Wheat,Vegetative,HEALTHY
20260724_123113,G_29_25,jpr_20240528_AB01_MS_aligned_sun-all,29,25,1632,1622,4300305.977279141,621376.7849464986,0.51133096,0.09177367,2.624836e-05,0.925,93.32386363636364,48.866905,4.1384424e-06,4.171952e-06,1.28882e-05,29.59,72.49,11.14,4.88,38.31,7.03,Wheat,Vegetative,HEALTHY
20260724_123113,G_29_26,jpr_20240528_AB01_MS_aligned_sun-all,29,26,1696,1622,4300305.977279141,621379.9849464794,0.5481707,0.10702013,2.946387e-05,0.7960227272727273,80.39772727272727,45.18293,3.9225097e-06,4.1739836e-06,1.3744158e-05,29.77,70.6,8.36,2.09,32.83,6.6,Wheat,Vegetative,HEALTHY
20260724_123113,G_29_27,jpr_20240528_AB01_MS_aligned_sun-all,29,27,1760,1622,4300305.977279141,621383.1849464604,0.55115753,0.12050003,2.7923674e-05,0.9417613636363636,94.82954545454545,44.884247,3.7560028e-06,3.8698977e-06,1.306421e-05,34.5,75.54,7.19,5.79,36.86,6.53,Wheat,Vegetative,HEALTHY
20260724_123113,G_29_28,jpr_20240528_AB01_MS_aligned_sun-all,29,28,1824,1622,4300305.977279141,621386.3849464413,0.5257734,0.10501299,2.731757e-05,0.8747159090909091,88.69318181818183,47.42266,4.06768e-06,4.0747886e-06,1.3173855e-05,27.37,70.88,8.49,4.98,31.13,7.21,Wheat,Vegetative,HEALTHY
20260724_123113,G_29_29,jpr_20240528_AB01_MS_aligned_sun-all,29,29,1888,1622,4300305.977279141,621389.5849464221,0.47806448,0.09373351,2.4881361e-05,0.9355113636363637,94.77272727272728,52.193554,4.5250617e-06,4.4063963e-06,1.281914e-05,30.01,73.03,5.27,2.96,44.71,7.16,Wheat,Vegetative,HEALTHY
20260724_123113,G_29_30,jpr_20240528_AB01_MS_aligned_sun-all,29,30,1952,1622,4300305.977279141,621392.784946403,0.5246998,0.107073784,2.9432744e-05,0.8480113636363636,85.5965909090909,47.530018,4.303585e-06,4.279479e-06,1.4114874e-05,37.56,70.25,4.43,2.92,22.56,7.08,Wheat,Vegetative,HEALTHY
20260724_123113,G_29_31,jpr_20240528_AB01_MS_aligned_sun-all,29,31,2016,1622,4300305.977279141,621395.9849463839,0.51926917,0.109916404,2.951526e-05,0.8244318181818182,83.52272727272727,48.073082,4.347226e-06,4.414579e-06,1.418603e-05,32.12,71.04,0.05,3.54,33.5,7.07,Wheat,Vegetative,HEALTHY
20260724_123113,G_29_32,jpr_20240528_AB01_MS_aligned_sun-all,29,32,2080,1622,4300305.977279141,621399.1849463647,0.53688014,0.11396572,3.086218e-05,0.7957386363636364,80.82386363636364,46.311985,4.1986505e-06,4.3309105e-06,1.4486448e-05,30.97,66.82,12.94,2.58,19.33,6.34,Wheat,Vegetative,HEALTHY
20260724_123113,G_29_33,jpr_20240528_AB01_MS_aligned_sun-all,29,33,2144,1622,4300305.977279141,621402.3849463456,0.6080029,0.13988185,3.647775e-05,0.8130681818181819,81.98863636363637,39.19971,3.6843076e-06,4.450313e-06,1.5844062e-05,29.41,74.55,8.27,4.82,28.53,6.73,Wheat,Vegetative,HEALTHY
20260724_123113,G_29_34,jpr_20240528_AB01_MS_aligned_sun-all,29,34,2208,1622,4300305.977279141,621405.5849463266,0.55548704,0.11348556,3.110375e-05,0.7769886363636364,78.83522727272727,44.451298,3.9382257e-06,4.096517e-06,1.4306542e-05,33.41,68.94,4.36,1.4,36.37,6.65,Wheat,Vegetative,HEALTHY
20260724_123113,G_29_35,jpr_20240528_AB01_MS_aligned_sun-all,29,35,2272,1622,4300305.977279141,621408.7849463074,0.5654226,0.12840375,3.1301293e-05,0.803125,81.07954545454545,43.45774,3.831175e-06,4.28523e-06,1.4265334e-05,29.34,63.96,11.84,0.85,36.0,7.59,Wheat,Vegetative,HEALTHY
20260724_123113,G_29_36,jpr_20240528_AB01_MS_aligned_sun-all,29,36,2336,1622,4300305.977279141,621411.9849462883,0.5424229,0.12084184,2.7301976e-05,0.8832386363636363,89.26136363636363,45.75771,3.7059247e-06,3.8348e-06,1.2806897e-05,32.65,72.74,0.25,2.59,28.86,7.0,Wheat,Vegetative,HEALTHY
20260724_123113,G_29_37,jpr_20240528_AB01_MS_aligned_sun-all,29,37,2400,1622,4300305.977279141,621415.1849462691,0.5477527,0.12057453,2.940351e-05,0.7957386363636364,80.22727272727272,45.22473,3.8917615e-06,3.993773e-06,1.3693291e-05,29.69,73.97,1.24,4.25,33.09,6.56,Wheat,Vegetative,HEALTHY
20260724_123113,G_29_38,jpr_20240528_AB01_MS_aligned_sun-all,29,38,2464,1622,4300305.977279141,621418.38494625,0.5205083,0.10407002,2.7886701e-05,0.7585227272727273,76.73295454545455,47.949173,4.0068644e-06,4.046275e-06,1.3302777e-05,32.03,77.08,1.65,4.5,36.34,6.84,Wheat,Vegetative,HEALTHY
20260724_123113,G_29_39,jpr_20240528_AB01_MS_aligned_sun-all,29,39,2528,1622,4300305.977279141,621421.5849462309,0.55590796,0.121794984,3.164123e-05,0.7948863636363637,80.2840909090909,44.409203,4.1270932e-06,4.3325063e-06,1.4674576e-05,33.86,79.0,1.18,4.65,29.21,6.25,Wheat,Vegetative,HEALTHY
20260724_123113,G_29_40,jpr_20240528_AB01_MS_aligned_sun-all,29,40,2592,1622,4300305.977279141,621424.7849462117,0.54920393,0.112512305,3.216373e-05,0.8323863636363636,83.75,45.079605,4.1702715e-06,4.152683e-06,1.4891946e-05,31.45,66.5,1.25,3.07,33.38,7.15,Wheat,Vegetative,HEALTHY
20260724_123113,G_29_41,jpr_20240528_AB01_MS_aligned_sun-all,29,41,2656,1622,4300305.977279141,621427.9849461927,0.5145867,0.10679843,2.7797396e-05,0.8201704545454546,82.5284090909091,48.541332,4.2466577e-06,4.0086825e-06,1.35127975e-05,29.82,73.64,11.69,2.41,39.42,6.92,Wheat,Vegetative,HEALTHY
20260724_123113,G_29_42,jpr_20240528_AB01_MS_aligned_sun-all,29,42,2720,1622,4300305.977279141,621431.1849461736,0.49598804,0.09467595,2.6223364e-05,0.8326704545454545,84.0340909090909,50.4012,4.4061867e-06,4.277473e-06,1.3147621e-05,34.66,69.58,10.16,4.96,37.11,6.76,Wheat,Vegetative,HEALTHY
20260724_123113,G_29_43,jpr_20240528_AB01_MS_aligned_sun-all,29,43,2784,1622,4300305.977279141,621434.3849461544,0.4946072,0.0903904,2.678546e-05,0.8715909090909091,87.67045454545455,50.53928,4.525769e-06,4.330364e-06,1.345458e-05,32.74,68.51,12.71,4.87,26.83,7.22,Wheat,Vegetative,HEALTHY
20260724_123113,G_29_44,jpr_20240528_AB01_MS_aligned_sun-all,29,44,2848,1622,4300305.977279141,621437.5849461353,0.41981056,0.051739644,2.2299271e-05,0.9690340909090909,97.1590909090909,58.018948,5.1449565e-06,4.3127434e-06,1.257831e-05,29.26,76.71,10.02,3.03,42.58,6.77,Wheat,Vegetative,HEALTHY
20260724_123113,G_29_45,jpr_20240528_AB01_MS_aligned_sun-all,29,45,2912,1622,4300305.977279141,621440.7849461162,0.42149296,0.047085922,2.2582552e-05,1.0,100.0,57.850708,5.151872e-06,4.3982345e-06,1.26796585e-05,31.62,66.49,8.92,3.66,32.94,6.71,Wheat,Vegetative,HEALTHY
20260724_123113,G_29_46,jpr_20240528_AB01_MS_aligned_sun-all,29,46,2976,1622,4300305.977279141,621443.984946097,0.45968053,0.06693025,2.6234036e-05,1.0,100.0,54.031944,5.1596444e-06,4.901488e-06,1.3904659e-05,29.0,75.28,10.39,3.51,41.36,7.1,Wheat,Vegetative,HEALTHY
20260724_123113,G_29_47,jpr_20240528_AB01_MS_aligned_sun-all,29,47,3040,1622,4300305.977279141,621447.184946078,0.49443582,0.09094091,2.7590928e-05,1.0,100.0,50.55642,4.697421e-06,4.7444373e-06,1.3894744e-05,30.79,70.79,0.27,1.92,33.43,6.93,Wheat,Vegetative,HEALTHY
20260724_123113,G_29_48,jpr_20240528_AB01_MS_aligned_sun-all,29,48,3104,1622,4300305.977279141,621450.3849460589,0.5365145,0.117615886,2.9960382e-05,0.8630681818181818,86.78977272727273,46.34855,4.227597e-06,4.294412e-06,1.421477e-05,33.69,79.49,11.48,2.31,37.89,6.65,Wheat,Vegetative,HEALTHY
20260724_123113,G_29_49,jpr_20240528_AB01_MS_aligned_sun-all,29,49,3168,1622,4300305.977279141,621453.5849460397,0.5733861,0.13796557,3.1651303e-05,0.7045454545454546,71.2784090909091,42.661392,3.8249823e-06,4.131637e-06,1.43758125e-05,31.68,64.46,5.53,5.91,31.9,6.34,Wheat,Vegetative,HEALTHY
20260724_123113,G_30_0,jpr_20240528_AB01_MS_aligned_sun-all,30,0,32,1677,4300303.22747017,621296.7849469767,0.5298651,0.12642391,3.054032e-05,0.7710227272727272,77.75568181818183,47.013493,4.4330354e-06,4.5873307e-06,1.4613542e-05,31.73,68.24,2.9,3.56,40.79,6.49,Wheat,Vegetative,HEALTHY
20260724_123113,G_30_1,jpr_20240528_AB01_MS_aligned_sun-all,30,1,96,1677,4300303.22747017,621299.9849469576,0.5795847,0.13694878,3.4449433e-05,0.8772727272727273,88.06818181818183,42.041527,3.8783137e-06,4.17781e-06,1.536193e-05,35.32,73.96,10.98,3.78,23.65,7.17,Wheat,Vegetative,HEALTHY
20260724_123113,G_30_2,jpr_20240528_AB01_MS_aligned_sun-all,30,2,160,1677,4300303.22747017,621303.1849469384,0.52428436,0.1127715,2.9928045e-05,0.7875,79.60227272727273,47.571564,4.388609e-06,4.642577e-06,1.4365012e-05,32.3,70.02,0.77,3.75,38.36,6.97,Wheat,Vegetative,HEALTHY
20260724_123113,G_30_3,jpr_20240528_AB01_MS_aligned_sun-all,30,3,224,1677,4300303.22747017,621306.3849469193,0.57874966,0.11743858,3.230913e-05,0.7380681818181818,75.0284090909091,42.125034,3.5929247e-06,4.182196e-06,1.4363055e-05,31.7,80.12,11.64,4.99,26.19,6.77,Wheat,Vegetative,HEALTHY
20260724_123113,G_30_4,jpr_20240528_AB01_MS_aligned_sun-all,30,4,288,1677,4300303.22747017,621309.5849469001,0.5150461,0.09839759,2.9837882e-05,0.7934659090909091,80.08522727272728,48.495388,4.575697e-06,5.0171093e-06,1.4522055e-05,30.02,72.33,4.69,2.1,33.09,7.11,Wheat,Vegetative,HEALTHY
20260724_123113,G_30_5,jpr_20240528_AB01_MS_aligned_sun-all,30,5,352,1677,4300303.22747017,621312.784946881,0.48716432,0.07660904,2.4034061e-05,0.8340909090909091,84.26136363636364,51.28357,4.172283e-06,4.0712366e-06,1.2183905e-05,30.87,80.45,5.7,4.57,32.42,7.12,Wheat,Vegetative,HEALTHY
20260724_123113,G_30_6,jpr_20240528_AB01_MS_aligned_sun-all,30,6,416,1677,4300303.22747017,621315.9849468619,0.46681464,0.074171014,2.4246136e-05,0.7965909090909091,80.68181818181817,53.318535,4.5545794e-06,4.5304355e-06,1.26369105e-05,28.75,76.74,0.29,5.7,33.74,6.97,Wheat,Vegetative,HEALTHY
20260724_123113,G_30_7,jpr_20240528_AB01_MS_aligned_sun-all,30,7,480,1677,4300303.22747017,621319.1849468428,0.47885597,0.06832705,2.5580723e-05,0.8014204545454545,80.85227272727272,52.114403,4.5633374e-06,4.48806e-06,1.3090552e-05,29.33,72.44,7.41,3.1,34.77,7.34,Wheat,Vegetative,HEALTHY
20260724_123113,G_30_8,jpr_20240528_AB01_MS_aligned_sun-all,30,8,544,1677,4300303.22747017,621322.3849468237,0.49121758,0.084430866,2.5030173e-05,0.7571022727272727,76.36363636363637,50.87824,4.247535e-06,4.1596963e-06,1.2591217e-05,32.22,84.54,2.92,4.13,29.16,6.97,Wheat,Vegetative,HEALTHY
20260724_123113,G_30_9,jpr_20240528_AB01_MS_aligned_sun-all,30,9,608,1677,4300303.22747017,621325.5849468046,0.4868529,0.069260076,2.7063259e-05,0.8721590909090909,88.57954545454545,51.314713,4.667554e-06,4.652018e-06,1.3688979e-05,31.29,67.77,1.22,3.52,40.95,6.83,Wheat,Vegetative,HEALTHY
20260724_123113,G_30_10,jpr_20240528_AB01_MS_aligned_sun-all,30,10,672,1677,4300303.22747017,621328.7849467854,0.5293159,0.090393744,2.9168543e-05,0.8122159090909091,82.04545454545455,47.068413,4.276781e-06,4.315013e-06,1.3999992e-05,33.74,72.96,14.42,4.82,33.04,6.67,Wheat,Vegetative,HEALTHY
20260724_123113,G_30_11,jpr_20240528_AB01_MS_aligned_sun-all,30,11,736,1677,4300303.22747017,621331.9849467663,0.5255243,0.08746748,2.7966804e-05,0.8048295454545454,81.39204545454545,47.447567,4.0981818e-06,4.151202e-06,1.3420787e-05,31.61,68.35,6.0,5.84,30.11,7.41,Wheat,Vegetative,HEALTHY
20260724_123113,G_30_12,jpr_20240528_AB01_MS_aligned_sun-all,30,12,800,1677,4300303.22747017,621335.1849467471,0.52561814,0.09920324,2.8345625e-05,0.9355113636363637,94.26136363636364,47.438187,4.283966e-06,4.4075814e-06,1.37328525e-05,28.25,68.82,0.23,0.93,29.95,6.9,Wheat,Vegetative,HEALTHY
20260724_123113,G_30_13,jpr_20240528_AB01_MS_aligned_sun-all,30,13,864,1677,4300303.22747017,621338.3849467281,0.5920353,0.116028935,3.4029563e-05,0.8142045454545455,82.30113636363636,40.79647,3.8257544e-06,4.266455e-06,1.5169385e-05,33.54,70.29,7.54,2.26,36.37,6.57,Wheat,Vegetative,HEALTHY
20260724_123113,G_30_14,jpr_20240528_AB01_MS_aligned_sun-all,30,14,928,1677,4300303.22747017,621341.584946709,0.52828807,0.110072695,2.9912004e-05,0.8832386363636363,89.11931818181819,47.171192,4.381107e-06,4.536701e-06,1.4352157e-05,32.38,70.45,10.48,2.46,39.05,6.48,Wheat,Vegetative,HEALTHY
20260724_123113,G_30_15,jpr_20240528_AB01_MS_aligned_sun-all,30,15,992,1677,4300303.22747017,621344.7849466898,0.54773307,0.12228363,3.1186883e-05,0.7900568181818182,79.6590909090909,45.226692,4.1987823e-06,4.41518e-06,1.4594813e-05,31.52,68.41,5.13,4.03,31.88,6.66,Wheat,Vegetative,HEALTHY
20260724_123113,G_30_16,jpr_20240528_AB01_MS_aligned_sun-all,30,16,1056,1677,4300303.22747017,621347.9849466707,0.54470867,0.12249127,3.0391875e-05,0.7735795454545454,78.35227272727273,45.529133,4.052679e-06,4.311504e-06,1.418369e-05,30.14,69.02,12.21,5.52,34.68,7.23,Wheat,Vegetative,HEALTHY
20260724_123113,G_30_17,jpr_20240528_AB01_MS_aligned_sun-all,30,17,1120,1677,4300303.22747017,621351.1849466516,0.5314706,0.12074071,2.9517676e-05,0.8227272727272728,83.63636363636363,46.85294,4.211705e-06,4.403128e-06,1.4051303e-05,33.96,75.39,3.62,5.06,29.33,6.84,Wheat,Vegetative,HEALTHY
20260724_123113,G_30_18,jpr_20240528_AB01_MS_aligned_sun-all,30,18,1184,1677,4300303.22747017,621354.3849466324,0.5068932,0.11792041,2.8664585e-05,0.8315340909090909,84.0340909090909,49.310677,4.5697075e-06,4.4865974e-06,1.4124936e-05,35.56,71.88,1.94,2.01,17.76,6.78,Wheat,Vegetative,HEALTHY
20260724_123113,G_30_19,jpr_20240528_AB01_MS_aligned_sun-all,30,19,1248,1677,4300303.22747017,621357.5849466133,0.47724134,0.11034382,2.5524318e-05,0.8269886363636364,83.66477272727273,52.275867,4.641861e-06,4.559964e-06,1.3150274e-05,28.43,65.6,4.97,3.31,30.95,6.97,Wheat,Vegetative,HEALTHY
20260724_123113,G_30_20,jpr_20240528_AB01_MS_aligned_sun-all,30,20,1312,1677,4300303.22747017,621360.7849465943,0.49654415,0.11819672,2.5944817e-05,0.9420454545454545,95.14204545454545,50.34559,4.3401283e-06,4.298684e-06,1.2988707e-05,27.42,70.94,7.8,5.9,31.11,7.27,Wheat,Vegetative,HEALTHY
20260724_123113,G_30_21,jpr_20240528_AB01_MS_aligned_sun-all,30,21,1376,1677,4300303.22747017,621363.9849465751,0.5302973,0.11535837,2.9721337e-05,0.7715909090909091,77.95454545454545,46.970272,4.2387055e-06,4.5484853e-06,1.4146198e-05,31.65,72.91,14.9,4.02,31.01,6.82,Wheat,Vegetative,HEALTHY
20260724_123113,G_30_22,jpr_20240528_AB01_MS_aligned_sun-all,30,22,1440,1677,4300303.22747017,621367.184946556,0.55582523,0.119074255,3.154086e-05,0.7875,79.46022727272727,44.417477,3.9353245e-06,4.2932347e-06,1.4449358e-05,32.11,73.47,14.6,2.63,35.88,7.08,Wheat,Vegetative,HEALTHY
20260724_123113,G_30_23,jpr_20240528_AB01_MS_aligned_sun-all,30,23,1504,1677,4300303.22747017,621370.3849465369,0.52213335,0.09339218,3.017959e-05,0.7872159090909091,79.9715909090909,47.786667,4.455652e-06,4.757127e-06,1.4515909e-05,31.23,69.72,5.99,0.57,36.45,6.38,Wheat,Vegetative,HEALTHY
20260724_123113,G_30_24,jpr_20240528_AB01_MS_aligned_sun-all,30,24,1568,1677,4300303.22747017,621373.5849465177,0.5262321,0.08449693,2.6389485e-05,0.865625,87.24431818181819,47.37679,3.832608e-06,3.87816e-06,1.2629406e-05,35.33,63.46,12.77,0.9,36.26,6.62,Wheat,Vegetative,HEALTHY
20260724_123113,G_30_25,jpr_20240528_AB01_MS_aligned_sun-all,30,25,1632,1677,4300303.22747017,621376.7849464986,0.50403607,0.08992664,2.6749925e-05,0.8559659090909091,86.42045454545455,49.596394,4.360324e-06,4.363423e-06,1.32772875e-05,29.11,71.21,7.54,1.39,43.98,7.23,Wheat,Vegetative,HEALTHY
20260724_123113,G_30_26,jpr_20240528_AB01_MS_aligned_sun-all,30,26,1696,1677,4300303.22747017,621379.9849464794,0.51712483,0.10207259,2.670841e-05,0.8102272727272727,81.9034090909091,48.287518,3.9508895e-06,3.99444e-06,1.28540105e-05,32.72,60.67,8.76,2.59,30.78,7.45,Wheat,Vegetative,HEALTHY
20260724_123113,G_30_27,jpr_20240528_AB01_MS_aligned_sun-all,30,27,1760,1677,4300303.22747017,621383.1849464604,0.55074793,0.11183133,2.914669e-05,0.8849431818181818,89.23295454545455,44.925205,3.9138126e-06,4.0839964e-06,1.3629724e-05,31.59,71.06,13.4,5.41,33.47,7.03,Wheat,Vegetative,HEALTHY
20260724_123113,G_30_28,jpr_20240528_AB01_MS_aligned_sun-all,30,28,1824,1677,4300303.22747017,621386.3849464413,0.5252142,0.1053992,2.8906781e-05,0.85,86.13636363636363,47.47858,4.249816e-06,4.272187e-06,1.3885769e-05,28.43,74.3,1.92,3.9,39.96,6.68,Wheat,Vegetative,HEALTHY
20260724_123113,G_30_29,jpr_20240528_AB01_MS_aligned_sun-all,30,29,1888,1677,4300303.22747017,621389.5849464221,0.49355367,0.102450326,2.6648051e-05,0.9269886363636364,93.26704545454545,50.644638,4.5283828e-06,4.3810196e-06,1.3411389e-05,35.59,68.17,8.04,5.68,40.9,7.08,Wheat,Vegetative,HEALTHY
20260724_123113,G_30_30,jpr_20240528_AB01_MS_aligned_sun-all,30,30,1952,1677,4300303.22747017,621392.784946403,0.5016593,0.10672215,2.7045187e-05,0.8170454545454545,82.72727272727273,49.834072,4.391493e-06,4.172026e-06,1.3406888e-05,31.87,76.02,4.17,0.87,34.14,6.9,Wheat,Vegetative,HEALTHY
20260724_123113,G_30_31,jpr_20240528_AB01_MS_aligned_sun-all,30,31,2016,1677,4300303.22747017,621395.9849463839,0.53903043,0.11594592,3.1022097e-05,0.8329545454545455,84.26136363636364,46.09696,4.1772887e-06,4.49734e-06,1.4518396e-05,32.47,69.11,9.01,0.78,35.83,6.9,Wheat,Vegetative,HEALTHY
20260724_123113,G_30_32,jpr_20240528_AB01_MS_aligned_sun-all,30,32,2080,1677,4300303.22747017,621399.1849463647,0.54272664,0.12055233,3.1102965e-05,0.8230113636363636,83.21022727272728,45.727337,4.2038228e-06,4.4776707e-06,1.4571886e-05,32.59,72.27,14.73,5.7,41.47,6.97,Wheat,Vegetative,HEALTHY
20260724_123113,G_30_33,jpr_20240528_AB01_MS_aligned_sun-all,30,33,2144,1677,4300303.22747017,621402.3849463456,0.5351742,0.1268933,2.8828299e-05,0.8102272727272727,81.81818181818183,46.482582,4.010795e-06,4.060464e-06,1.3620583e-05,32.71,74.76,4.41,1.91,32.91,6.4,Wheat,Vegetative,HEALTHY
20260724_123113,G_30_34,jpr_20240528_AB01_MS_aligned_sun-all,30,34,2208,1677,4300303.22747017,621405.5849463266,0.5465284,0.12782994,3.137896e-05,0.8244318181818182,83.0965909090909,45.34716,4.171099e-06,4.4488615e-06,1.4631162e-05,31.69,73.82,13.43,2.25,29.19,6.65,Wheat,Vegetative,HEALTHY
20260724_123113,G_30_35,jpr_20240528_AB01_MS_aligned_sun-all,30,35,2272,1677,4300303.22747017,621408.7849463074,0.55961204,0.12636459,3.0607232e-05,0.853125,85.9090909090909,44.038795,3.900702e-06,4.3175946e-06,1.4103491e-05,27.65,68.76,10.01,3.25,46.73,6.96,Wheat,Vegetative,HEALTHY
20260724_123113,G_30_36,jpr_20240528_AB01_MS_aligned_sun-all,30,36,2336,1677,4300303.22747017,621411.9849462883,0.5038281,0.10808508,2.62414e-05,0.9073863636363636,91.39204545454545,49.617188,4.319546e-06,4.317858e-06,1.3066987e-05,31.97,74.85,14.83,0.54,35.63,7.07,Wheat,Vegetative,HEALTHY
20260724_123113,G_30_37,jpr_20240528_AB01_MS_aligned_sun-all,30,37,2400,1677,4300303.22747017,621415.1849462691,0.53165513,0.11846113,2.6721325e-05,0.8323863636363636,83.86363636363636,46.834488,3.7434536e-06,3.826651e-06,1.2650871e-05,28.28,72.11,13.72,3.87,38.41,6.75,Wheat,Vegetative,HEALTHY
20260724_123113,G_30_38,jpr_20240528_AB01_MS_aligned_sun-all,30,38,2464,1677,4300303.22747017,621418.38494625,0.5453887,0.12577224,2.9048559e-05,0.8090909090909091,81.73295454545455,45.46113,3.9341667e-06,4.1514445e-06,1.36173685e-05,33.85,64.87,3.77,2.3,26.98,6.88,Wheat,Vegetative,HEALTHY
20260724_123113,G_30_39,jpr_20240528_AB01_MS_aligned_sun-all,30,39,2528,1677,4300303.22747017,621421.5849462309,0.5605883,0.12124068,3.11862e-05,0.7940340909090909,79.91477272727273,43.94117,3.9340243e-06,4.1789e-06,1.4329821e-05,29.87,68.02,6.42,4.49,33.14,6.72,Wheat,Vegetative,HEALTHY
20260724_123113,G_30_40,jpr_20240528_AB01_MS_aligned_sun-all,30,40,2592,1677,4300303.22747017,621424.7849462117,0.5201654,0.11615422,2.8696766e-05,0.7994318181818182,80.68181818181817,47.983463,4.2677484e-06,4.086295e-06,1.3833695e-05,30.11,67.47,11.28,5.25,36.3,7.44,Wheat,Vegetative,HEALTHY
20260724_123113,G_30_41,jpr_20240528_AB01_MS_aligned_sun-all,30,41,2656,1677,4300303.22747017,621427.9849461927,0.54657483,0.10419822,3.17106e-05,0.8005681818181818,80.68181818181817,45.342518,4.283006e-06,4.238854e-06,1.4853619e-05,32.33,76.69,8.18,4.11,36.77,6.7,Wheat,Vegetative,HEALTHY
20260724_123113,G_30_42,jpr_20240528_AB01_MS_aligned_sun-all,30,42,2720,1677,4300303.22747017,621431.1849461736,0.5439734,0.10790536,3.1094038e-05,0.8107954545454545,81.61931818181817,45.60266,4.268497e-06,4.6336713e-06,1.4633578e-05,31.87,70.7,2.85,5.0,36.64,6.59,Wheat,Vegetative,HEALTHY
20260724_123113,G_30_43,jpr_20240528_AB01_MS_aligned_sun-all,30,43,2784,1677,4300303.22747017,621434.3849461544,0.5693826,0.11186711,3.008764e-05,0.837215909090909,84.74431818181817,43.06174,3.6714712e-06,3.9006195e-06,1.3701046e-05,28.86,70.08,3.77,3.79,46.66,7.09,Wheat,Vegetative,HEALTHY
20260724_123113,G_30_44,jpr_20240528_AB01_MS_aligned_sun-all,30,44,2848,1677,4300303.22747017,621437.5849461353,0.51611054,0.104494795,2.5770698e-05,0.7389204545454545,74.7159090909091,48.388947,3.8847534e-06,3.8865487e-06,1.24752805e-05,29.57,71.52,10.41,3.0,28.84,6.76,Wheat,Vegetative,HEALTHY
20260724_123113,G_30_45,jpr_20240528_AB01_MS_aligned_sun-all,30,45,2912,1677,4300303.22747017,621440.7849461162,0.482286,0.07993231,2.5465562e-05,0.9306818181818182,93.29545454545455,51.7714,4.5435413e-06,4.214582e-06,1.3032363e-05,30.7,64.7,14.53,1.94,33.38,7.21,Wheat,Vegetative,HEALTHY
20260724_123113,G_30_46,jpr_20240528_AB01_MS_aligned_sun-all,30,46,2976,1677,4300303.22747017,621443.984946097,0.44928333,0.06177095,2.5388941e-05,1.0,100.0,55.071663,5.2164764e-06,4.8281986e-06,1.3679778e-05,32.55,65.56,0.22,1.68,29.72,6.97,Wheat,Vegetative,HEALTHY
20260724_123113,G_30_47,jpr_20240528_AB01_MS_aligned_sun-all,30,47,3040,1677,4300303.22747017,621447.184946078,0.4275144,0.051236413,2.634145e-05,1.0,100.0,57.248558,5.884042e-06,5.6820295e-06,1.4664887e-05,29.8,71.27,11.13,1.81,25.37,7.01,Wheat,Vegetative,HEALTHY
20260724_123113,G_30_48,jpr_20240528_AB01_MS_aligned_sun-all,30,48,3104,1677,4300303.22747017,621450.3849460589,0.4501133,0.07033158,2.7985912e-05,0.9985795454545454,99.94318181818181,54.98867,5.7508773e-06,5.652334e-06,1.5079904e-05,33.11,69.62,5.97,2.36,37.46,7.33,Wheat,Vegetative,HEALTHY
20260724_123113,G_30_49,jpr_20240528_AB01_MS_aligned_sun-all,30,49,3168,1677,4300303.22747017,621453.5849460397,0.51891416,0.118343204,3.035034e-05,0.9292613636363637,93.21022727272728,48.108585,4.7044336e-06,4.7496674e-06,1.4821614e-05,30.9,65.13,2.36,4.3,31.97,6.33,Wheat,Vegetative,HEALTHY
20260724_123113,G_31_1,jpr_20240528_AB01_MS_aligned_sun-all,31,1,96,1732,4300300.4776612,621299.9849469576,0.54930663,0.12276228,3.234927e-05,0.9011363636363636,90.48295454545455,45.069336,4.2851466e-06,4.4206836e-06,1.5068669e-05,31.81,65.58,12.4,2.74,32.45,6.87,Wheat,Vegetative,HEALTHY
20260724_123113,G_31_2,jpr_20240528_AB01_MS_aligned_sun-all,31,2,160,1732,4300300.4776612,621303.1849469384,0.55718833,0.12419697,3.1939166e-05,0.8448863636363636,85.48295454545455,44.281166,4.062927e-06,4.446249e-06,1.4709734e-05,27.71,77.45,1.55,1.27,36.11,6.73,Wheat,Vegetative,HEALTHY
20260724_123113,G_31_3,jpr_20240528_AB01_MS_aligned_sun-all,31,3,224,1732,4300300.4776612,621306.3849469193,0.50343597,0.09987983,2.6132437e-05,0.9386363636363636,94.23295454545455,49.656403,4.1925664e-06,4.2058496e-06,1.2903687e-05,29.69,79.06,13.7,4.35,32.23,6.71,Wheat,Vegetative,HEALTHY
20260724_123113,G_31_4,jpr_20240528_AB01_MS_aligned_sun-all,31,4,288,1732,4300300.4776612,621309.5849469001,0.5356048,0.10954474,2.9214945e-05,0.8920454545454546,89.9715909090909,46.43952,4.126503e-06,4.3845826e-06,1.386518e-05,32.3,73.38,8.13,0.5,33.33,6.9,Wheat,Vegetative,HEALTHY
20260724_123113,G_31_5,jpr_20240528_AB01_MS_aligned_sun-all,31,5,352,1732,4300300.4776612,621312.784946881,0.5260907,0.09545343,2.823234e-05,0.825,83.35227272727272,47.39093,4.0792047e-06,4.205018e-06,1.349033e-05,32.95,62.6,14.31,4.88,41.78,7.01,Wheat,Vegetative,HEALTHY
20260724_123113,G_31_6,jpr_20240528_AB01_MS_aligned_sun-all,31,6,416,1732,4300300.4776612,621315.9849468619,0.43095908,0.068855844,2.1079164e-05,0.9338068181818182,94.0909090909091,56.90409,4.6607506e-06,4.3790283e-06,1.1687368e-05,30.19,71.42,12.41,0.73,41.24,6.8,Wheat,Vegetative,HEALTHY
20260724_123113,G_31_7,jpr_20240528_AB01_MS_aligned_sun-all,31,7,480,1732,4300300.4776612,621319.1849468428,0.48351136,0.078920074,2.5326746e-05,0.8048295454545454,81.39204545454545,51.64887,4.4616577e-06,4.4306385e-06,1.2904206e-05,28.12,68.0,11.99,3.68,33.67,6.44,Wheat,Vegetative,HEALTHY
20260724_123113,G_31_8,jpr_20240528_AB01_MS_aligned_sun-all,31,8,544,1732,4300300.4776612,621322.3849468237,0.56711155,0.10055056,3.1814343e-05,0.7653409090909091,77.64204545454545,43.288845,3.8204394e-06,4.2567867e-06,1.442563e-05,35.18,73.24,3.44,4.66,38.86,6.7,Wheat,Vegetative,HEALTHY
20260724_123113,G_31_9,jpr_20240528_AB01_MS_aligned_sun-all,31,9,608,1732,4300300.4776612,621325.5849468046,0.51988256,0.09346484,2.6780912e-05,0.8414772727272727,85.0,48.011745,4.1162384e-06,4.1357393e-06,1.3043519e-05,29.97,68.95,13.46,3.04,37.92,6.66,Wheat,Vegetative,HEALTHY
20260724_123113,G_31_10,jpr_20240528_AB01_MS_aligned_sun-all,31,10,672,1732,4300300.4776612,621328.7849467854,0.5418253,0.096123315,2.9300543e-05,0.734375,74.26136363636363,45.81747,4.061042e-06,4.1315143e-06,1.3828247e-05,29.16,80.02,4.39,0.88,42.66,6.74,Wheat,Vegetative,HEALTHY
20260724_123113,G_31_11,jpr_20240528_AB01_MS_aligned_sun-all,31,11,736,1732,4300300.4776612,621331.9849467663,0.52325124,0.097062565,2.906017e-05,0.8051136363636363,81.16477272727273,47.674877,4.3843024e-06,4.5555644e-06,1.4071389e-05,30.11,68.06,8.68,4.52,36.99,6.78,Wheat,Vegetative,HEALTHY
20260724_123113,G_31_12,jpr_20240528_AB01_MS_aligned_sun-all,31,12,800,1732,4300300.4776612,621335.1849467471,0.57779497,0.10399064,3.2548145e-05,0.8065340909090909,81.64772727272728,42.220505,3.91929e-06,4.238091e-06,1.4769086e-05,26.34,75.85,10.55,4.31,25.79,6.71,Wheat,Vegetative,HEALTHY
20260724_123113,G_31_13,jpr_20240528_AB01_MS_aligned_sun-all,31,13,864,1732,4300300.4776612,621338.3849467281,0.53155047,0.116630726,2.9538502e-05,0.8931818181818182,90.11363636363636,46.84495,4.2223587e-06,4.5052916e-06,1.4068898e-05,33.14,68.95,9.76,1.35,29.42,6.69,Wheat,Vegetative,HEALTHY
20260724_123113,G_31_14,jpr_20240528_AB01_MS_aligned_sun-all,31,14,928,1732,4300300.4776612,621341.584946709,0.55479383,0.11388414,3.2436707e-05,0.803409090909091,81.2215909090909,44.520615,4.2923834e-06,4.6416144e-06,1.5105045e-05,33.15,66.75,6.42,4.53,29.39,6.8,Wheat,Vegetative,HEALTHY
20260724_123113,G_31_15,jpr_20240528_AB01_MS_aligned_sun-all,31,15,992,1732,4300300.4776612,621344.7849466898,0.5283598,0.12410866,2.969748e-05,0.8636363636363636,87.04545454545455,47.164024,4.291729e-06,4.5533293e-06,1.4191269e-05,35.32,64.97,2.24,4.78,38.53,7.27,Wheat,Vegetative,HEALTHY
20260724_123113,G_31_16,jpr_20240528_AB01_MS_aligned_sun-all,31,16,1056,1732,4300300.4776612,621347.9849466707,0.53432465,0.12315749,2.892386e-05,0.8903409090909091,89.9715909090909,46.567535,4.0624864e-06,4.2956e-06,1.3704128e-05,30.47,69.29,11.13,3.15,41.88,6.46,Wheat,Vegetative,HEALTHY
20260724_123113,G_31_17,jpr_20240528_AB01_MS_aligned_sun-all,31,17,1120,1732,4300300.4776612,621351.1849466516,0.52471274,0.12532337,2.9255209e-05,0.8448863636363636,85.56818181818183,47.528725,4.272036e-06,4.493425e-06,1.4024145e-05,32.21,75.32,8.11,4.39,33.81,7.14,Wheat,Vegetative,HEALTHY
20260724_123113,G_31_18,jpr_20240528_AB01_MS_aligned_sun-all,31,18,1184,1732,4300300.4776612,621354.3849466324,0.5645499,0.13463432,3.3752745e-05,0.7715909090909091,78.125,43.545006,4.197819e-06,4.60196e-06,1.544919e-05,33.54,69.82,2.65,0.76,29.74,7.01,Wheat,Vegetative,HEALTHY
20260724_123113,G_31_19,jpr_20240528_AB01_MS_aligned_sun-all,31,19,1248,1732,4300300.4776612,621357.5849466133,0.5049149,0.12636812,2.6402935e-05,0.8579545454545454,87.2159090909091,49.50851,4.3129926e-06,4.342547e-06,1.3114282e-05,28.21,68.65,13.97,4.89,39.06,6.95,Wheat,Vegetative,HEALTHY
20260724_123113,G_31_20,jpr_20240528_AB01_MS_aligned_sun-all,31,20,1312,1732,4300300.4776612,621360.7849465943,0.53039443,0.12274097,2.9060622e-05,0.8471590909090909,85.85227272727273,46.960556,4.221965e-06,4.3685914e-06,1.3909198e-05,30.67,60.79,4.4,2.44,27.17,6.58,Wheat,Vegetative,HEALTHY
20260724_123113,G_31_21,jpr_20240528_AB01_MS_aligned_sun-all,31,21,1376,1732,4300300.4776612,621363.9849465751,0.5814135,0.121375605,3.5662735e-05,0.8909090909090909,89.74431818181819,41.85865,3.985817e-06,4.6098344e-06,1.58739e-05,29.96,75.6,8.24,2.97,24.63,6.11,Wheat,Vegetative,HEALTHY
20260724_123113,G_31_22,jpr_20240528_AB01_MS_aligned_sun-all,31,22,1440,1732,4300300.4776612,621367.184946556,0.50136477,0.10598716,2.6734771e-05,0.8434659090909091,84.94318181818183,49.86352,4.3380583e-06,4.2895604e-06,1.3249972e-05,30.61,70.97,9.62,1.37,31.89,7.1,Wheat,Vegetative,HEALTHY
20260724_123113,G_31_23,jpr_20240528_AB01_MS_aligned_sun-all,31,23,1504,1732,4300300.4776612,621370.3849465369,0.5269167,0.09309684,2.9105204e-05,0.7940340909090909,80.53977272727273,47.30833,4.0692967e-06,4.2234096e-06,1.37714005e-05,32.09,74.1,7.49,3.85,37.33,6.9,Wheat,Vegetative,HEALTHY
20260724_123113,G_31_24,jpr_20240528_AB01_MS_aligned_sun-all,31,24,1568,1732,4300300.4776612,621373.5849465177,0.45998973,0.0789229,2.3484363e-05,0.8940340909090909,89.82954545454545,54.001026,4.567526e-06,4.343465e-06,1.2395918e-05,33.35,66.27,0.47,4.66,35.01,6.41,Wheat,Vegetative,HEALTHY
20260724_123113,G_31_25,jpr_20240528_AB01_MS_aligned_sun-all,31,25,1632,1732,4300300.4776612,621376.7849464986,0.47253516,0.08797707,2.2439972e-05,0.8792613636363636,89.0625,52.746487,4.2047564e-06,4.0016766e-06,1.1684987e-05,27.41,72.4,11.39,2.44,38.8,6.47,Wheat,Vegetative,HEALTHY
20260724_123113,G_31_26,jpr_20240528_AB01_MS_aligned_sun-all,31,26,1696,1732,4300300.4776612,621379.9849464794,0.49219227,0.10571217,2.4012455e-05,0.8556818181818182,86.42045454545455,50.780773,4.1064854e-06,3.997204e-06,1.2110901e-05,26.1,73.07,7.25,4.24,35.69,6.31,Wheat,Vegetative,HEALTHY
20260724_123113,G_31_27,jpr_20240528_AB01_MS_aligned_sun-all,31,27,1760,1732,4300300.4776612,621383.1849464604,0.5034442,0.09649275,2.705987e-05,0.8176136363636364,82.8125,49.65558,4.3619407e-06,4.307172e-06,1.3382226e-05,31.28,70.58,9.38,2.47,45.5,7.04,Wheat,Vegetative,HEALTHY
20260724_123113,G_31_28,jpr_20240528_AB01_MS_aligned_sun-all,31,28,1824,1732,4300300.4776612,621386.3849464413,0.5311484,0.116283126,3.0030307e-05,0.8301136363636363,83.80681818181817,46.885162,4.286774e-06,4.44949e-06,1.4297261e-05,32.15,82.64,11.14,1.77,27.76,6.77,Wheat,Vegetative,HEALTHY
20260724_123113,G_31_29,jpr_20240528_AB01_MS_aligned_sun-all,31,29,1888,1732,4300300.4776612,621389.5849464221,0.52339077,0.111982025,2.810935e-05,0.8747159090909091,88.4090909090909,47.660923,4.1665976e-06,4.0849573e-06,1.3536724e-05,30.73,72.14,7.22,5.67,23.25,7.18,Wheat,Vegetative,HEALTHY
20260724_123113,G_31_30,jpr_20240528_AB01_MS_aligned_sun-all,31,30,1952,1732,4300300.4776612,621392.784946403,0.55209774,0.124092534,3.2390803e-05,0.7428977272727273,75.71022727272727,44.790226,4.1063463e-06,4.4552307e-06,1.4903713e-05,32.09,71.52,4.47,2.31,38.64,7.07,Wheat,Vegetative,HEALTHY
20260724_123113,G_31_31,jpr_20240528_AB01_MS_aligned_sun-all,31,31,2016,1732,4300300.4776612,621395.9849463839,0.5357062,0.11328682,3.1586507e-05,0.8139204545454546,82.24431818181817,46.42938,4.4006692e-06,4.507651e-06,1.49299285e-05,30.99,70.84,3.38,5.65,35.97,6.98,Wheat,Vegetative,HEALTHY
20260724_123113,G_31_32,jpr_20240528_AB01_MS_aligned_sun-all,31,32,2080,1732,4300300.4776612,621399.1849463647,0.5517403,0.1223857,3.295037e-05,0.8619318181818182,86.8465909090909,44.82597,4.344556e-06,4.7888857e-06,1.532846e-05,31.68,67.73,6.29,1.75,39.81,7.07,Wheat,Vegetative,HEALTHY
20260724_123113,G_31_33,jpr_20240528_AB01_MS_aligned_sun-all,31,33,2144,1732,4300300.4776612,621402.3849463456,0.5337159,0.12868913,2.8282777e-05,0.7642045454545454,77.1590909090909,46.62841,3.8516855e-06,3.885417e-06,1.3279623e-05,29.53,72.78,12.99,3.41,31.09,6.86,Wheat,Vegetative,HEALTHY
20260724_123113,G_31_34,jpr_20240528_AB01_MS_aligned_sun-all,31,34,2208,1732,4300300.4776612,621405.5849463266,0.53687215,0.12758462,3.0385574e-05,0.8505681818181818,85.71022727272727,46.312786,4.1807457e-06,4.4483154e-06,1.4309664e-05,29.47,74.56,13.32,4.89,31.06,6.55,Wheat,Vegetative,HEALTHY
20260724_123113,G_31_35,jpr_20240528_AB01_MS_aligned_sun-all,31,35,2272,1732,4300300.4776612,621408.7849463074,0.5364485,0.120801955,2.9880784e-05,0.8210227272727273,82.92613636363636,46.355152,4.1839253e-06,4.3767345e-06,1.41445635e-05,31.08,68.1,8.49,3.13,37.8,6.86,Wheat,Vegetative,HEALTHY
20260724_123113,G_31_36,jpr_20240528_AB01_MS_aligned_sun-all,31,36,2336,1732,4300300.4776612,621411.9849462883,0.51539004,0.11692044,2.767412e-05,0.9454545454545454,95.22727272727273,48.460995,4.3003765e-06,4.434241e-06,1.3525418e-05,32.02,64.19,12.21,5.25,29.82,6.77,Wheat,Vegetative,HEALTHY
20260724_123113,G_31_37,jpr_20240528_AB01_MS_aligned_sun-all,31,37,2400,1732,4300300.4776612,621415.1849462691,0.5336368,0.13038543,2.6881204e-05,0.9133522727272727,92.2159090909091,46.63632,3.876562e-06,3.9127945e-06,1.2837268e-05,29.57,67.6,9.99,4.69,38.18,6.8,Wheat,Vegetative,HEALTHY
20260724_123113,G_31_38,jpr_20240528_AB01_MS_aligned_sun-all,31,38,2464,1732,4300300.4776612,621418.38494625,0.55009454,0.12085937,3.062556e-05,0.7852272727272728,79.4034090909091,44.990547,4.035283e-06,4.2714396e-06,1.424419e-05,30.66,65.94,6.94,4.23,33.9,6.65,Wheat,Vegetative,HEALTHY
20260724_123113,G_31_39,jpr_20240528_AB01_MS_aligned_sun-all,31,39,2528,1732,4300300.4776612,621421.5849462309,0.5505978,0.12541258,3.0178939e-05,0.8147727272727273,82.64204545454545,44.94022,3.9577694e-06,4.026325e-06,1.4017793e-05,27.74,70.85,11.09,3.52,26.88,6.39,Wheat,Vegetative,HEALTHY
20260724_123113,G_31_40,jpr_20240528_AB01_MS_aligned_sun-all,31,40,2592,1732,4300300.4776612,621424.7849462117,0.5584226,0.11588784,3.1324038e-05,0.7426136363636363,75.68181818181819,44.157738,3.909368e-06,4.019672e-06,1.4351117e-05,31.24,68.44,12.59,1.06,35.64,7.05,Wheat,Vegetative,HEALTHY
20260724_123113,G_31_41,jpr_20240528_AB01_MS_aligned_sun-all,31,41,2656,1732,4300300.4776612,621427.9849461927,0.529827,0.10297792,2.89109e-05,0.8366477272727273,84.54545454545455,47.0173,4.22082e-06,4.302236e-06,1.385814e-05,31.03,79.89,7.48,3.27,34.98,7.22,Wheat,Vegetative,HEALTHY
20260724_123113,G_31_42,jpr_20240528_AB01_MS_aligned_sun-all,31,42,2720,1732,4300300.4776612,621431.1849461736,0.57291126,0.1089274,3.1585136e-05,0.8573863636363637,86.44886363636364,42.708874,3.835464e-06,4.1302155e-06,1.4364237e-05,29.42,72.86,14.57,5.66,30.45,6.96,Wheat,Vegetative,HEALTHY
20260724_123113,G_31_43,jpr_20240528_AB01_MS_aligned_sun-all,31,43,2784,1732,4300300.4776612,621434.3849461544,0.53425026,0.1015269,2.8825129e-05,0.8011363636363636,80.85227272727272,46.574974,4.076646e-06,4.2010593e-06,1.3685376e-05,27.16,79.21,9.41,2.33,28.84,7.1,Wheat,Vegetative,HEALTHY
20260724_123113,G_31_44,jpr_20240528_AB01_MS_aligned_sun-all,31,44,2848,1732,4300300.4776612,621437.5849461353,0.5274067,0.10245209,2.7379563e-05,0.8144886363636363,82.10227272727273,47.25933,3.9660536e-06,3.8983844e-06,1.30928975e-05,29.75,72.44,1.81,2.36,26.35,6.75,Wheat,Vegetative,HEALTHY
20260724_123113,G_31_45,jpr_20240528_AB01_MS_aligned_sun-all,31,45,2912,1732,4300300.4776612,621440.7849461162,0.5681529,0.11695268,3.3304088e-05,0.7752840909090909,78.29545454545455,43.184708,4.0336263e-06,4.5127945e-06,1.5135434e-05,31.66,74.19,10.57,1.0,27.89,6.94,Wheat,Vegetative,HEALTHY
20260724_123113,G_31_46,jpr_20240528_AB01_MS_aligned_sun-all,31,46,2976,1732,4300300.4776612,621443.984946097,0.5341183,0.10993888,2.876523e-05,0.8133522727272727,82.01704545454545,46.58817,4.083519e-06,4.0148734e-06,1.3672278e-05,29.16,78.87,4.13,4.35,32.27,6.22,Wheat,Vegetative,HEALTHY
20260724_123113,G_31_47,jpr_20240528_AB01_MS_aligned_sun-all,31,47,3040,1732,4300300.4776612,621447.184946078,0.4751858,0.08361774,2.6180689e-05,0.9784090909090909,98.0965909090909,52.48142,4.84368e-06,4.3089904e-06,1.3570899e-05,32.58,75.4,13.99,2.77,26.91,6.79,Wheat,Vegetative,HEALTHY
20260724_123113,G_31_48,jpr_20240528_AB01_MS_aligned_sun-all,31,48,3104,1732,4300300.4776612,621450.3849460589,0.45250022,0.073275186,2.8483235e-05,1.0,100.0,54.749977,5.8038154e-06,5.5768655e-06,1.5298629e-05,28.56,74.95,14.25,4.89,38.01,6.63,Wheat,Vegetative,HEALTHY
20260724_123113,G_31_49,jpr_20240528_AB01_MS_aligned_sun-all,31,49,3168,1732,4300300.4776612,621453.5849460397,0.44732493,0.07306217,2.9720963e-05,1.0,100.0,55.267506,6.1382443e-06,5.9233257e-06,1.6045671e-05,32.85,63.99,11.82,5.4,37.45,7.0,Wheat,Vegetative,HEALTHY
20260724_123113,G_32_1,jpr_20240528_AB01_MS_aligned_sun-all,32,1,96,1787,4300297.727852229,621299.9849469576,0.5245034,0.123559944,3.1206662e-05,0.8607954545454546,86.96022727272728,47.54966,4.6524424e-06,4.6166647e-06,1.5055082e-05,28.52,70.61,8.22,2.84,31.22,6.85,Wheat,Vegetative,HEALTHY
20260724_123113,G_32_2,jpr_20240528_AB01_MS_aligned_sun-all,32,2,160,1787,4300297.727852229,621303.1849469384,0.5315287,0.12125725,2.8673941e-05,0.8627840909090909,86.98863636363636,46.84713,4.025695e-06,4.186661e-06,1.3584029e-05,28.4,82.02,1.75,2.59,41.92,7.35,Wheat,Vegetative,HEALTHY
20260724_123113,G_32_3,jpr_20240528_AB01_MS_aligned_sun-all,32,3,224,1787,4300297.727852229,621306.3849469193,0.5245556,0.11234475,2.9932296e-05,0.8357954545454546,85.14204545454545,47.544437,4.390398e-06,4.6128303e-06,1.436822e-05,29.72,68.96,6.68,4.54,36.64,6.44,Wheat,Vegetative,HEALTHY
20260724_123113,G_32_4,jpr_20240528_AB01_MS_aligned_sun-all,32,4,288,1787,4300297.727852229,621309.5849469001,0.51510197,0.10001979,2.8558934e-05,0.821875,82.8125,48.489803,4.4088956e-06,4.3016566e-06,1.39289e-05,30.9,78.03,7.06,5.72,31.54,6.71,Wheat,Vegetative,HEALTHY
20260724_123113,G_32_5,jpr_20240528_AB01_MS_aligned_sun-all,32,5,352,1787,4300297.727852229,621312.784946881,0.50971174,0.10049001,2.6809648e-05,0.8298295454545455,83.83522727272728,49.028824,4.2702904e-06,4.3338982e-06,1.320716e-05,30.41,83.56,4.99,3.82,47.56,6.69,Wheat,Vegetative,HEALTHY
20260724_123113,G_32_6,jpr_20240528_AB01_MS_aligned_sun-all,32,6,416,1787,4300297.727852229,621315.9849468619,0.5072626,0.09458674,2.7157288e-05,0.7772727272727272,78.4659090909091,49.273743,4.265677e-06,4.333479e-06,1.3318436e-05,33.14,69.54,6.38,5.24,30.94,6.42,Wheat,Vegetative,HEALTHY
20260724_123113,G_32_7,jpr_20240528_AB01_MS_aligned_sun-all,32,7,480,1787,4300297.727852229,621319.1849468428,0.51558113,0.09814883,2.7534023e-05,0.8144886363636363,82.67045454545455,48.441887,4.221297e-06,4.453505e-06,1.3399639e-05,32.39,75.94,14.84,1.81,32.61,6.86,Wheat,Vegetative,HEALTHY
20260724_123113,G_32_8,jpr_20240528_AB01_MS_aligned_sun-all,32,8,544,1787,4300297.727852229,621322.3849468237,0.50807804,0.099372506,2.4405006e-05,0.9232954545454546,92.98295454545455,49.192196,3.909269e-06,3.882219e-06,1.2044535e-05,31.17,82.82,13.35,2.73,27.84,7.23,Wheat,Vegetative,HEALTHY
20260724_123113,G_32_9,jpr_20240528_AB01_MS_aligned_sun-all,32,9,608,1787,4300297.727852229,621325.5849468046,0.5675625,0.109096915,3.076658e-05,0.8,80.71022727272728,43.243748,3.7859072e-06,4.1746503e-06,1.4041813e-05,30.33,74.9,4.64,2.57,31.78,7.11,Wheat,Vegetative,HEALTHY
20260724_123113,G_32_10,jpr_20240528_AB01_MS_aligned_sun-all,32,10,672,1787,4300297.727852229,621328.7849467854,0.55252504,0.10184015,3.1712814e-05,0.850284090909091,85.48295454545455,44.747498,4.1812136e-06,4.4297094e-06,1.4752563e-05,33.54,66.46,11.59,5.48,39.44,6.88,Wheat,Vegetative,HEALTHY
20260724_123113,G_32_11,jpr_20240528_AB01_MS_aligned_sun-all,32,11,736,1787,4300297.727852229,621331.9849467663,0.54511446,0.10531021,2.9867182e-05,0.9190340909090909,92.32954545454545,45.488556,4.124678e-06,4.3506357e-06,1.4080777e-05,31.07,69.46,8.69,1.66,28.72,6.25,Wheat,Vegetative,HEALTHY
20260724_123113,G_32_12,jpr_20240528_AB01_MS_aligned_sun-all,32,12,800,1787,4300297.727852229,621335.1849467471,0.55562425,0.11947694,3.0358538e-05,0.7894886363636363,79.80113636363636,44.437576,3.941279e-06,4.264862e-06,1.4061167e-05,28.39,68.59,11.54,5.94,37.1,6.68,Wheat,Vegetative,HEALTHY
20260724_123113,G_32_13,jpr_20240528_AB01_MS_aligned_sun-all,32,13,864,1787,4300297.727852229,621338.3849467281,0.5359878,0.118160754,2.957406e-05,0.8122159090909091,81.78977272727272,46.401222,4.2100246e-06,4.5126835e-06,1.4068413e-05,29.65,63.32,10.81,3.11,42.66,6.54,Wheat,Vegetative,HEALTHY
20260724_123113,G_32_14,jpr_20240528_AB01_MS_aligned_sun-all,32,14,928,1787,4300297.727852229,621341.584946709,0.5077182,0.11857287,2.8485802e-05,0.7767045454545455,78.4375,49.22818,4.547045e-06,4.6270698e-06,1.4042674e-05,30.45,70.2,8.3,0.67,33.24,6.18,Wheat,Vegetative,HEALTHY
20260724_123113,G_32_15,jpr_20240528_AB01_MS_aligned_sun-all,32,15,992,1787,4300297.727852229,621344.7849466898,0.4871677,0.10442977,2.5080857e-05,0.8940340909090909,90.11363636363636,51.28323,4.3287932e-06,4.153334e-06,1.2689371e-05,31.66,66.57,8.32,4.62,27.7,6.47,Wheat,Vegetative,HEALTHY
20260724_123113,G_32_16,jpr_20240528_AB01_MS_aligned_sun-all,32,16,1056,1787,4300297.727852229,621347.9849466707,0.4909874,0.11842912,2.5856873e-05,0.8051136363636363,81.33522727272727,50.901257,4.441813e-06,4.40124e-06,1.3061079e-05,33.78,77.21,5.8,1.58,42.08,6.67,Wheat,Vegetative,HEALTHY
20260724_123113,G_32_17,jpr_20240528_AB01_MS_aligned_sun-all,32,17,1120,1787,4300297.727852229,621351.1849466516,0.5498974,0.12734176,3.0857347e-05,0.7676136363636363,78.03977272727273,45.01026,4.0358314e-06,4.289102e-06,1.4322007e-05,31.89,71.5,8.53,2.42,46.1,6.89,Wheat,Vegetative,HEALTHY
20260724_123113,G_32_18,jpr_20240528_AB01_MS_aligned_sun-all,32,18,1184,1787,4300297.727852229,621354.3849466324,0.55920345,0.13792485,3.3064094e-05,0.8338068181818182,84.14772727272727,44.079655,4.12353e-06,4.641658e-06,1.5145342e-05,31.43,73.73,14.9,1.57,36.62,7.01,Wheat,Vegetative,HEALTHY
20260724_123113,G_32_19,jpr_20240528_AB01_MS_aligned_sun-all,32,19,1248,1787,4300297.727852229,621357.5849466133,0.5469554,0.13769434,2.9144121e-05,0.8934659090909091,89.77272727272727,45.30446,3.940313e-06,4.1096714e-06,1.3655373e-05,30.74,77.07,10.17,5.93,27.4,6.52,Wheat,Vegetative,HEALTHY
20260724_123113,G_32_20,jpr_20240528_AB01_MS_aligned_sun-all,32,20,1312,1787,4300297.727852229,621360.7849465943,0.52787405,0.12047536,2.9092378e-05,0.8732954545454545,88.29545454545455,47.212593,4.2971033e-06,4.467982e-06,1.3994924e-05,31.3,78.14,14.06,2.45,28.61,7.17,Wheat,Vegetative,HEALTHY
20260724_123113,G_32_21,jpr_20240528_AB01_MS_aligned_sun-all,32,21,1376,1787,4300297.727852229,621363.9849465751,0.53358173,0.11037547,3.0260544e-05,0.75625,76.36363636363637,46.641827,4.214973e-06,4.1757335e-06,1.4302215e-05,33.23,79.11,9.83,4.2,37.59,7.15,Wheat,Vegetative,HEALTHY
20260724_123113,G_32_22,jpr_20240528_AB01_MS_aligned_sun-all,32,22,1440,1787,4300297.727852229,621367.184946556,0.5081343,0.098369785,2.8489494e-05,0.7625,77.10227272727272,49.18657,4.445105e-06,4.4629887e-06,1.3941966e-05,32.27,73.53,4.33,2.5,29.57,6.84,Wheat,Vegetative,HEALTHY
20260724_123113,G_32_23,jpr_20240528_AB01_MS_aligned_sun-all,32,23,1504,1787,4300297.727852229,621370.3849465369,0.5257684,0.09275362,2.8829349e-05,0.7630681818181818,78.01136363636364,47.42316,3.9769116e-06,3.9703696e-06,1.3587059e-05,29.84,79.96,4.26,5.43,34.62,6.72,Wheat,Vegetative,HEALTHY
20260724_123113,G_32_24,jpr_20240528_AB01_MS_aligned_sun-all,32,24,1568,1787,4300297.727852229,621373.5849465177,0.53074557,0.099543504,2.986763e-05,0.8019886363636364,81.02272727272727,46.92544,4.212217e-06,4.345782e-06,1.4168478e-05,32.45,70.25,7.31,1.12,37.58,6.78,Wheat,Vegetative,HEALTHY
20260724_123113,G_32_25,jpr_20240528_AB01_MS_aligned_sun-all,32,25,1632,1787,4300297.727852229,621376.7849464986,0.52593845,0.10450423,2.7441632e-05,0.8267045454545454,83.38068181818183,47.406155,4.0319164e-06,4.0775126e-06,1.317945e-05,32.59,62.82,8.18,2.26,28.64,6.22,Wheat,Vegetative,HEALTHY
20260724_123113,G_32_26,jpr_20240528_AB01_MS_aligned_sun-all,32,26,1696,1787,4300297.727852229,621379.9849464794,0.5494162,0.11448258,3.085004e-05,0.8065340909090909,81.2784090909091,45.05838,4.0338773e-06,4.210062e-06,1.431762e-05,32.89,65.76,11.77,5.03,41.01,6.87,Wheat,Vegetative,HEALTHY
20260724_123113,G_32_27,jpr_20240528_AB01_MS_aligned_sun-all,32,27,1760,1787,4300297.727852229,621383.1849464604,0.48973152,0.09756628,2.66296e-05,0.8238636363636364,83.03977272727273,51.026844,4.572038e-06,4.4101284e-06,1.3448898e-05,29.25,75.29,10.78,4.42,17.87,6.52,Wheat,Vegetative,HEALTHY
20260724_123113,G_32_28,jpr_20240528_AB01_MS_aligned_sun-all,32,28,1824,1787,4300297.727852229,621386.3849464413,0.5125438,0.10558198,2.904387e-05,0.850284090909091,85.9090909090909,48.74562,4.467344e-06,4.5464753e-06,1.4149007e-05,27.14,70.65,13.26,3.32,30.27,6.75,Wheat,Vegetative,HEALTHY
20260724_123113,G_32_29,jpr_20240528_AB01_MS_aligned_sun-all,32,29,1888,1787,4300297.727852229,621389.5849464221,0.5035221,0.107441835,2.71164e-05,0.7738636363636363,78.83522727272727,49.64779,4.403441e-06,4.343848e-06,1.3442571e-05,34.93,74.55,8.35,0.89,29.67,6.5,Wheat,Vegetative,HEALTHY
20260724_123113,G_32_30,jpr_20240528_AB01_MS_aligned_sun-all,32,30,1952,1787,4300297.727852229,621392.784946403,0.528292,0.1100266,2.9169916e-05,0.834659090909091,84.20454545454545,47.1708,4.2048828e-06,4.2905176e-06,1.3928554e-05,30.04,72.66,13.64,2.97,28.61,6.64,Wheat,Vegetative,HEALTHY
20260724_123113,G_32_31,jpr_20240528_AB01_MS_aligned_sun-all,32,31,2016,1787,4300297.727852229,621395.9849463839,0.5286792,0.11411276,3.1304626e-05,0.9025568181818182,91.30681818181819,47.13208,4.5821585e-06,4.7462845e-06,1.5017455e-05,29.79,78.09,2.78,4.7,34.61,7.23,Wheat,Vegetative,HEALTHY
20260724_123113,G_32_32,jpr_20240528_AB01_MS_aligned_sun-all,32,32,2080,1787,4300297.727852229,621399.1849463647,0.5315105,0.13182192,2.8441313e-05,0.8193181818181818,83.06818181818181,46.848953,4.024558e-06,4.155545e-06,1.35053415e-05,29.5,71.43,5.13,1.19,24.07,6.72,Wheat,Vegetative,HEALTHY
20260724_123113,G_32_33,jpr_20240528_AB01_MS_aligned_sun-all,32,33,2144,1787,4300297.727852229,621402.3849463456,0.5220401,0.12631337,2.8967914e-05,0.8116477272727273,81.73295454545455,47.795986,4.253298e-06,4.3631308e-06,1.3909635e-05,33.34,77.49,11.13,1.75,40.62,6.61,Wheat,Vegetative,HEALTHY
20260724_123113,G_32_34,jpr_20240528_AB01_MS_aligned_sun-all,32,34,2208,1787,4300297.727852229,621405.5849463266,0.52426094,0.12471692,2.8652963e-05,0.7909090909090909,79.80113636363636,47.573906,4.240299e-06,4.2227302e-06,1.379164e-05,29.02,65.14,14.71,0.98,30.47,7.23,Wheat,Vegetative,HEALTHY
20260724_123113,G_32_35,jpr_20240528_AB01_MS_aligned_sun-all,32,35,2272,1787,4300297.727852229,621408.7849463074,0.5439068,0.12605707,3.0084255e-05,0.7571022727272727,76.30681818181819,45.609318,4.07619e-06,4.2178895e-06,1.4104655e-05,31.21,72.32,2.99,0.84,20.71,6.84,Wheat,Vegetative,HEALTHY
20260724_123113,G_32_36,jpr_20240528_AB01_MS_aligned_sun-all,32,36,2336,1787,4300297.727852229,621411.9849462883,0.5230524,0.116567455,2.7467659e-05,0.8252840909090909,83.69318181818181,47.69476,4.019714e-06,4.17479e-06,1.3175931e-05,28.88,80.67,5.47,4.29,34.72,6.99,Wheat,Vegetative,HEALTHY
20260724_123113,G_32_37,jpr_20240528_AB01_MS_aligned_sun-all,32,37,2400,1787,4300297.727852229,621415.1849462691,0.5784143,0.14164528,3.2250686e-05,0.86875,87.89772727272728,42.15857,3.7907225e-06,4.253956e-06,1.4541359e-05,32.96,64.66,12.53,3.76,34.25,7.2,Wheat,Vegetative,HEALTHY
20260724_123113,G_32_38,jpr_20240528_AB01_MS_aligned_sun-all,32,38,2464,1787,4300297.727852229,621418.38494625,0.5575712,0.1211133,3.300748e-05,0.7806818181818181,78.66477272727272,44.24288,4.1810486e-06,4.4701533e-06,1.5183988e-05,34.31,73.84,7.12,1.99,30.83,7.09,Wheat,Vegetative,HEALTHY
20260724_123113,G_32_39,jpr_20240528_AB01_MS_aligned_sun-all,32,39,2528,1787,4300297.727852229,621421.5849462309,0.5694775,0.124149464,3.231939e-05,0.7928977272727272,80.14204545454545,43.05225,3.938968e-06,4.2822885e-06,1.4712515e-05,27.05,72.49,2.23,1.3,34.62,6.71,Wheat,Vegetative,HEALTHY
20260724_123113,G_32_40,jpr_20240528_AB01_MS_aligned_sun-all,32,40,2592,1787,4300297.727852229,621424.7849462117,0.5021431,0.10733407,2.5133582e-05,0.8471590909090909,85.36931818181817,49.78569,4.0946315e-06,3.899964e-06,1.2472777e-05,25.47,77.2,7.46,4.34,26.69,6.64,Wheat,Vegetative,HEALTHY
20260724_123113,G_32_41,jpr_20240528_AB01_MS_aligned_sun-all,32,41,2656,1787,4300297.727852229,621427.9849461927,0.525421,0.098632984,2.9216068e-05,0.8147727272727273,82.27272727272728,47.457897,4.2024344e-06,4.522761e-06,1.3941493e-05,31.67,77.17,2.0,2.09,34.37,6.91,Wheat,Vegetative,HEALTHY
20260724_123113,G_32_42,jpr_20240528_AB01_MS_aligned_sun-all,32,42,2720,1787,4300297.727852229,621431.1849461736,0.5328393,0.092737295,2.9199478e-05,0.8389204545454545,84.63068181818181,46.716072,4.2012043e-06,4.1825656e-06,1.3934724e-05,30.7,73.76,8.92,5.34,28.89,6.52,Wheat,Vegetative,HEALTHY
20260724_123113,G_32_43,jpr_20240528_AB01_MS_aligned_sun-all,32,43,2784,1787,4300297.727852229,621434.3849461544,0.5271208,0.10511865,2.7897355e-05,0.7681818181818182,77.44318181818181,47.287918,4.0616537e-06,4.1666945e-06,1.3361107e-05,32.45,71.91,13.54,4.06,36.72,6.46,Wheat,Vegetative,HEALTHY
20260724_123113,G_32_44,jpr_20240528_AB01_MS_aligned_sun-all,32,44,2848,1787,4300297.727852229,621437.5849461353,0.5312827,0.1084078,2.9514164e-05,0.8181818181818182,82.58522727272727,46.871727,4.202752e-06,4.276467e-06,1.4041179e-05,32.29,65.69,3.34,4.19,40.75,6.48,Wheat,Vegetative,HEALTHY
20260724_123113,G_32_45,jpr_20240528_AB01_MS_aligned_sun-all,32,45,2912,1787,4300297.727852229,621440.7849461162,0.5530718,0.12087071,3.0671774e-05,0.8355113636363637,83.89204545454545,44.69282,3.9705355e-06,4.1640187e-06,1.4194848e-05,30.87,69.83,1.81,0.81,40.2,6.96,Wheat,Vegetative,HEALTHY
20260724_123113,G_32_46,jpr_20240528_AB01_MS_aligned_sun-all,32,46,2976,1787,4300297.727852229,621443.984946097,0.57170767,0.13297893,3.2426055e-05,0.8073863636363636,81.39204545454545,42.829235,3.7670434e-06,3.857931e-06,1.4576152e-05,32.88,71.64,3.2,2.08,29.12,6.86,Wheat,Vegetative,HEALTHY
20260724_123113,G_32_47,jpr_20240528_AB01_MS_aligned_sun-all,32,47,3040,1787,4300297.727852229,621447.184946078,0.55879676,0.13230504,3.0898173e-05,0.8096590909090909,81.42045454545455,44.120323,3.9933648e-06,3.8478656e-06,1.429314e-05,32.4,67.09,13.72,1.69,26.79,7.21,Wheat,Vegetative,HEALTHY
20260724_123113,G_32_48,jpr_20240528_AB01_MS_aligned_sun-all,32,48,3104,1787,4300297.727852229,621450.3849460589,0.5303866,0.124215715,2.9982024e-05,0.9150568181818182,92.44318181818181,46.961338,4.411665e-06,4.2183606e-06,1.4406055e-05,27.93,77.06,14.45,2.75,40.57,6.83,Wheat,Vegetative,HEALTHY
20260724_123113,G_32_49,jpr_20240528_AB01_MS_aligned_sun-all,32,49,3168,1787,4300297.727852229,621453.5849460397,0.48832667,0.10457205,2.868797e-05,0.9534090909090909,95.56818181818181,51.16733,5.0435856e-06,4.572343e-06,1.46066195e-05,32.92,68.18,3.59,4.11,26.06,6.73,Wheat,Vegetative,HEALTHY
20260724_123113,G_33_1,jpr_20240528_AB01_MS_aligned_sun-all,33,1,96,1842,4300294.978043259,621299.9849469576,0.50042224,0.117588855,2.7645032e-05,0.5892045454545455,59.00568181818182,49.957775,4.5744378e-06,4.398099e-06,1.3789794e-05,28.24,76.53,3.84,0.98,34.34,6.92,Wheat,Vegetative,HEALTHY
20260724_123113,G_33_2,jpr_20240528_AB01_MS_aligned_sun-all,33,2,160,1842,4300294.978043259,621303.1849469384,0.5329257,0.12153086,3.290065e-05,0.8713068181818182,87.7840909090909,46.707428,4.718775e-06,5.003057e-06,1.5686119e-05,32.47,72.14,5.22,1.45,37.34,7.25,Wheat,Vegetative,HEALTHY
20260724_123113,G_33_3,jpr_20240528_AB01_MS_aligned_sun-all,33,3,224,1842,4300294.978043259,621306.3849469193,0.5680625,0.12895963,3.436633e-05,0.915625,92.1875,43.193752,4.1944163e-06,4.5321185e-06,1.5650334e-05,31.76,75.8,3.15,0.77,37.26,6.87,Wheat,Vegetative,HEALTHY
20260724_123113,G_33_4,jpr_20240528_AB01_MS_aligned_sun-all,33,4,288,1842,4300294.978043259,621309.5849469001,0.47502628,0.09019483,2.494269e-05,0.9463068181818182,95.0,52.497375,4.6408404e-06,4.4491717e-06,1.2955366e-05,32.79,78.53,14.22,0.73,36.09,6.62,Wheat,Vegetative,HEALTHY
20260724_123113,G_33_5,jpr_20240528_AB01_MS_aligned_sun-all,33,5,352,1842,4300294.978043259,621312.784946881,0.55685985,0.11788468,3.1283347e-05,0.852840909090909,86.02272727272727,44.314014,4.0758846e-06,4.227685e-06,1.4504063e-05,31.19,61.29,7.99,0.58,40.65,6.98,Wheat,Vegetative,HEALTHY
20260724_123113,G_33_6,jpr_20240528_AB01_MS_aligned_sun-all,33,6,416,1842,4300294.978043259,621315.9849468619,0.5507656,0.11337479,3.2880493e-05,0.8505681818181818,85.76704545454545,44.923443,4.357753e-06,4.835089e-06,1.5318361e-05,30.84,74.09,14.59,3.72,38.4,6.92,Wheat,Vegetative,HEALTHY
20260724_123113,G_33_7,jpr_20240528_AB01_MS_aligned_sun-all,33,7,480,1842,4300294.978043259,621319.1849468428,0.48815283,0.095095605,2.5470888e-05,0.8127840909090909,81.96022727272727,51.184715,4.338219e-06,4.3270443e-06,1.28288175e-05,30.73,60.12,9.42,2.85,32.49,6.77,Wheat,Vegetative,HEALTHY
20260724_123113,G_33_8,jpr_20240528_AB01_MS_aligned_sun-all,33,8,544,1842,4300294.978043259,621322.3849468237,0.4795398,0.09603955,2.3899534e-05,0.9110795454545455,91.78977272727272,52.04602,4.3404975e-06,4.320518e-06,1.2307275e-05,29.61,66.84,11.18,0.59,33.48,6.2,Wheat,Vegetative,HEALTHY
20260724_123113,G_33_9,jpr_20240528_AB01_MS_aligned_sun-all,33,9,608,1842,4300294.978043259,621325.5849468046,0.52432436,0.10333017,2.8053855e-05,0.9252840909090909,93.06818181818181,47.567566,4.2040347e-06,4.110904e-06,1.3555659e-05,28.04,68.71,14.37,3.33,39.75,7.4,Wheat,Vegetative,HEALTHY
20260724_123113,G_33_10,jpr_20240528_AB01_MS_aligned_sun-all,33,10,672,1842,4300294.978043259,621328.7849467854,0.53633124,0.114663616,2.8754153e-05,0.9653409090909091,97.67045454545455,46.366875,4.148029e-06,4.2166553e-06,1.3733094e-05,29.45,75.22,4.7,2.53,30.54,6.6,Wheat,Vegetative,HEALTHY
20260724_123113,G_33_11,jpr_20240528_AB01_MS_aligned_sun-all,33,11,736,1842,4300294.978043259,621331.9849467663,0.58534193,0.12356926,3.1666674e-05,0.8619318181818182,86.78977272727273,41.465805,3.6633514e-06,4.0153714e-06,1.4219298e-05,33.35,78.87,1.74,2.41,39.98,6.9,Wheat,Vegetative,HEALTHY
20260724_123113,G_33_12,jpr_20240528_AB01_MS_aligned_sun-all,33,12,800,1842,4300294.978043259,621335.1849467471,0.558451,0.13729316,3.101862e-05,0.8323863636363636,83.97727272727272,44.1549,3.975188e-06,4.2814436e-06,1.4315117e-05,29.4,70.08,13.81,2.58,41.87,7.13,Wheat,Vegetative,HEALTHY
20260724_123113,G_33_13,jpr_20240528_AB01_MS_aligned_sun-all,33,13,864,1842,4300294.978043259,621338.3849467281,0.5878376,0.13547894,3.320894e-05,0.8136363636363636,81.98863636363637,41.216244,3.761521e-06,4.2441625e-06,1.4831593e-05,30.82,75.24,1.04,5.3,41.2,7.0,Wheat,Vegetative,HEALTHY
20260724_123113,G_33_14,jpr_20240528_AB01_MS_aligned_sun-all,33,14,928,1842,4300294.978043259,621341.584946709,0.5424581,0.12660429,3.1229414e-05,0.7948863636363637,80.625,45.75419,4.1487783e-06,4.358063e-06,1.4558995e-05,34.1,69.87,1.75,1.94,36.9,6.74,Wheat,Vegetative,HEALTHY
20260724_123113,G_33_15,jpr_20240528_AB01_MS_aligned_sun-all,33,15,992,1842,4300294.978043259,621344.7849466898,0.51245767,0.11414151,2.6957949e-05,0.7693181818181818,77.75568181818183,48.754234,4.2032852e-06,3.9668253e-06,1.31895895e-05,30.06,75.86,2.28,0.78,38.4,6.45,Wheat,Vegetative,HEALTHY
20260724_123113,G_33_16,jpr_20240528_AB01_MS_aligned_sun-all,33,16,1056,1842,4300294.978043259,621347.9849466707,0.5185823,0.12790444,2.605698e-05,0.8349431818181818,84.43181818181819,48.141773,3.90489e-06,3.944127e-06,1.2590847e-05,26.84,76.93,11.51,4.91,43.47,6.77,Wheat,Vegetative,HEALTHY
20260724_123113,G_33_17,jpr_20240528_AB01_MS_aligned_sun-all,33,17,1120,1842,4300294.978043259,621351.1849466516,0.5338049,0.12768584,2.9969038e-05,0.8213068181818182,82.8125,46.61951,4.2567644e-06,4.479318e-06,1.4246825e-05,30.26,74.52,0.46,3.03,37.33,6.79,Wheat,Vegetative,HEALTHY
20260724_123113,G_33_18,jpr_20240528_AB01_MS_aligned_sun-all,33,18,1184,1842,4300294.978043259,621354.3849466324,0.561797,0.1365948,3.098099e-05,0.7960227272727273,80.88068181818183,43.820297,3.953564e-06,4.449593e-06,1.4280947e-05,31.02,67.88,14.68,1.57,41.61,6.65,Wheat,Vegetative,HEALTHY
20260724_123113,G_33_19,jpr_20240528_AB01_MS_aligned_sun-all,33,19,1248,1842,4300294.978043259,621357.5849466133,0.55849224,0.1401843,2.910874e-05,0.8866477272727272,89.57386363636364,44.150776,3.7664215e-06,3.997501e-06,1.3469678e-05,34.02,70.07,8.31,3.17,36.53,6.93,Wheat,Vegetative,HEALTHY
20260724_123113,G_33_20,jpr_20240528_AB01_MS_aligned_sun-all,33,20,1312,1842,4300294.978043259,621360.7849465943,0.5472363,0.11584623,3.1375897e-05,0.8017045454545455,80.71022727272728,45.276367,4.251991e-06,4.5223037e-06,1.47110295e-05,30.06,78.22,0.84,2.89,37.42,6.76,Wheat,Vegetative,HEALTHY
20260724_123113,G_33_21,jpr_20240528_AB01_MS_aligned_sun-all,33,21,1376,1842,4300294.978043259,621363.9849465751,0.5153856,0.10040788,2.899996e-05,0.821875,83.26704545454545,48.461437,4.4226476e-06,4.4624244e-06,1.4089672e-05,32.66,71.73,12.18,0.81,36.66,6.8,Wheat,Vegetative,HEALTHY
20260724_123113,G_33_22,jpr_20240528_AB01_MS_aligned_sun-all,33,22,1440,1842,4300294.978043259,621367.184946556,0.53018796,0.09914118,2.896894e-05,0.7894886363636363,80.36931818181819,46.981205,4.028192e-06,4.1547323e-06,1.368487e-05,31.08,61.35,12.68,3.15,31.86,6.95,Wheat,Vegetative,HEALTHY
20260724_123113,G_33_23,jpr_20240528_AB01_MS_aligned_sun-all,33,23,1504,1842,4300294.978043259,621370.3849465369,0.5360353,0.09840362,3.0427182e-05,0.7931818181818182,80.0,46.39647,4.118907e-06,4.2965303e-06,1.4261697e-05,30.85,76.29,2.45,1.64,31.46,6.88,Wheat,Vegetative,HEALTHY
20260724_123113,G_33_24,jpr_20240528_AB01_MS_aligned_sun-all,33,24,1568,1842,4300294.978043259,621373.5849465177,0.5329205,0.09563666,2.9917432e-05,0.7588068181818182,76.76136363636363,46.70795,4.147551e-06,4.3245414e-06,1.4120414e-05,30.3,63.35,14.02,5.93,29.22,7.44,Wheat,Vegetative,HEALTHY
20260724_123113,G_33_25,jpr_20240528_AB01_MS_aligned_sun-all,33,25,1632,1842,4300294.978043259,621376.7849464986,0.5571732,0.10882433,3.1537158e-05,0.7798295454545454,79.23295454545455,44.28268,3.9782535e-06,4.273352e-06,1.44910455e-05,31.77,63.88,2.31,4.51,37.41,6.68,Wheat,Vegetative,HEALTHY
20260724_123113,G_33_26,jpr_20240528_AB01_MS_aligned_sun-all,33,26,1696,1842,4300294.978043259,621379.9849464794,0.54426634,0.11099783,3.045604e-05,0.8309659090909091,83.66477272727273,45.573364,4.102863e-06,4.203125e-06,1.4255265e-05,31.94,66.68,1.23,2.34,29.47,6.69,Wheat,Vegetative,HEALTHY
20260724_123113,G_33_27,jpr_20240528_AB01_MS_aligned_sun-all,33,27,1760,1842,4300294.978043259,621383.1849464604,0.5394829,0.114503615,3.1941123e-05,0.8517045454545454,86.44886363636364,46.051712,4.3669506e-06,4.5553447e-06,1.5014421e-05,33.0,72.57,12.27,5.96,30.17,7.02,Wheat,Vegetative,HEALTHY
20260724_123113,G_33_28,jpr_20240528_AB01_MS_aligned_sun-all,33,28,1824,1842,4300294.978043259,621386.3849464413,0.529772,0.10964039,2.8901024e-05,0.7991477272727273,81.10795454545455,47.0228,4.0569917e-06,4.070908e-06,1.3691028e-05,33.53,77.27,8.19,5.01,39.12,7.18,Wheat,Vegetative,HEALTHY
20260724_123113,G_33_29,jpr_20240528_AB01_MS_aligned_sun-all,33,29,1888,1842,4300294.978043259,621389.5849464221,0.48705414,0.10225138,2.5171688e-05,0.8133522727272727,82.32954545454545,51.29459,4.4037615e-06,4.257951e-06,1.2794616e-05,31.16,69.03,11.24,0.97,36.56,6.78,Wheat,Vegetative,HEALTHY
20260724_123113,G_33_30,jpr_20240528_AB01_MS_aligned_sun-all,33,30,1952,1842,4300294.978043259,621392.784946403,0.5184468,0.10928737,2.899917e-05,0.8397727272727272,84.82954545454545,48.15532,4.3313394e-06,4.2319275e-06,1.3998097e-05,31.64,73.3,6.12,2.94,38.7,6.91,Wheat,Vegetative,HEALTHY
20260724_123113,G_33_31,jpr_20240528_AB01_MS_aligned_sun-all,33,31,2016,1842,4300294.978043259,621395.9849463839,0.5326828,0.119799346,3.0483563e-05,0.7599431818181818,76.93181818181817,46.731724,4.23965e-06,4.4450508e-06,1.4401237e-05,34.32,63.33,7.26,2.76,38.47,6.82,Wheat,Vegetative,HEALTHY
20260724_123113,G_33_32,jpr_20240528_AB01_MS_aligned_sun-all,33,32,2080,1842,4300294.978043259,621399.1849463647,0.5073938,0.11960869,2.6921163e-05,0.8355113636363637,84.375,49.260624,4.2557135e-06,4.170485e-06,1.3229757e-05,30.89,72.97,13.96,1.6,31.7,7.21,Wheat,Vegetative,HEALTHY
20260724_123113,G_33_33,jpr_20240528_AB01_MS_aligned_sun-all,33,33,2144,1842,4300294.978043259,621402.3849463456,0.56160164,0.13050887,3.296858e-05,0.84375,85.45454545454545,43.839836,4.1717517e-06,4.5132033e-06,1.5161713e-05,29.49,73.76,12.29,3.03,36.54,7.05,Wheat,Vegetative,HEALTHY
20260724_123113,G_33_34,jpr_20240528_AB01_MS_aligned_sun-all,33,34,2208,1842,4300294.978043259,621405.5849463266,0.54498,0.12942831,3.125241e-05,0.8434659090909091,85.11363636363637,45.502003,4.2828356e-06,4.3976574e-06,1.47007095e-05,31.0,72.99,0.22,3.87,31.73,6.95,Wheat,Vegetative,HEALTHY
20260724_123113,G_33_35,jpr_20240528_AB01_MS_aligned_sun-all,33,35,2272,1842,4300294.978043259,621408.7849463074,0.5140704,0.12477771,2.6211044e-05,0.8536931818181818,86.05113636363636,48.59296,4.1182607e-06,4.056648e-06,1.2855578e-05,31.38,80.4,4.51,4.53,31.42,6.72,Wheat,Vegetative,HEALTHY
20260724_123113,G_33_36,jpr_20240528_AB01_MS_aligned_sun-all,33,36,2336,1842,4300294.978043259,621411.9849462883,0.5891455,0.13420323,3.5167024e-05,0.803125,81.13636363636364,41.085453,3.7761292e-06,4.349682e-06,1.5498961e-05,31.05,69.43,12.58,4.32,32.4,6.82,Wheat,Vegetative,HEALTHY
20260724_123113,G_33_37,jpr_20240528_AB01_MS_aligned_sun-all,33,37,2400,1842,4300294.978043259,621415.1849462691,0.5472046,0.12283457,3.0121935e-05,0.837215909090909,84.74431818181817,45.279537,4.016984e-06,4.272111e-06,1.4058007e-05,31.18,67.21,5.82,3.07,24.94,6.83,Wheat,Vegetative,HEALTHY
20260724_123113,G_33_38,jpr_20240528_AB01_MS_aligned_sun-all,33,38,2464,1842,4300294.978043259,621418.38494625,0.55165017,0.1193907,3.4492918e-05,0.7724431818181818,78.0965909090909,44.834984,4.4048916e-06,4.9035316e-06,1.5903026e-05,33.58,75.47,13.09,3.51,38.35,6.98,Wheat,Vegetative,HEALTHY
20260724_123113,G_33_39,jpr_20240528_AB01_MS_aligned_sun-all,33,39,2528,1842,4300294.978043259,621421.5849462309,0.53307784,0.12152074,2.8530518e-05,0.8244318181818182,83.35227272727272,46.692215,3.9056217e-06,4.0769596e-06,1.3416146e-05,32.41,69.19,12.97,3.31,27.16,7.09,Wheat,Vegetative,HEALTHY
20260724_123113,G_33_40,jpr_20240528_AB01_MS_aligned_sun-all,33,40,2592,1842,4300294.978043259,621424.7849462117,0.5552635,0.123269506,3.089644e-05,0.7730113636363637,78.06818181818181,44.473648,3.948513e-06,4.2994166e-06,1.4247717e-05,32.3,72.58,8.75,4.79,33.69,6.98,Wheat,Vegetative,HEALTHY
20260724_123113,G_33_41,jpr_20240528_AB01_MS_aligned_sun-all,33,41,2656,1842,4300294.978043259,621427.9849461927,0.54167265,0.10229438,3.0438541e-05,0.8019886363636364,80.82386363636364,45.832737,4.130306e-06,4.1947765e-06,1.4276875e-05,29.94,68.76,1.73,4.36,33.94,6.33,Wheat,Vegetative,HEALTHY
20260724_123113,G_33_42,jpr_20240528_AB01_MS_aligned_sun-all,33,42,2720,1842,4300294.978043259,621431.1849461736,0.5635093,0.10824435,3.433258e-05,0.8417613636363637,84.91477272727272,43.64907,4.2366632e-06,4.895647e-06,1.5681333e-05,34.71,67.92,0.34,5.47,32.18,7.14,Wheat,Vegetative,HEALTHY
20260724_123113,G_33_43,jpr_20240528_AB01_MS_aligned_sun-all,33,43,2784,1842,4300294.978043259,621434.3849461544,0.5408549,0.10993948,2.8799428e-05,0.7247159090909091,73.66477272727273,45.914513,3.7816462e-06,3.865121e-06,1.338181e-05,29.66,71.74,5.66,2.74,37.35,6.7,Wheat,Vegetative,HEALTHY
20260724_123113,G_33_44,jpr_20240528_AB01_MS_aligned_sun-all,33,44,2848,1842,4300294.978043259,621437.5849461353,0.49123964,0.10498107,2.584726e-05,0.9096590909090909,91.9034090909091,50.876034,4.4378553e-06,4.4403732e-06,1.3053915e-05,35.08,71.72,14.83,0.88,30.73,6.43,Wheat,Vegetative,HEALTHY
20260724_123113,G_33_45,jpr_20240528_AB01_MS_aligned_sun-all,33,45,2912,1842,4300294.978043259,621440.7849461162,0.5244439,0.11122593,2.6638561e-05,0.828125,83.7784090909091,47.555607,3.886128e-06,3.7143702e-06,1.2765957e-05,30.26,69.83,5.82,3.44,31.8,7.13,Wheat,Vegetative,HEALTHY
20260724_123113,G_33_46,jpr_20240528_AB01_MS_aligned_sun-all,33,46,2976,1842,4300294.978043259,621443.984946097,0.57001835,0.13595715,3.1697604e-05,0.8147727272727273,82.10227272727273,42.998165,3.8626663e-06,3.8859066e-06,1.4428933e-05,31.36,74.55,3.29,0.79,22.75,7.12,Wheat,Vegetative,HEALTHY
20260724_123113,G_33_47,jpr_20240528_AB01_MS_aligned_sun-all,33,47,3040,1842,4300294.978043259,621447.184946078,0.54379106,0.12789586,2.9909384e-05,0.8946022727272728,90.51136363636364,45.620895,4.0628074e-06,3.815884e-06,1.4032977e-05,32.86,73.28,4.42,5.17,34.05,6.63,Wheat,Vegetative,HEALTHY
20260724_123113,G_33_48,jpr_20240528_AB01_MS_aligned_sun-all,33,48,3104,1842,4300294.978043259,621450.3849460589,0.5685427,0.15138574,3.237361e-05,0.819034090909091,82.58522727272727,43.14573,4.010402e-06,4.0446453e-06,1.48020235e-05,29.66,77.28,10.9,5.07,32.02,6.5,Wheat,Vegetative,HEALTHY
20260724_123113,G_33_49,jpr_20240528_AB01_MS_aligned_sun-all,33,49,3168,1842,4300294.978043259,621453.5849460397,0.5551709,0.14860313,3.093979e-05,0.584659090909091,58.83522727272727,44.48291,4.041899e-06,3.861569e-06,1.4355553e-05,32.48,71.35,1.01,4.45,34.0,6.92,Wheat,Vegetative,HEALTHY
20260724_123113,G_34_4,jpr_20240528_AB01_MS_aligned_sun-all,34,4,288,1897,4300292.228234288,621309.5849469001,0.5167267,0.110935465,2.9042958e-05,0.8144886363636363,81.8465909090909,48.32733,4.471882e-06,4.540352e-06,1.4153237e-05,33.79,70.72,12.43,4.11,39.84,6.94,Wheat,Vegetative,HEALTHY
20260724_123113,G_34_5,jpr_20240528_AB01_MS_aligned_sun-all,34,5,352,1897,4300292.228234288,621312.784946881,0.523801,0.10852876,3.0434856e-05,1.0,100.0,47.619896,4.4856333e-06,4.5787883e-06,1.4630987e-05,31.53,76.52,8.67,3.31,30.28,6.65,Wheat,Vegetative,HEALTHY
20260724_123113,G_34_6,jpr_20240528_AB01_MS_aligned_sun-all,34,6,416,1897,4300292.228234288,621315.9849468619,0.49187547,0.100700185,2.637211e-05,0.8863636363636364,89.54545454545455,50.812454,4.4827752e-06,4.418006e-06,1.32738005e-05,32.34,71.26,8.25,2.17,32.52,6.8,Wheat,Vegetative,HEALTHY
20260724_123113,G_34_7,jpr_20240528_AB01_MS_aligned_sun-all,34,7,480,1897,4300292.228234288,621319.1849468428,0.50076604,0.10483726,2.7214772e-05,0.8428977272727273,85.05681818181819,49.923397,4.413443e-06,4.407017e-06,1.3485368e-05,26.74,73.87,9.12,1.57,22.83,6.89,Wheat,Vegetative,HEALTHY
20260724_123113,G_34_8,jpr_20240528_AB01_MS_aligned_sun-all,34,8,544,1897,4300292.228234288,621322.3849468237,0.54806364,0.11846293,3.1483436e-05,0.859375,86.78977272727273,45.193638,4.278808e-06,4.539329e-06,1.4773694e-05,35.17,59.96,0.66,1.57,40.98,6.71,Wheat,Vegetative,HEALTHY
20260724_123113,G_34_9,jpr_20240528_AB01_MS_aligned_sun-all,34,9,608,1897,4300292.228234288,621325.5849468046,0.5193117,0.11412523,2.8192291e-05,0.9139204545454546,91.67613636363636,48.06883,4.3271066e-06,4.223677e-06,1.3724883e-05,30.52,79.65,8.88,0.51,45.25,6.67,Wheat,Vegetative,HEALTHY
20260724_123113,G_34_10,jpr_20240528_AB01_MS_aligned_sun-all,34,10,672,1897,4300292.228234288,621328.7849467854,0.53632015,0.12099916,2.8083889e-05,0.9392045454545455,94.43181818181819,46.367985,4.026832e-06,4.012248e-06,1.33884605e-05,29.54,64.84,10.92,1.81,36.32,6.5,Wheat,Vegetative,HEALTHY
20260724_123113,G_34_11,jpr_20240528_AB01_MS_aligned_sun-all,34,11,736,1897,4300292.228234288,621331.9849467663,0.5606462,0.12894434,3.1586405e-05,0.8639204545454545,87.2159090909091,43.935383,4.1084177e-06,4.3202613e-06,1.46376215e-05,29.39,74.36,5.39,5.11,30.84,6.77,Wheat,Vegetative,HEALTHY
20260724_123113,G_34_12,jpr_20240528_AB01_MS_aligned_sun-all,34,12,800,1897,4300292.228234288,621335.1849467471,0.5861176,0.14306962,3.326786e-05,0.7928977272727272,79.80113636363636,41.388237,3.7907732e-06,4.1271696e-06,1.4880491e-05,31.44,68.91,1.42,4.21,34.62,6.81,Wheat,Vegetative,HEALTHY
20260724_123113,G_34_13,jpr_20240528_AB01_MS_aligned_sun-all,34,13,864,1897,4300292.228234288,621338.3849467281,0.55933523,0.13707098,3.206923e-05,0.8036931818181818,81.36363636363636,44.066475,4.134898e-06,4.46783e-06,1.48250565e-05,32.84,68.15,7.73,1.18,41.1,6.33,Wheat,Vegetative,HEALTHY
20260724_123113,G_34_14,jpr_20240528_AB01_MS_aligned_sun-all,34,14,928,1897,4300292.228234288,621341.584946709,0.5712833,0.13996176,3.2464457e-05,0.8136363636363636,81.9034090909091,42.871674,3.8670805e-06,4.039568e-06,1.4688988e-05,31.04,67.15,12.82,1.99,32.59,6.75,Wheat,Vegetative,HEALTHY
20260724_123113,G_34_15,jpr_20240528_AB01_MS_aligned_sun-all,34,15,992,1897,4300292.228234288,621344.7849466898,0.5432007,0.13066874,3.0730454e-05,0.7678977272727273,77.8125,45.67993,4.0804553e-06,4.259913e-06,1.4324338e-05,30.94,80.06,1.07,4.5,36.69,6.6,Wheat,Vegetative,HEALTHY
20260724_123113,G_34_16,jpr_20240528_AB01_MS_aligned_sun-all,34,16,1056,1897,4300292.228234288,621347.9849466707,0.5558945,0.13472354,2.9471841e-05,0.759375,76.64772727272727,44.41055,3.7973293e-06,4.033964e-06,1.3621633e-05,35.05,63.03,2.89,3.23,34.32,6.77,Wheat,Vegetative,HEALTHY
20260724_123113,G_34_17,jpr_20240528_AB01_MS_aligned_sun-all,34,17,1120,1897,4300292.228234288,621351.1849466516,0.5477959,0.12725456,2.9404562e-05,0.7880681818181818,80.14204545454545,45.22041,3.8537687e-06,4.3417795e-06,1.3655649e-05,29.69,67.75,4.28,5.27,29.53,6.62,Wheat,Vegetative,HEALTHY
20260724_123113,G_34_18,jpr_20240528_AB01_MS_aligned_sun-all,34,18,1184,1897,4300292.228234288,621354.3849466324,0.54393554,0.13555226,2.7275672e-05,0.9247159090909091,93.01136363636363,45.606445,3.7526238e-06,3.907814e-06,1.2844825e-05,28.27,73.89,13.15,5.42,42.26,6.29,Wheat,Vegetative,HEALTHY
20260724_123113,G_34_19,jpr_20240528_AB01_MS_aligned_sun-all,34,19,1248,1897,4300292.228234288,621357.5849466133,0.5727303,0.13280751,3.1435033e-05,0.7965909090909091,80.6534090909091,42.72697,3.7472544e-06,4.296281e-06,1.4225995e-05,32.56,76.79,7.32,0.62,29.2,6.71,Wheat,Vegetative,HEALTHY
20260724_123113,G_34_20,jpr_20240528_AB01_MS_aligned_sun-all,34,20,1312,1897,4300292.228234288,621360.7849465943,0.55460113,0.11593293,3.1052754e-05,0.787784090909091,79.6590909090909,44.539886,4.058841e-06,4.329638e-06,1.4410153e-05,32.64,77.96,8.17,3.3,30.98,6.32,Wheat,Vegetative,HEALTHY
20260724_123113,G_34_21,jpr_20240528_AB01_MS_aligned_sun-all,34,21,1376,1897,4300292.228234288,621363.9849465751,0.5346656,0.10764656,2.9215502e-05,0.7585227272727273,77.1590909090909,46.53344,4.03003e-06,4.2533206e-06,1.3768897e-05,34.9,76.57,8.64,3.75,35.85,6.6,Wheat,Vegetative,HEALTHY
20260724_123113,G_34_22,jpr_20240528_AB01_MS_aligned_sun-all,34,22,1440,1897,4300292.228234288,621367.184946556,0.5505292,0.101584196,3.015208e-05,0.8414772727272727,85.0284090909091,44.947083,3.9322335e-06,4.1332396e-06,1.3983302e-05,28.14,70.32,14.36,3.07,34.8,6.81,Wheat,Vegetative,HEALTHY
20260724_123113,G_34_23,jpr_20240528_AB01_MS_aligned_sun-all,34,23,1504,1897,4300292.228234288,621370.3849465369,0.5193261,0.09211187,2.7341644e-05,0.9482954545454545,95.625,48.06739,4.2193883e-06,4.2100787e-06,1.3333593e-05,33.15,75.1,8.06,2.47,35.39,6.57,Wheat,Vegetative,HEALTHY
20260724_123113,G_34_24,jpr_20240528_AB01_MS_aligned_sun-all,34,24,1568,1897,4300292.228234288,621373.5849465177,0.55070853,0.101305395,3.226116e-05,0.8181818181818182,82.27272727272728,44.929146,4.1887156e-06,4.520243e-06,1.4942868e-05,28.99,69.32,7.19,0.77,28.38,7.09,Wheat,Vegetative,HEALTHY
20260724_123113,G_34_25,jpr_20240528_AB01_MS_aligned_sun-all,34,25,1632,1897,4300292.228234288,621376.7849464986,0.52149725,0.1064391,2.714832e-05,0.8068181818181818,81.76136363636364,47.850273,3.967104e-06,3.9254764e-06,1.3016868e-05,25.46,77.35,1.87,4.88,37.41,6.54,Wheat,Vegetative,HEALTHY
20260724_123113,G_34_26,jpr_20240528_AB01_MS_aligned_sun-all,34,26,1696,1897,4300292.228234288,621379.9849464794,0.52763015,0.10632814,2.955322e-05,0.7778409090909091,78.49431818181817,47.236984,4.3260684e-06,4.4137155e-06,1.4177519e-05,29.64,80.42,2.3,1.41,34.64,7.41,Wheat,Vegetative,HEALTHY
20260724_123113,G_34_27,jpr_20240528_AB01_MS_aligned_sun-all,34,27,1760,1897,4300292.228234288,621383.1849464604,0.5308123,0.11091623,3.047686e-05,0.7911931818181818,80.36931818181819,46.918766,4.180518e-06,4.256962e-06,1.4339874e-05,30.3,75.49,9.21,2.89,20.92,5.6,Wheat,Vegetative,HEALTHY
20260724_123113,G_34_28,jpr_20240528_AB01_MS_aligned_sun-all,34,28,1824,1897,4300292.228234288,621386.3849464413,0.5178819,0.1011796,2.9793331e-05,0.8474431818181818,85.2840909090909,48.211815,4.474378e-06,4.6468926e-06,1.4405879e-05,29.28,74.44,6.81,2.23,38.53,6.78,Wheat,Vegetative,HEALTHY
20260724_123113,G_34_29,jpr_20240528_AB01_MS_aligned_sun-all,34,29,1888,1897,4300292.228234288,621389.5849464221,0.53104496,0.10934932,2.9995866e-05,0.8803977272727272,89.0625,46.895504,4.31456e-06,4.5184233e-06,1.4313566e-05,30.91,72.82,13.36,1.19,35.68,6.51,Wheat,Vegetative,HEALTHY
20260724_123113,G_34_30,jpr_20240528_AB01_MS_aligned_sun-all,34,30,1952,1897,4300292.228234288,621392.784946403,0.5113271,0.11140679,2.9029145e-05,0.8357954545454546,84.28977272727273,48.86729,4.469517e-06,4.5857114e-06,1.4146274e-05,30.82,72.83,12.94,3.3,38.27,6.95,Wheat,Vegetative,HEALTHY
20260724_123113,G_34_31,jpr_20240528_AB01_MS_aligned_sun-all,34,31,2016,1897,4300292.228234288,621395.9849463839,0.5152653,0.11174356,2.8202774e-05,0.7525568181818182,76.50568181818181,48.473473,4.2067727e-06,4.0466825e-06,1.36080525e-05,29.47,73.26,2.86,4.23,24.08,6.56,Wheat,Vegetative,HEALTHY
20260724_123113,G_34_32,jpr_20240528_AB01_MS_aligned_sun-all,34,32,2080,1897,4300292.228234288,621399.1849463647,0.54862523,0.114064686,3.081105e-05,0.7596590909090909,76.67613636363636,45.137478,4.149063e-06,4.5842166e-06,1.4419805e-05,33.64,80.18,9.69,2.69,43.42,6.62,Wheat,Vegetative,HEALTHY
20260724_123113,G_34_33,jpr_20240528_AB01_MS_aligned_sun-all,34,33,2144,1897,4300292.228234288,621402.3849463456,0.5314395,0.12678692,2.8357108e-05,0.8460227272727273,85.68181818181819,46.856052,4.0660348e-06,4.0875975e-06,1.3518747e-05,31.38,84.84,6.24,1.59,31.85,6.14,Wheat,Vegetative,HEALTHY
20260724_123113,G_34_34,jpr_20240528_AB01_MS_aligned_sun-all,34,34,2208,1897,4300292.228234288,621405.5849463266,0.4998698,0.11576651,2.6275029e-05,0.9008522727272728,91.13636363636364,50.013016,4.3307896e-06,4.0905948e-06,1.3089445e-05,31.86,75.93,1.17,5.03,44.71,7.15,Wheat,Vegetative,HEALTHY
20260724_123113,G_34_35,jpr_20240528_AB01_MS_aligned_sun-all,34,35,2272,1897,4300292.228234288,621408.7849463074,0.49435076,0.114560634,2.4700665e-05,0.9471590909090909,95.5965909090909,50.564922,4.200184e-06,4.11244e-06,1.2434016e-05,30.29,69.26,3.09,5.85,26.71,6.12,Wheat,Vegetative,HEALTHY
20260724_123113,G_34_36,jpr_20240528_AB01_MS_aligned_sun-all,34,36,2336,1897,4300292.228234288,621411.9849462883,0.5625081,0.12947376,3.235588e-05,0.8480113636363636,85.56818181818183,43.74919,4.083097e-06,4.543933e-06,1.4868813e-05,29.63,68.65,6.26,1.45,41.2,7.13,Wheat,Vegetative,HEALTHY
20260724_123113,G_34_37,jpr_20240528_AB01_MS_aligned_sun-all,34,37,2400,1897,4300292.228234288,621415.1849462691,0.53919697,0.11268904,3.179525e-05,0.815625,82.10227272727273,46.080303,4.336524e-06,4.589496e-06,1.4935369e-05,29.86,83.48,2.04,2.22,41.94,7.13,Wheat,Vegetative,HEALTHY
20260724_123113,G_34_38,jpr_20240528_AB01_MS_aligned_sun-all,34,38,2464,1897,4300292.228234288,621418.38494625,0.5193356,0.109325975,3.0139654e-05,0.8335227272727272,84.43181818181819,48.066437,4.53484e-06,4.665485e-06,1.4581791e-05,28.09,74.32,3.63,5.23,28.92,7.08,Wheat,Vegetative,HEALTHY
20260724_123113,G_34_39,jpr_20240528_AB01_MS_aligned_sun-all,34,39,2528,1897,4300292.228234288,621421.5849462309,0.4404833,0.0955034,2.1346326e-05,0.8846590909090909,89.17613636363636,55.951668,4.5104134e-06,4.030568e-06,1.1626089e-05,31.18,74.84,14.3,2.6,42.68,6.36,Wheat,Vegetative,HEALTHY
20260724_123113,G_34_40,jpr_20240528_AB01_MS_aligned_sun-all,34,40,2592,1897,4300292.228234288,621424.7849462117,0.52037144,0.10810087,2.8851493e-05,0.8014204545454545,80.82386363636364,47.962856,4.2476154e-06,4.297344e-06,1.3865146e-05,34.83,73.79,6.98,3.87,35.33,6.85,Wheat,Vegetative,HEALTHY
20260724_123113,G_34_41,jpr_20240528_AB01_MS_aligned_sun-all,34,41,2656,1897,4300292.228234288,621427.9849461927,0.56753844,0.10701775,3.4208784e-05,0.8619318181818182,86.98863636363636,43.246155,4.1382923e-06,4.606791e-06,1.5541691e-05,29.83,75.92,8.81,1.74,27.83,6.14,Wheat,Vegetative,HEALTHY
20260724_123113,G_34_42,jpr_20240528_AB01_MS_aligned_sun-all,34,42,2720,1897,4300292.228234288,621431.1849461736,0.54968786,0.10577072,3.268647e-05,0.825,83.32386363636364,45.03121,4.3042037e-06,4.7052918e-06,1.5200133e-05,29.11,68.5,10.95,3.78,33.45,6.42,Wheat,Vegetative,HEALTHY
20260724_123113,G_34_43,jpr_20240528_AB01_MS_aligned_sun-all,34,43,2784,1897,4300292.228234288,621434.3849461544,0.52773094,0.11414807,2.8277942e-05,0.787784090909091,79.60227272727273,47.226906,4.103397e-06,4.2902893e-06,1.352972e-05,29.74,80.99,12.78,2.27,29.96,7.01,Wheat,Vegetative,HEALTHY
20260724_123113,G_34_44,jpr_20240528_AB01_MS_aligned_sun-all,34,44,2848,1897,4300292.228234288,621437.5849461353,0.539432,0.11799713,2.8671753e-05,0.7934659090909091,80.08522727272728,46.0568,3.92403e-06,4.0162636e-06,1.3481629e-05,32.23,72.42,8.95,2.9,22.61,6.93,Wheat,Vegetative,HEALTHY
20260724_123113,G_34_45,jpr_20240528_AB01_MS_aligned_sun-all,34,45,2912,1897,4300292.228234288,621440.7849461162,0.6034512,0.14125896,3.4148485e-05,0.7917613636363636,80.22727272727272,39.65488,3.5954351e-06,4.0319733e-06,1.4978701e-05,31.75,69.33,12.68,5.25,39.12,6.94,Wheat,Vegetative,HEALTHY
20260724_123113,G_34_46,jpr_20240528_AB01_MS_aligned_sun-all,34,46,2976,1897,4300292.228234288,621443.984946097,0.59828496,0.14800568,3.2780332e-05,0.8298295454545455,83.7784090909091,40.171505,3.5737892e-06,3.7905966e-06,1.4500973e-05,30.91,79.45,10.03,4.5,31.73,7.02,Wheat,Vegetative,HEALTHY
20260724_123113,G_34_47,jpr_20240528_AB01_MS_aligned_sun-all,34,47,3040,1897,4300292.228234288,621447.184946078,0.5613565,0.14384045,3.1623676e-05,0.8264204545454545,83.38068181818183,43.864353,3.996398e-06,4.172328e-06,1.4538028e-05,33.25,83.24,10.73,1.52,32.51,6.8,Wheat,Vegetative,HEALTHY
20260724_123113,G_34_48,jpr_20240528_AB01_MS_aligned_sun-all,34,48,3104,1897,4300292.228234288,621450.3849460589,0.58829504,0.15677369,3.518539e-05,0.8056818181818182,81.10795454545455,41.170494,3.9746915e-06,3.9232987e-06,1.5703632e-05,29.66,71.87,9.54,0.7,37.69,6.67,Wheat,Vegetative,HEALTHY
20260724_123113,G_35_5,jpr_20240528_AB01_MS_aligned_sun-all,35,5,352,1952,4300289.478425317,621312.784946881,0.46920303,0.08735711,2.6668202e-05,0.5815340909090909,58.38068181818182,53.0797,4.9636096e-06,4.8174625e-06,1.3853352e-05,28.49,71.2,4.92,1.82,26.04,6.81,Wheat,Vegetative,HEALTHY
20260724_123113,G_35_6,jpr_20240528_AB01_MS_aligned_sun-all,35,6,416,1952,4300289.478425317,621315.9849468619,0.47730228,0.09013724,2.5204252e-05,0.8355113636363637,84.23295454545455,52.269768,4.5832394e-06,4.3052037e-06,1.2984958e-05,29.31,79.12,1.67,2.73,38.43,6.45,Wheat,Vegetative,HEALTHY
20260724_123113,G_35_7,jpr_20240528_AB01_MS_aligned_sun-all,35,7,480,1952,4300289.478425317,621319.1849468428,0.50981,0.113223806,2.8301747e-05,0.8724431818181818,88.55113636363636,49.019005,4.4805065e-06,4.459268e-06,1.3914778e-05,29.03,77.22,11.46,1.19,29.93,7.02,Wheat,Vegetative,HEALTHY
20260724_123113,G_35_8,jpr_20240528_AB01_MS_aligned_sun-all,35,8,544,1952,4300289.478425317,621322.3849468237,0.5527972,0.118703306,3.217762e-05,0.899715909090909,90.99431818181817,44.72028,4.283256e-06,4.549779e-06,1.5009552e-05,33.04,73.73,13.8,2.57,36.42,6.32,Wheat,Vegetative,HEALTHY
20260724_123113,G_35_9,jpr_20240528_AB01_MS_aligned_sun-all,35,9,608,1952,4300289.478425317,621325.5849468046,0.566468,0.1349485,3.332915e-05,0.840625,84.46022727272727,43.3532,4.1945605e-06,4.4072776e-06,1.5304719e-05,30.86,71.73,9.92,1.43,37.49,7.05,Wheat,Vegetative,HEALTHY
20260724_123113,G_35_10,jpr_20240528_AB01_MS_aligned_sun-all,35,10,672,1952,4300289.478425317,621328.7849467854,0.5638816,0.13285294,3.0824416e-05,0.9178977272727272,92.35795454545455,43.611843,3.932844e-06,4.0166246e-06,1.4208029e-05,31.08,74.97,7.45,0.88,33.75,6.91,Wheat,Vegetative,HEALTHY
20260724_123113,G_35_11,jpr_20240528_AB01_MS_aligned_sun-all,35,11,736,1952,4300289.478425317,621331.9849467663,0.5562665,0.14098352,3.034763e-05,0.8474431818181818,85.71022727272727,44.373352,3.959127e-06,4.11366e-06,1.407538e-05,35.75,70.77,5.42,0.74,37.32,6.9,Wheat,Vegetative,HEALTHY
20260724_123113,G_35_12,jpr_20240528_AB01_MS_aligned_sun-all,35,12,800,1952,4300289.478425317,621335.1849467471,0.58607787,0.15030617,3.4950477e-05,0.8747159090909091,87.92613636363636,41.392212,3.964738e-06,4.2851393e-06,1.5615371e-05,30.74,72.25,14.92,2.89,35.6,6.95,Wheat,Vegetative,HEALTHY
20260724_123113,G_35_13,jpr_20240528_AB01_MS_aligned_sun-all,35,13,864,1952,4300289.478425317,621338.3849467281,0.51845366,0.13377471,2.7178063e-05,0.8806818181818182,89.23295454545455,48.154633,4.1399508e-06,4.0736286e-06,1.3199628e-05,30.63,64.57,6.88,5.73,40.52,7.02,Wheat,Vegetative,HEALTHY
20260724_123113,G_35_14,jpr_20240528_AB01_MS_aligned_sun-all,35,14,928,1952,4300289.478425317,621341.584946709,0.53568417,0.13512175,2.9514455e-05,0.8917613636363636,90.25568181818183,46.431583,4.112481e-06,4.038527e-06,1.3951002e-05,31.41,74.36,3.33,2.24,38.1,6.72,Wheat,Vegetative,HEALTHY
20260724_123113,G_35_15,jpr_20240528_AB01_MS_aligned_sun-all,35,15,992,1952,4300289.478425317,621344.7849466898,0.5503535,0.14051756,2.9484227e-05,0.8096590909090909,81.81818181818183,44.964645,3.9482507e-06,4.099066e-06,1.3776682e-05,27.58,71.97,0.81,3.92,40.46,6.66,Wheat,Vegetative,HEALTHY
20260724_123113,G_35_16,jpr_20240528_AB01_MS_aligned_sun-all,35,16,1056,1952,4300289.478425317,621347.9849466707,0.51910293,0.1302748,2.7005137e-05,0.8673295454545454,87.5284090909091,48.089706,4.1219564e-06,4.1694702e-06,1.3123986e-05,30.93,67.09,4.14,3.63,30.72,6.64,Wheat,Vegetative,HEALTHY
20260724_123113,G_35_17,jpr_20240528_AB01_MS_aligned_sun-all,35,17,1120,1952,4300289.478425317,621351.1849466516,0.51951903,0.1274717,2.5894988e-05,0.946875,95.22727272727273,48.048096,3.979582e-06,4.101146e-06,1.2611536e-05,33.15,67.23,2.76,4.78,46.48,6.37,Wheat,Vegetative,HEALTHY
20260724_123113,G_35_18,jpr_20240528_AB01_MS_aligned_sun-all,35,18,1184,1952,4300289.478425317,621354.3849466324,0.5400025,0.13300446,2.8564777e-05,0.8769886363636363,89.26136363636363,45.99975,4.0475416e-06,4.313444e-06,1.35694745e-05,31.78,71.86,13.34,3.73,37.91,6.74,Wheat,Vegetative,HEALTHY
20260724_123113,G_35_19,jpr_20240528_AB01_MS_aligned_sun-all,35,19,1248,1952,4300289.478425317,621357.5849466133,0.5749566,0.12911294,3.2366162e-05,0.8173295454545455,82.27272727272728,42.50434,3.852662e-06,4.3037567e-06,1.4641795e-05,31.46,67.31,1.07,2.38,37.22,7.13,Wheat,Vegetative,HEALTHY
20260724_123113,G_35_20,jpr_20240528_AB01_MS_aligned_sun-all,35,20,1312,1952,4300289.478425317,621360.7849465943,0.52483624,0.11133947,2.7932469e-05,0.775,78.4659090909091,47.516376,4.1228327e-06,4.3342598e-06,1.34339925e-05,31.63,72.2,9.86,0.87,34.05,6.22,Wheat,Vegetative,HEALTHY
20260724_123113,G_35_21,jpr_20240528_AB01_MS_aligned_sun-all,35,21,1376,1952,4300289.478425317,621363.9849465751,0.5797462,0.103593126,3.1867054e-05,0.7838068181818182,80.14204545454545,42.025383,3.4916234e-06,3.93514e-06,1.4114382e-05,24.89,65.77,4.58,3.13,34.44,6.79,Wheat,Vegetative,HEALTHY
20260724_123113,G_35_22,jpr_20240528_AB01_MS_aligned_sun-all,35,22,1440,1952,4300289.478425317,621367.184946556,0.5690464,0.10223477,3.1920656e-05,0.8161931818181818,82.89772727272727,43.095364,3.8613503e-06,4.277519e-06,1.45019785e-05,33.37,63.79,9.24,2.47,34.32,6.28,Wheat,Vegetative,HEALTHY
20260724_123113,G_35_23,jpr_20240528_AB01_MS_aligned_sun-all,35,23,1504,1952,4300289.478425317,621370.3849465369,0.50622386,0.09438248,2.6143318e-05,0.8377840909090909,85.08522727272727,49.377613,4.177451e-06,4.1704866e-06,1.2892198e-05,31.43,73.82,5.22,5.17,20.94,7.32,Wheat,Vegetative,HEALTHY
20260724_123113,G_35_24,jpr_20240528_AB01_MS_aligned_sun-all,35,24,1568,1952,4300289.478425317,621373.5849465177,0.55879384,0.1116199,3.1988195e-05,0.8255681818181818,84.0340909090909,44.120617,3.933975e-06,4.1609924e-06,1.4597128e-05,32.22,72.29,6.53,3.93,37.65,6.75,Wheat,Vegetative,HEALTHY
20260724_123113,G_35_25,jpr_20240528_AB01_MS_aligned_sun-all,35,25,1632,1952,4300289.478425317,621376.7849464986,0.53364486,0.111517675,2.7744401e-05,0.80625,81.42045454545455,46.635513,3.8114972e-06,3.8011149e-06,1.3059966e-05,29.43,73.71,10.35,3.73,37.45,6.76,Wheat,Vegetative,HEALTHY
20260724_123113,G_35_26,jpr_20240528_AB01_MS_aligned_sun-all,35,26,1696,1952,4300289.478425317,621379.9849464794,0.5419347,0.1038096,3.180317e-05,0.7806818181818181,78.83522727272727,45.806526,4.2897195e-06,4.544548e-06,1.4891203e-05,29.1,69.85,8.62,4.56,25.01,6.84,Wheat,Vegetative,HEALTHY
20260724_123113,G_35_27,jpr_20240528_AB01_MS_aligned_sun-all,35,27,1760,1952,4300289.478425317,621383.1849464604,0.48909172,0.09674857,2.6012727e-05,0.837215909090909,84.6590909090909,51.090824,4.3343607e-06,4.2822276e-06,1.3005589e-05,30.65,73.22,7.31,5.75,29.77,7.0,Wheat,Vegetative,HEALTHY
20260724_123113,G_35_28,jpr_20240528_AB01_MS_aligned_sun-all,35,28,1824,1952,4300289.478425317,621386.3849464413,0.4891635,0.08870266,2.6980131e-05,0.9772727272727273,98.4090909090909,51.08365,4.685477e-06,4.7002336e-06,1.36791905e-05,32.88,72.25,11.64,5.0,39.52,6.64,Wheat,Vegetative,HEALTHY
20260724_123113,G_35_29,jpr_20240528_AB01_MS_aligned_sun-all,35,29,1888,1952,4300289.478425317,621389.5849464221,0.4953051,0.100360595,2.6129872e-05,0.9954545454545455,99.6590909090909,50.469494,4.42859e-06,4.3347427e-06,1.3138857e-05,30.6,64.75,8.47,4.45,35.44,6.52,Wheat,Vegetative,HEALTHY
20260724_123113,G_35_30,jpr_20240528_AB01_MS_aligned_sun-all,35,30,1952,1952,4300289.478425317,621392.784946403,0.56167406,0.11924726,3.3270244e-05,0.7767045454545455,79.0625,43.832596,4.1052735e-06,4.5364677e-06,1.5195806e-05,31.12,68.23,8.84,3.47,34.67,6.65,Wheat,Vegetative,HEALTHY
20260724_123113,G_35_31,jpr_20240528_AB01_MS_aligned_sun-all,35,31,2016,1952,4300289.478425317,621395.9849463839,0.51090425,0.11313898,2.7719254e-05,0.8579545454545454,86.44886363636364,48.909576,4.3574055e-06,4.3729656e-06,1.3597496e-05,29.91,73.64,14.49,5.54,35.78,6.77,Wheat,Vegetative,HEALTHY
20260724_123113,G_35_32,jpr_20240528_AB01_MS_aligned_sun-all,35,32,2080,1952,4300289.478425317,621399.1849463647,0.5329584,0.11537027,3.100264e-05,0.8207386363636363,82.95454545454545,46.704163,4.3634423e-06,4.5417037e-06,1.46980665e-05,31.83,62.15,4.44,3.81,37.78,6.75,Wheat,Vegetative,HEALTHY
20260724_123113,G_35_33,jpr_20240528_AB01_MS_aligned_sun-all,35,33,2144,1952,4300289.478425317,621402.3849463456,0.49772638,0.11150562,2.6514655e-05,0.8357954545454546,84.9715909090909,50.227364,4.4155827e-06,4.1817307e-06,1.3254121e-05,31.85,71.36,2.93,1.58,40.86,7.21,Wheat,Vegetative,HEALTHY
20260724_123113,G_35_34,jpr_20240528_AB01_MS_aligned_sun-all,35,34,2208,1952,4300289.478425317,621405.5849463266,0.53737414,0.11379729,3.089359e-05,0.8170454545454545,82.4715909090909,46.262585,4.181684e-06,4.5050147e-06,1.4479959e-05,30.02,73.24,0.8,5.08,39.29,6.49,Wheat,Vegetative,HEALTHY
20260724_123113,G_35_35,jpr_20240528_AB01_MS_aligned_sun-all,35,35,2272,1952,4300289.478425317,621408.7849463074,0.5009747,0.11404835,2.5482921e-05,0.8400568181818182,84.6590909090909,49.902527,4.19642e-06,4.0870736e-06,1.2691019e-05,31.47,68.2,6.73,0.67,36.22,6.69,Wheat,Vegetative,HEALTHY
20260724_123113,G_35_36,jpr_20240528_AB01_MS_aligned_sun-all,35,36,2336,1952,4300289.478425317,621411.9849462883,0.52277356,0.11664314,2.966671e-05,0.8727272727272727,88.23863636363637,47.722645,4.43194e-06,4.522474e-06,1.4321224e-05,31.28,64.57,5.63,1.02,27.46,6.42,Wheat,Vegetative,HEALTHY
20260724_123113,G_35_37,jpr_20240528_AB01_MS_aligned_sun-all,35,37,2400,1952,4300289.478425317,621415.1849462691,0.5321874,0.11463253,3.1224186e-05,0.8377840909090909,84.3465909090909,46.78126,4.454098e-06,4.642233e-06,1.4862576e-05,30.08,75.46,6.86,2.17,41.1,6.55,Wheat,Vegetative,HEALTHY
20260724_123113,G_35_38,jpr_20240528_AB01_MS_aligned_sun-all,35,38,2464,1952,4300289.478425317,621418.38494625,0.5100702,0.10693059,2.7273345e-05,0.8886363636363637,90.08522727272728,48.99298,4.245283e-06,4.3198925e-06,1.3336729e-05,32.2,67.83,12.91,3.77,26.16,7.26,Wheat,Vegetative,HEALTHY
20260724_123113,G_35_39,jpr_20240528_AB01_MS_aligned_sun-all,35,39,2528,1952,4300289.478425317,621421.5849462309,0.50533247,0.11630948,2.700109e-05,0.8130681818181819,81.96022727272727,49.46675,4.3005803e-06,4.3785517e-06,1.3301273e-05,33.03,69.89,13.89,3.56,29.46,7.26,Wheat,Vegetative,HEALTHY
20260724_123113,G_35_40,jpr_20240528_AB01_MS_aligned_sun-all,35,40,2592,1952,4300289.478425317,621424.7849462117,0.5523467,0.11137928,3.0408615e-05,0.8056818181818182,81.33522727272727,44.765327,4.0054474e-06,4.0502614e-06,1.4142032e-05,29.59,62.41,2.1,3.52,42.94,6.95,Wheat,Vegetative,HEALTHY
20260724_123113,G_35_41,jpr_20240528_AB01_MS_aligned_sun-all,35,41,2656,1952,4300289.478425317,621427.9849461927,0.50062597,0.103689805,2.6434274e-05,0.9375,94.28977272727272,49.937405,4.366633e-06,4.450682e-06,1.3178371e-05,33.32,66.58,14.22,3.2,31.52,6.82,Wheat,Vegetative,HEALTHY
20260724_123113,G_35_42,jpr_20240528_AB01_MS_aligned_sun-all,35,42,2720,1952,4300289.478425317,621431.1849461736,0.51576513,0.095859885,2.8260753e-05,0.8403409090909091,84.82954545454545,48.42349,4.2159113e-06,4.3366167e-06,1.3636513e-05,26.45,74.85,2.74,5.6,38.99,6.67,Wheat,Vegetative,HEALTHY
20260724_123113,G_35_43,jpr_20240528_AB01_MS_aligned_sun-all,35,43,2784,1952,4300289.478425317,621434.3849461544,0.49656877,0.1062496,2.7465021e-05,0.8289772727272727,83.4659090909091,50.34312,4.5448996e-06,4.621042e-06,1.37002535e-05,31.92,72.08,1.89,0.83,29.46,6.65,Wheat,Vegetative,HEALTHY
20260724_123113,G_35_44,jpr_20240528_AB01_MS_aligned_sun-all,35,44,2848,1952,4300289.478425317,621437.5849461353,0.5267763,0.112454765,2.8157227e-05,0.8210227272727273,82.92613636363636,47.32237,4.0738532e-06,3.967036e-06,1.3459937e-05,32.03,72.06,1.17,4.25,28.05,6.71,Wheat,Vegetative,HEALTHY
20260724_123113,G_35_45,jpr_20240528_AB01_MS_aligned_sun-all,35,45,2912,1952,4300289.478425317,621440.7849461162,0.5742321,0.13353732,3.3538374e-05,0.8170454545454545,82.32954545454545,42.57679,3.9621677e-06,4.277048e-06,1.5142071e-05,26.7,71.42,0.55,3.82,42.17,7.18,Wheat,Vegetative,HEALTHY
20260724_123113,G_35_46,jpr_20240528_AB01_MS_aligned_sun-all,35,46,2976,1952,4300289.478425317,621443.984946097,0.5577695,0.14097431,3.107452e-05,0.7940340909090909,80.05681818181817,44.223053,3.9992174e-06,4.061864e-06,1.43577845e-05,33.12,73.44,12.49,2.28,22.34,6.94,Wheat,Vegetative,HEALTHY
20260724_123113,G_35_47,jpr_20240528_AB01_MS_aligned_sun-all,35,47,3040,1952,4300289.478425317,621447.184946078,0.55133176,0.1452296,3.1570362e-05,0.8920454545454546,89.77272727272727,44.866825,4.1069043e-06,4.1783464e-06,1.4630774e-05,32.98,69.73,0.4,5.51,43.86,6.72,Wheat,Vegetative,HEALTHY
20260724_123113,G_35_48,jpr_20240528_AB01_MS_aligned_sun-all,35,48,3104,1952,4300289.478425317,621450.3849460589,0.5904567,0.16596863,3.623751e-05,0.7019886363636364,70.73863636363636,40.954327,4.0297737e-06,4.2001793e-06,1.6109454e-05,30.84,85.45,12.14,4.86,32.17,6.7,Wheat,Vegetative,HEALTHY
20260724_123113,G_36_7,jpr_20240528_AB01_MS_aligned_sun-all,36,7,480,2007,4300286.728616348,621319.1849468428,0.52001595,0.118823044,3.1473202e-05,0.6377840909090909,64.28977272727273,47.998405,4.7576355e-06,4.77198e-06,1.5249133e-05,33.3,66.24,1.59,2.56,24.72,6.68,Wheat,Vegetative,HEALTHY
20260724_123113,G_36_8,jpr_20240528_AB01_MS_aligned_sun-all,36,8,544,2007,4300286.728616348,621322.3849468237,0.51936245,0.115626596,3.0969364e-05,0.8806818181818182,88.86363636363637,48.063755,4.7529707e-06,4.700579e-06,1.5076508e-05,28.67,72.49,9.21,5.57,29.14,6.97,Wheat,Vegetative,HEALTHY
20260724_123113,G_36_9,jpr_20240528_AB01_MS_aligned_sun-all,36,9,608,2007,4300286.728616348,621325.5849468046,0.59960264,0.14984995,3.5308778e-05,0.8420454545454545,84.6590909090909,40.039738,3.870824e-06,4.191714e-06,1.5640884e-05,28.41,73.7,14.18,1.5,36.32,6.97,Wheat,Vegetative,HEALTHY
20260724_123113,G_36_10,jpr_20240528_AB01_MS_aligned_sun-all,36,10,672,2007,4300286.728616348,621328.7849467854,0.5414752,0.13242872,3.0858733e-05,0.9056818181818181,91.2215909090909,45.85248,4.3575747e-06,4.2478628e-06,1.4644214e-05,33.3,81.74,2.9,5.76,28.75,6.95,Wheat,Vegetative,HEALTHY
20260724_123113,G_36_11,jpr_20240528_AB01_MS_aligned_sun-all,36,11,736,2007,4300286.728616348,621331.9849467663,0.54106385,0.12994479,2.9678014e-05,0.975,98.29545454545455,45.893616,4.0738223e-06,3.9938946e-06,1.39668655e-05,32.89,72.08,4.63,3.07,40.57,6.6,Wheat,Vegetative,HEALTHY
20260724_123113,G_36_12,jpr_20240528_AB01_MS_aligned_sun-all,36,12,800,2007,4300286.728616348,621335.1849467471,0.54572487,0.14707205,3.231385e-05,0.8377840909090909,84.77272727272728,45.427513,4.287689e-06,4.3883365e-06,1.5059412e-05,33.73,76.05,5.98,3.43,33.75,6.55,Wheat,Vegetative,HEALTHY
20260724_123113,G_36_13,jpr_20240528_AB01_MS_aligned_sun-all,36,13,864,2007,4300286.728616348,621338.3849467281,0.5456181,0.14280353,2.9328765e-05,0.7710227272727272,78.21022727272727,45.438187,3.9229635e-06,3.970868e-06,1.36995795e-05,28.29,72.76,14.08,1.71,34.34,6.87,Wheat,Vegetative,HEALTHY
20260724_123113,G_36_14,jpr_20240528_AB01_MS_aligned_sun-all,36,14,928,2007,4300286.728616348,621341.584946709,0.4908937,0.12576932,2.5569852e-05,0.8443181818181819,85.2840909090909,50.91063,4.4072963e-06,4.014027e-06,1.293088e-05,28.19,67.32,8.08,4.55,36.59,6.29,Wheat,Vegetative,HEALTHY
20260724_123113,G_36_15,jpr_20240528_AB01_MS_aligned_sun-all,36,15,992,2007,4300286.728616348,621344.7849466898,0.5537491,0.14217694,3.130434e-05,0.8022727272727272,81.2784090909091,44.62509,3.9610054e-06,4.264987e-06,1.439619e-05,35.85,68.41,3.57,1.59,26.39,7.17,Wheat,Vegetative,HEALTHY
20260724_123113,G_36_16,jpr_20240528_AB01_MS_aligned_sun-all,36,16,1056,2007,4300286.728616348,621347.9849466707,0.52291495,0.13479002,2.7506941e-05,0.915625,92.35795454545455,47.708504,4.095909e-06,4.3592368e-06,1.3265218e-05,32.98,73.25,7.9,2.22,33.72,6.29,Wheat,Vegetative,HEALTHY
20260724_123113,G_36_17,jpr_20240528_AB01_MS_aligned_sun-all,36,17,1120,2007,4300286.728616348,621351.1849466516,0.52295077,0.13329417,2.6908518e-05,0.8727272727272727,88.52272727272728,47.70492,4.062019e-06,4.2824336e-06,1.3031837e-05,30.33,68.97,1.31,2.56,27.82,6.55,Wheat,Vegetative,HEALTHY
20260724_123113,G_36_18,jpr_20240528_AB01_MS_aligned_sun-all,36,18,1184,2007,4300286.728616348,621354.3849466324,0.5597398,0.1397586,2.9270514e-05,0.81875,82.8409090909091,44.026016,3.803999e-06,4.1302897e-06,1.3561184e-05,30.92,73.18,0.81,0.84,35.74,7.03,Wheat,Vegetative,HEALTHY
20260724_123113,G_36_19,jpr_20240528_AB01_MS_aligned_sun-all,36,19,1248,2007,4300286.728616348,621357.5849466133,0.56104535,0.12800528,2.9659499e-05,0.8630681818181818,87.2159090909091,43.895466,3.7673026e-06,4.1135218e-06,1.36541585e-05,30.57,65.79,14.16,1.27,22.89,6.84,Wheat,Vegetative,HEALTHY
20260724_123113,G_36_20,jpr_20240528_AB01_MS_aligned_sun-all,36,20,1312,2007,4300286.728616348,621360.7849465943,0.52306885,0.100476466,2.7704062e-05,0.8457386363636363,85.45454545454545,47.693115,4.109598e-06,4.4103735e-06,1.3344624e-05,27.62,77.24,7.89,3.38,27.82,6.92,Wheat,Vegetative,HEALTHY
20260724_123113,G_36_21,jpr_20240528_AB01_MS_aligned_sun-all,36,21,1376,2007,4300286.728616348,621363.9849465751,0.55893254,0.10275873,3.0181787e-05,0.8582386363636364,87.2159090909091,44.106747,3.749402e-06,4.017571e-06,1.3810372e-05,31.36,74.56,11.04,4.34,33.74,6.81,Wheat,Vegetative,HEALTHY
20260724_123113,G_36_22,jpr_20240528_AB01_MS_aligned_sun-all,36,22,1440,2007,4300286.728616348,621367.184946556,0.5233918,0.1064179,2.5614469e-05,0.8144886363636363,82.35795454545455,47.66082,3.7911457e-06,3.820973e-06,1.2329588e-05,26.39,72.06,1.86,1.55,34.82,6.66,Wheat,Vegetative,HEALTHY
20260724_123113,G_36_23,jpr_20240528_AB01_MS_aligned_sun-all,36,23,1504,2007,4300286.728616348,621370.3849465369,0.5513219,0.10515566,3.0424833e-05,0.78125,79.11931818181817,44.86781,3.970887e-06,4.13345e-06,1.4112882e-05,29.06,75.61,11.11,2.29,29.38,7.04,Wheat,Vegetative,HEALTHY
20260724_123113,G_36_24,jpr_20240528_AB01_MS_aligned_sun-all,36,24,1568,2007,4300286.728616348,621373.5849465177,0.5181046,0.10460506,2.6612921e-05,0.8153409090909091,82.75568181818181,48.189537,3.8702883e-06,3.884958e-06,1.2741579e-05,28.74,74.8,11.38,5.88,32.77,6.52,Wheat,Vegetative,HEALTHY
20260724_123113,G_36_25,jpr_20240528_AB01_MS_aligned_sun-all,36,25,1632,2007,4300286.728616348,621376.7849464986,0.48750943,0.09367874,2.5217261e-05,0.8377840909090909,85.0,51.249058,4.3649793e-06,3.9886563e-06,1.2771028e-05,31.74,77.45,3.75,0.54,34.22,6.91,Wheat,Vegetative,HEALTHY
20260724_123113,G_36_26,jpr_20240528_AB01_MS_aligned_sun-all,36,26,1696,2007,4300286.728616348,621379.9849464794,0.54802495,0.1125931,3.0857158e-05,0.790340909090909,79.94318181818181,45.197506,3.9808015e-06,4.123906e-06,1.4266922e-05,31.8,76.07,10.5,0.67,23.71,6.85,Wheat,Vegetative,HEALTHY
20260724_123113,G_36_27,jpr_20240528_AB01_MS_aligned_sun-all,36,27,1760,2007,4300286.728616348,621383.1849464604,0.47973555,0.08831349,2.747289e-05,0.8522727272727273,85.9375,52.026443,4.9674045e-06,5.032323e-06,1.412539e-05,30.63,72.67,0.65,2.96,45.02,6.55,Wheat,Vegetative,HEALTHY
20260724_123113,G_36_28,jpr_20240528_AB01_MS_aligned_sun-all,36,28,1824,2007,4300286.728616348,621386.3849464413,0.5326973,0.09393156,2.9182473e-05,0.8625,87.2159090909091,46.730267,4.156186e-06,4.2953443e-06,1.38840405e-05,30.37,76.39,13.08,5.13,35.3,6.96,Wheat,Vegetative,HEALTHY
20260724_123113,G_36_29,jpr_20240528_AB01_MS_aligned_sun-all,36,29,1888,2007,4300286.728616348,621389.5849464221,0.49661022,0.112423725,2.6727652e-05,0.7974431818181819,80.5965909090909,50.338978,4.3884584e-06,4.3334253e-06,1.3298002e-05,30.8,68.21,8.02,3.09,21.54,6.55,Wheat,Vegetative,HEALTHY
20260724_123113,G_36_30,jpr_20240528_AB01_MS_aligned_sun-all,36,30,1952,2007,4300286.728616348,621392.784946403,0.54552007,0.111662485,3.1006137e-05,0.8889204545454545,89.82954545454545,45.447994,4.2298952e-06,4.386884e-06,1.4565673e-05,31.05,81.81,11.43,1.86,33.37,6.86,Wheat,Vegetative,HEALTHY
20260724_123113,G_36_31,jpr_20240528_AB01_MS_aligned_sun-all,36,31,2016,2007,4300286.728616348,621395.9849463839,0.49679622,0.10816804,2.721975e-05,0.9005681818181818,90.82386363636363,50.320374,4.513994e-06,4.6383993e-06,1.358758e-05,28.97,82.03,9.02,5.21,32.35,6.76,Wheat,Vegetative,HEALTHY
20260724_123113,G_36_32,jpr_20240528_AB01_MS_aligned_sun-all,36,32,2080,2007,4300286.728616348,621399.1849463647,0.52499604,0.112624675,2.9122819e-05,0.7713068181818182,77.72727272727272,47.500397,4.272559e-06,4.3420378e-06,1.39805325e-05,29.73,80.91,0.95,5.35,40.24,6.83,Wheat,Vegetative,HEALTHY
20260724_123113,G_36_33,jpr_20240528_AB01_MS_aligned_sun-all,36,33,2144,2007,4300286.728616348,621402.3849463456,0.53639245,0.115941994,3.2286727e-05,0.8474431818181818,85.42613636363636,46.360756,4.379636e-06,4.590781e-06,1.5142329e-05,31.42,75.89,8.38,0.89,36.08,6.72,Wheat,Vegetative,HEALTHY
20260724_123113,G_36_34,jpr_20240528_AB01_MS_aligned_sun-all,36,34,2208,2007,4300286.728616348,621405.5849463266,0.5008211,0.11157851,2.6288224e-05,0.896875,90.82386363636363,49.91789,4.2076404e-06,4.1939525e-06,1.2970699e-05,29.82,73.3,1.96,2.4,24.72,6.82,Wheat,Vegetative,HEALTHY
20260724_123113,G_36_35,jpr_20240528_AB01_MS_aligned_sun-all,36,35,2272,2007,4300286.728616348,621408.7849463074,0.50164044,0.110881194,2.712005e-05,0.8196022727272727,82.8125,49.835957,4.3936693e-06,4.3751356e-06,1.3434018e-05,31.54,73.48,12.12,5.94,31.2,7.22,Wheat,Vegetative,HEALTHY
20260724_123113,G_36_36,jpr_20240528_AB01_MS_aligned_sun-all,36,36,2336,2007,4300286.728616348,621411.9849462883,0.48281467,0.09871976,2.5846313e-05,0.9224431818181819,92.69886363636364,51.718533,4.583054e-06,4.3152622e-06,1.3198803e-05,28.5,81.12,12.34,4.13,25.44,7.32,Wheat,Vegetative,HEALTHY
20260724_123113,G_36_37,jpr_20240528_AB01_MS_aligned_sun-all,36,37,2400,2007,4300286.728616348,621415.1849462691,0.48616958,0.09942517,2.5352285e-05,0.8338068181818182,84.20454545454545,51.38304,4.3610144e-06,4.1622416e-06,1.28120755e-05,31.24,74.47,14.78,2.4,30.04,7.32,Wheat,Vegetative,HEALTHY
20260724_123113,G_36_38,jpr_20240528_AB01_MS_aligned_sun-all,36,38,2464,2007,4300286.728616348,621418.38494625,0.50388163,0.10282128,2.7282578e-05,0.8144886363636363,82.32954545454545,49.611835,4.4257013e-06,4.517191e-06,1.3520226e-05,32.73,76.58,7.82,1.51,31.36,7.44,Wheat,Vegetative,HEALTHY
20260724_123113,G_36_39,jpr_20240528_AB01_MS_aligned_sun-all,36,39,2528,2007,4300286.728616348,621421.5849462309,0.5208325,0.1109046,2.8084676e-05,0.8130681818181819,82.5,47.91675,4.179243e-06,4.1475546e-06,1.3541146e-05,33.54,74.92,13.69,0.85,20.03,6.89,Wheat,Vegetative,HEALTHY
20260724_123113,G_36_40,jpr_20240528_AB01_MS_aligned_sun-all,36,40,2592,2007,4300286.728616348,621424.7849462117,0.5656081,0.121451326,3.4402303e-05,0.8295454545454546,84.00568181818183,43.43919,4.274649e-06,4.774374e-06,1.5742558e-05,27.82,81.56,1.23,4.99,31.49,6.36,Wheat,Vegetative,HEALTHY
20260724_123113,G_36_41,jpr_20240528_AB01_MS_aligned_sun-all,36,41,2656,2007,4300286.728616348,621427.9849461927,0.5543731,0.11621713,3.139521e-05,0.7991477272727273,80.6534090909091,44.56269,4.0186233e-06,4.3874024e-06,1.4484101e-05,27.0,70.42,0.06,1.3,32.7,6.76,Wheat,Vegetative,HEALTHY
20260724_123113,G_36_42,jpr_20240528_AB01_MS_aligned_sun-all,36,42,2720,2007,4300286.728616348,621431.1849461736,0.47839388,0.09710572,2.5816158e-05,0.8553977272727272,86.25,52.16061,4.6757273e-06,4.7046215e-06,1.3281428e-05,33.12,74.94,5.2,3.79,25.75,7.19,Wheat,Vegetative,HEALTHY
20260724_123113,G_36_43,jpr_20240528_AB01_MS_aligned_sun-all,36,43,2784,2007,4300286.728616348,621434.3849461544,0.4548639,0.08537417,2.2245305e-05,0.9383522727272727,94.51704545454545,54.51361,4.4363705e-06,3.985216e-06,1.1851717e-05,30.64,76.34,5.16,4.87,31.05,6.8,Wheat,Vegetative,HEALTHY
20260724_123113,G_36_44,jpr_20240528_AB01_MS_aligned_sun-all,36,44,2848,2007,4300286.728616348,621437.5849461353,0.5351549,0.12116546,3.0088308e-05,0.7644886363636364,77.1590909090909,46.484512,4.102013e-06,4.216184e-06,1.4131837e-05,30.25,67.66,3.96,3.36,40.65,6.8,Wheat,Vegetative,HEALTHY
20260724_123113,G_36_45,jpr_20240528_AB01_MS_aligned_sun-all,36,45,2912,2007,4300286.728616348,621440.7849461162,0.5553183,0.13045466,3.0789703e-05,0.7940340909090909,80.05681818181817,44.46817,3.8711146e-06,3.994362e-06,1.4134743e-05,31.31,73.26,3.38,2.22,29.18,7.11,Wheat,Vegetative,HEALTHY
20260724_123113,G_36_46,jpr_20240528_AB01_MS_aligned_sun-all,36,46,2976,2007,4300286.728616348,621443.984946097,0.5678736,0.1518865,3.301006e-05,0.8125,81.96022727272727,43.21264,3.9874367e-06,4.377873e-06,1.4991227e-05,32.34,61.93,6.95,2.36,40.09,6.44,Wheat,Vegetative,HEALTHY
20260724_123113,G_36_47,jpr_20240528_AB01_MS_aligned_sun-all,36,47,3040,2007,4300286.728616348,621447.184946078,0.58395624,0.15677446,3.5944766e-05,0.7008522727272727,70.76704545454545,41.604378,4.0325963e-06,4.1411813e-06,1.6014692e-05,30.24,75.58,13.41,3.97,30.8,7.43,Wheat,Vegetative,HEALTHY
20260724_123113,G_36_48,jpr_20240528_AB01_MS_aligned_sun-all,36,48,3104,2007,4300286.728616348,621450.3849460589,0.5713019,0.16183983,3.5548936e-05,0.53125,53.29545454545455,42.869812,4.2170873e-06,4.4601484e-06,1.6067239e-05,27.41,81.16,10.4,1.73,34.02,7.27,Wheat,Vegetative,HEALTHY
20260724_123113,G_37_9,jpr_20240528_AB01_MS_aligned_sun-all,37,9,608,2062,4300283.978807377,621325.5849468046,0.5573697,0.1431551,3.3641518e-05,0.6849431818181818,68.92045454545455,44.26303,4.4065123e-06,4.3207183e-06,1.5620812e-05,32.52,69.32,0.55,5.21,24.14,6.41,Wheat,Vegetative,HEALTHY
20260724_123113,G_37_10,jpr_20240528_AB01_MS_aligned_sun-all,37,10,672,2062,4300283.978807377,621328.7849467854,0.49927786,0.115478,2.7171714e-05,0.9306818181818182,94.0340909090909,50.072216,4.5362467e-06,4.068636e-06,1.3593818e-05,32.4,62.17,6.79,1.82,37.09,6.86,Wheat,Vegetative,HEALTHY
20260724_123113,G_37_11,jpr_20240528_AB01_MS_aligned_sun-all,37,11,736,2062,4300283.978807377,621331.9849467663,0.49148196,0.12189814,2.6999342e-05,0.9116477272727272,92.01704545454545,50.851803,4.647116e-06,4.162753e-06,1.3647233e-05,28.49,74.54,1.5,1.25,43.47,6.5,Wheat,Vegetative,HEALTHY
20260724_123113,G_37_12,jpr_20240528_AB01_MS_aligned_sun-all,37,12,800,2062,4300283.978807377,621335.1849467471,0.5344926,0.1422045,2.8983019e-05,0.8991477272727273,90.88068181818181,46.55074,4.035525e-06,3.9372594e-06,1.3696895e-05,31.0,72.84,12.08,2.8,32.12,6.74,Wheat,Vegetative,HEALTHY
20260724_123113,G_37_13,jpr_20240528_AB01_MS_aligned_sun-all,37,13,864,2062,4300283.978807377,621338.3849467281,0.509001,0.13931641,2.6001142e-05,0.8789772727272728,88.63636363636364,49.0999,4.1588187e-06,3.874657e-06,1.2826167e-05,32.16,70.17,1.74,2.81,29.15,6.17,Wheat,Vegetative,HEALTHY
20260724_123113,G_37_14,jpr_20240528_AB01_MS_aligned_sun-all,37,14,928,2062,4300283.978807377,621341.584946709,0.54607046,0.14734495,3.0455893e-05,0.8636363636363636,86.67613636363637,45.392956,4.0583377e-06,4.162199e-06,1.4210691e-05,32.01,74.79,5.47,0.83,34.32,6.94,Wheat,Vegetative,HEALTHY
20260724_123113,G_37_15,jpr_20240528_AB01_MS_aligned_sun-all,37,15,992,2062,4300283.978807377,621344.7849466898,0.5419695,0.15185735,3.088932e-05,0.8747159090909091,87.95454545454545,45.80305,4.2337956e-06,4.3841083e-06,1.4530637e-05,32.39,64.47,2.15,3.56,32.49,6.49,Wheat,Vegetative,HEALTHY
20260724_123113,G_37_16,jpr_20240528_AB01_MS_aligned_sun-all,37,16,1056,2062,4300283.978807377,621347.9849466707,0.5116595,0.13055038,2.5644913e-05,0.8428977272727273,85.3409090909091,48.83405,4.0369027e-06,4.233891e-06,1.2585497e-05,27.57,79.38,14.77,2.49,35.21,6.71,Wheat,Vegetative,HEALTHY
20260724_123113,G_37_17,jpr_20240528_AB01_MS_aligned_sun-all,37,17,1120,2062,4300283.978807377,621351.1849466516,0.5253871,0.13217796,2.761502e-05,0.9448863636363637,95.14204545454545,47.46129,4.1258954e-06,4.34914e-06,1.333123e-05,32.84,64.46,11.0,5.31,23.5,6.68,Wheat,Vegetative,HEALTHY
20260724_123113,G_37_18,jpr_20240528_AB01_MS_aligned_sun-all,37,18,1184,2062,4300283.978807377,621354.3849466324,0.58383435,0.14175203,3.1671745e-05,0.8431818181818181,85.17045454545455,41.616566,3.5790615e-06,4.140685e-06,1.4136704e-05,31.95,66.82,2.08,2.6,29.7,6.51,Wheat,Vegetative,HEALTHY
20260724_123113,G_37_19,jpr_20240528_AB01_MS_aligned_sun-all,37,19,1248,2062,4300283.978807377,621357.5849466133,0.5610968,0.13012461,3.0508354e-05,0.8221590909090909,83.1534090909091,43.89032,3.882646e-06,4.275249e-06,1.4052474e-05,32.96,74.8,12.08,1.72,33.76,6.37,Wheat,Vegetative,HEALTHY
20260724_123113,G_37_20,jpr_20240528_AB01_MS_aligned_sun-all,37,20,1312,2062,4300283.978807377,621360.7849465943,0.48372132,0.09326692,2.2013872e-05,0.8886363636363637,90.0284090909091,51.62787,3.885415e-06,3.8008893e-06,1.12235975e-05,30.49,69.88,8.9,1.29,42.39,6.86,Wheat,Vegetative,HEALTHY
20260724_123113,G_37_21,jpr_20240528_AB01_MS_aligned_sun-all,37,21,1376,2062,4300283.978807377,621363.9849465751,0.49386156,0.08760578,2.4628467e-05,0.9488636363636364,95.48295454545455,50.613846,4.18814e-06,4.078265e-06,1.2397906e-05,27.39,68.35,6.66,2.65,26.86,6.75,Wheat,Vegetative,HEALTHY
20260724_123113,G_37_22,jpr_20240528_AB01_MS_aligned_sun-all,37,22,1440,2062,4300283.978807377,621367.184946556,0.50141567,0.10067733,2.3392806e-05,0.7997159090909091,80.88068181818183,49.858433,3.8100154e-06,3.7052566e-06,1.1607865e-05,31.08,80.8,14.94,1.58,36.61,6.48,Wheat,Vegetative,HEALTHY
20260724_123113,G_37_23,jpr_20240528_AB01_MS_aligned_sun-all,37,23,1504,2062,4300283.978807377,621370.3849465369,0.5248113,0.10246191,2.812588e-05,0.8065340909090909,81.25,47.518867,4.006313e-06,4.052879e-06,1.3381951e-05,34.47,74.87,9.77,3.78,40.68,6.45,Wheat,Vegetative,HEALTHY
20260724_123113,G_37_24,jpr_20240528_AB01_MS_aligned_sun-all,37,24,1568,2062,4300283.978807377,621373.5849465177,0.46506962,0.08729471,2.2673928e-05,0.884090909090909,89.94318181818181,53.493034,4.2867564e-06,4.0405434e-06,1.1844982e-05,31.98,66.11,3.14,2.7,29.06,6.72,Wheat,Vegetative,HEALTHY
20260724_123113,G_37_25,jpr_20240528_AB01_MS_aligned_sun-all,37,25,1632,2062,4300283.978807377,621376.7849464986,0.51953363,0.09328636,2.8667073e-05,0.881534090909091,88.75,48.04664,4.2442825e-06,4.2915767e-06,1.3800333e-05,33.13,70.02,3.69,3.25,36.77,6.84,Wheat,Vegetative,HEALTHY
20260724_123113,G_37_26,jpr_20240528_AB01_MS_aligned_sun-all,37,26,1696,2062,4300283.978807377,621379.9849464794,0.5013022,0.088404305,2.9279501e-05,0.7806818181818181,78.7215909090909,49.86978,4.7973595e-06,4.97117e-06,1.4557583e-05,30.03,67.21,3.63,4.58,39.35,6.67,Wheat,Vegetative,HEALTHY
20260724_123113,G_37_27,jpr_20240528_AB01_MS_aligned_sun-all,37,27,1760,2062,4300283.978807377,621383.1849464604,0.48554432,0.081510976,2.7373113e-05,0.9119318181818182,92.38636363636363,51.445568,4.8009715e-06,4.875154e-06,1.3925692e-05,31.4,70.93,5.25,3.9,41.72,6.49,Wheat,Vegetative,HEALTHY
20260724_123113,G_37_28,jpr_20240528_AB01_MS_aligned_sun-all,37,28,1824,2062,4300283.978807377,621386.3849464413,0.5792523,0.11631093,3.6206744e-05,0.7451704545454545,75.48295454545455,42.074768,4.1555772e-06,4.6104365e-06,1.6225013e-05,26.11,72.99,3.2,5.71,37.38,6.38,Wheat,Vegetative,HEALTHY
20260724_123113,G_37_29,jpr_20240528_AB01_MS_aligned_sun-all,37,29,1888,2062,4300283.978807377,621389.5849464221,0.52701706,0.10554051,2.9056699e-05,0.821590909090909,82.95454545454545,47.298294,4.2594106e-06,4.3141995e-06,1.3945339e-05,31.96,70.28,14.89,5.1,25.67,6.52,Wheat,Vegetative,HEALTHY
20260724_123113,G_37_30,jpr_20240528_AB01_MS_aligned_sun-all,37,30,1952,2062,4300283.978807377,621392.784946403,0.5670467,0.11719688,3.305148e-05,0.8068181818181818,82.61363636363637,43.29533,3.917195e-06,4.546715e-06,1.4934801e-05,28.62,71.15,2.01,2.21,39.95,6.63,Wheat,Vegetative,HEALTHY
20260724_123113,G_37_31,jpr_20240528_AB01_MS_aligned_sun-all,37,31,2016,2062,4300283.978807377,621395.9849463839,0.51977986,0.10655831,2.8864544e-05,0.8224431818181818,82.92613636363636,48.022015,4.3424584e-06,4.403944e-06,1.3964334e-05,30.1,76.31,1.75,4.55,36.39,6.74,Wheat,Vegetative,HEALTHY
20260724_123113,G_37_32,jpr_20240528_AB01_MS_aligned_sun-all,37,32,2080,2062,4300283.978807377,621399.1849463647,0.51877165,0.10614038,2.912607e-05,0.7678977272727273,78.03977272727273,48.122833,4.2810707e-06,4.337706e-06,1.3990138e-05,31.1,69.67,14.9,2.99,39.27,6.49,Wheat,Vegetative,HEALTHY
20260724_123113,G_37_33,jpr_20240528_AB01_MS_aligned_sun-all,37,33,2144,2062,4300283.978807377,621402.3849463456,0.48537385,0.096024506,2.5654952e-05,0.8855113636363636,89.3465909090909,51.462616,4.4440676e-06,4.1247713e-06,1.2996025e-05,30.22,70.42,13.44,5.45,22.7,6.51,Wheat,Vegetative,HEALTHY
20260724_123113,G_37_34,jpr_20240528_AB01_MS_aligned_sun-all,37,34,2208,2062,4300283.978807377,621405.5849463266,0.49922588,0.10834094,2.6501511e-05,0.8650568181818182,87.2159090909091,50.077415,4.351312e-06,4.3865743e-06,1.3185466e-05,28.91,71.95,13.15,4.31,34.5,6.64,Wheat,Vegetative,HEALTHY
20260724_123113,G_37_35,jpr_20240528_AB01_MS_aligned_sun-all,37,35,2272,2062,4300283.978807377,621408.7849463074,0.50174916,0.10601744,2.6465108e-05,0.7977272727272727,80.73863636363636,49.825085,4.269725e-06,4.2695315e-06,1.3091745e-05,29.37,78.37,7.63,3.34,26.01,7.13,Wheat,Vegetative,HEALTHY
20260724_123113,G_37_36,jpr_20240528_AB01_MS_aligned_sun-all,37,36,2336,2062,4300283.978807377,621411.9849462883,0.4866538,0.10069899,2.5819521e-05,0.8519886363636363,86.05113636363636,51.334618,4.4618105e-06,4.2566885e-06,1.3068626e-05,31.69,80.81,6.08,5.89,29.28,7.02,Wheat,Vegetative,HEALTHY
20260724_123113,G_37_37,jpr_20240528_AB01_MS_aligned_sun-all,37,37,2400,2062,4300283.978807377,621415.1849462691,0.47323644,0.09164562,2.3552451e-05,0.8073863636363636,81.9034090909091,52.676357,4.2948686e-06,4.0137916e-06,1.2145953e-05,31.34,66.42,6.49,0.9,31.66,6.88,Wheat,Vegetative,HEALTHY
20260724_123113,G_37_38,jpr_20240528_AB01_MS_aligned_sun-all,37,38,2464,2062,4300283.978807377,621418.38494625,0.51948434,0.11122072,2.8605022e-05,0.7920454545454545,80.11363636363636,48.051567,4.336683e-06,4.631702e-06,1.3872049e-05,30.31,72.23,13.55,3.94,25.99,7.35,Wheat,Vegetative,HEALTHY
20260724_123113,G_37_39,jpr_20240528_AB01_MS_aligned_sun-all,37,39,2528,2062,4300283.978807377,621421.5849462309,0.49464548,0.10238196,2.4717738e-05,0.9267045454545455,93.66477272727273,50.535454,4.1507014e-06,3.8891e-06,1.2390227e-05,30.37,69.98,12.72,4.7,32.88,6.75,Wheat,Vegetative,HEALTHY
20260724_123113,G_37_40,jpr_20240528_AB01_MS_aligned_sun-all,37,40,2592,2062,4300283.978807377,621424.7849462117,0.5198079,0.11231283,2.9142384e-05,0.7769886363636364,78.49431818181817,48.01921,4.3883e-06,4.571066e-06,1.4102798e-05,32.64,76.12,0.86,1.85,28.02,6.34,Wheat,Vegetative,HEALTHY
20260724_123113,G_37_41,jpr_20240528_AB01_MS_aligned_sun-all,37,41,2656,2062,4300283.978807377,621427.9849461927,0.51071674,0.10219984,2.8271477e-05,0.8514204545454546,85.9375,48.928326,4.4094777e-06,4.3377777e-06,1.3833658e-05,32.95,71.7,6.95,1.07,36.78,7.02,Wheat,Vegetative,HEALTHY
20260724_123113,G_37_42,jpr_20240528_AB01_MS_aligned_sun-all,37,42,2720,2062,4300283.978807377,621431.1849461736,0.5618505,0.12332427,3.361549e-05,0.8196022727272727,82.44318181818183,43.814953,4.2773536e-06,4.6904966e-06,1.5482972e-05,32.57,66.38,7.79,1.99,45.83,7.36,Wheat,Vegetative,HEALTHY
20260724_123113,G_37_43,jpr_20240528_AB01_MS_aligned_sun-all,37,43,2784,2062,4300283.978807377,621434.3849461544,0.49299264,0.10659197,2.5716621e-05,0.8517045454545454,86.10795454545455,50.700737,4.3357436e-06,3.999636e-06,1.2908254e-05,31.07,76.89,11.31,5.55,31.28,7.23,Wheat,Vegetative,HEALTHY
20260724_123113,G_37_44,jpr_20240528_AB01_MS_aligned_sun-all,37,44,2848,2062,4300283.978807377,621437.5849461353,0.53988445,0.12598822,2.9505958e-05,0.8116477272727273,81.67613636363636,46.011555,4.028869e-06,4.094989e-06,1.3864556e-05,25.98,78.03,14.73,5.83,49.98,6.77,Wheat,Vegetative,HEALTHY
20260724_123113,G_37_45,jpr_20240528_AB01_MS_aligned_sun-all,37,45,2912,2062,4300283.978807377,621440.7849461162,0.5457041,0.13782106,3.0175928e-05,0.8889204545454545,89.43181818181817,45.42959,3.9787947e-06,4.1403296e-06,1.40378215e-05,28.02,68.19,6.22,5.85,28.45,6.99,Wheat,Vegetative,HEALTHY
20260724_123113,G_37_46,jpr_20240528_AB01_MS_aligned_sun-all,37,46,2976,2062,4300283.978807377,621443.984946097,0.52465963,0.13239643,2.839655e-05,0.9247159090909091,92.86931818181819,47.534035,4.1958656e-06,3.9485426e-06,1.3661729e-05,29.42,59.08,3.13,1.78,36.92,6.31,Wheat,Vegetative,HEALTHY
20260724_123113,G_37_47,jpr_20240528_AB01_MS_aligned_sun-all,37,47,3040,2062,4300283.978807377,621447.184946078,0.5405806,0.15215181,3.115296e-05,0.7505681818181819,75.9090909090909,45.941944,4.2656825e-06,4.1942208e-06,1.4650411e-05,31.32,72.78,14.35,5.8,24.65,6.92,Wheat,Vegetative,HEALTHY
20260724_123113,G_38_11,jpr_20240528_AB01_MS_aligned_sun-all,38,11,736,2117,4300281.228998406,621331.9849467663,0.5179056,0.13609119,3.0857762e-05,0.721875,72.86931818181817,48.209442,4.7342637e-06,4.407186e-06,1.5020603e-05,35.02,75.55,9.66,4.77,42.19,6.41,Wheat,Vegetative,HEALTHY
20260724_123113,G_38_12,jpr_20240528_AB01_MS_aligned_sun-all,38,12,800,2117,4300281.228998406,621335.1849467471,0.51047355,0.13360956,2.9186489e-05,0.8727272727272727,87.86931818181817,48.952644,4.5962825e-06,4.199168e-06,1.4325489e-05,29.89,67.86,8.12,4.44,37.45,6.51,Wheat,Vegetative,HEALTHY
20260724_123113,G_38_13,jpr_20240528_AB01_MS_aligned_sun-all,38,13,864,2117,4300281.228998406,621338.3849467281,0.57338023,0.16702208,3.4046356e-05,0.944034090909091,95.17045454545455,42.661976,4.019666e-06,4.197089e-06,1.5368918e-05,31.3,80.3,0.35,5.23,36.35,6.26,Wheat,Vegetative,HEALTHY
20260724_123113,G_38_14,jpr_20240528_AB01_MS_aligned_sun-all,38,14,928,2117,4300281.228998406,621341.584946709,0.5618176,0.15956777,3.3053147e-05,0.8917613636363636,89.54545454545455,43.81824,4.131552e-06,4.2564993e-06,1.5149714e-05,35.06,74.12,6.94,5.61,26.17,6.6,Wheat,Vegetative,HEALTHY
20260724_123113,G_38_15,jpr_20240528_AB01_MS_aligned_sun-all,38,15,992,2117,4300281.228998406,621344.7849466898,0.5461081,0.15862115,3.0794476e-05,0.8099431818181818,81.44886363636363,45.389187,4.134904e-06,4.28539e-06,1.4400123e-05,29.27,70.62,0.13,3.66,43.34,6.59,Wheat,Vegetative,HEALTHY
20260724_123113,G_38_16,jpr_20240528_AB01_MS_aligned_sun-all,38,16,1056,2117,4300281.228998406,621347.9849466707,0.5654919,0.1489771,3.1622392e-05,0.8559659090909091,86.5625,43.45081,3.9692723e-06,4.32532e-06,1.4510469e-05,31.52,73.57,9.08,5.38,27.47,5.95,Wheat,Vegetative,HEALTHY
20260724_123113,G_38_17,jpr_20240528_AB01_MS_aligned_sun-all,38,17,1120,2117,4300281.228998406,621351.1849466516,0.50582117,0.13023281,2.5775635e-05,0.96875,97.4715909090909,49.417885,4.2023235e-06,4.312876e-06,1.2794497e-05,29.2,74.17,12.21,3.64,27.91,6.72,Wheat,Vegetative,HEALTHY
20260724_123113,G_38_18,jpr_20240528_AB01_MS_aligned_sun-all,38,18,1184,2117,4300281.228998406,621354.3849466324,0.5231034,0.12674066,2.7709337e-05,0.9431818181818182,95.11363636363637,47.68966,4.2122992e-06,4.1863696e-06,1.3449076e-05,31.71,69.36,1.62,1.94,31.05,6.94,Wheat,Vegetative,HEALTHY
20260724_123113,G_38_19,jpr_20240528_AB01_MS_aligned_sun-all,38,19,1248,2117,4300281.228998406,621357.5849466133,0.51077265,0.115155034,2.4989116e-05,0.9264204545454545,93.49431818181819,48.922737,3.9832958e-06,3.945451e-06,1.2313279e-05,31.08,70.81,3.3,0.81,35.89,6.34,Wheat,Vegetative,HEALTHY
20260724_123113,G_38_20,jpr_20240528_AB01_MS_aligned_sun-all,38,20,1312,2117,4300281.228998406,621360.7849465943,0.51586896,0.10026593,2.7191618e-05,0.7960227272727273,80.53977272727273,48.413105,4.16556e-06,4.4079375e-06,1.3229759e-05,31.22,68.8,3.65,3.91,44.02,6.49,Wheat,Vegetative,HEALTHY
20260724_123113,G_38_21,jpr_20240528_AB01_MS_aligned_sun-all,38,21,1376,2117,4300281.228998406,621363.9849465751,0.52740043,0.112930305,2.438609e-05,0.8960227272727272,90.71022727272727,47.259956,3.58522e-06,3.625709e-06,1.1714173e-05,29.76,78.04,13.61,3.54,34.45,7.06,Wheat,Vegetative,HEALTHY
20260724_123113,G_38_22,jpr_20240528_AB01_MS_aligned_sun-all,38,22,1440,2117,4300281.228998406,621367.184946556,0.55769587,0.10807341,3.2366108e-05,0.7863636363636364,79.23295454545455,44.230415,3.9844867e-06,4.3771056e-06,1.4773623e-05,30.41,67.59,1.94,4.95,29.93,6.69,Wheat,Vegetative,HEALTHY
20260724_123113,G_38_23,jpr_20240528_AB01_MS_aligned_sun-all,38,23,1504,2117,4300281.228998406,621370.3849465369,0.502448,0.09674945,2.4969933e-05,0.8167613636363636,82.8409090909091,49.7552,4.036855e-06,3.8843796e-06,1.2360447e-05,30.24,67.68,9.35,3.66,20.84,6.89,Wheat,Vegetative,HEALTHY
20260724_123113,G_38_24,jpr_20240528_AB01_MS_aligned_sun-all,38,24,1568,2117,4300281.228998406,621373.5849465177,0.50046086,0.08953187,2.5401621e-05,0.7264204545454546,73.32386363636364,49.953915,4.1215617e-06,4.092544e-06,1.2589061e-05,27.78,70.34,2.32,5.81,34.69,6.72,Wheat,Vegetative,HEALTHY
20260724_123113,G_38_25,jpr_20240528_AB01_MS_aligned_sun-all,38,25,1632,2117,4300281.228998406,621376.7849464986,0.5415769,0.08699503,2.9673356e-05,0.7920454545454545,80.6534090909091,45.842308,4.0842033e-06,4.1859116e-06,1.39756885e-05,31.18,62.5,2.23,3.74,24.87,6.63,Wheat,Vegetative,HEALTHY
20260724_123113,G_38_26,jpr_20240528_AB01_MS_aligned_sun-all,38,26,1696,2117,4300281.228998406,621379.9849464794,0.49835905,0.07984822,2.8519267e-05,0.7727272727272727,78.29545454545455,50.164093,4.6508244e-06,5.030243e-06,1.4157617e-05,31.96,77.54,6.03,3.81,26.81,7.41,Wheat,Vegetative,HEALTHY
20260724_123113,G_38_27,jpr_20240528_AB01_MS_aligned_sun-all,38,27,1760,2117,4300281.228998406,621383.1849464604,0.50889254,0.08802581,2.7856695e-05,0.7931818181818182,80.39772727272727,49.11075,4.381494e-06,4.2090196e-06,1.36674025e-05,30.54,75.33,13.6,3.27,39.31,6.51,Wheat,Vegetative,HEALTHY
20260724_123113,G_38_28,jpr_20240528_AB01_MS_aligned_sun-all,38,28,1824,2117,4300281.228998406,621386.3849464413,0.54297096,0.10485614,3.1465042e-05,0.8176136363636364,82.86931818181819,45.702904,4.2422794e-06,4.5980632e-06,1.4731042e-05,32.73,67.77,4.12,3.72,29.86,6.78,Wheat,Vegetative,HEALTHY
20260724_123113,G_38_29,jpr_20240528_AB01_MS_aligned_sun-all,38,29,1888,2117,4300281.228998406,621389.5849464221,0.51180327,0.099271014,2.6652926e-05,0.9426136363636364,95.2840909090909,48.81967,4.193309e-06,4.3007935e-06,1.3077931e-05,28.64,74.24,4.66,4.66,18.51,6.7,Wheat,Vegetative,HEALTHY
20260724_123113,G_38_30,jpr_20240528_AB01_MS_aligned_sun-all,38,30,1952,2117,4300281.228998406,621392.784946403,0.53275156,0.10750911,3.0005445e-05,0.8284090909090909,83.60795454545455,46.724846,4.2272904e-06,4.5707943e-06,1.422949e-05,30.62,65.19,8.6,3.7,33.77,6.12,Wheat,Vegetative,HEALTHY
20260724_123113,G_38_31,jpr_20240528_AB01_MS_aligned_sun-all,38,31,2016,2117,4300281.228998406,621395.9849463839,0.5471459,0.109513566,3.1492946e-05,0.7741477272727273,78.0965909090909,45.285408,4.126423e-06,4.3284613e-06,1.4624488e-05,31.14,79.0,6.92,0.91,31.55,7.1,Wheat,Vegetative,HEALTHY
20260724_123113,G_38_32,jpr_20240528_AB01_MS_aligned_sun-all,38,32,2080,2117,4300281.228998406,621399.1849463647,0.5468259,0.112922125,3.0558967e-05,0.7826704545454546,79.91477272727273,45.317413,4.0787554e-06,4.3612654e-06,1.4265467e-05,30.09,72.14,5.67,1.37,24.56,6.87,Wheat,Vegetative,HEALTHY
20260724_123113,G_38_33,jpr_20240528_AB01_MS_aligned_sun-all,38,33,2144,2117,4300281.228998406,621402.3849463456,0.55917585,0.11599988,3.2217282e-05,0.8133522727272727,82.27272727272728,44.082417,4.0608534e-06,4.393238e-06,1.4800373e-05,30.36,67.1,14.17,4.4,35.17,6.79,Wheat,Vegetative,HEALTHY
20260724_123113,G_38_34,jpr_20240528_AB01_MS_aligned_sun-all,38,34,2208,2117,4300281.228998406,621405.5849463266,0.50748485,0.1040591,2.725783e-05,0.7684659090909091,77.8125,49.251514,4.311214e-06,4.4447675e-06,1.3397492e-05,29.41,71.48,3.82,5.97,33.08,6.45,Wheat,Vegetative,HEALTHY
20260724_123113,G_38_35,jpr_20240528_AB01_MS_aligned_sun-all,38,35,2272,2117,4300281.228998406,621408.7849463074,0.4771319,0.09450471,2.5019384e-05,0.9019886363636364,91.02272727272728,52.286808,4.4733233e-06,4.303431e-06,1.2813415e-05,34.93,77.97,11.46,1.49,40.8,7.12,Wheat,Vegetative,HEALTHY
20260724_123113,G_38_36,jpr_20240528_AB01_MS_aligned_sun-all,38,36,2336,2117,4300281.228998406,621411.9849462883,0.5185129,0.108351976,2.8306571e-05,0.7849431818181818,79.28977272727272,48.14871,4.1295057e-06,4.2744637e-06,1.3565385e-05,27.97,72.33,7.14,3.27,25.69,7.01,Wheat,Vegetative,HEALTHY
20260724_123113,G_38_37,jpr_20240528_AB01_MS_aligned_sun-all,38,37,2400,2117,4300281.228998406,621415.1849462691,0.5056148,0.10336187,2.8619668e-05,0.8014204545454545,80.82386363636364,49.43852,4.5464453e-06,4.6761784e-06,1.4086701e-05,31.9,66.64,11.05,3.04,25.1,6.4,Wheat,Vegetative,HEALTHY
20260724_123113,G_38_38,jpr_20240528_AB01_MS_aligned_sun-all,38,38,2464,2117,4300281.228998406,621418.38494625,0.56618804,0.112096034,3.236251e-05,0.8017045454545455,80.79545454545455,43.381195,3.977058e-06,4.326904e-06,1.47649835e-05,28.57,72.39,1.15,3.63,34.63,6.65,Wheat,Vegetative,HEALTHY
20260724_123113,G_38_39,jpr_20240528_AB01_MS_aligned_sun-all,38,39,2528,2117,4300281.228998406,621421.5849462309,0.5443074,0.10593141,3.062692e-05,0.7622159090909091,77.2159090909091,45.56926,4.1701796e-06,4.63878e-06,1.4379542e-05,31.47,70.49,1.84,5.47,33.2,6.71,Wheat,Vegetative,HEALTHY
20260724_123113,G_38_40,jpr_20240528_AB01_MS_aligned_sun-all,38,40,2592,2117,4300281.228998406,621424.7849462117,0.5071296,0.09237474,2.910842e-05,0.8110795454545454,81.875,49.28704,4.599767e-06,4.507525e-06,1.4302949e-05,30.89,69.87,8.81,4.37,31.92,6.87,Wheat,Vegetative,HEALTHY
20260724_123113,G_38_41,jpr_20240528_AB01_MS_aligned_sun-all,38,41,2656,2117,4300281.228998406,621427.9849461927,0.5428118,0.11721252,3.1491767e-05,0.8085227272727272,81.81818181818183,45.71882,4.2589254e-06,4.668919e-06,1.4756594e-05,28.62,69.03,6.28,5.6,36.45,6.85,Wheat,Vegetative,HEALTHY
20260724_123113,G_38_42,jpr_20240528_AB01_MS_aligned_sun-all,38,42,2720,2117,4300281.228998406,621431.1849461736,0.51321244,0.106502265,2.7479828e-05,0.8914772727272727,89.9715909090909,48.678757,4.2449938e-06,4.0449277e-06,1.3405268e-05,31.82,74.03,2.86,4.68,32.42,6.8,Wheat,Vegetative,HEALTHY
20260724_123113,G_38_43,jpr_20240528_AB01_MS_aligned_sun-all,38,43,2784,2117,4300281.228998406,621434.3849461544,0.5769306,0.13497776,3.33611e-05,0.796875,80.2840909090909,42.306942,3.8725284e-06,4.2083725e-06,1.4993337e-05,31.98,71.76,8.58,4.61,38.98,6.81,Wheat,Vegetative,HEALTHY
20260724_123113,G_38_44,jpr_20240528_AB01_MS_aligned_sun-all,38,44,2848,2117,4300281.228998406,621437.5849461353,0.56125754,0.13717097,3.1127005e-05,0.8008522727272728,80.82386363636364,43.874245,3.942766e-06,4.0056248e-06,1.4318827e-05,32.35,79.94,11.69,4.5,27.98,7.07,Wheat,Vegetative,HEALTHY
20260724_123113,G_38_45,jpr_20240528_AB01_MS_aligned_sun-all,38,45,2912,2117,4300281.228998406,621440.7849461162,0.49764347,0.12571633,2.613815e-05,0.9028409090909091,90.88068181818181,50.235653,4.3730133e-06,4.238022e-06,1.308604e-05,32.9,81.62,9.47,3.53,37.15,6.67,Wheat,Vegetative,HEALTHY
20260724_123113,G_38_46,jpr_20240528_AB01_MS_aligned_sun-all,38,46,2976,2117,4300281.228998406,621443.984946097,0.53719586,0.14191467,2.9692814e-05,0.7681818181818182,77.67045454545455,46.280415,4.1969947e-06,4.1088642e-06,1.4094972e-05,30.96,70.0,0.01,3.61,27.01,6.8,Wheat,Vegetative,HEALTHY
20260724_123113,G_38_47,jpr_20240528_AB01_MS_aligned_sun-all,38,47,3040,2117,4300281.228998406,621447.184946078,0.5388486,0.15396151,3.132146e-05,0.5505681818181818,55.653409090909086,46.115143,4.4148214e-06,4.3947634e-06,1.4855718e-05,32.89,63.32,4.69,2.87,41.2,6.79,Wheat,Vegetative,HEALTHY
20260724_123113,G_39_13,jpr_20240528_AB01_MS_aligned_sun-all,39,13,864,2172,4300278.479189436,621338.3849467281,0.53907955,0.15721191,3.0797248e-05,0.8576704545454545,85.88068181818181,46.092045,4.2748843e-06,4.321279e-06,1.4541034e-05,30.65,68.79,9.25,0.91,25.47,7.08,Wheat,Vegetative,HEALTHY
20260724_123113,G_39_14,jpr_20240528_AB01_MS_aligned_sun-all,39,14,928,2172,4300278.479189436,621341.584946709,0.51169926,0.14750463,2.8734226e-05,0.8613636363636363,86.70454545454545,48.830074,4.503674e-06,4.2607803e-06,1.4082115e-05,32.11,68.27,14.3,4.46,32.26,6.73,Wheat,Vegetative,HEALTHY
20260724_123113,G_39_15,jpr_20240528_AB01_MS_aligned_sun-all,39,15,992,2172,4300278.479189436,621344.7849466898,0.5286362,0.14665575,3.0586045e-05,0.8715909090909091,87.95454545454545,47.13638,4.349828e-06,4.303536e-06,1.45455815e-05,27.85,73.61,14.94,3.68,33.94,6.86,Wheat,Vegetative,HEALTHY
20260724_123113,G_39_16,jpr_20240528_AB01_MS_aligned_sun-all,39,16,1056,2172,4300278.479189436,621347.9849466707,0.5904717,0.16918084,3.5182853e-05,0.8448863636363636,85.3409090909091,40.95283,3.9209963e-06,4.4902804e-06,1.5649093e-05,33.0,76.01,13.62,4.97,32.5,7.0,Wheat,Vegetative,HEALTHY
20260724_123113,G_39_17,jpr_20240528_AB01_MS_aligned_sun-all,39,17,1120,2172,4300278.479189436,621351.1849466516,0.49775153,0.12594002,2.5020829e-05,0.925,93.1534090909091,50.224846,4.2258853e-06,4.1531102e-06,1.2566444e-05,31.47,75.45,9.78,5.06,29.23,7.47,Wheat,Vegetative,HEALTHY
20260724_123113,G_39_18,jpr_20240528_AB01_MS_aligned_sun-all,39,18,1184,2172,4300278.479189436,621354.3849466324,0.5012294,0.12206131,2.5658497e-05,0.9400568181818182,95.17045454545455,49.87706,4.2635347e-06,4.2122574e-06,1.2816662e-05,27.83,69.8,0.3,4.61,25.19,6.7,Wheat,Vegetative,HEALTHY
20260724_123113,G_39_19,jpr_20240528_AB01_MS_aligned_sun-all,39,19,1248,2172,4300278.479189436,621357.5849466133,0.5653245,0.12929633,3.0549905e-05,0.8315340909090909,84.0909090909091,43.467552,3.7277675e-06,4.0702253e-06,1.3911451e-05,30.14,73.98,2.76,4.58,22.6,6.64,Wheat,Vegetative,HEALTHY
20260724_123113,G_39_20,jpr_20240528_AB01_MS_aligned_sun-all,39,20,1312,2172,4300278.479189436,621360.7849465943,0.57083726,0.12111479,3.2245072e-05,0.8366477272727273,84.60227272727273,42.916275,3.8116293e-06,4.2114357e-06,1.4560406e-05,31.21,77.26,3.61,2.35,41.96,6.54,Wheat,Vegetative,HEALTHY
20260724_123113,G_39_21,jpr_20240528_AB01_MS_aligned_sun-all,39,21,1376,2172,4300278.479189436,621363.9849465751,0.574826,0.12149089,3.189181e-05,0.7923295454545455,79.9715909090909,42.5174,3.6881136e-06,3.9853644e-06,1.4319126e-05,31.56,69.59,1.81,1.63,38.39,6.41,Wheat,Vegetative,HEALTHY
20260724_123113,G_39_22,jpr_20240528_AB01_MS_aligned_sun-all,39,22,1440,2172,4300278.479189436,621367.184946556,0.5452623,0.113542646,2.8364395e-05,0.7661931818181819,77.58522727272728,45.473774,3.7624434e-06,3.9082333e-06,1.3217581e-05,34.36,75.74,12.63,3.6,26.32,6.6,Wheat,Vegetative,HEALTHY
20260724_123113,G_39_23,jpr_20240528_AB01_MS_aligned_sun-all,39,23,1504,2172,4300278.479189436,621370.3849465369,0.4962058,0.09798689,2.4400399e-05,0.8460227272727273,85.45454545454545,50.379417,4.0256755e-06,3.8378334e-06,1.2159415e-05,30.89,72.71,2.52,5.16,27.38,7.05,Wheat,Vegetative,HEALTHY
20260724_123113,G_39_24,jpr_20240528_AB01_MS_aligned_sun-all,39,24,1568,2172,4300278.479189436,621373.5849465177,0.5251238,0.09293847,2.6684253e-05,0.8161931818181818,82.58522727272727,47.48762,3.8855455e-06,3.986383e-06,1.2780606e-05,30.89,79.57,7.47,1.71,41.43,6.62,Wheat,Vegetative,HEALTHY
20260724_123113,G_39_25,jpr_20240528_AB01_MS_aligned_sun-all,39,25,1632,2172,4300278.479189436,621376.7849464986,0.49005365,0.08466562,2.6479489e-05,0.7982954545454546,80.68181818181817,50.994637,4.4508615e-06,4.4662625e-06,1.3277685e-05,30.04,69.11,2.52,1.11,30.37,6.53,Wheat,Vegetative,HEALTHY
20260724_123113,G_39_26,jpr_20240528_AB01_MS_aligned_sun-all,39,26,1696,2172,4300278.479189436,621379.9849464794,0.5109572,0.088344134,2.7777778e-05,0.7974431818181819,80.625,48.90428,4.2423144e-06,4.300772e-06,1.3501917e-05,32.57,73.35,0.16,0.66,21.81,6.87,Wheat,Vegetative,HEALTHY
20260724_123113,G_39_27,jpr_20240528_AB01_MS_aligned_sun-all,39,27,1760,2172,4300278.479189436,621383.1849464604,0.5454973,0.09890156,3.312019e-05,0.7522727272727273,76.42045454545455,45.45027,4.391787e-06,4.8829324e-06,1.5432312e-05,29.04,69.06,14.2,0.94,34.95,7.1,Wheat,Vegetative,HEALTHY
20260724_123113,G_39_28,jpr_20240528_AB01_MS_aligned_sun-all,39,28,1824,2172,4300278.479189436,621386.3849464413,0.5330603,0.099452674,2.7122995e-05,0.7701704545454545,77.55681818181817,46.69397,3.834465e-06,4.005035e-06,1.2875778e-05,29.51,68.75,9.54,4.99,33.83,7.18,Wheat,Vegetative,HEALTHY
20260724_123113,G_39_29,jpr_20240528_AB01_MS_aligned_sun-all,39,29,1888,2172,4300278.479189436,621389.5849464221,0.5097345,0.094185874,2.788579e-05,0.8443181818181819,85.22727272727273,49.02655,4.4115955e-06,4.5841766e-06,1.3707203e-05,32.77,81.21,0.97,1.73,35.34,6.96,Wheat,Vegetative,HEALTHY
20260724_123113,G_39_30,jpr_20240528_AB01_MS_aligned_sun-all,39,30,1952,2172,4300278.479189436,621392.784946403,0.50559247,0.09682869,2.7061978e-05,0.9289772727272727,93.89204545454545,49.440754,4.348522e-06,4.3546424e-06,1.3369509e-05,30.31,69.4,4.79,3.23,23.48,7.13,Wheat,Vegetative,HEALTHY
20260724_123113,G_39_31,jpr_20240528_AB01_MS_aligned_sun-all,39,31,2016,2172,4300278.479189436,621395.9849463839,0.52365434,0.09611434,2.945074e-05,0.9710227272727273,97.55681818181819,47.634567,4.4217713e-06,4.572133e-06,1.4239057e-05,29.74,73.16,10.89,5.06,36.6,6.51,Wheat,Vegetative,HEALTHY
20260724_123113,G_39_32,jpr_20240528_AB01_MS_aligned_sun-all,39,32,2080,2172,4300278.479189436,621399.1849463647,0.5296407,0.10881273,2.7484524e-05,0.8505681818181818,85.9375,47.035934,3.9804495e-06,4.17064e-06,1.3142282e-05,31.26,73.78,4.35,3.1,35.66,6.22,Wheat,Vegetative,HEALTHY
20260724_123113,G_39_33,jpr_20240528_AB01_MS_aligned_sun-all,39,33,2144,2172,4300278.479189436,621402.3849463456,0.55961096,0.121351264,3.2290274e-05,0.8022727272727272,81.05113636363637,44.038902,4.046287e-06,4.57482e-06,1.4810136e-05,31.63,74.68,12.03,3.36,27.95,6.78,Wheat,Vegetative,HEALTHY
20260724_123113,G_39_34,jpr_20240528_AB01_MS_aligned_sun-all,39,34,2208,2172,4300278.479189436,621405.5849463266,0.5328668,0.1099654,2.8519318e-05,0.8176136363636364,82.7840909090909,46.71332,4.017095e-06,4.1639605e-06,1.3523882e-05,30.57,71.15,12.93,0.79,41.46,6.88,Wheat,Vegetative,HEALTHY
20260724_123113,G_39_35,jpr_20240528_AB01_MS_aligned_sun-all,39,35,2272,2172,4300278.479189436,621408.7849463074,0.4726329,0.09099711,2.360389e-05,0.9394886363636363,94.80113636363636,52.73671,4.384358e-06,4.2973093e-06,1.2252587e-05,31.2,76.41,1.5,5.76,32.61,6.62,Wheat,Vegetative,HEALTHY
20260724_123113,G_39_36,jpr_20240528_AB01_MS_aligned_sun-all,39,36,2336,2172,4300278.479189436,621411.9849462883,0.4916502,0.09590928,2.5595658e-05,0.8920454545454546,89.80113636363637,50.834976,4.321125e-06,4.27835e-06,1.2853315e-05,30.62,81.06,0.09,5.97,31.04,6.96,Wheat,Vegetative,HEALTHY
20260724_123113,G_39_37,jpr_20240528_AB01_MS_aligned_sun-all,39,37,2400,2172,4300278.479189436,621415.1849462691,0.57684,0.11674489,3.559328e-05,0.7957386363636364,80.56818181818181,42.316,4.1747594e-06,4.8197844e-06,1.6039683e-05,30.38,67.37,13.21,1.16,45.46,6.85,Wheat,Vegetative,HEALTHY
20260724_123113,G_39_38,jpr_20240528_AB01_MS_aligned_sun-all,39,38,2464,2172,4300278.479189436,621418.38494625,0.5953734,0.1169783,3.4964392e-05,0.8838068181818182,89.00568181818181,40.46266,3.8616045e-06,4.405956e-06,1.5516865e-05,33.77,71.14,13.65,2.61,38.26,6.57,Wheat,Vegetative,HEALTHY
20260724_123113,G_39_39,jpr_20240528_AB01_MS_aligned_sun-all,39,39,2528,2172,4300278.479189436,621421.5849462309,0.56191576,0.11131269,3.1552947e-05,0.8133522727272727,81.98863636363637,43.808426,3.9778993e-06,4.530627e-06,1.449595e-05,30.77,72.49,14.93,4.62,39.54,6.85,Wheat,Vegetative,HEALTHY
20260724_123113,G_39_40,jpr_20240528_AB01_MS_aligned_sun-all,39,40,2592,2172,4300278.479189436,621424.7849462117,0.5028318,0.102585934,2.8071625e-05,0.865625,87.27272727272727,49.71682,4.5371403e-06,4.603801e-06,1.38947e-05,33.71,80.63,9.2,3.02,36.85,7.0,Wheat,Vegetative,HEALTHY
20260724_123113,G_39_41,jpr_20240528_AB01_MS_aligned_sun-all,39,41,2656,2172,4300278.479189436,621427.9849461927,0.51619226,0.1067948,2.8368799e-05,0.8596590909090909,86.76136363636363,48.380775,4.2246816e-06,4.3814407e-06,1.3681303e-05,32.44,76.37,9.42,5.95,31.11,6.36,Wheat,Vegetative,HEALTHY
20260724_123113,G_39_42,jpr_20240528_AB01_MS_aligned_sun-all,39,42,2720,2172,4300278.479189436,621431.1849461736,0.51478946,0.11758634,2.691366e-05,0.9471590909090909,95.3409090909091,48.521053,4.1835265e-06,4.0085706e-06,1.3155063e-05,32.14,74.99,4.95,4.8,29.96,6.56,Wheat,Vegetative,HEALTHY
20260724_123113,G_39_43,jpr_20240528_AB01_MS_aligned_sun-all,39,43,2784,2172,4300278.479189436,621434.3849461544,0.55542946,0.13231257,3.2584667e-05,0.83125,83.69318181818181,44.457054,4.2399324e-06,4.2585225e-06,1.5101922e-05,26.9,75.23,2.14,3.65,38.12,6.52,Wheat,Vegetative,HEALTHY
20260724_123113,G_39_44,jpr_20240528_AB01_MS_aligned_sun-all,39,44,2848,2172,4300278.479189436,621437.5849461353,0.52513444,0.13128631,3.0233708e-05,0.8340909090909091,84.0909090909091,47.486557,4.414626e-06,4.503323e-06,1.44929245e-05,29.25,71.54,2.51,0.52,32.13,7.41,Wheat,Vegetative,HEALTHY
20260724_123113,G_39_45,jpr_20240528_AB01_MS_aligned_sun-all,39,45,2912,2172,4300278.479189436,621440.7849461162,0.5559105,0.14810482,3.086139e-05,0.821875,82.75568181818181,44.408947,3.9691326e-06,4.1551702e-06,1.4256654e-05,30.19,66.14,8.2,1.81,31.49,7.61,Wheat,Vegetative,HEALTHY
20260724_123113,G_39_46,jpr_20240528_AB01_MS_aligned_sun-all,39,46,2976,2172,4300278.479189436,621443.984946097,0.5851623,0.16133279,3.783833e-05,0.8352272727272727,84.46022727272727,41.483772,4.291957e-06,4.650546e-06,1.690529e-05,31.24,73.01,14.82,2.73,24.28,6.47,Wheat,Vegetative,HEALTHY
20260724_123113,G_40_15,jpr_20240528_AB01_MS_aligned_sun-all,40,15,992,2227,4300275.729380465,621344.7849466898,0.5441363,0.15130554,3.1921347e-05,0.8221590909090909,82.7840909090909,45.586372,4.3918876e-06,4.4622575e-06,1.50327605e-05,30.26,75.96,1.23,0.65,34.64,6.57,Wheat,Vegetative,HEALTHY
20260724_123113,G_40_16,jpr_20240528_AB01_MS_aligned_sun-all,40,16,1056,2227,4300275.729380465,621347.9849466707,0.5589759,0.1523397,3.227075e-05,0.9159090909090909,92.04545454545455,44.102413,4.085607e-06,4.4644735e-06,1.4842949e-05,30.0,75.9,10.75,4.22,36.23,6.29,Wheat,Vegetative,HEALTHY
20260724_123113,G_40_17,jpr_20240528_AB01_MS_aligned_sun-all,40,17,1120,2227,4300275.729380465,621351.1849466516,0.4979545,0.11871706,2.7723345e-05,0.9917613636363637,99.48863636363636,50.20455,4.6716405e-06,4.45e-06,1.3913104e-05,32.48,70.19,7.33,3.96,31.94,6.76,Wheat,Vegetative,HEALTHY
20260724_123113,G_40_18,jpr_20240528_AB01_MS_aligned_sun-all,40,18,1184,2227,4300275.729380465,621354.3849466324,0.48851287,0.11038761,2.388086e-05,0.9065340909090909,91.42045454545455,51.148712,4.1788076e-06,3.9665947e-06,1.2139358e-05,31.96,74.14,12.73,3.79,24.32,6.94,Wheat,Vegetative,HEALTHY
20260724_123113,G_40_19,jpr_20240528_AB01_MS_aligned_sun-all,40,19,1248,2227,4300275.729380465,621357.5849466133,0.55253583,0.13032648,2.975295e-05,0.928125,93.57954545454545,44.746418,3.8994017e-06,4.1087296e-06,1.3817417e-05,33.0,70.75,5.11,5.55,23.75,6.87,Wheat,Vegetative,HEALTHY
20260724_123113,G_40_20,jpr_20240528_AB01_MS_aligned_sun-all,40,20,1312,2227,4300275.729380465,621360.7849465943,0.56208116,0.12361424,2.9712519e-05,0.9105113636363636,91.875,43.791885,3.6941517e-06,3.91573e-06,1.3598684e-05,34.08,74.78,7.19,3.87,40.45,6.8,Wheat,Vegetative,HEALTHY
20260724_123113,G_40_21,jpr_20240528_AB01_MS_aligned_sun-all,40,21,1376,2227,4300275.729380465,621363.9849465751,0.58507174,0.13253589,3.3939014e-05,0.828125,83.60795454545455,41.492825,3.7652621e-06,4.244483e-06,1.5078721e-05,33.06,72.83,6.99,2.78,22.0,6.1,Wheat,Vegetative,HEALTHY
20260724_123113,G_40_22,jpr_20240528_AB01_MS_aligned_sun-all,40,22,1440,2227,4300275.729380465,621367.184946556,0.5537537,0.12021018,2.9776425e-05,0.821590909090909,82.8125,44.624634,3.7102518e-06,3.8199883e-06,1.3636101e-05,28.3,63.79,12.59,1.51,36.02,7.21,Wheat,Vegetative,HEALTHY
20260724_123113,G_40_23,jpr_20240528_AB01_MS_aligned_sun-all,40,23,1504,2227,4300275.729380465,621370.3849465369,0.51576436,0.109366864,2.6190026e-05,0.8480113636363636,85.88068181818181,48.423565,3.9834267e-06,3.89129e-06,1.2713739e-05,32.13,76.26,5.67,5.96,37.15,7.1,Wheat,Vegetative,HEALTHY
20260724_123113,G_40_24,jpr_20240528_AB01_MS_aligned_sun-all,40,24,1568,2227,4300275.729380465,621373.5849465177,0.5149686,0.09540817,2.6435247e-05,0.8079545454545455,81.39204545454545,48.503143,3.985179e-06,3.961733e-06,1.2797242e-05,35.02,71.78,1.52,3.11,35.79,7.14,Wheat,Vegetative,HEALTHY
20260724_123113,G_40_25,jpr_20240528_AB01_MS_aligned_sun-all,40,25,1632,2227,4300275.729380465,621376.7849464986,0.50897974,0.08923262,2.9808924e-05,0.8210227272727273,82.98295454545455,49.102028,4.674796e-06,4.896907e-06,1.4611501e-05,31.25,72.41,6.08,5.06,35.42,7.17,Wheat,Vegetative,HEALTHY
20260724_123113,G_40_26,jpr_20240528_AB01_MS_aligned_sun-all,40,26,1696,2227,4300275.729380465,621379.9849464794,0.52698064,0.09505664,2.9076624e-05,0.8801136363636364,88.7784090909091,47.301937,4.148155e-06,4.323113e-06,1.3840732e-05,29.18,74.21,7.55,4.33,37.65,6.64,Wheat,Vegetative,HEALTHY
20260724_123113,G_40_27,jpr_20240528_AB01_MS_aligned_sun-all,40,27,1760,2227,4300275.729380465,621383.1849464604,0.53082937,0.10099958,2.8517929e-05,0.7965909090909091,80.68181818181817,46.917065,4.0467366e-06,4.296301e-06,1.3553065e-05,32.27,70.16,9.55,5.75,31.13,7.29,Wheat,Vegetative,HEALTHY
20260724_123113,G_40_28,jpr_20240528_AB01_MS_aligned_sun-all,40,28,1824,2227,4300275.729380465,621386.3849464413,0.522335,0.099061176,2.6711006e-05,0.7821022727272727,79.3465909090909,47.766502,3.893664e-06,4.130481e-06,1.2797648e-05,28.52,80.59,9.28,4.83,24.93,6.39,Wheat,Vegetative,HEALTHY
20260724_123113,G_40_29,jpr_20240528_AB01_MS_aligned_sun-all,40,29,1888,2227,4300275.729380465,621389.5849464221,0.54104424,0.096671015,2.9925948e-05,0.8213068181818182,82.95454545454545,45.895576,4.1220983e-06,4.551877e-06,1.4097791e-05,31.11,58.18,6.53,4.77,37.61,7.31,Wheat,Vegetative,HEALTHY
20260724_123113,G_40_30,jpr_20240528_AB01_MS_aligned_sun-all,40,30,1952,2227,4300275.729380465,621392.784946403,0.5347243,0.09103602,2.9489978e-05,0.7920454545454545,80.14204545454545,46.52757,4.103804e-06,4.3654486e-06,1.3934167e-05,29.93,77.43,14.51,4.23,30.19,6.73,Wheat,Vegetative,HEALTHY
20260724_123113,G_40_31,jpr_20240528_AB01_MS_aligned_sun-all,40,31,2016,2227,4300275.729380465,621395.9849463839,0.52500063,0.09195207,2.7224587e-05,0.9536931818181819,96.33522727272728,47.499935,4.062978e-06,4.2562515e-06,1.3138157e-05,34.34,71.91,14.56,0.62,32.56,6.65,Wheat,Vegetative,HEALTHY
20260724_123113,G_40_32,jpr_20240528_AB01_MS_aligned_sun-all,40,32,2080,2227,4300275.729380465,621399.1849463647,0.5018723,0.089447916,2.6253612e-05,0.7892045454545454,79.9715909090909,49.81277,4.2511033e-06,4.454358e-06,1.3002618e-05,31.05,66.0,0.26,2.65,29.73,6.15,Wheat,Vegetative,HEALTHY
20260724_123113,G_40_33,jpr_20240528_AB01_MS_aligned_sun-all,40,33,2144,2227,4300275.729380465,621402.3849463456,0.5178565,0.10758078,2.6343083e-05,0.8789772727272728,89.0340909090909,48.21435,4.026586e-06,4.1445155e-06,1.2807916e-05,32.48,78.5,2.91,1.51,38.97,7.59,Wheat,Vegetative,HEALTHY
20260724_123113,G_40_34,jpr_20240528_AB01_MS_aligned_sun-all,40,34,2208,2227,4300275.729380465,621405.5849463266,0.5142893,0.09934248,2.783888e-05,0.8548295454545455,86.2215909090909,48.571068,4.3216664e-06,4.330638e-06,1.3601632e-05,30.29,69.36,5.03,2.22,34.53,6.94,Wheat,Vegetative,HEALTHY
20260724_123113,G_40_35,jpr_20240528_AB01_MS_aligned_sun-all,40,35,2272,2227,4300275.729380465,621408.7849463074,0.49790925,0.09129003,2.4660865e-05,0.8965909090909091,90.625,50.209076,4.039208e-06,4.0342757e-06,1.2259774e-05,30.88,75.13,4.47,3.92,24.85,6.96,Wheat,Vegetative,HEALTHY
20260724_123113,G_40_36,jpr_20240528_AB01_MS_aligned_sun-all,40,36,2336,2227,4300275.729380465,621411.9849462883,0.4996266,0.08891506,2.8320257e-05,0.8678977272727273,87.38636363636364,50.03734,4.586514e-06,4.673801e-06,1.4026966e-05,28.05,67.72,5.91,5.48,37.59,6.54,Wheat,Vegetative,HEALTHY
20260724_123113,G_40_37,jpr_20240528_AB01_MS_aligned_sun-all,40,37,2400,2227,4300275.729380465,621415.1849462691,0.53498894,0.09798608,2.9792625e-05,0.8596590909090909,86.67613636363637,46.501106,4.222849e-06,4.259805e-06,1.41541e-05,30.82,64.8,4.32,2.04,36.41,6.94,Wheat,Vegetative,HEALTHY
20260724_123113,G_40_38,jpr_20240528_AB01_MS_aligned_sun-all,40,38,2464,2227,4300275.729380465,621418.38494625,0.5587341,0.10931299,3.346381e-05,0.8653409090909091,87.01704545454545,44.126587,4.3368163e-06,4.6350165e-06,1.5491873e-05,31.01,72.16,3.0,1.36,41.32,6.35,Wheat,Vegetative,HEALTHY
20260724_123113,G_40_39,jpr_20240528_AB01_MS_aligned_sun-all,40,39,2528,2227,4300275.729380465,621421.5849462309,0.53891516,0.108216606,2.8877772e-05,0.8778409090909091,88.63636363636364,46.108482,3.9663537e-06,4.163068e-06,1.359263e-05,31.85,84.25,4.58,0.91,32.67,6.87,Wheat,Vegetative,HEALTHY
20260724_123113,G_40_40,jpr_20240528_AB01_MS_aligned_sun-all,40,40,2592,2227,4300275.729380465,621424.7849462117,0.49769264,0.10319307,2.696887e-05,0.8340909090909091,84.00568181818183,50.230736,4.529046e-06,4.785003e-06,1.3518999e-05,28.15,63.87,13.73,1.23,28.13,7.06,Wheat,Vegetative,HEALTHY
20260724_123113,G_40_41,jpr_20240528_AB01_MS_aligned_sun-all,40,41,2656,2227,4300275.729380465,621427.9849461927,0.47335383,0.09623724,2.3413046e-05,0.8732954545454545,88.18181818181819,52.66461,4.286146e-06,4.0041423e-06,1.2090756e-05,34.56,72.11,14.34,1.03,50.12,6.79,Wheat,Vegetative,HEALTHY
20260724_123113,G_40_42,jpr_20240528_AB01_MS_aligned_sun-all,40,42,2720,2227,4300275.729380465,621431.1849461736,0.53068453,0.115292266,2.8668068e-05,0.8147727272727273,82.1875,46.931545,4.0771515e-06,4.2473957e-06,1.36335275e-05,29.89,71.31,1.27,3.4,20.15,7.01,Wheat,Vegetative,HEALTHY
20260724_123113,G_40_43,jpr_20240528_AB01_MS_aligned_sun-all,40,43,2784,2227,4300275.729380465,621434.3849461544,0.5195424,0.12100515,2.8699791e-05,0.8681818181818182,87.67045454545455,48.04576,4.313004e-06,4.119451e-06,1.3879962e-05,33.34,69.39,10.46,1.74,28.97,6.5,Wheat,Vegetative,HEALTHY
20260724_123113,G_40_44,jpr_20240528_AB01_MS_aligned_sun-all,40,44,2848,2227,4300275.729380465,621437.5849461353,0.56116533,0.1369921,3.346596e-05,0.8318181818181818,83.63636363636363,43.88347,4.216615e-06,4.5342017e-06,1.537239e-05,29.94,78.61,10.61,5.93,31.49,6.52,Wheat,Vegetative,HEALTHY
20260724_123113,G_40_45,jpr_20240528_AB01_MS_aligned_sun-all,40,45,2912,2227,4300275.729380465,621440.7849461162,0.5745127,0.1586874,3.4679295e-05,0.8153409090909091,82.04545454545455,42.54873,4.105779e-06,4.372885e-06,1.5666024e-05,34.04,81.39,13.8,4.19,28.43,5.95,Wheat,Vegetative,HEALTHY
20260724_123113,G_40_46,jpr_20240528_AB01_MS_aligned_sun-all,40,46,2976,2227,4300275.729380465,621443.984946097,0.5577302,0.1538155,3.441837e-05,0.8102272727272727,81.8465909090909,44.226982,4.419513e-06,4.386251e-06,1.5892787e-05,28.87,79.02,2.84,5.36,30.39,7.23,Wheat,Vegetative,HEALTHY
20260724_123113,G_41_17,jpr_20240528_AB01_MS_aligned_sun-all,41,17,1120,2282,4300272.979571495,621351.1849466516,0.47561425,0.10443802,2.5741241e-05,0.9133522727272727,91.39204545454545,52.438576,4.7308395e-06,4.449723e-06,1.3311569e-05,33.38,64.76,5.85,1.28,36.96,7.01,Wheat,Vegetative,HEALTHY
20260724_123113,G_41_18,jpr_20240528_AB01_MS_aligned_sun-all,41,18,1184,2282,4300272.979571495,621354.3849466324,0.4849725,0.10592285,2.4711284e-05,0.9588068181818182,96.5909090909091,51.502754,4.3677173e-06,4.102163e-06,1.2605096e-05,30.84,70.99,2.93,5.38,24.55,6.57,Wheat,Vegetative,HEALTHY
20260724_123113,G_41_19,jpr_20240528_AB01_MS_aligned_sun-all,41,19,1248,2282,4300272.979571495,621357.5849466133,0.5661134,0.13374794,3.2035838e-05,0.8338068181818182,84.20454545454545,43.38866,3.9219194e-06,4.126914e-06,1.4600946e-05,32.83,68.35,7.47,5.3,45.35,6.98,Wheat,Vegetative,HEALTHY
20260724_123113,G_41_20,jpr_20240528_AB01_MS_aligned_sun-all,41,20,1312,2282,4300272.979571495,621360.7849465943,0.5001569,0.11044879,2.5596422e-05,0.9454545454545454,95.42613636363636,49.984314,4.2803385e-06,4.109878e-06,1.2812774e-05,31.15,69.24,5.51,0.61,28.48,7.04,Wheat,Vegetative,HEALTHY
20260724_123113,G_41_21,jpr_20240528_AB01_MS_aligned_sun-all,41,21,1376,2282,4300272.979571495,621363.9849465751,0.49352673,0.10437638,2.5528707e-05,0.9502840909090909,95.48295454545455,50.64733,4.3112577e-06,4.0153964e-06,1.2821126e-05,33.0,80.3,10.25,1.9,32.89,7.27,Wheat,Vegetative,HEALTHY
20260724_123113,G_41_22,jpr_20240528_AB01_MS_aligned_sun-all,41,22,1440,2282,4300272.979571495,621367.184946556,0.53714406,0.12474892,2.855077e-05,0.7960227272727273,80.9659090909091,46.285595,3.9134225e-06,3.8712055e-06,1.3430695e-05,31.98,70.34,4.04,4.6,36.51,6.4,Wheat,Vegetative,HEALTHY
20260724_123113,G_41_23,jpr_20240528_AB01_MS_aligned_sun-all,41,23,1504,2282,4300272.979571495,621370.3849465369,0.4939046,0.107088685,2.3657103e-05,0.740625,74.85795454545455,50.609543,3.915997e-06,3.617169e-06,1.1801956e-05,32.25,71.17,4.86,3.49,41.66,6.37,Wheat,Vegetative,HEALTHY
20260724_123113,G_41_24,jpr_20240528_AB01_MS_aligned_sun-all,41,24,1568,2282,4300272.979571495,621373.5849465177,0.57872856,0.11835154,3.672515e-05,0.8278409090909091,83.4659090909091,42.127144,4.3432683e-06,4.7736294e-06,1.6585514e-05,32.42,77.39,10.55,2.04,17.98,6.93,Wheat,Vegetative,HEALTHY
20260724_123113,G_41_25,jpr_20240528_AB01_MS_aligned_sun-all,41,25,1632,2282,4300272.979571495,621376.7849464986,0.5803496,0.12297054,3.2047355e-05,0.8181818181818182,83.18181818181817,41.96504,3.6117326e-06,3.999302e-06,1.42945955e-05,29.05,75.54,12.93,2.98,31.53,7.24,Wheat,Vegetative,HEALTHY
20260724_123113,G_41_26,jpr_20240528_AB01_MS_aligned_sun-all,41,26,1696,2282,4300272.979571495,621379.9849464794,0.5655062,0.109166086,3.346857e-05,0.7985795454545455,80.625,43.44938,4.163903e-06,4.6001705e-06,1.5320544e-05,30.97,69.7,10.55,5.49,32.47,6.93,Wheat,Vegetative,HEALTHY
20260724_123113,G_41_27,jpr_20240528_AB01_MS_aligned_sun-all,41,27,1760,2282,4300272.979571495,621383.1849464604,0.5471893,0.10961667,2.7487145e-05,0.775,78.94886363636363,45.28107,3.573549e-06,3.8489206e-06,1.2736249e-05,33.26,79.45,1.24,5.26,36.47,6.63,Wheat,Vegetative,HEALTHY
20260724_123113,G_41_28,jpr_20240528_AB01_MS_aligned_sun-all,41,28,1824,2282,4300272.979571495,621386.3849464413,0.60234505,0.119216844,3.415326e-05,0.7761363636363636,78.55113636363636,39.765495,3.6625252e-06,4.46307e-06,1.5047387e-05,29.75,68.44,10.16,3.67,37.69,6.98,Wheat,Vegetative,HEALTHY
20260724_123113,G_41_29,jpr_20240528_AB01_MS_aligned_sun-all,41,29,1888,2282,4300272.979571495,621389.5849464221,0.5378137,0.09128716,2.9619798e-05,0.7085227272727272,72.32954545454545,46.218628,4.0663012e-06,4.2035367e-06,1.3939937e-05,29.52,80.68,11.21,3.26,36.41,6.61,Wheat,Vegetative,HEALTHY
20260724_123113,G_41_30,jpr_20240528_AB01_MS_aligned_sun-all,41,30,1952,2282,4300272.979571495,621392.784946403,0.53804606,0.08927193,2.8387916e-05,0.775,78.18181818181819,46.195393,3.947307e-06,4.2331667e-06,1.3410285e-05,31.69,72.12,0.66,1.88,25.15,6.82,Wheat,Vegetative,HEALTHY
20260724_123113,G_41_31,jpr_20240528_AB01_MS_aligned_sun-all,41,31,2016,2282,4300272.979571495,621395.9849463839,0.50868005,0.08188757,2.5141233e-05,0.8071022727272728,81.61931818181817,49.131996,4.002634e-06,4.2287425e-06,1.2383327e-05,33.29,70.59,4.23,4.84,30.06,6.98,Wheat,Vegetative,HEALTHY
20260724_123113,G_41_32,jpr_20240528_AB01_MS_aligned_sun-all,41,32,2080,2282,4300272.979571495,621399.1849463647,0.47976556,0.06823137,2.5218846e-05,0.9034090909090909,91.67613636363636,52.023445,4.4722747e-06,4.6739433e-06,1.2878857e-05,32.31,70.45,3.72,4.13,39.18,6.66,Wheat,Vegetative,HEALTHY
20260724_123113,G_41_33,jpr_20240528_AB01_MS_aligned_sun-all,41,33,2144,2282,4300272.979571495,621402.3849463456,0.5171369,0.08910864,2.723858e-05,0.7786931818181818,78.94886363636363,48.286312,4.19581e-06,4.3614787e-06,1.32756595e-05,30.51,79.69,2.95,0.83,19.16,6.77,Wheat,Vegetative,HEALTHY
20260724_123113,G_41_34,jpr_20240528_AB01_MS_aligned_sun-all,41,34,2208,2282,4300272.979571495,621405.5849463266,0.5125233,0.09311159,2.57032e-05,0.9136363636363637,92.64204545454545,48.74767,4.0622663e-06,4.134316e-06,1.2630288e-05,31.4,72.4,3.24,4.86,38.33,6.84,Wheat,Vegetative,HEALTHY
20260724_123113,G_41_35,jpr_20240528_AB01_MS_aligned_sun-all,41,35,2272,2282,4300272.979571495,621408.7849463074,0.5173347,0.08815944,2.8196111e-05,0.8642045454545455,87.55681818181819,48.26653,4.3370055e-06,4.3897794e-06,1.3736056e-05,32.26,69.52,12.75,4.3,33.78,6.7,Wheat,Vegetative,HEALTHY
20260724_123113,G_41_36,jpr_20240528_AB01_MS_aligned_sun-all,41,36,2336,2282,4300272.979571495,621411.9849462883,0.5389728,0.096585676,3.047355e-05,0.8440340909090909,85.3125,46.102722,4.1543008e-06,4.353787e-06,1.4312544e-05,30.87,81.44,11.62,2.53,35.39,7.32,Wheat,Vegetative,HEALTHY
20260724_123113,G_41_37,jpr_20240528_AB01_MS_aligned_sun-all,41,37,2400,2282,4300272.979571495,621415.1849462691,0.5379008,0.10162404,3.0050594e-05,0.9451704545454546,95.25568181818181,46.20992,4.284048e-06,4.40777e-06,1.4301291e-05,30.02,75.11,5.66,3.9,35.86,6.81,Wheat,Vegetative,HEALTHY
20260724_123113,G_41_38,jpr_20240528_AB01_MS_aligned_sun-all,41,38,2464,2282,4300272.979571495,621418.38494625,0.53849846,0.09807068,2.9374876e-05,0.8696022727272728,87.95454545454545,46.150154,4.126856e-06,4.3184623e-06,1.3918842e-05,32.55,72.03,3.26,4.17,41.29,7.29,Wheat,Vegetative,HEALTHY
20260724_123113,G_41_39,jpr_20240528_AB01_MS_aligned_sun-all,41,39,2528,2282,4300272.979571495,621421.5849462309,0.52751553,0.09968167,2.9170778e-05,0.8394886363636364,84.88636363636364,47.248447,4.2800307e-06,4.5367888e-06,1.4003987e-05,32.44,75.42,8.82,1.82,29.97,6.75,Wheat,Vegetative,HEALTHY
20260724_123113,G_41_40,jpr_20240528_AB01_MS_aligned_sun-all,41,40,2592,2282,4300272.979571495,621424.7849462117,0.5352848,0.10562538,2.9037428e-05,0.7772727272727272,78.60795454545455,46.47152,4.0591267e-06,4.2360084e-06,1.3738629e-05,31.89,64.18,14.07,4.29,29.65,6.66,Wheat,Vegetative,HEALTHY
20260724_123113,G_41_41,jpr_20240528_AB01_MS_aligned_sun-all,41,41,2656,2282,4300272.979571495,621427.9849461927,0.52701956,0.11506887,2.8980805e-05,0.8056818181818182,81.2784090909091,47.298042,4.1897783e-06,4.4112758e-06,1.385041e-05,31.04,72.18,12.13,2.75,38.61,6.45,Wheat,Vegetative,HEALTHY
20260724_123113,G_41_42,jpr_20240528_AB01_MS_aligned_sun-all,41,42,2720,2282,4300272.979571495,621431.1849461736,0.5282143,0.11202463,2.861052e-05,0.7818181818181819,79.4034090909091,47.178574,4.1068824e-06,4.1950148e-06,1.3644077e-05,28.82,77.75,13.84,2.07,24.33,7.11,Wheat,Vegetative,HEALTHY
20260724_123113,G_41_43,jpr_20240528_AB01_MS_aligned_sun-all,41,43,2784,2282,4300272.979571495,621434.3849461544,0.58241767,0.13662234,3.5992154e-05,0.8159090909090909,82.7840909090909,41.758232,4.1344983e-06,4.6943837e-06,1.613239e-05,31.4,64.24,14.29,0.61,30.39,7.22,Wheat,Vegetative,HEALTHY
20260724_123113,G_41_44,jpr_20240528_AB01_MS_aligned_sun-all,41,44,2848,2282,4300272.979571495,621437.5849461353,0.5656486,0.13630769,3.4092674e-05,0.8252840909090909,83.0965909090909,43.43514,4.2449765e-06,4.338888e-06,1.5609668e-05,25.75,63.44,5.97,4.23,35.89,6.67,Wheat,Vegetative,HEALTHY
20260724_123113,G_41_45,jpr_20240528_AB01_MS_aligned_sun-all,41,45,2912,2282,4300272.979571495,621440.7849461162,0.5662476,0.14852881,3.588274e-05,0.8173295454545455,82.2159090909091,43.37524,4.3688074e-06,4.7527215e-06,1.633024e-05,29.58,72.54,7.46,5.77,32.95,6.81,Wheat,Vegetative,HEALTHY
20260724_123113,G_42_19,jpr_20240528_AB01_MS_aligned_sun-all,42,19,1248,2337,4300270.229762524,621357.5849466133,0.54514927,0.119794615,3.1632128e-05,0.8400568181818182,84.60227272727273,45.485073,4.306369e-06,4.264457e-06,1.485083e-05,32.13,74.03,12.69,0.59,29.7,6.77,Wheat,Vegetative,HEALTHY
20260724_123113,G_42_20,jpr_20240528_AB01_MS_aligned_sun-all,42,20,1312,2337,4300270.229762524,621360.7849465943,0.54847306,0.12710516,3.3274548e-05,0.8383522727272728,84.23295454545455,45.152695,4.4445055e-06,4.678828e-06,1.5536485e-05,31.81,64.58,5.61,3.27,24.78,7.04,Wheat,Vegetative,HEALTHY
20260724_123113,G_42_21,jpr_20240528_AB01_MS_aligned_sun-all,42,21,1376,2337,4300270.229762524,621363.9849465751,0.5501249,0.1256698,3.1542924e-05,0.8985795454545454,90.76704545454545,44.98751,4.1413928e-06,4.1313538e-06,1.4656113e-05,29.74,75.85,11.33,0.84,34.29,6.71,Wheat,Vegetative,HEALTHY
20260724_123113,G_42_22,jpr_20240528_AB01_MS_aligned_sun-all,42,22,1440,2337,4300270.229762524,621367.184946556,0.5487161,0.13210002,3.0453799e-05,0.8539772727272728,86.2784090909091,45.128387,3.9161846e-06,4.037267e-06,1.4067842e-05,31.77,70.67,2.6,5.85,37.96,7.13,Wheat,Vegetative,HEALTHY
20260724_123113,G_42_23,jpr_20240528_AB01_MS_aligned_sun-all,42,23,1504,2337,4300270.229762524,621370.3849465369,0.5349345,0.12144079,3.0252066e-05,0.8207386363636363,82.44318181818183,46.506546,4.1221383e-06,4.201839e-06,1.4206555e-05,29.13,75.07,2.21,4.52,29.56,6.37,Wheat,Vegetative,HEALTHY
20260724_123113,G_42_24,jpr_20240528_AB01_MS_aligned_sun-all,42,24,1568,2337,4300270.229762524,621373.5849465177,0.59690315,0.1374541,3.577002e-05,0.8559659090909091,86.2215909090909,40.309685,3.83469e-06,4.3793298e-06,1.575852e-05,35.33,70.61,11.01,2.66,32.01,6.41,Wheat,Vegetative,HEALTHY
20260724_123113,G_42_25,jpr_20240528_AB01_MS_aligned_sun-all,42,25,1632,2337,4300270.229762524,621376.7849464986,0.5735049,0.13615115,3.181343e-05,0.8022727272727272,80.99431818181819,42.649506,3.856045e-06,4.108548e-06,1.4460924e-05,26.11,71.05,4.57,2.39,36.98,6.81,Wheat,Vegetative,HEALTHY
20260724_123113,G_42_26,jpr_20240528_AB01_MS_aligned_sun-all,42,26,1696,2337,4300270.229762524,621379.9849464794,0.58441395,0.12593213,3.2823016e-05,0.8261363636363637,83.1534090909091,41.558605,3.8187345e-06,4.246456e-06,1.4760157e-05,31.62,75.03,2.17,3.25,33.05,6.78,Wheat,Vegetative,HEALTHY
20260724_123113,G_42_27,jpr_20240528_AB01_MS_aligned_sun-all,42,27,1760,2337,4300270.229762524,621383.1849464604,0.5672592,0.12466313,3.0269737e-05,0.825,83.26704545454545,43.274082,3.7624911e-06,4.2056135e-06,1.3852771e-05,31.57,67.53,3.78,4.28,35.9,6.58,Wheat,Vegetative,HEALTHY
20260724_123113,G_42_28,jpr_20240528_AB01_MS_aligned_sun-all,42,28,1824,2337,4300270.229762524,621386.3849464413,0.5593781,0.10692854,3.0013465e-05,0.8130681818181819,81.875,44.06219,3.7745485e-06,4.228988e-06,1.3779407e-05,29.42,64.03,6.69,2.44,34.8,6.53,Wheat,Vegetative,HEALTHY
20260724_123113,G_42_29,jpr_20240528_AB01_MS_aligned_sun-all,42,29,1888,2337,4300270.229762524,621389.5849464221,0.5869971,0.10608444,3.257904e-05,0.8426136363636364,85.25568181818181,41.30029,3.5313412e-06,3.9930965e-06,1.439144e-05,31.17,72.79,0.19,5.57,45.0,6.25,Wheat,Vegetative,HEALTHY
20260724_123113,G_42_30,jpr_20240528_AB01_MS_aligned_sun-all,42,30,1952,2337,4300270.229762524,621392.784946403,0.54210263,0.091595195,2.684343e-05,0.8318181818181818,84.48863636363636,45.789738,3.633497e-06,3.940179e-06,1.2581611e-05,31.76,79.07,1.61,0.82,32.67,6.46,Wheat,Vegetative,HEALTHY
20260724_123113,G_42_31,jpr_20240528_AB01_MS_aligned_sun-all,42,31,2016,2337,4300270.229762524,621395.9849463839,0.57857335,0.09773206,3.248327e-05,0.7642045454545454,78.1534090909091,42.142666,3.752476e-06,4.536556e-06,1.4580648e-05,28.87,84.76,6.12,3.89,29.13,6.58,Wheat,Vegetative,HEALTHY
20260724_123113,G_42_32,jpr_20240528_AB01_MS_aligned_sun-all,42,32,2080,2337,4300270.229762524,621399.1849463647,0.5105386,0.07932079,2.6151276e-05,0.8173295454545455,82.5,48.946144,4.1218887e-06,4.2999086e-06,1.2839282e-05,29.06,75.4,2.86,0.87,27.26,6.58,Wheat,Vegetative,HEALTHY
20260724_123113,G_42_33,jpr_20240528_AB01_MS_aligned_sun-all,42,33,2144,2337,4300270.229762524,621402.3849463456,0.53756404,0.07720042,3.0388663e-05,0.8653409090909091,87.5284090909091,46.243595,4.2482125e-06,4.7701424e-06,1.4378155e-05,32.27,83.92,5.64,5.51,35.16,6.83,Wheat,Vegetative,HEALTHY
20260724_123113,G_42_34,jpr_20240528_AB01_MS_aligned_sun-all,42,34,2208,2337,4300270.229762524,621405.5849463266,0.5124763,0.07068143,2.6045536e-05,0.7803977272727273,78.75,48.75237,3.9497686e-06,4.0735626e-06,1.2631919e-05,32.74,67.77,6.62,3.98,35.49,6.49,Wheat,Vegetative,HEALTHY
20260724_123113,G_42_35,jpr_20240528_AB01_MS_aligned_sun-all,42,35,2272,2337,4300270.229762524,621408.7849463074,0.5606079,0.09331608,3.2989334e-05,0.7639204545454545,77.01704545454545,43.93921,4.1752983e-06,4.889571e-06,1.5172182e-05,32.5,75.67,11.86,1.93,40.75,7.02,Wheat,Vegetative,HEALTHY
20260724_123113,G_42_36,jpr_20240528_AB01_MS_aligned_sun-all,42,36,2336,2337,4300270.229762524,621411.9849462883,0.58239007,0.105186,3.357052e-05,0.8559659090909091,86.36363636363636,41.760994,3.9175525e-06,4.278795e-06,1.5108161e-05,29.91,70.41,1.99,4.24,37.34,6.66,Wheat,Vegetative,HEALTHY
20260724_123113,G_42_37,jpr_20240528_AB01_MS_aligned_sun-all,42,37,2400,2337,4300270.229762524,621415.1849462691,0.56461966,0.10912309,3.231755e-05,0.9394886363636363,94.46022727272727,43.538033,4.116885e-06,4.541663e-06,1.488982e-05,30.33,75.29,3.55,5.23,39.68,6.81,Wheat,Vegetative,HEALTHY
20260724_123113,G_42_38,jpr_20240528_AB01_MS_aligned_sun-all,42,38,2464,2337,4300270.229762524,621418.38494625,0.54185206,0.10445056,2.8842973e-05,0.8014204545454545,81.39204545454545,45.814793,3.961842e-06,4.1959015e-06,1.3576513e-05,32.38,68.58,2.37,5.91,20.68,6.32,Wheat,Vegetative,HEALTHY
20260724_123113,G_42_39,jpr_20240528_AB01_MS_aligned_sun-all,42,39,2528,2337,4300270.229762524,621421.5849462309,0.53057474,0.09686363,3.0318442e-05,0.825,83.23863636363636,46.942528,4.253429e-06,4.769897e-06,1.4359972e-05,26.7,63.05,1.58,4.42,43.97,7.46,Wheat,Vegetative,HEALTHY
20260724_123113,G_42_40,jpr_20240528_AB01_MS_aligned_sun-all,42,40,2592,2337,4300270.229762524,621424.7849462117,0.5200993,0.10033257,2.7908287e-05,0.8434659090909091,85.42613636363636,47.99007,4.146732e-06,4.33246e-06,1.3449833e-05,31.56,66.42,3.25,4.92,32.08,6.64,Wheat,Vegetative,HEALTHY
20260724_123113,G_42_41,jpr_20240528_AB01_MS_aligned_sun-all,42,41,2656,2337,4300270.229762524,621427.9849461927,0.5196482,0.11138465,2.7174083e-05,0.8119318181818181,81.96022727272727,48.03518,4.1109583e-06,4.225641e-06,1.3169308e-05,29.52,68.48,12.7,0.68,37.92,6.58,Wheat,Vegetative,HEALTHY
20260724_123113,G_42_42,jpr_20240528_AB01_MS_aligned_sun-all,42,42,2720,2337,4300270.229762524,621431.1849461736,0.56534487,0.12425507,3.237707e-05,0.8301136363636363,83.7215909090909,43.46551,3.9815914e-06,4.387856e-06,1.4774369e-05,31.13,66.33,1.43,3.7,35.88,6.42,Wheat,Vegetative,HEALTHY
20260724_123113,G_42_43,jpr_20240528_AB01_MS_aligned_sun-all,42,43,2784,2337,4300270.229762524,621434.3849461544,0.5250945,0.12736791,2.7591455e-05,0.9414772727272728,94.6875,47.490547,4.1532303e-06,4.180427e-06,1.3350712e-05,29.49,74.09,1.23,3.95,32.6,7.16,Wheat,Vegetative,HEALTHY
20260724_123113,G_42_44,jpr_20240528_AB01_MS_aligned_sun-all,42,44,2848,2337,4300270.229762524,621437.5849461353,0.57740617,0.1525177,3.3682252e-05,0.7386363636363636,74.26136363636363,42.259384,3.9783154e-06,4.3720243e-06,1.5206182e-05,31.73,79.09,4.69,4.72,22.34,7.34,Wheat,Vegetative,HEALTHY
20260724_123113,G_43_21,jpr_20240528_AB01_MS_aligned_sun-all,43,21,1376,2392,4300267.4799535535,621363.9849465751,0.52791923,0.1152017,3.1457832e-05,0.8568181818181818,86.39204545454545,47.208076,4.5396123e-06,4.532358e-06,1.5025984e-05,31.01,69.3,2.97,3.51,39.06,6.89,Wheat,Vegetative,HEALTHY
20260724_123113,G_43_22,jpr_20240528_AB01_MS_aligned_sun-all,43,22,1440,2392,4300267.4799535535,621367.184946556,0.5313155,0.1270296,2.8950473e-05,0.8511363636363637,85.5965909090909,46.86845,4.0266377e-06,4.065743e-06,1.367716e-05,31.49,82.07,9.11,5.58,31.8,6.76,Wheat,Vegetative,HEALTHY
20260724_123113,G_43_23,jpr_20240528_AB01_MS_aligned_sun-all,43,23,1504,2392,4300267.4799535535,621370.3849465369,0.55356246,0.12471054,3.228356e-05,0.88125,89.375,44.643753,4.235838e-06,4.593653e-06,1.4997453e-05,30.43,66.66,9.28,4.12,47.14,6.79,Wheat,Vegetative,HEALTHY
20260724_123113,G_43_24,jpr_20240528_AB01_MS_aligned_sun-all,43,24,1568,2392,4300267.4799535535,621373.5849465177,0.5677987,0.13264582,3.3065124e-05,0.8286931818181819,83.69318181818181,43.22013,3.9182496e-06,4.1170947e-06,1.49404e-05,31.5,63.69,11.39,4.36,33.63,6.39,Wheat,Vegetative,HEALTHY
20260724_123113,G_43_25,jpr_20240528_AB01_MS_aligned_sun-all,43,25,1632,2392,4300267.4799535535,621376.7849464986,0.56643116,0.13572396,3.291748e-05,0.8480113636363636,85.85227272727273,43.356884,4.0755504e-06,4.301599e-06,1.5048479e-05,29.66,71.9,11.56,1.69,29.87,6.76,Wheat,Vegetative,HEALTHY
20260724_123113,G_43_26,jpr_20240528_AB01_MS_aligned_sun-all,43,26,1696,2392,4300267.4799535535,621379.9849464794,0.57915217,0.13965492,3.1229905e-05,0.9383522727272727,94.26136363636364,42.08478,3.7427199e-06,4.0288255e-06,1.4153068e-05,33.89,73.14,8.57,1.91,39.02,6.71,Wheat,Vegetative,HEALTHY
20260724_123113,G_43_27,jpr_20240528_AB01_MS_aligned_sun-all,43,27,1760,2392,4300267.4799535535,621383.1849464604,0.58060986,0.12817219,3.206589e-05,0.8167613636363636,82.67045454545455,41.939014,3.7392617e-06,4.3165865e-06,1.4428295e-05,32.24,77.72,3.12,1.89,36.39,7.52,Wheat,Vegetative,HEALTHY
20260724_123113,G_43_28,jpr_20240528_AB01_MS_aligned_sun-all,43,28,1824,2392,4300267.4799535535,621386.3849464413,0.5392251,0.098273955,2.7865543e-05,0.8267045454545454,83.35227272727272,46.07749,3.883742e-06,3.980155e-06,1.3172581e-05,27.1,74.5,5.53,0.58,19.06,6.82,Wheat,Vegetative,HEALTHY
20260724_123113,G_43_29,jpr_20240528_AB01_MS_aligned_sun-all,43,29,1888,2392,4300267.4799535535,621389.5849464221,0.5134112,0.09310483,2.5019803e-05,0.8289772727272727,83.83522727272728,48.65888,3.844477e-06,3.907156e-06,1.2184687e-05,31.75,67.27,5.91,2.78,31.61,7.14,Wheat,Vegetative,HEALTHY
20260724_123113,G_43_30,jpr_20240528_AB01_MS_aligned_sun-all,43,30,1952,2392,4300267.4799535535,621392.784946403,0.550605,0.100114025,2.836306e-05,0.80625,81.25,44.9395,3.7004304e-06,4.0224995e-06,1.31551205e-05,26.7,77.1,1.47,4.46,29.45,6.47,Wheat,Vegetative,HEALTHY
20260724_123113,G_43_31,jpr_20240528_AB01_MS_aligned_sun-all,43,31,2016,2392,4300267.4799535535,621395.9849463839,0.5548917,0.09245736,3.111229e-05,0.8252840909090909,83.4375,44.51083,4.0452474e-06,4.4574417e-06,1.4416404e-05,29.76,66.62,0.99,4.85,40.14,6.53,Wheat,Vegetative,HEALTHY
20260724_123113,G_43_32,jpr_20240528_AB01_MS_aligned_sun-all,43,32,2080,2392,4300267.4799535535,621399.1849463647,0.49221176,0.07359201,2.4597182e-05,0.9366477272727273,94.4034090909091,50.778824,4.195522e-06,4.2016236e-06,1.2394859e-05,34.94,72.73,4.55,5.63,41.51,7.12,Wheat,Vegetative,HEALTHY
20260724_123113,G_43_33,jpr_20240528_AB01_MS_aligned_sun-all,43,33,2144,2392,4300267.4799535535,621402.3849463456,0.5165517,0.074946836,2.5660553e-05,0.8357954545454546,84.31818181818181,48.344833,3.8685466e-06,4.037921e-06,1.2422354e-05,30.84,84.46,8.48,1.59,30.62,7.3,Wheat,Vegetative,HEALTHY
20260724_123113,G_43_34,jpr_20240528_AB01_MS_aligned_sun-all,43,34,2208,2392,4300267.4799535535,621405.5849463266,0.55150265,0.08336313,3.0843556e-05,0.8042613636363637,81.19318181818181,44.849735,3.905136e-06,4.5978663e-06,1.418672e-05,33.22,76.58,2.41,5.72,35.12,6.43,Wheat,Vegetative,HEALTHY
20260724_123113,G_43_35,jpr_20240528_AB01_MS_aligned_sun-all,43,35,2272,2392,4300267.4799535535,621408.7849463074,0.50675315,0.074860446,2.5573032e-05,0.8639204545454545,87.24431818181819,49.324684,4.0972423e-06,4.068061e-06,1.2621878e-05,32.09,67.3,11.28,3.02,29.51,7.13,Wheat,Vegetative,HEALTHY
20260724_123113,G_43_36,jpr_20240528_AB01_MS_aligned_sun-all,43,36,2336,2392,4300267.4799535535,621411.9849462883,0.5658757,0.09865746,3.173939e-05,0.8051136363636363,81.25,43.41243,3.9556408e-06,4.543596e-06,1.4535839e-05,32.05,65.21,6.04,0.54,41.5,7.07,Wheat,Vegetative,HEALTHY
20260724_123113,G_43_37,jpr_20240528_AB01_MS_aligned_sun-all,43,37,2400,2392,4300267.4799535535,621415.1849462691,0.5595063,0.09757325,3.118664e-05,0.9014204545454545,91.19318181818183,44.04937,4.069293e-06,4.3838727e-06,1.44652295e-05,29.26,65.41,3.03,2.22,36.9,6.41,Wheat,Vegetative,HEALTHY
20260724_123113,G_43_38,jpr_20240528_AB01_MS_aligned_sun-all,43,38,2464,2392,4300267.4799535535,621418.38494625,0.57459086,0.11038417,3.12668e-05,0.840625,85.0284090909091,42.540913,3.7316186e-06,4.2960814e-06,1.4154273e-05,34.45,75.5,2.63,5.41,29.26,6.23,Wheat,Vegetative,HEALTHY
20260724_123113,G_43_39,jpr_20240528_AB01_MS_aligned_sun-all,43,39,2528,2392,4300267.4799535535,621421.5849462309,0.49340004,0.08265572,2.512067e-05,0.875,88.80681818181819,50.659996,4.250098e-06,4.2174315e-06,1.2623944e-05,32.84,73.48,11.08,4.02,39.69,6.7,Wheat,Vegetative,HEALTHY
20260724_123113,G_43_40,jpr_20240528_AB01_MS_aligned_sun-all,43,40,2592,2392,4300267.4799535535,621424.7849462117,0.5104199,0.110810354,2.6277205e-05,0.8923295454545455,90.14204545454545,48.958008,4.1791627e-06,4.296008e-06,1.2938535e-05,28.2,80.18,3.04,2.83,38.65,6.98,Wheat,Vegetative,HEALTHY
20260724_123113,G_43_41,jpr_20240528_AB01_MS_aligned_sun-all,43,41,2656,2392,4300267.4799535535,621427.9849461927,0.5324082,0.11124918,2.7617498e-05,0.8551136363636364,86.44886363636364,46.759182,3.912192e-06,3.970673e-06,1.3118351e-05,29.99,72.66,13.58,4.05,37.4,7.04,Wheat,Vegetative,HEALTHY
20260724_123113,G_43_42,jpr_20240528_AB01_MS_aligned_sun-all,43,42,2720,2392,4300267.4799535535,621431.1849461736,0.5387683,0.12940316,2.914397e-05,0.8980113636363637,90.51136363636364,46.12317,4.106808e-06,4.356458e-06,1.3821825e-05,31.36,70.85,3.45,3.75,29.57,6.77,Wheat,Vegetative,HEALTHY
20260724_123113,G_43_43,jpr_20240528_AB01_MS_aligned_sun-all,43,43,2784,2392,4300267.4799535535,621434.3849461544,0.57478136,0.14637572,3.0732597e-05,0.7241477272727272,72.98295454545455,42.521866,3.5846047e-06,3.9214265e-06,1.3829185e-05,34.77,78.79,0.93,3.2,28.14,7.14,Wheat,Vegetative,HEALTHY
20260724_123113,G_43_44,jpr_20240528_AB01_MS_aligned_sun-all,43,44,2848,2392,4300267.4799535535,621437.5849461353,0.56370056,0.15468383,3.3258533e-05,0.565625,57.04545454545455,43.629944,4.1046646e-06,4.4860158e-06,1.5191295e-05,31.48,71.17,10.64,4.6,31.78,6.58,Wheat,Vegetative,HEALTHY
20260724_123113,G_44_22,jpr_20240528_AB01_MS_aligned_sun-all,44,22,1440,2447,4300264.730144584,621367.184946556,0.5580099,0.13408367,3.5519242e-05,0.58125,58.12500000000001,44.19901,4.4952376e-06,4.8672155e-06,1.6335507e-05,32.3,65.28,10.22,1.51,37.64,6.49,Wheat,Vegetative,HEALTHY
20260724_123113,G_44_23,jpr_20240528_AB01_MS_aligned_sun-all,44,23,1504,2447,4300264.730144584,621370.3849465369,0.55444604,0.13189335,3.3115768e-05,0.8951704545454545,90.19886363636364,44.555397,4.2920824e-06,4.4636913e-06,1.5331123e-05,29.02,65.19,3.84,5.92,32.54,6.75,Wheat,Vegetative,HEALTHY
20260724_123113,G_44_24,jpr_20240528_AB01_MS_aligned_sun-all,44,24,1568,2447,4300264.730144584,621373.5849465177,0.5850935,0.14516547,3.7286747e-05,0.8519886363636363,85.9090909090909,41.49065,4.1709936e-06,4.507013e-06,1.6600452e-05,32.59,73.58,7.55,3.79,19.74,7.13,Wheat,Vegetative,HEALTHY
20260724_123113,G_44_25,jpr_20240528_AB01_MS_aligned_sun-all,44,25,1632,2447,4300264.730144584,621376.7849464986,0.5407643,0.12892388,2.8944512e-05,0.8730113636363637,87.98295454545455,45.923573,4.032243e-06,4.124551e-06,1.3680765e-05,34.77,69.33,0.8,3.8,32.35,7.16,Wheat,Vegetative,HEALTHY
20260724_123113,G_44_26,jpr_20240528_AB01_MS_aligned_sun-all,44,26,1696,2447,4300264.730144584,621379.9849464794,0.6016692,0.14606567,3.5061963e-05,0.8289772727272727,83.63636363636363,39.83308,3.7368386e-06,4.474769e-06,1.5424625e-05,32.6,72.76,5.25,4.39,36.48,6.58,Wheat,Vegetative,HEALTHY
20260724_123113,G_44_27,jpr_20240528_AB01_MS_aligned_sun-all,44,27,1760,2447,4300264.730144584,621383.1849464604,0.6011976,0.13266587,3.4925128e-05,0.7985795454545455,81.13636363636364,39.88024,3.6531774e-06,4.190729e-06,1.5295353e-05,30.55,67.11,5.29,5.93,32.33,6.29,Wheat,Vegetative,HEALTHY
20260724_123113,G_44_28,jpr_20240528_AB01_MS_aligned_sun-all,44,28,1824,2447,4300264.730144584,621386.3849464413,0.5439573,0.11295304,2.804843e-05,0.8647727272727272,87.1590909090909,45.60427,3.772648e-06,3.9271968e-06,1.3122457e-05,31.64,68.09,14.32,3.77,31.73,7.3,Wheat,Vegetative,HEALTHY
20260724_123113,G_44_29,jpr_20240528_AB01_MS_aligned_sun-all,44,29,1888,2447,4300264.730144584,621389.5849464221,0.5068144,0.09134784,2.3395938e-05,0.8221590909090909,83.0965909090909,49.318558,3.7479667e-06,3.8111332e-06,1.1546857e-05,33.31,74.15,0.06,2.81,42.27,6.58,Wheat,Vegetative,HEALTHY
20260724_123113,G_44_30,jpr_20240528_AB01_MS_aligned_sun-all,44,30,1952,2447,4300264.730144584,621392.784946403,0.5448719,0.10115067,2.9884546e-05,0.8002840909090909,80.6534090909091,45.512806,4.011282e-06,4.3099285e-06,1.3973169e-05,29.08,68.83,9.38,2.36,27.59,6.23,Wheat,Vegetative,HEALTHY
20260724_123113,G_44_31,jpr_20240528_AB01_MS_aligned_sun-all,44,31,2016,2447,4300264.730144584,621395.9849463839,0.5465789,0.09139141,2.9054918e-05,0.8326704545454545,84.23295454545455,45.34211,3.89998e-06,4.1286057e-06,1.35853015e-05,32.52,73.36,5.3,2.38,33.07,6.74,Wheat,Vegetative,HEALTHY
20260724_123113,G_44_32,jpr_20240528_AB01_MS_aligned_sun-all,44,32,2080,2447,4300264.730144584,621399.1849463647,0.54823834,0.09449913,3.0292733e-05,0.8136363636363636,82.27272727272728,45.176167,3.9119955e-06,4.3567165e-06,1.400996e-05,29.51,73.12,11.78,1.58,35.27,6.93,Wheat,Vegetative,HEALTHY
20260724_123113,G_44_33,jpr_20240528_AB01_MS_aligned_sun-all,44,33,2144,2447,4300264.730144584,621402.3849463456,0.5276621,0.082466945,2.6120446e-05,0.7846590909090909,79.48863636363637,47.23379,3.844418e-06,3.968211e-06,1.2551525e-05,31.4,74.36,12.1,3.4,40.23,6.51,Wheat,Vegetative,HEALTHY
20260724_123113,G_44_34,jpr_20240528_AB01_MS_aligned_sun-all,44,34,2208,2447,4300264.730144584,621405.5849463266,0.50981957,0.08441854,2.5549622e-05,0.8434659090909091,85.25568181818181,49.018044,4.034244e-06,4.332412e-06,1.2551074e-05,30.47,66.28,8.43,4.78,31.07,6.04,Wheat,Vegetative,HEALTHY
20260724_123113,G_44_35,jpr_20240528_AB01_MS_aligned_sun-all,44,35,2272,2447,4300264.730144584,621408.7849463074,0.5743873,0.09140804,3.090699e-05,0.8289772727272727,83.29545454545455,42.561268,3.6590739e-06,4.2056445e-06,1.3961783e-05,29.57,64.54,10.93,0.94,41.47,6.44,Wheat,Vegetative,HEALTHY
20260724_123113,G_44_36,jpr_20240528_AB01_MS_aligned_sun-all,44,36,2336,2447,4300264.730144584,621411.9849462883,0.5915426,0.101602264,3.3781347e-05,0.8136363636363636,82.1590909090909,40.84574,3.7056607e-06,4.4811663e-06,1.4966552e-05,27.84,76.91,3.36,1.57,36.77,7.0,Wheat,Vegetative,HEALTHY
20260724_123113,G_44_37,jpr_20240528_AB01_MS_aligned_sun-all,44,37,2400,2447,4300264.730144584,621415.1849462691,0.5569891,0.094099246,2.9258632e-05,0.834659090909091,84.7159090909091,44.301094,3.7763125e-06,4.151445e-06,1.3529538e-05,27.92,69.37,5.71,3.7,31.75,7.18,Wheat,Vegetative,HEALTHY
20260724_123113,G_44_38,jpr_20240528_AB01_MS_aligned_sun-all,44,38,2464,2447,4300264.730144584,621418.38494625,0.5846507,0.098306246,3.1836335e-05,0.81875,82.38636363636364,41.53493,3.5870105e-06,4.117899e-06,1.4199521e-05,31.12,67.57,7.13,5.15,31.88,6.42,Wheat,Vegetative,HEALTHY
20260724_123113,G_44_39,jpr_20240528_AB01_MS_aligned_sun-all,44,39,2528,2447,4300264.730144584,621421.5849462309,0.47550714,0.07721667,2.3408173e-05,0.8772727272727273,88.7215909090909,52.449287,4.2758697e-06,4.014867e-06,1.20788545e-05,33.32,64.89,5.12,0.76,35.38,6.83,Wheat,Vegetative,HEALTHY
20260724_123113,G_44_40,jpr_20240528_AB01_MS_aligned_sun-all,44,40,2592,2447,4300264.730144584,621424.7849462117,0.49993724,0.09927538,2.4471161e-05,0.8607954545454546,86.875,50.006275,4.044727e-06,3.9904066e-06,1.2202049e-05,31.5,70.51,6.26,3.2,27.78,6.81,Wheat,Vegetative,HEALTHY
20260724_123113,G_44_41,jpr_20240528_AB01_MS_aligned_sun-all,44,41,2656,2447,4300264.730144584,621427.9849461927,0.5177125,0.11553636,2.6857577e-05,0.8605113636363636,86.76136363636363,48.228752,4.12237e-06,4.09024e-06,1.30752105e-05,30.4,58.25,1.95,5.97,35.71,7.27,Wheat,Vegetative,HEALTHY
20260724_123113,G_44_42,jpr_20240528_AB01_MS_aligned_sun-all,44,42,2720,2447,4300264.730144584,621431.1849461736,0.584048,0.14389385,3.100225e-05,0.8264204545454545,83.29545454545455,41.595203,3.60258e-06,3.9437973e-06,1.3937038e-05,30.42,71.99,9.44,3.81,29.82,6.38,Wheat,Vegetative,HEALTHY
20260724_123113,G_44_43,jpr_20240528_AB01_MS_aligned_sun-all,44,43,2784,2447,4300264.730144584,621434.3849461544,0.57409686,0.15302111,3.3245044e-05,0.7440340909090909,75.11363636363636,42.590313,3.9454612e-06,4.3816885e-06,1.5027582e-05,31.48,68.32,11.61,4.56,21.66,7.11,Wheat,Vegetative,HEALTHY
20260724_123113,G_45_24,jpr_20240528_AB01_MS_aligned_sun-all,45,24,1568,2502,4300261.980335613,621373.5849465177,0.555289,0.13893703,3.3311655e-05,0.515625,52.04545454545455,44.471104,4.27978e-06,4.490147e-06,1.5384123e-05,32.1,72.15,9.31,1.25,34.55,6.79,Wheat,Vegetative,HEALTHY
20260724_123113,G_45_25,jpr_20240528_AB01_MS_aligned_sun-all,45,25,1632,2502,4300261.980335613,621376.7849464986,0.5579684,0.1338783,3.1577925e-05,0.8713068181818182,88.01136363636364,44.203163,4.0422074e-06,4.308328e-06,1.4568592e-05,31.1,76.68,4.67,4.39,33.28,6.43,Wheat,Vegetative,HEALTHY
20260724_123113,G_45_26,jpr_20240528_AB01_MS_aligned_sun-all,45,26,1696,2502,4300261.980335613,621379.9849464794,0.5944841,0.14749223,3.4387325e-05,0.9511363636363637,95.73863636363636,40.55159,3.857218e-06,4.389621e-06,1.5320109e-05,28.26,68.26,3.0,4.16,31.01,6.62,Wheat,Vegetative,HEALTHY
20260724_123113,G_45_27,jpr_20240528_AB01_MS_aligned_sun-all,45,27,1760,2502,4300261.980335613,621383.1849464604,0.6202833,0.1545245,3.859797e-05,0.7948863636363637,80.5965909090909,37.97167,3.4952068e-06,4.246609e-06,1.6361766e-05,34.51,74.2,4.71,5.24,34.66,6.97,Wheat,Vegetative,HEALTHY
20260724_123113,G_45_28,jpr_20240528_AB01_MS_aligned_sun-all,45,28,1824,2502,4300261.980335613,621386.3849464413,0.536479,0.11286214,2.8127959e-05,0.8150568181818182,82.1875,46.3521,3.866827e-06,4.057914e-06,1.32431505e-05,34.12,73.27,12.73,5.89,31.35,6.87,Wheat,Vegetative,HEALTHY
20260724_123113,G_45_29,jpr_20240528_AB01_MS_aligned_sun-all,45,29,1888,2502,4300261.980335613,621389.5849464221,0.5143353,0.099262096,2.5869429e-05,0.9113636363636364,91.8465909090909,48.56647,4.04057e-06,4.1083504e-06,1.2664005e-05,31.67,80.2,3.92,2.98,44.7,6.35,Wheat,Vegetative,HEALTHY
20260724_123113,G_45_30,jpr_20240528_AB01_MS_aligned_sun-all,45,30,1952,2502,4300261.980335613,621392.784946403,0.5478011,0.10405659,2.8739727e-05,0.8002840909090909,80.9375,45.21989,3.865092e-06,4.1226854e-06,1.3445343e-05,33.68,70.64,2.56,1.61,27.61,6.64,Wheat,Vegetative,HEALTHY
20260724_123113,G_45_31,jpr_20240528_AB01_MS_aligned_sun-all,45,31,2016,2502,4300261.980335613,621395.9849463839,0.5911092,0.11527501,3.420834e-05,0.8647727272727272,87.04545454545455,40.88908,3.691272e-06,4.382679e-06,1.5094509e-05,28.25,70.55,14.67,1.61,24.19,6.8,Wheat,Vegetative,HEALTHY
20260724_123113,G_45_32,jpr_20240528_AB01_MS_aligned_sun-all,45,32,2080,2502,4300261.980335613,621399.1849463647,0.57063365,0.10422866,2.9232628e-05,0.8068181818181818,82.27272727272728,42.936634,3.5291919e-06,3.971054e-06,1.3273744e-05,31.94,74.54,6.07,0.72,32.71,6.84,Wheat,Vegetative,HEALTHY
20260724_123113,G_45_33,jpr_20240528_AB01_MS_aligned_sun-all,45,33,2144,2502,4300261.980335613,621402.3849463456,0.49938843,0.08335149,2.5696996e-05,0.8247159090909091,83.18181818181817,50.061153,4.264449e-06,4.5447982e-06,1.2830414e-05,30.93,76.13,3.33,2.8,33.54,6.96,Wheat,Vegetative,HEALTHY
20260724_123113,G_45_34,jpr_20240528_AB01_MS_aligned_sun-all,45,34,2208,2502,4300261.980335613,621405.5849463266,0.5107959,0.08259132,2.5511434e-05,0.8377840909090909,84.51704545454545,48.92041,3.996799e-06,4.023181e-06,1.2500897e-05,33.08,68.45,4.46,1.36,32.52,6.82,Wheat,Vegetative,HEALTHY
20260724_123113,G_45_35,jpr_20240528_AB01_MS_aligned_sun-all,45,35,2272,2502,4300261.980335613,621408.7849463074,0.5465189,0.09078658,2.9656598e-05,0.846875,85.5965909090909,45.348106,3.948251e-06,4.3943414e-06,1.383415e-05,31.75,62.16,0.69,4.03,23.86,6.49,Wheat,Vegetative,HEALTHY
20260724_123113,G_45_36,jpr_20240528_AB01_MS_aligned_sun-all,45,36,2336,2502,4300261.980335613,621411.9849462883,0.5413795,0.086212665,2.9759332e-05,0.7832386363636363,79.0340909090909,45.86205,4.0694003e-06,4.2902075e-06,1.3989547e-05,31.59,67.19,10.38,3.85,48.46,6.85,Wheat,Vegetative,HEALTHY
20260724_123113,G_45_37,jpr_20240528_AB01_MS_aligned_sun-all,45,37,2400,2502,4300261.980335613,621415.1849462691,0.5056521,0.09065505,2.5142892e-05,0.81875,82.7840909090909,49.434788,4.0968657e-06,4.242946e-06,1.2478112e-05,28.43,72.48,5.03,5.65,32.99,6.73,Wheat,Vegetative,HEALTHY
20260724_123113,G_45_38,jpr_20240528_AB01_MS_aligned_sun-all,45,38,2464,2502,4300261.980335613,621418.38494625,0.48013565,0.070438705,2.2754348e-05,0.9204545454545454,92.61363636363636,51.98643,4.007192e-06,3.8096318e-06,1.1592219e-05,26.95,75.59,0.21,3.28,37.53,6.93,Wheat,Vegetative,HEALTHY
20260724_123113,G_45_39,jpr_20240528_AB01_MS_aligned_sun-all,45,39,2528,2502,4300261.980335613,621421.5849462309,0.52493167,0.09572609,2.6696873e-05,0.7832386363636363,79.20454545454545,47.506832,3.9127794e-06,4.173899e-06,1.28120455e-05,29.28,67.84,3.29,1.35,31.02,6.72,Wheat,Vegetative,HEALTHY
20260724_123113,G_45_40,jpr_20240528_AB01_MS_aligned_sun-all,45,40,2592,2502,4300261.980335613,621424.7849462117,0.5474465,0.10376547,2.901565e-05,0.7909090909090909,80.0284090909091,45.255352,3.8739986e-06,4.10864e-06,1.3546232e-05,30.62,67.71,5.91,5.42,25.2,6.81,Wheat,Vegetative,HEALTHY
20260724_123113,G_45_41,jpr_20240528_AB01_MS_aligned_sun-all,45,41,2656,2502,4300261.980335613,621427.9849461927,0.5571951,0.12906374,3.0864263e-05,0.8193181818181818,82.58522727272727,44.280487,3.9920437e-06,4.3571413e-06,1.42805175e-05,32.59,73.6,4.76,5.8,41.97,6.64,Wheat,Vegetative,HEALTHY
20260724_123113,G_45_42,jpr_20240528_AB01_MS_aligned_sun-all,45,42,2720,2502,4300261.980335613,621431.1849461736,0.5057783,0.123760514,2.5033096e-05,0.9357954545454545,94.14772727272728,49.42217,4.060275e-06,3.952954e-06,1.240492e-05,33.85,61.56,9.51,1.63,42.88,6.96,Wheat,Vegetative,HEALTHY
20260724_123113,G_46_26,jpr_20240528_AB01_MS_aligned_sun-all,46,26,1696,2557,4300259.230526642,621379.9849464794,0.547028,0.121599816,3.0453419e-05,0.5625,56.59090909090909,45.2972,4.1610415e-06,4.1925587e-06,1.4312562e-05,32.45,72.08,3.37,2.44,27.47,6.65,Wheat,Vegetative,HEALTHY
20260724_123113,G_46_27,jpr_20240528_AB01_MS_aligned_sun-all,46,27,1760,2557,4300259.230526642,621383.1849464604,0.5747033,0.13687208,3.3214383e-05,0.7857954545454545,79.0340909090909,42.52967,3.8308485e-06,4.2264187e-06,1.4902754e-05,30.36,75.0,7.16,2.64,42.4,6.66,Wheat,Vegetative,HEALTHY
20260724_123113,G_46_28,jpr_20240528_AB01_MS_aligned_sun-all,46,28,1824,2557,4300259.230526642,621386.3849464413,0.5003806,0.09318825,2.5047319e-05,0.9482954545454545,95.51136363636363,49.96194,4.058187e-06,3.9223464e-06,1.2407579e-05,31.46,72.96,14.74,1.94,42.65,6.94,Wheat,Vegetative,HEALTHY
20260724_123113,G_46_29,jpr_20240528_AB01_MS_aligned_sun-all,46,29,1888,2557,4300259.230526642,621389.5849464221,0.50326884,0.09538634,2.6746518e-05,0.8082386363636364,81.76136363636364,49.673115,4.2886763e-06,4.394387e-06,1.3204503e-05,29.9,67.37,10.79,3.17,24.13,6.55,Wheat,Vegetative,HEALTHY
20260724_123113,G_46_30,jpr_20240528_AB01_MS_aligned_sun-all,46,30,1952,2557,4300259.230526642,621392.784946403,0.5680624,0.11418224,3.269399e-05,0.8269886363636364,83.26704545454545,43.193756,3.9170313e-06,4.269939e-06,1.4815458e-05,30.59,69.04,6.74,5.82,39.12,6.91,Wheat,Vegetative,HEALTHY
20260724_123113,G_46_31,jpr_20240528_AB01_MS_aligned_sun-all,46,31,2016,2557,4300259.230526642,621395.9849463839,0.51803106,0.101814054,2.4980942e-05,0.9423295454545455,95.11363636363637,48.196896,3.8227986e-06,3.863104e-06,1.2150054e-05,30.14,74.34,0.24,1.76,34.02,6.39,Wheat,Vegetative,HEALTHY
20260724_123113,G_46_32,jpr_20240528_AB01_MS_aligned_sun-all,46,32,2080,2557,4300259.230526642,621399.1849463647,0.5604615,0.11199956,2.9749943e-05,0.7971590909090909,80.39772727272727,43.95385,3.7095542e-06,4.1842486e-06,1.3626564e-05,28.44,76.49,13.95,2.38,29.83,6.74,Wheat,Vegetative,HEALTHY
20260724_123113,G_46_33,jpr_20240528_AB01_MS_aligned_sun-all,46,33,2144,2557,4300259.230526642,621402.3849463456,0.56383234,0.11078287,2.9070681e-05,0.8329545454545455,83.97727272727272,43.616764,3.6777224e-06,4.1982844e-06,1.3368287e-05,32.14,70.16,9.64,4.85,34.58,6.95,Wheat,Vegetative,HEALTHY
20260724_123113,G_46_34,jpr_20240528_AB01_MS_aligned_sun-all,46,34,2208,2557,4300259.230526642,621405.5849463266,0.566676,0.106165126,3.1609965e-05,0.8153409090909091,82.5,43.332397,3.808536e-06,4.31107e-06,1.4345596e-05,27.59,72.85,3.1,2.08,36.48,6.84,Wheat,Vegetative,HEALTHY
20260724_123113,G_46_35,jpr_20240528_AB01_MS_aligned_sun-all,46,35,2272,2557,4300259.230526642,621408.7849463074,0.53643745,0.09744477,2.7667149e-05,0.9230113636363636,93.38068181818183,46.356255,3.923763e-06,4.198883e-06,1.3146467e-05,32.74,68.05,10.63,2.21,35.83,6.51,Wheat,Vegetative,HEALTHY
20260724_123113,G_46_36,jpr_20240528_AB01_MS_aligned_sun-all,46,36,2336,2557,4300259.230526642,621411.9849462883,0.52316886,0.089210436,2.8234599e-05,0.7872159090909091,79.7159090909091,47.683113,4.1580874e-06,4.4060175e-06,1.3569966e-05,31.66,77.29,5.54,0.88,29.53,6.86,Wheat,Vegetative,HEALTHY
20260724_123113,G_46_37,jpr_20240528_AB01_MS_aligned_sun-all,46,37,2400,2557,4300259.230526642,621415.1849462691,0.5121825,0.083835945,2.5432902e-05,0.7883522727272727,79.80113636363636,48.781754,3.8936855e-06,3.9761494e-06,1.2371608e-05,31.51,77.17,14.33,2.72,31.68,6.89,Wheat,Vegetative,HEALTHY
20260724_123113,G_46_38,jpr_20240528_AB01_MS_aligned_sun-all,46,38,2464,2557,4300259.230526642,621418.38494625,0.5468572,0.09513312,2.8293398e-05,0.7863636363636364,79.48863636363637,45.31428,3.739601e-06,3.9915994e-06,1.31710685e-05,29.22,76.59,14.91,2.67,44.08,6.85,Wheat,Vegetative,HEALTHY
20260724_123113,G_46_39,jpr_20240528_AB01_MS_aligned_sun-all,46,39,2528,2557,4300259.230526642,621421.5849462309,0.52248627,0.09232312,2.6141106e-05,0.8423295454545454,85.0,47.751373,3.8848466e-06,3.8452645e-06,1.25988445e-05,30.91,74.36,13.55,1.74,32.58,6.53,Wheat,Vegetative,HEALTHY
20260724_123113,G_46_40,jpr_20240528_AB01_MS_aligned_sun-all,46,40,2592,2557,4300259.230526642,621424.7849462117,0.5557343,0.10812414,3.095624e-05,0.8428977272727273,85.14204545454545,44.42657,4.0310492e-06,4.450645e-06,1.4350188e-05,31.37,74.29,1.14,2.12,37.79,6.66,Wheat,Vegetative,HEALTHY
20260724_123113,G_46_41,jpr_20240528_AB01_MS_aligned_sun-all,46,41,2656,2557,4300259.230526642,621427.9849461927,0.5365068,0.12741649,2.6149093e-05,0.9116477272727272,92.30113636363636,46.349323,3.6946951e-06,3.756653e-06,1.24113485e-05,31.01,68.61,9.8,0.65,29.86,7.29,Wheat,Vegetative,HEALTHY
20260724_123113,G_46_42,jpr_20240528_AB01_MS_aligned_sun-all,46,42,2720,2557,4300259.230526642,621431.1849461736,0.46827823,0.10092038,2.5876054e-05,0.5985795454545455,60.45454545454545,53.172176,4.9072646e-06,4.931388e-06,1.3532943e-05,30.35,69.21,7.83,5.4,32.5,6.36,Wheat,Vegetative,HEALTHY
20260724_123113,G_47_28,jpr_20240528_AB01_MS_aligned_sun-all,47,28,1824,2612,4300256.480717672,621386.3849464413,0.5167422,0.10303974,2.7980448e-05,0.5244318181818182,52.86931818181818,48.325775,4.2589245e-06,4.392382e-06,1.3586081e-05,29.51,75.91,2.57,1.6,36.28,6.92,Wheat,Vegetative,HEALTHY
20260724_123113,G_47_29,jpr_20240528_AB01_MS_aligned_sun-all,47,29,1888,2612,4300256.480717672,621389.5849464221,0.53588015,0.11235605,2.9283328e-05,0.88125,88.57954545454545,46.411983,4.0585624e-06,4.2311035e-06,1.3820036e-05,30.63,64.1,12.96,2.01,27.57,6.91,Wheat,Vegetative,HEALTHY
20260724_123113,G_47_30,jpr_20240528_AB01_MS_aligned_sun-all,47,30,1952,2612,4300256.480717672,621392.784946403,0.52026623,0.10044771,2.8457262e-05,0.9099431818181818,91.42045454545455,47.973377,4.292267e-06,4.4272656e-06,1.3778372e-05,28.42,80.74,12.56,1.43,33.74,6.81,Wheat,Vegetative,HEALTHY
20260724_123113,G_47_31,jpr_20240528_AB01_MS_aligned_sun-all,47,31,2016,2612,4300256.480717672,621395.9849463839,0.54572505,0.10922472,2.8274924e-05,0.846875,85.5965909090909,45.427494,3.7480581e-06,4.0363198e-06,1.3173369e-05,29.45,68.2,2.67,0.81,39.3,7.08,Wheat,Vegetative,HEALTHY
20260724_123113,G_47_32,jpr_20240528_AB01_MS_aligned_sun-all,47,32,2080,2612,4300256.480717672,621399.1849463647,0.55248934,0.11511538,3.0287092e-05,0.8457386363636363,85.11363636363637,44.751064,3.927748e-06,4.5081206e-06,1.4023824e-05,33.65,65.42,9.64,5.36,43.28,7.06,Wheat,Vegetative,HEALTHY
20260724_123113,G_47_33,jpr_20240528_AB01_MS_aligned_sun-all,47,33,2144,2612,4300256.480717672,621402.3849463456,0.53956515,0.094518915,2.8102879e-05,0.9255681818181818,93.18181818181817,46.043484,3.89373e-06,4.0765094e-06,1.3261688e-05,32.73,69.82,11.03,1.99,34.81,6.54,Wheat,Vegetative,HEALTHY
20260724_123113,G_47_34,jpr_20240528_AB01_MS_aligned_sun-all,47,34,2208,2612,4300256.480717672,621405.5849463266,0.6081601,0.12652302,3.4925746e-05,0.8798295454545455,88.94886363636364,39.18399,3.5830835e-06,4.375935e-06,1.5225453e-05,31.57,65.42,1.59,1.16,41.32,6.42,Wheat,Vegetative,HEALTHY
20260724_123113,G_47_35,jpr_20240528_AB01_MS_aligned_sun-all,47,35,2272,2612,4300256.480717672,621408.7849463074,0.5420724,0.10382907,2.8473774e-05,0.8232954545454545,83.03977272727273,45.79276,3.873407e-06,4.0976365e-06,1.3365004e-05,30.5,72.94,6.15,4.57,46.44,7.09,Wheat,Vegetative,HEALTHY
20260724_123113,G_47_36,jpr_20240528_AB01_MS_aligned_sun-all,47,36,2336,2612,4300256.480717672,621411.9849462883,0.52511466,0.10196578,2.7932794e-05,0.8644886363636364,87.24431818181819,47.488533,4.150258e-06,4.456747e-06,1.3461527e-05,30.81,80.96,7.06,1.23,34.99,6.35,Wheat,Vegetative,HEALTHY
20260724_123113,G_47_37,jpr_20240528_AB01_MS_aligned_sun-all,47,37,2400,2612,4300256.480717672,621415.1849462691,0.5389279,0.102196105,2.8031758e-05,0.8633522727272728,87.01704545454545,46.10721,3.841077e-06,4.070413e-06,1.31853285e-05,27.98,65.49,13.51,4.23,27.0,7.05,Wheat,Vegetative,HEALTHY
20260724_123113,G_47_38,jpr_20240528_AB01_MS_aligned_sun-all,47,38,2464,2612,4300256.480717672,621418.38494625,0.5692701,0.11293672,2.9585659e-05,0.8213068181818182,82.72727272727273,43.072994,3.5804342e-06,3.957271e-06,1.3442675e-05,32.93,72.85,8.09,5.24,44.7,6.78,Wheat,Vegetative,HEALTHY
20260724_123113,G_47_39,jpr_20240528_AB01_MS_aligned_sun-all,47,39,2528,2612,4300256.480717672,621421.5849462309,0.49737853,0.09306525,2.4213963e-05,0.9090909090909091,92.01704545454545,50.262146,4.059654e-06,3.880483e-06,1.21312405e-05,31.87,71.3,7.68,1.86,34.69,6.56,Wheat,Vegetative,HEALTHY
20260724_123113,G_47_40,jpr_20240528_AB01_MS_aligned_sun-all,47,40,2592,2612,4300256.480717672,621424.7849462117,0.570838,0.12765172,3.064085e-05,0.790625,79.88636363636363,42.916203,3.6922552e-06,4.1289463e-06,1.390625e-05,29.53,66.49,4.71,4.95,34.31,6.65,Wheat,Vegetative,HEALTHY
20260724_123113,G_47_41,jpr_20240528_AB01_MS_aligned_sun-all,47,41,2656,2612,4300256.480717672,621427.9849461927,0.5129109,0.12526627,2.4780482e-05,0.7752840909090909,78.18181818181819,48.708908,3.939317e-06,3.888981e-06,1.2199747e-05,31.08,79.57,1.56,3.63,32.26,7.0,Wheat,Vegetative,HEALTHY
20260724_123113,G_48_30,jpr_20240528_AB01_MS_aligned_sun-all,48,30,1952,2667,4300253.730908701,621392.784946403,0.53842163,0.10731816,2.9488767e-05,0.5514204545454545,55.25568181818182,46.157837,4.065506e-06,4.49028e-06,1.3895461e-05,31.21,65.2,6.3,0.53,32.99,7.58,Wheat,Vegetative,HEALTHY
20260724_123113,G_48_31,jpr_20240528_AB01_MS_aligned_sun-all,48,31,2016,2667,4300253.730908701,621395.9849463839,0.55206835,0.1143717,3.1758555e-05,0.8357954545454546,84.54545454545455,44.793163,4.16074e-06,4.5826923e-06,1.474734e-05,31.29,71.42,14.77,3.23,22.49,6.83,Wheat,Vegetative,HEALTHY
20260724_123113,G_48_32,jpr_20240528_AB01_MS_aligned_sun-all,48,32,2080,2667,4300253.730908701,621399.1849463647,0.56747377,0.118383184,3.133512e-05,0.9053977272727273,91.30681818181819,43.252625,3.82363e-06,4.279475e-06,1.4269065e-05,30.57,67.78,12.99,2.25,32.75,6.6,Wheat,Vegetative,HEALTHY
20260724_123113,G_48_33,jpr_20240528_AB01_MS_aligned_sun-all,48,33,2144,2667,4300253.730908701,621402.3849463456,0.54023963,0.110821225,2.9382849e-05,0.8855113636363636,89.0625,45.976036,4.048553e-06,4.244521e-06,1.3843198e-05,29.8,61.0,7.98,5.91,34.43,6.54,Wheat,Vegetative,HEALTHY
20260724_123113,G_48_34,jpr_20240528_AB01_MS_aligned_sun-all,48,34,2208,2667,4300253.730908701,621405.5849463266,0.5515744,0.11585144,2.929132e-05,0.8724431818181818,87.98295454545455,44.84256,3.808897e-06,4.1420903e-06,1.3573023e-05,32.53,72.19,1.79,4.18,29.32,7.16,Wheat,Vegetative,HEALTHY
20260724_123113,G_48_35,jpr_20240528_AB01_MS_aligned_sun-all,48,35,2272,2667,4300253.730908701,621408.7849463074,0.5203755,0.10456901,2.7045244e-05,0.9090909090909091,91.70454545454545,47.962452,4.1269377e-06,4.33992e-06,1.3142335e-05,27.71,69.96,2.84,3.0,26.61,6.31,Wheat,Vegetative,HEALTHY
20260724_123113,G_48_36,jpr_20240528_AB01_MS_aligned_sun-all,48,36,2336,2667,4300253.730908701,621411.9849462883,0.53104955,0.10695911,2.7403343e-05,0.821875,82.5284090909091,46.895046,3.8817248e-06,4.103672e-06,1.3016495e-05,29.58,70.33,2.1,2.53,27.11,7.3,Wheat,Vegetative,HEALTHY
20260724_123113,G_48_37,jpr_20240528_AB01_MS_aligned_sun-all,48,37,2400,2667,4300253.730908701,621415.1849462691,0.5087135,0.10382283,2.599249e-05,0.8900568181818181,89.57386363636364,49.12865,4.1476105e-06,4.234413e-06,1.2812073e-05,34.39,89.17,7.45,5.18,40.38,6.43,Wheat,Vegetative,HEALTHY
20260724_123113,G_48_38,jpr_20240528_AB01_MS_aligned_sun-all,48,38,2464,2667,4300253.730908701,621418.38494625,0.54877615,0.11518301,2.7419743e-05,0.821590909090909,82.98295454545455,45.122383,3.5895177e-06,3.810888e-06,1.2729748e-05,30.18,69.31,9.19,3.98,33.06,6.52,Wheat,Vegetative,HEALTHY
20260724_123113,G_48_39,jpr_20240528_AB01_MS_aligned_sun-all,48,39,2528,2667,4300253.730908701,621421.5849462309,0.57296175,0.12490636,3.2225453e-05,0.7397727272727272,74.46022727272728,42.703827,3.977852e-06,4.4444414e-06,1.472008e-05,31.32,66.68,10.36,3.19,35.66,6.57,Wheat,Vegetative,HEALTHY
20260724_123113,G_48_40,jpr_20240528_AB01_MS_aligned_sun-all,48,40,2592,2667,4300253.730908701,621424.7849462117,0.5192214,0.12246664,2.395024e-05,0.509090909090909,51.30681818181818,48.077858,3.6821148e-06,3.6960041e-06,1.16657775e-05,28.81,82.17,9.38,2.03,30.71,7.44,Wheat,Vegetative,HEALTHY
20260724_123113,G_49_33,jpr_20240528_AB01_MS_aligned_sun-all,49,33,2144,2722,4300250.981099731,621402.3849463456,0.54033375,0.11662721,3.0265843e-05,0.787784090909091,79.48863636363637,45.966625,4.1833428e-06,4.417185e-06,1.4272339e-05,29.73,81.78,1.98,5.47,43.03,6.94,Wheat,Vegetative,HEALTHY
20260724_123113,G_49_34,jpr_20240528_AB01_MS_aligned_sun-all,49,34,2208,2722,4300250.981099731,621405.5849463266,0.53722584,0.11346742,2.903483e-05,0.8272727272727273,83.26704545454545,46.277416,4.115281e-06,4.2905467e-06,1.3793912e-05,27.23,74.39,2.67,2.66,31.9,7.07,Wheat,Vegetative,HEALTHY
20260724_123113,G_49_35,jpr_20240528_AB01_MS_aligned_sun-all,49,35,2272,2722,4300250.981099731,621408.7849463074,0.5550415,0.12302996,3.022115e-05,0.834375,84.375,44.49585,3.9365323e-06,4.38048e-06,1.4010624e-05,29.72,70.2,3.64,4.48,35.93,6.76,Wheat,Vegetative,HEALTHY
20260724_123113,G_49_36,jpr_20240528_AB01_MS_aligned_sun-all,49,36,2336,2722,4300250.981099731,621411.9849462883,0.57361585,0.12822078,3.2954824e-05,0.8355113636363637,84.26136363636364,42.638416,3.9215047e-06,4.393102e-06,1.4906878e-05,30.77,64.76,12.35,3.67,29.75,7.24,Wheat,Vegetative,HEALTHY
20260724_123113,G_49_37,jpr_20240528_AB01_MS_aligned_sun-all,49,37,2400,2722,4300250.981099731,621415.1849462691,0.5554199,0.12607197,2.9584186e-05,0.8227272727272728,83.21022727272728,44.458008,3.871732e-06,4.237175e-06,1.37334855e-05,32.45,75.27,11.06,4.58,33.98,6.62,Wheat,Vegetative,HEALTHY
