Mission_ID,Grid_ID,Image,Row,Col,Pixel_X,Pixel_Y,Northing,Easting,Average_NDVI,Average_NDRE,Average_SAVI,Vegetation_Ratio,Canopy_Coverage,Crop_Stress_Indicator,Average_Red,Average_Green,Average_NIR,Temperature,Humidity,Rainfall,Wind_Speed,Soil_Moisture,Soil_pH,Crop_Type,Crop_Growth_Stage,Status
20260724_123113,G_0_24,odm_orthophoto,0,24,1127,25,4299971.306088061,618824.5223674418,0.3141589,0.0043025496,2.1666436e-05,0.6095481670929241,60.954816709292416,68.58411,7.897841e-06,7.0665233e-06,1.5120321e-05,28.83,66.29,4.88,4.22,40.96,6.62,Wheat,Vegetative,MODERATE
20260724_123113,G_0_25,odm_orthophoto,0,25,1173,25,4299971.306088061,618826.8217871028,0.3220877,0.008152634,2.261647e-05,0.8640238704177323,86.40238704177324,67.79123,7.93637e-06,6.9296607e-06,1.5475547e-05,29.36,63.73,0.07,4.18,28.86,6.6,Wheat,Vegetative,MODERATE
20260724_123113,G_0_26,odm_orthophoto,0,26,1219,25,4299971.306088061,618829.1212067639,0.35086155,0.039703496,2.7176548e-05,0.9373401534526854,93.98976982097187,64.91385,8.727127e-06,8.360319e-06,1.7786499e-05,32.53,69.27,2.21,3.34,26.03,6.42,Wheat,Vegetative,HEALTHY
20260724_123113,G_0_27,odm_orthophoto,0,27,1265,25,4299971.306088061,618831.420626425,0.28057694,-0.026940435,1.8303232e-05,0.5997442455242967,59.974424552429674,71.94231,7.69455e-06,8.538551e-06,1.3795939e-05,27.96,82.23,0.68,4.87,26.66,6.9,Wheat,Vegetative,MODERATE
20260724_123113,G_1_22,odm_orthophoto,1,22,1035,76,4299968.756088099,618819.9235281196,0.31812084,0.023658646,1.5181515e-05,0.5839727195225917,58.39727195225917,68.18792,5.4200827e-06,5.6867398e-06,1.0480749e-05,31.05,66.18,3.05,4.32,30.51,7.04,Wheat,Vegetative,MODERATE
20260724_123113,G_1_23,odm_orthophoto,1,23,1081,76,4299968.756088099,618822.2229477807,0.33551988,0.037241668,1.6468342e-05,0.9765558397271952,97.65558397271951,66.448006,5.4312227e-06,5.820009e-06,1.092085e-05,31.69,76.27,9.3,2.0,31.81,7.37,Wheat,Vegetative,MODERATE
20260724_123113,G_1_24,odm_orthophoto,1,24,1127,76,4299968.756088099,618824.5223674418,0.33030996,0.035938814,1.7126364e-05,1.0,100.0,66.969,5.801772e-06,6.0603425e-06,1.15107605e-05,31.89,75.76,11.12,3.25,39.0,6.49,Wheat,Vegetative,MODERATE
20260724_123113,G_1_25,odm_orthophoto,1,25,1173,76,4299968.756088099,618826.8217871028,0.31728193,0.018478181,1.9200941e-05,1.0,100.0,68.271805,6.920254e-06,6.758778e-06,1.3320831e-05,28.85,76.43,0.64,0.53,26.17,6.83,Wheat,Vegetative,MODERATE
20260724_123113,G_1_26,odm_orthophoto,1,26,1219,76,4299968.756088099,618829.1212067639,0.33108473,0.030183192,2.5308142e-05,0.9803921568627451,98.20971867007673,66.891525,8.735052e-06,9.297561e-06,1.7171616e-05,34.1,68.09,3.04,1.07,34.37,6.19,Wheat,Vegetative,MODERATE
20260724_123113,G_1_27,odm_orthophoto,1,27,1265,76,4299968.756088099,618831.420626425,0.29552546,-0.012494758,1.5879219e-05,1.0,100.0,70.44746,6.3087214e-06,6.830634e-06,1.1601985e-05,29.16,73.77,14.39,1.13,32.63,6.98,Wheat,Vegetative,MODERATE
20260724_123113,G_1_28,odm_orthophoto,1,28,1311,76,4299968.756088099,618833.720046086,0.27669322,-0.03183424,1.5714957e-05,1.0,100.0,72.33068,6.8443824e-06,7.2111893e-06,1.2082901e-05,31.12,77.42,1.19,3.88,36.8,7.06,Wheat,Vegetative,MODERATE
20260724_123113,G_1_29,odm_orthophoto,1,29,1357,76,4299968.756088099,618836.019465747,0.28915495,-0.022705577,1.7056942e-05,0.8184143222506394,81.84143222506394,71.0845,6.978962e-06,7.155237e-06,1.2664835e-05,32.48,82.05,0.34,5.2,30.96,7.0,Wheat,Vegetative,MODERATE
20260724_123113,G_2_20,odm_orthophoto,2,20,943,127,4299966.206088138,618815.3246887975,0.31008798,0.020139119,1.4130395e-05,0.5421994884910486,54.21994884910486,68.9912,5.2420414e-06,5.336082e-06,9.952317e-06,33.26,83.03,0.93,3.92,25.05,6.64,Wheat,Vegetative,MODERATE
20260724_123113,G_2_21,odm_orthophoto,2,21,989,127,4299966.206088138,618817.6241084585,0.30465746,0.014954387,1.4026056e-05,0.9624893435635123,96.24893435635123,69.534256,5.3315957e-06,5.455324e-06,1.0007092e-05,32.11,65.49,10.36,0.6,33.02,7.17,Wheat,Vegetative,MODERATE
20260724_123113,G_2_22,odm_orthophoto,2,22,1035,127,4299966.206088138,618819.9235281196,0.36638546,0.0331873,1.924492e-05,0.947996589940324,94.84228473998296,63.361454,5.170248e-06,5.541956e-06,1.1585452e-05,32.12,69.52,0.48,5.68,40.98,6.45,Wheat,Vegetative,HEALTHY
20260724_123113,G_2_23,odm_orthophoto,2,23,1081,127,4299966.206088138,618822.2229477807,0.5721355,0.11141809,3.2063883e-05,0.8674339300937767,86.99914748508098,42.78645,3.856599e-06,4.392758e-06,1.4544969e-05,30.53,81.08,9.17,5.15,29.11,6.95,Wheat,Vegetative,HEALTHY
20260724_123113,G_2_24,odm_orthophoto,2,24,1127,127,4299966.206088138,618824.5223674418,0.4171999,0.058668304,2.1871072e-05,0.7698209718670077,78.51662404092072,58.28001,4.865237e-06,5.3025165e-06,1.2155852e-05,33.04,61.07,12.65,1.08,36.13,6.56,Wheat,Vegetative,HEALTHY
20260724_123113,G_2_25,odm_orthophoto,2,25,1173,127,4299966.206088138,618826.8217871028,0.31988963,0.016631793,1.662696e-05,1.0,100.0,68.01103,5.887358e-06,6.3136167e-06,1.142987e-05,29.87,71.22,3.68,2.91,44.1,6.69,Wheat,Vegetative,MODERATE
20260724_123113,G_2_26,odm_orthophoto,2,26,1219,127,4299966.206088138,618829.1212067639,0.31191,0.005818365,1.7539116e-05,0.9867860187553282,98.89173060528559,68.809,6.475325e-06,6.9018574e-06,1.232192e-05,31.39,79.07,6.59,4.38,42.3,6.44,Wheat,Vegetative,MODERATE
20260724_123113,G_2_27,odm_orthophoto,2,27,1265,127,4299966.206088138,618831.420626425,0.2994299,-0.0058453023,1.710868e-05,1.0,100.0,70.05701,6.6619846e-06,7.0391434e-06,1.2365096e-05,31.02,74.71,5.56,0.51,37.59,6.71,Wheat,Vegetative,MODERATE
20260724_123113,G_2_28,odm_orthophoto,2,28,1311,127,4299966.206088138,618833.720046086,0.2925633,-0.011869079,1.6565653e-05,1.0,100.0,70.74367,6.670078e-06,7.047553e-06,1.2192172e-05,30.27,68.81,11.3,1.78,28.34,6.98,Wheat,Vegetative,MODERATE
20260724_123113,G_2_29,odm_orthophoto,2,29,1357,127,4299966.206088138,618836.019465747,0.30131847,-0.0071961368,1.7303524e-05,1.0,100.0,69.86816,6.679494e-06,6.8990385e-06,1.2447556e-05,30.43,70.27,14.46,4.3,34.11,6.85,Wheat,Vegetative,MODERATE
20260724_123113,G_2_30,odm_orthophoto,2,30,1403,127,4299966.206088138,618838.3188854081,0.44598624,0.06279984,3.0472245e-05,1.0,100.0,55.401375,6.216706e-06,6.379516e-06,1.6374592e-05,32.27,71.71,6.56,4.4,44.58,6.55,Wheat,Vegetative,HEALTHY
20260724_123113,G_2_31,odm_orthophoto,2,31,1449,127,4299966.206088138,618840.6183050692,0.49501845,0.08990038,3.525105e-05,0.9633418584825234,96.33418584825235,50.498154,6.0165307e-06,5.7154252e-06,1.7767443e-05,26.84,72.18,2.74,4.5,40.9,6.67,Wheat,Vegetative,HEALTHY
20260724_123113,G_2_32,odm_orthophoto,2,32,1495,127,4299966.206088138,618842.9177247302,0.5101249,0.10233687,3.7394206e-05,0.6167945439045184,61.67945439045184,48.987507,6.104152e-06,6.0247485e-06,1.8569504e-05,32.56,77.91,13.35,3.28,34.16,6.62,Wheat,Vegetative,HEALTHY
20260724_123113,G_3_19,odm_orthophoto,3,19,897,178,4299963.656088176,618813.0252691364,0.3239782,0.037166893,1.4599926e-05,0.6773231031543052,67.90281329923273,67.60218,5.080999e-06,5.179257e-06,9.9477875e-06,26.54,67.49,7.39,4.69,29.21,6.79,Wheat,Vegetative,MODERATE
20260724_123113,G_3_20,odm_orthophoto,3,20,943,178,4299963.656088176,618815.3246887975,0.37194598,0.04991327,1.8446606e-05,0.9948849104859335,99.48849104859335,62.8054,4.7692197e-06,5.0735716e-06,1.0918301e-05,29.29,80.16,12.08,3.9,37.91,6.4,Wheat,Vegetative,HEALTHY
20260724_123113,G_3_21,odm_orthophoto,3,21,989,178,4299963.656088176,618817.6241084585,0.46498665,0.06813928,2.5044765e-05,0.9215686274509803,93.05200341005968,53.50133,4.291676e-06,4.734868e-06,1.2640239e-05,31.82,70.41,13.48,3.7,41.89,6.8,Wheat,Vegetative,HEALTHY
20260724_123113,G_3_22,odm_orthophoto,3,22,1035,178,4299963.656088176,618819.9235281196,0.59252053,0.11545517,3.394004e-05,0.736999147485081,74.93606138107417,40.747948,3.6361207e-06,4.3157593e-06,1.494991e-05,33.08,72.96,12.89,4.82,39.58,6.02,Wheat,Vegetative,HEALTHY
20260724_123113,G_3_23,odm_orthophoto,3,23,1081,178,4299963.656088176,618822.2229477807,0.6399898,0.13461745,3.352161e-05,0.7310315430520035,74.55242966751918,36.001022,3.0886367e-06,3.620154e-06,1.4262909e-05,28.63,64.81,14.09,5.83,33.1,7.07,Wheat,Vegetative,HEALTHY
20260724_123113,G_3_24,odm_orthophoto,3,24,1127,178,4299963.656088176,618824.5223674418,0.60955435,0.12340261,3.117612e-05,0.773231031543052,78.51662404092072,39.044563,3.293042e-06,3.5973871e-06,1.3685443e-05,28.79,69.6,6.89,2.29,37.51,6.18,Wheat,Vegetative,HEALTHY
20260724_123113,G_3_25,odm_orthophoto,3,25,1173,178,4299963.656088176,618826.8217871028,0.36929366,0.02532494,1.8817078e-05,0.6099744245524297,61.63682864450127,63.070633,5.4608126e-06,5.8224714e-06,1.1733387e-05,26.1,72.89,1.73,5.72,30.57,6.61,Wheat,Vegetative,HEALTHY
20260724_123113,G_3_26,odm_orthophoto,3,26,1219,178,4299963.656088176,618829.1212067639,0.3200119,0.009443221,1.6972836e-05,1.0,100.0,67.99881,6.0078937e-06,6.4115447e-06,1.1665706e-05,35.06,77.08,5.9,3.43,34.06,6.6,Wheat,Vegetative,MODERATE
20260724_123113,G_3_27,odm_orthophoto,3,27,1265,178,4299963.656088176,618831.420626425,0.29893923,-0.00062678754,1.6831105e-05,1.0,100.0,70.10608,6.576555e-06,7.059852e-06,1.2187134e-05,32.21,64.98,14.88,2.93,29.82,6.54,Wheat,Vegetative,MODERATE
20260724_123113,G_3_28,odm_orthophoto,3,28,1311,178,4299963.656088176,618833.720046086,0.3004809,0.0007867671,1.668858e-05,1.0,100.0,69.95191,6.4658907e-06,6.8858403e-06,1.2028958e-05,28.42,69.92,0.5,1.98,38.59,7.18,Wheat,Vegetative,MODERATE
20260724_123113,G_3_29,odm_orthophoto,3,29,1357,178,4299963.656088176,618836.019465747,0.30327487,0.0009021493,1.6762244e-05,1.0,100.0,69.672516,6.417614e-06,6.77326e-06,1.2005234e-05,28.6,66.26,14.64,4.33,33.04,6.73,Wheat,Vegetative,MODERATE
20260724_123113,G_3_30,odm_orthophoto,3,30,1403,178,4299963.656088176,618838.3188854081,0.3337807,0.012176514,2.2169022e-05,1.0,100.0,66.62193,7.3427186e-06,7.4548093e-06,1.4732727e-05,31.91,70.38,7.46,5.06,43.04,6.91,Wheat,Vegetative,MODERATE
20260724_123113,G_3_31,odm_orthophoto,3,31,1449,178,4299963.656088176,618840.6183050692,0.38272008,0.03239348,2.9177665e-05,1.0,100.0,61.72799,7.892913e-06,7.139276e-06,1.7619299e-05,32.37,74.66,7.09,3.97,43.3,6.43,Wheat,Vegetative,HEALTHY
20260724_123113,G_3_32,odm_orthophoto,3,32,1495,178,4299963.656088176,618842.9177247302,0.4457133,0.06660203,3.1903022e-05,1.0,100.0,55.428673,6.696636e-06,6.4767087e-06,1.7331493e-05,29.59,79.83,0.98,0.59,29.18,6.93,Wheat,Vegetative,HEALTHY
20260724_123113,G_3_33,odm_orthophoto,3,33,1541,178,4299963.656088176,618845.2171443913,0.52484107,0.1254134,3.6855112e-05,1.0,100.0,47.515892,5.648115e-06,5.648429e-06,1.7933738e-05,31.09,79.43,7.93,0.55,40.08,6.28,Wheat,Vegetative,HEALTHY
20260724_123113,G_3_34,odm_orthophoto,3,34,1587,178,4299963.656088176,618847.5165640523,0.5349969,0.14259666,3.564909e-05,0.7621483375959079,76.76896845694799,46.50031,5.186116e-06,5.131477e-06,1.7069679e-05,34.19,67.57,6.61,0.73,35.12,6.7,Wheat,Vegetative,HEALTHY
20260724_123113,G_4_18,odm_orthophoto,4,18,851,229,4299961.106088214,618810.7258494754,0.37586132,0.06299862,2.2735778e-05,0.6325660699062233,63.725490196078425,62.41387,6.900807e-06,5.532336e-06,1.4479748e-05,34.04,86.48,12.06,3.78,29.81,6.79,Wheat,Vegetative,HEALTHY
20260724_123113,G_4_19,odm_orthophoto,4,19,897,229,4299961.106088214,618813.0252691364,0.30367175,0.007321155,2.7114822e-05,0.5571184995737425,56.39386189258312,69.63283,1.1565497e-05,1.10801e-05,2.0604411e-05,33.27,63.76,9.49,2.57,38.99,6.27,Wheat,Vegetative,MODERATE
20260724_123113,G_4_20,odm_orthophoto,4,20,943,229,4299961.106088214,618815.3246887975,0.6667279,0.1394105,3.9714778e-05,0.6295822676896846,63.853367433930096,33.32721,3.0677224e-06,3.887796e-06,1.6306523e-05,30.79,79.3,10.29,4.96,34.34,7.06,Wheat,Vegetative,HEALTHY
20260724_123113,G_4_21,odm_orthophoto,4,21,989,229,4299961.106088214,618817.6241084585,0.7198337,0.14963964,4.1511186e-05,0.6500426257459505,66.96504688832054,28.016632,2.6441319e-06,3.543827e-06,1.6481741e-05,32.12,68.02,5.62,3.99,37.18,6.38,Wheat,Vegetative,HEALTHY
20260724_123113,G_4_22,odm_orthophoto,4,22,1035,229,4299961.106088214,618819.9235281196,0.7239206,0.1539991,4.2451433e-05,0.53154305200341,55.15771526001705,27.60794,2.6521138e-06,3.628134e-06,1.6803158e-05,30.96,73.84,2.8,5.58,33.73,6.78,Wheat,Vegetative,HEALTHY
20260724_123113,G_4_24,odm_orthophoto,4,24,1127,229,4299961.106088214,618824.5223674418,0.6388058,0.13313426,3.2623324e-05,0.6462063086104007,66.53878942881501,36.11942,3.0405695e-06,3.4991615e-06,1.3915386e-05,26.31,74.98,8.08,3.87,33.13,6.89,Wheat,Vegetative,HEALTHY
20260724_123113,G_4_25,odm_orthophoto,4,25,1173,229,4299961.106088214,618826.8217871028,0.36502942,0.029531268,1.847854e-05,0.6641091219096334,67.0929241261722,63.497055,5.452583e-06,5.8715973e-06,1.1612307e-05,31.26,80.13,11.84,4.55,21.45,6.52,Wheat,Vegetative,HEALTHY
20260724_123113,G_4_26,odm_orthophoto,4,26,1219,229,4299961.106088214,618829.1212067639,0.32238898,0.013291932,1.6948105e-05,1.0,100.0,67.7611,5.937704e-06,6.3798598e-06,1.1587271e-05,29.17,77.09,6.75,1.96,22.34,6.77,Wheat,Vegetative,MODERATE
20260724_123113,G_4_27,odm_orthophoto,4,27,1265,229,4299961.106088214,618831.420626425,0.3074309,0.007876124,1.6043332e-05,1.0,100.0,69.25691,6.0162615e-06,6.4023734e-06,1.1364225e-05,31.63,67.85,2.38,0.55,36.16,6.62,Wheat,Vegetative,MODERATE
20260724_123113,G_4_28,odm_orthophoto,4,28,1311,229,4299961.106088214,618833.720046086,0.30172545,0.0074955453,1.531738e-05,1.0,100.0,69.82745,5.9047948e-06,6.2944505e-06,1.1010761e-05,33.02,70.86,9.25,1.49,29.67,7.01,Wheat,Vegetative,MODERATE
20260724_123113,G_4_29,odm_orthophoto,4,29,1357,229,4299961.106088214,618836.019465747,0.30178705,0.0073550274,1.5340629e-05,1.0,100.0,69.8213,5.9225767e-06,6.3555626e-06,1.1036294e-05,30.79,73.35,12.45,2.22,29.85,7.05,Wheat,Vegetative,MODERATE
20260724_123113,G_4_30,odm_orthophoto,4,30,1403,229,4299961.106088214,618838.3188854081,0.31381842,0.006827455,2.100173e-05,1.0,100.0,68.61816,7.6564875e-06,7.989781e-06,1.465738e-05,27.93,71.73,2.41,1.9,43.13,7.03,Wheat,Vegetative,MODERATE
20260724_123113,G_4_31,odm_orthophoto,4,31,1449,229,4299961.106088214,618840.6183050692,0.3327953,0.01627533,2.3271097e-05,1.0,100.0,66.720474,7.790047e-06,7.941792e-06,1.554744e-05,30.72,61.81,3.57,2.04,30.69,6.91,Wheat,Vegetative,MODERATE
20260724_123113,G_4_32,odm_orthophoto,4,32,1495,229,4299961.106088214,618842.9177247302,0.3517535,0.025376482,2.471976e-05,1.0,100.0,64.82465,7.5968896e-06,7.511241e-06,1.5837199e-05,28.51,66.98,11.54,5.69,34.5,6.67,Wheat,Vegetative,HEALTHY
20260724_123113,G_4_33,odm_orthophoto,4,33,1541,229,4299961.106088214,618845.2171443913,0.40672207,0.06072288,2.855296e-05,0.9957374254049446,99.82949701619779,59.327793,6.9563284e-06,6.662845e-06,1.647443e-05,29.17,71.68,12.35,4.19,38.26,7.04,Wheat,Vegetative,HEALTHY
20260724_123113,G_4_34,odm_orthophoto,4,34,1587,229,4299961.106088214,618847.5165640523,0.52439004,0.1273098,3.3297503e-05,0.9791133844842285,98.59335038363172,47.560997,5.0887515e-06,5.2524006e-06,1.6188395e-05,28.72,65.5,5.36,1.85,46.75,6.56,Wheat,Vegetative,HEALTHY
20260724_123113,G_4_35,odm_orthophoto,4,35,1633,229,4299961.106088214,618849.8159837134,0.57951576,0.16146812,3.994045e-05,1.0,100.0,42.048424,4.7905487e-06,5.134428e-06,1.810465e-05,32.04,71.89,13.19,0.55,30.43,7.3,Wheat,Vegetative,HEALTHY
20260724_123113,G_4_36,odm_orthophoto,4,36,1679,229,4299961.106088214,618852.1154033744,0.5622536,0.14860427,3.965652e-05,0.9202898550724637,92.02898550724638,43.77464,5.1520383e-06,5.3813087e-06,1.8371504e-05,31.93,77.79,4.21,3.82,24.24,6.88,Wheat,Vegetative,HEALTHY
20260724_123113,G_4_37,odm_orthophoto,4,37,1725,229,4299961.106088214,618854.4148230355,0.5973128,0.16380127,3.990523e-05,0.5272804774083546,52.89855072463768,40.26872,4.479684e-06,5.0606773e-06,1.7782024e-05,30.13,65.76,1.17,2.11,25.89,6.8,Wheat,Vegetative,HEALTHY
20260724_123113,G_5_17,odm_orthophoto,5,17,805,280,4299958.556088252,618808.4264298143,0.398665,0.08853523,2.07294e-05,0.8716965046888321,87.1696504688832,60.1335,5.234183e-06,3.8241014e-06,1.2144226e-05,28.68,60.53,7.63,3.71,26.86,6.71,Wheat,Vegetative,HEALTHY
20260724_123113,G_5_18,odm_orthophoto,5,18,851,280,4299958.556088252,618810.7258494754,0.39499852,0.07648709,2.0853387e-05,1.0,100.0,60.500145,5.372816e-06,4.260018e-06,1.23241925e-05,29.49,76.31,2.92,4.38,38.33,6.4,Wheat,Vegetative,HEALTHY
20260724_123113,G_5_19,odm_orthophoto,5,19,897,280,4299958.556088252,618813.0252691364,0.40765736,0.06698632,2.1842607e-05,0.9991474850809889,99.9147485080989,59.23426,5.3671974e-06,4.2650386e-06,1.2648333e-05,28.92,80.7,12.17,1.93,45.19,6.93,Wheat,Vegetative,HEALTHY
20260724_123113,G_5_20,odm_orthophoto,5,20,943,280,4299958.556088252,618815.3246887975,0.5846462,0.11009377,3.2999196e-05,0.9249786871270247,92.924126172208,41.535378,3.8902217e-06,3.7530715e-06,1.4890378e-05,33.2,75.84,14.83,3.55,29.6,6.91,Wheat,Vegetative,HEALTHY
20260724_123113,G_5_21,odm_orthophoto,5,21,989,280,4299958.556088252,618817.6241084585,0.7050246,0.14409046,3.9518596e-05,0.6747655583972719,68.79795396419436,29.49754,2.7063732e-06,3.3826086e-06,1.5879743e-05,34.28,70.16,12.55,2.16,28.31,6.69,Wheat,Vegetative,HEALTHY
20260724_123113,G_5_22,odm_orthophoto,5,22,1035,280,4299958.556088252,618819.9235281196,0.7393697,0.15985636,4.284609e-05,0.6219096334185849,64.74850809889173,26.06303,2.4890794e-06,3.4271623e-06,1.6771673e-05,28.67,72.89,13.74,5.21,27.74,7.22,Wheat,Vegetative,HEALTHY
20260724_123113,G_5_23,odm_orthophoto,5,23,1081,280,4299958.556088252,618822.2229477807,0.7080171,0.14852874,3.90764e-05,0.5106564364876386,53.32480818414322,29.198288,2.6498756e-06,3.4578582e-06,1.5675836e-05,29.74,64.53,2.41,0.75,35.6,6.12,Wheat,Vegetative,HEALTHY
20260724_123113,G_5_25,odm_orthophoto,5,25,1173,280,4299958.556088252,618826.8217871028,0.40435806,0.047538873,2.3078634e-05,0.896845694799659,89.94032395566921,59.564198,5.2131777e-06,5.7136385e-06,1.29063565e-05,28.35,69.51,8.36,1.5,35.53,6.65,Wheat,Vegetative,HEALTHY
20260724_123113,G_5_26,odm_orthophoto,5,26,1219,280,4299958.556088252,618829.1212067639,0.3916745,0.046107404,2.2928733e-05,1.0,100.0,60.83255,5.6457466e-06,5.903692e-06,1.328896e-05,31.12,68.39,5.91,0.51,37.35,6.88,Wheat,Vegetative,HEALTHY
20260724_123113,G_5_27,odm_orthophoto,5,27,1265,280,4299958.556088252,618831.420626425,0.5196035,0.088319615,3.4152377e-05,1.0,100.0,48.03965,5.100316e-06,5.483078e-06,1.6484946e-05,29.01,71.17,10.35,0.77,33.11,6.65,Wheat,Vegetative,HEALTHY
20260724_123113,G_5_28,odm_orthophoto,5,28,1311,280,4299958.556088252,618833.720046086,0.3894632,0.040126037,2.4065675e-05,1.0,100.0,61.05368,5.960226e-06,6.223327e-06,1.3982456e-05,32.17,66.83,2.6,5.42,31.04,7.0,Wheat,Vegetative,HEALTHY
20260724_123113,G_5_29,odm_orthophoto,5,29,1357,280,4299958.556088252,618836.019465747,0.31223142,0.012083395,1.7214847e-05,1.0,100.0,68.776855,6.330406e-06,6.677278e-06,1.2068903e-05,33.68,68.49,1.77,2.76,38.23,6.72,Wheat,Vegetative,MODERATE
20260724_123113,G_5_30,odm_orthophoto,5,30,1403,280,4299958.556088252,618838.3188854081,0.305077,0.0028652323,1.9508825e-05,1.0,100.0,69.4923,7.41712e-06,7.846818e-06,1.3920339e-05,28.63,74.48,1.63,5.22,40.38,7.37,Wheat,Vegetative,MODERATE
20260724_123113,G_5_31,odm_orthophoto,5,31,1449,280,4299958.556088252,618840.6183050692,0.3177415,0.012271667,2.0681939e-05,1.0,100.0,68.225845,7.4049085e-06,7.8840185e-06,1.4299187e-05,29.68,77.5,7.87,1.5,34.46,6.71,Wheat,Vegetative,MODERATE
20260724_123113,G_5_32,odm_orthophoto,5,32,1495,280,4299958.556088252,618842.9177247302,0.33053535,0.02236911,2.3086308e-05,1.0,100.0,66.946465,7.7894565e-06,8.350702e-06,1.548525e-05,28.1,80.05,9.7,2.02,34.71,6.96,Wheat,Vegetative,MODERATE
20260724_123113,G_5_33,odm_orthophoto,5,33,1541,280,4299958.556088252,618845.2171443913,0.34772006,0.031378593,2.412555e-05,1.0,100.0,65.228,7.55516e-06,8.119219e-06,1.5597383e-05,32.05,64.04,6.84,2.87,27.39,7.16,Wheat,Vegetative,HEALTHY
20260724_123113,G_5_34,odm_orthophoto,5,34,1587,280,4299958.556088252,618847.5165640523,0.38758126,0.047093224,2.6474585e-05,1.0,100.0,61.24188,6.9703556e-06,7.3696438e-06,1.5795622e-05,28.22,72.59,11.74,0.81,28.91,7.04,Wheat,Vegetative,HEALTHY
20260724_123113,G_5_35,odm_orthophoto,5,35,1633,280,4299958.556088252,618849.8159837134,0.44276857,0.0774654,3.1435346e-05,1.0,100.0,55.723145,6.563272e-06,6.6909715e-06,1.7042223e-05,28.05,67.53,9.33,4.79,24.62,6.86,Wheat,Vegetative,HEALTHY
20260724_123113,G_5_36,odm_orthophoto,5,36,1679,280,4299958.556088252,618852.1154033744,0.48966712,0.09802966,3.3899403e-05,1.0,100.0,51.033287,5.933483e-06,6.1979185e-06,1.7233811e-05,31.4,60.06,11.65,4.35,36.11,7.09,Wheat,Vegetative,HEALTHY
20260724_123113,G_5_37,odm_orthophoto,5,37,1725,280,4299958.556088252,618854.4148230355,0.546156,0.12950402,3.841953e-05,0.9467178175618073,95.78005115089513,45.3844,5.3381477e-06,5.7294847e-06,1.8145263e-05,26.68,69.69,9.36,2.65,30.08,7.16,Wheat,Vegetative,HEALTHY
20260724_123113,G_5_38,odm_orthophoto,5,38,1771,280,4299958.556088252,618856.7142426965,0.51813394,0.117800586,3.6206584e-05,0.9901960784313726,99.01960784313727,48.186607,5.699476e-06,5.824367e-06,1.7768903e-05,30.93,78.51,14.36,3.44,34.27,6.88,Wheat,Vegetative,HEALTHY
20260724_123113,G_5_39,odm_orthophoto,5,39,1817,280,4299958.556088252,618859.0136623576,0.56671494,0.14532347,3.6110046e-05,0.7011935208866155,70.11935208866154,43.328506,4.5947536e-06,4.97559e-06,1.6631953e-05,28.0,65.9,2.41,2.87,27.8,6.53,Wheat,Vegetative,HEALTHY
20260724_123113,G_6_16,odm_orthophoto,6,16,759,331,4299956.00608829,618806.1270101533,0.39444622,0.08076154,2.0555904e-05,0.7429667519181585,74.29667519181585,60.555374,5.296635e-06,4.177174e-06,1.2148844e-05,32.07,67.2,9.18,2.95,40.04,6.74,Wheat,Vegetative,HEALTHY
20260724_123113,G_6_17,odm_orthophoto,6,17,805,331,4299956.00608829,618808.4264298143,0.3979367,0.088068485,2.0376143e-05,1.0,100.0,60.20633,5.1587576e-06,4.1113867e-06,1.19510405e-05,30.26,70.45,0.01,3.29,37.01,6.32,Wheat,Vegetative,HEALTHY
20260724_123113,G_6_18,odm_orthophoto,6,18,851,331,4299956.00608829,618810.7258494754,0.39953795,0.07934417,2.0762875e-05,1.0,100.0,60.046207,5.2427154e-06,4.3499276e-06,1.2163918e-05,31.88,77.46,9.04,3.35,35.54,6.86,Wheat,Vegetative,HEALTHY
20260724_123113,G_6_19,odm_orthophoto,6,19,897,331,4299956.00608829,618813.0252691364,0.4047526,0.0626885,2.0703603e-05,1.0,100.0,59.52474,5.161408e-06,3.9513784e-06,1.206285e-05,29.18,69.69,12.44,5.76,32.97,6.74,Wheat,Vegetative,HEALTHY
20260724_123113,G_6_20,odm_orthophoto,6,20,943,331,4299956.00608829,618815.3246887975,0.43665925,0.06403971,2.2529786e-05,0.9578005115089514,95.86530264279625,56.33408,4.9380833e-06,3.8673197e-06,1.2448279e-05,32.18,72.62,8.62,3.4,34.88,6.48,Wheat,Vegetative,HEALTHY
20260724_123113,G_6_21,odm_orthophoto,6,21,989,331,4299956.00608829,618817.6241084585,0.691886,0.15096672,4.0616724e-05,0.875532821824382,88.44842284739983,30.8114,2.936047e-06,3.5265878e-06,1.6475497e-05,30.16,62.5,2.19,2.58,44.97,6.7,Wheat,Vegetative,HEALTHY
20260724_123113,G_6_22,odm_orthophoto,6,22,1035,331,4299956.00608829,618819.9235281196,0.7583416,0.17016952,4.4336473e-05,0.9096334185848253,92.96675191815856,24.165838,2.337286e-06,3.2873218e-06,1.7116703e-05,33.18,72.53,1.03,2.23,38.81,6.37,Wheat,Vegetative,HEALTHY
20260724_123113,G_6_23,odm_orthophoto,6,23,1081,331,4299956.00608829,618822.2229477807,0.7360545,0.15983313,4.3083986e-05,0.6943734015345269,71.44075021312874,26.394552,2.5445227e-06,3.4887998e-06,1.6906428e-05,30.05,66.06,1.21,4.8,35.01,6.71,Wheat,Vegetative,HEALTHY
20260724_123113,G_6_24,odm_orthophoto,6,24,1127,331,4299956.00608829,618824.5223674418,0.70736563,0.15705678,4.2479103e-05,0.6632566069906224,67.43393009377664,29.263437,2.855945e-06,3.7203388e-06,1.7016233e-05,34.32,72.54,9.33,3.1,36.39,6.61,Wheat,Vegetative,HEALTHY
20260724_123113,G_6_25,odm_orthophoto,6,25,1173,331,4299956.00608829,618826.8217871028,0.73855716,0.15688567,5.0455674e-05,0.9271099744245525,93.13725490196079,26.144283,3.0076728e-06,4.243018e-06,1.9827008e-05,29.83,69.79,7.6,0.91,31.85,7.47,Wheat,Vegetative,HEALTHY
20260724_123113,G_6_26,odm_orthophoto,6,26,1219,331,4299956.00608829,618829.1212067639,0.7617223,0.17228565,5.206101e-05,0.9424552429667519,94.54390451832907,23.827766,2.6801893e-06,3.867139e-06,2.0034653e-05,35.03,74.49,12.5,0.64,38.4,6.8,Wheat,Vegetative,HEALTHY
20260724_123113,G_6_27,odm_orthophoto,6,27,1265,331,4299956.00608829,618831.420626425,0.6206581,0.11265421,3.961708e-05,1.0,100.0,37.93419,3.952167e-06,4.640747e-06,1.7158429e-05,32.15,76.34,11.38,5.34,25.51,6.9,Wheat,Vegetative,HEALTHY
20260724_123113,G_6_28,odm_orthophoto,6,28,1311,331,4299956.00608829,618833.720046086,0.48626208,0.08145281,3.1253632e-05,1.0,100.0,51.37379,5.5361443e-06,5.4242896e-06,1.5954472e-05,34.19,78.94,7.27,0.52,33.93,6.96,Wheat,Vegetative,HEALTHY
20260724_123113,G_6_29,odm_orthophoto,6,29,1357,331,4299956.00608829,618836.019465747,0.3934704,0.04796798,2.4491266e-05,0.9236999147485081,92.7536231884058,60.652958,6.3895473e-06,6.1238575e-06,1.4553648e-05,31.1,69.98,14.86,5.25,38.19,6.88,Wheat,Vegetative,HEALTHY
20260724_123113,G_6_30,odm_orthophoto,6,30,1403,331,4299956.00608829,618838.3188854081,0.38782027,0.042838987,2.3730743e-05,0.9386189258312021,94.07502131287298,61.217976,6.2661115e-06,6.4264673e-06,1.4176688e-05,30.48,70.53,10.35,5.95,25.1,7.12,Wheat,Vegetative,HEALTHY
20260724_123113,G_6_31,odm_orthophoto,6,31,1449,331,4299956.00608829,618840.6183050692,0.3384689,0.025578033,2.1020522e-05,0.9982949701619779,99.82949701619779,66.15311,6.865166e-06,7.241142e-06,1.3872297e-05,28.93,67.45,8.46,1.19,30.89,6.27,Wheat,Vegetative,HEALTHY
20260724_123113,G_6_32,odm_orthophoto,6,32,1495,331,4299956.00608829,618842.9177247302,0.33409473,0.024220608,2.1315638e-05,1.0,100.0,66.59052,7.089529e-06,7.671556e-06,1.4195046e-05,28.92,70.34,12.82,4.69,24.32,7.18,Wheat,Vegetative,MODERATE
20260724_123113,G_6_33,odm_orthophoto,6,33,1541,331,4299956.00608829,618845.2171443913,0.33948022,0.024101775,2.1619613e-05,1.0,100.0,66.05198,7.0168367e-06,7.695251e-06,1.4223682e-05,27.26,73.61,1.07,0.9,32.54,7.23,Wheat,Vegetative,HEALTHY
20260724_123113,G_6_34,odm_orthophoto,6,34,1587,331,4299956.00608829,618847.5165640523,0.34717503,0.025534607,2.2741564e-05,1.0,100.0,65.2825,7.1286677e-06,7.9312495e-06,1.470952e-05,34.8,67.31,4.91,3.43,22.88,6.36,Wheat,Vegetative,HEALTHY
20260724_123113,G_6_35,odm_orthophoto,6,35,1633,331,4299956.00608829,618849.8159837134,0.360086,0.030688833,2.4986164e-05,1.0,100.0,63.9914,7.411284e-06,8.307768e-06,1.574039e-05,32.03,82.52,3.79,3.83,39.28,7.26,Wheat,Vegetative,HEALTHY
20260724_123113,G_6_36,odm_orthophoto,6,36,1679,331,4299956.00608829,618852.1154033744,0.38333184,0.04412011,2.5956962e-05,1.0,100.0,61.666817,6.9836237e-06,7.730191e-06,1.5636337e-05,31.64,69.62,6.7,4.58,41.89,6.27,Wheat,Vegetative,HEALTHY
20260724_123113,G_6_37,odm_orthophoto,6,37,1725,331,4299956.00608829,618854.4148230355,0.42344958,0.061936844,2.8916023e-05,1.0,100.0,57.65504,6.55262e-06,7.003214e-06,1.6191736e-05,30.5,71.85,13.52,4.64,29.14,6.66,Wheat,Vegetative,HEALTHY
20260724_123113,G_6_38,odm_orthophoto,6,38,1771,331,4299956.00608829,618856.7142426965,0.45591706,0.07728392,3.0644733e-05,1.0,100.0,54.408295,6.108961e-06,6.385329e-06,1.6324333e-05,28.73,71.87,10.8,5.92,35.35,6.48,Wheat,Vegetative,HEALTHY
20260724_123113,G_6_39,odm_orthophoto,6,39,1817,331,4299956.00608829,618859.0136623576,0.52855235,0.11831176,3.633184e-05,1.0,100.0,47.144764,5.436202e-06,5.6811286e-06,1.7547382e-05,29.63,65.4,1.46,1.82,30.54,7.39,Wheat,Vegetative,HEALTHY
20260724_123113,G_6_40,odm_orthophoto,6,40,1863,331,4299956.00608829,618861.3130820188,0.50233144,0.1089977,3.7215814e-05,1.0,100.0,49.766857,6.163314e-06,6.2352547e-06,1.8569206e-05,35.58,74.79,14.84,4.0,34.11,6.69,Wheat,Vegetative,HEALTHY
20260724_123113,G_6_41,odm_orthophoto,6,41,1909,331,4299956.00608829,618863.6125016798,0.5845098,0.15536931,3.9548846e-05,0.8618925831202046,86.18925831202046,41.549023,4.686426e-06,5.1558304e-06,1.7869977e-05,28.35,81.98,8.34,4.13,33.02,6.94,Wheat,Vegetative,HEALTHY
20260724_123113,G_7_16,odm_orthophoto,7,16,759,382,4299953.456088329,618806.1270101533,0.38972104,0.07753032,2.029794e-05,1.0,100.0,61.027897,5.3799113e-06,4.3549944e-06,1.2146132e-05,29.85,67.3,1.08,2.02,28.34,6.94,Wheat,Vegetative,HEALTHY
20260724_123113,G_7_17,odm_orthophoto,7,17,805,382,4299953.456088329,618808.4264298143,0.39761326,0.08772246,2.011586e-05,1.0,100.0,60.23867,5.0979083e-06,4.225676e-06,1.1803423e-05,29.08,75.99,14.03,5.97,42.25,6.29,Wheat,Vegetative,HEALTHY
20260724_123113,G_7_18,odm_orthophoto,7,18,851,382,4299953.456088329,618810.7258494754,0.39409146,0.081285544,2.0096311e-05,1.0,100.0,60.59085,5.1929874e-06,4.1111302e-06,1.1891991e-05,31.68,72.82,2.58,2.08,24.31,6.91,Wheat,Vegetative,HEALTHY
20260724_123113,G_7_19,odm_orthophoto,7,19,897,382,4299953.456088329,618813.0252691364,0.40740326,0.07193008,2.0216363e-05,0.9501278772378516,95.3537936913896,59.259678,4.963826e-06,3.9117026e-06,1.1702842e-05,35.29,73.68,6.03,5.02,36.92,6.7,Wheat,Vegetative,HEALTHY
20260724_123113,G_7_21,odm_orthophoto,7,21,989,382,4299953.456088329,618817.6241084585,0.5993756,0.13171004,3.3117354e-05,0.5379369138959932,54.17732310315431,40.06244,3.6881495e-06,3.749767e-06,1.4727677e-05,30.33,70.67,10.84,0.97,35.3,6.3,Wheat,Vegetative,HEALTHY
20260724_123113,G_7_22,odm_orthophoto,7,22,1035,382,4299953.456088329,618819.9235281196,0.7072751,0.1396996,4.3470383e-05,0.6619778346121057,66.58141517476555,29.272491,2.9248615e-06,3.6461595e-06,1.7415596e-05,34.86,74.32,1.11,1.58,38.59,6.81,Wheat,Vegetative,HEALTHY
20260724_123113,G_7_23,odm_orthophoto,7,23,1081,382,4299953.456088329,618822.2229477807,0.7110906,0.15632737,4.4100143e-05,0.7898550724637681,80.09377664109122,28.890938,2.850911e-06,3.6768836e-06,1.7551578e-05,31.83,67.28,10.49,5.72,35.12,6.62,Wheat,Vegetative,HEALTHY
20260724_123113,G_7_24,odm_orthophoto,7,24,1127,382,4299953.456088329,618824.5223674418,0.69148135,0.1501109,4.403327e-05,0.829923273657289,84.1005967604433,30.851864,3.3058707e-06,4.2765405e-06,1.798426e-05,29.71,65.4,4.6,5.47,31.32,6.97,Wheat,Vegetative,HEALTHY
20260724_123113,G_7_25,odm_orthophoto,7,25,1173,382,4299953.456088329,618826.8217871028,0.7197434,0.14032954,4.671031e-05,0.8951406649616368,89.94032395566921,28.025663,2.9435257e-06,4.202905e-06,1.8514314e-05,27.53,65.89,4.26,1.35,37.01,6.56,Wheat,Vegetative,HEALTHY
20260724_123113,G_7_26,odm_orthophoto,7,26,1219,382,4299953.456088329,618829.1212067639,0.68843704,0.13236593,4.1652103e-05,0.9586530264279625,96.88832054560955,31.156296,3.087242e-06,3.9615416e-06,1.6971842e-05,33.79,74.53,2.27,2.67,28.32,7.35,Wheat,Vegetative,HEALTHY
20260724_123113,G_7_27,odm_orthophoto,7,27,1265,382,4299953.456088329,618831.420626425,0.5151484,0.094475366,2.9542613e-05,1.0,100.0,48.48516,4.5544557e-06,4.602896e-06,1.4402375e-05,31.24,68.66,1.45,4.42,38.97,7.12,Wheat,Vegetative,HEALTHY
20260724_123113,G_7_28,odm_orthophoto,7,28,1311,382,4299953.456088329,618833.720046086,0.47876158,0.11663225,2.5647943e-05,1.0,100.0,52.123844,4.6557966e-06,4.100922e-06,1.320542e-05,34.47,69.1,0.23,3.63,37.39,6.67,Wheat,Vegetative,HEALTHY
20260724_123113,G_7_29,odm_orthophoto,7,29,1357,382,4299953.456088329,618836.019465747,0.57499427,0.120313846,3.2732652e-05,0.8572037510656436,88.1074168797954,42.500572,3.9637953e-06,4.212287e-06,1.4875101e-05,31.23,80.95,14.43,2.05,29.8,7.22,Wheat,Vegetative,HEALTHY
20260724_123113,G_7_30,odm_orthophoto,7,30,1403,382,4299953.456088329,618838.3188854081,0.62999696,0.13541684,3.8310744e-05,0.8572037510656436,87.46803069053708,37.000305,3.5944688e-06,4.3127125e-06,1.6365248e-05,28.14,68.27,9.91,0.61,40.62,6.66,Wheat,Vegetative,HEALTHY
20260724_123113,G_7_31,odm_orthophoto,7,31,1449,382,4299953.456088329,618840.6183050692,0.4682695,0.0815704,3.0080559e-05,0.9092071611253197,91.64535379369138,53.173054,5.715743e-06,5.7651255e-06,1.5743028e-05,31.57,68.29,3.32,2.74,34.96,6.59,Wheat,Vegetative,HEALTHY
20260724_123113,G_7_32,odm_orthophoto,7,32,1495,382,4299953.456088329,618842.9177247302,0.40805298,0.05836812,2.408809e-05,0.8486786018755328,85.5924978687127,59.194702,5.8560427e-06,6.136902e-06,1.3885726e-05,32.12,64.36,10.17,5.97,40.81,6.64,Wheat,Vegetative,HEALTHY
20260724_123113,G_7_33,odm_orthophoto,7,33,1541,382,4299953.456088329,618845.2171443913,0.37303942,0.038715407,2.316406e-05,0.9838022165387894,98.55072463768117,62.696056,6.523654e-06,7.074268e-06,1.4245328e-05,30.65,72.13,12.05,5.18,36.02,6.79,Wheat,Vegetative,HEALTHY
20260724_123113,G_7_34,odm_orthophoto,7,34,1587,382,4299953.456088329,618847.5165640523,0.3602219,0.032541707,2.2616985e-05,1.0,100.0,63.977814,6.72319e-06,7.486895e-06,1.4262501e-05,32.7,68.82,10.13,4.11,32.81,6.67,Wheat,Vegetative,HEALTHY
20260724_123113,G_7_35,odm_orthophoto,7,35,1633,382,4299953.456088329,618849.8159837134,0.35499835,0.027116608,2.2703438e-05,1.0,100.0,64.50017,6.8800664e-06,7.7939185e-06,1.4448204e-05,28.12,60.64,9.35,3.75,35.23,6.81,Wheat,Vegetative,HEALTHY
20260724_123113,G_7_36,odm_orthophoto,7,36,1679,382,4299953.456088329,618852.1154033744,0.35851458,0.027054759,2.3023145e-05,1.0,100.0,64.148544,6.869777e-06,7.777987e-06,1.4544489e-05,29.11,73.38,10.54,2.06,35.1,6.9,Wheat,Vegetative,HEALTHY
20260724_123113,G_7_37,odm_orthophoto,7,37,1725,382,4299953.456088329,618854.4148230355,0.36417648,0.030799456,2.4148649e-05,1.0,100.0,63.582348,7.0269743e-06,7.920666e-06,1.507688e-05,28.09,63.78,8.0,1.58,33.06,6.63,Wheat,Vegetative,HEALTHY
20260724_123113,G_7_38,odm_orthophoto,7,38,1771,382,4299953.456088329,618856.7142426965,0.37359992,0.037251867,2.5459738e-05,1.0,100.0,62.64001,7.1314616e-06,7.954677e-06,1.5618427e-05,28.76,72.43,7.9,4.32,26.97,6.82,Wheat,Vegetative,HEALTHY
20260724_123113,G_7_39,odm_orthophoto,7,39,1817,382,4299953.456088329,618859.0136623576,0.40066457,0.049060676,2.7502005e-05,1.0,100.0,59.933544,6.8385975e-06,7.4062837e-06,1.6006354e-05,32.34,77.99,7.85,4.52,35.05,6.64,Wheat,Vegetative,HEALTHY
20260724_123113,G_7_40,odm_orthophoto,7,40,1863,382,4299953.456088329,618861.3130820188,0.40484595,0.04792567,2.786065e-05,1.0,100.0,59.515404,6.8167396e-06,7.0879414e-06,1.6104052e-05,29.95,72.48,11.92,5.25,36.92,6.68,Wheat,Vegetative,HEALTHY
20260724_123113,G_7_41,odm_orthophoto,7,41,1909,382,4299953.456088329,618863.6125016798,0.49985895,0.09592213,3.410844e-05,0.9893435635123614,99.4458653026428,50.014103,5.593074e-06,5.889401e-06,1.6963078e-05,27.73,75.3,12.14,5.14,35.2,7.02,Wheat,Vegetative,HEALTHY
20260724_123113,G_7_42,odm_orthophoto,7,42,1955,382,4299953.456088329,618865.9119213409,0.5414598,0.121389866,4.0232106e-05,0.9820971867007673,98.63597612958228,45.85402,5.655409e-06,5.915538e-06,1.906678e-05,31.59,74.19,8.32,5.61,36.38,6.54,Wheat,Vegetative,HEALTHY
20260724_123113,G_7_43,odm_orthophoto,7,43,2001,382,4299953.456088329,618868.2113410019,0.57509094,0.1497668,3.5288424e-05,0.9138959931798807,92.88150042625746,42.490906,4.2934435e-06,4.6143086e-06,1.6056738e-05,33.25,63.69,5.76,4.87,25.5,6.53,Wheat,Vegetative,HEALTHY
20260724_123113,G_7_44,odm_orthophoto,7,44,2047,382,4299953.456088329,618870.510760663,0.56088305,0.13244027,3.6389894e-05,0.592071611253197,59.20716112531969,43.911697,4.7346884e-06,5.0443277e-06,1.6865182e-05,32.07,69.05,3.16,1.76,30.2,6.51,Wheat,Vegetative,HEALTHY
20260724_123113,G_8_15,odm_orthophoto,8,15,713,433,4299950.906088367,618803.8275904922,0.34991175,0.067401335,1.612952e-05,0.9701619778346121,97.01619778346121,65.00883,4.985331e-06,4.906669e-06,1.0362004e-05,35.43,73.32,3.6,5.64,26.61,6.87,Wheat,Vegetative,HEALTHY
20260724_123113,G_8_16,odm_orthophoto,8,16,759,433,4299950.906088367,618806.1270101533,0.39954585,0.08763911,1.9488454e-05,1.0,100.0,60.045414,4.9063274e-06,3.8799694e-06,1.14026925e-05,31.77,65.96,11.04,3.55,41.39,6.37,Wheat,Vegetative,HEALTHY
20260724_123113,G_8_17,odm_orthophoto,8,17,805,433,4299950.906088367,618808.4264298143,0.39742327,0.09098977,1.9292735e-05,1.0,100.0,60.257675,4.9198798e-06,4.0776686e-06,1.1351002e-05,29.92,67.71,10.32,3.92,40.1,6.53,Wheat,Vegetative,HEALTHY
20260724_123113,G_8_18,odm_orthophoto,8,18,851,433,4299950.906088367,618810.7258494754,0.36684406,0.074374184,2.1691332e-05,0.8729752770673487,87.76641091219096,63.315594,7.0908445e-06,6.237396e-06,1.4321623e-05,31.79,69.63,12.44,4.7,40.89,6.64,Wheat,Vegetative,HEALTHY
20260724_123113,G_8_19,odm_orthophoto,8,19,897,433,4299950.906088367,618813.0252691364,0.626858,0.16503143,3.5225028e-05,0.7570332480818415,76.68371696504688,37.3142,3.2850612e-06,3.4444263e-06,1.502719e-05,32.7,70.47,10.17,4.48,33.4,6.79,Wheat,Vegetative,HEALTHY
20260724_123113,G_8_22,odm_orthophoto,8,22,1035,433,4299950.906088367,618819.9235281196,0.71057147,0.15178317,4.132129e-05,0.6636828644501279,66.96504688832054,28.942854,2.689671e-06,3.5815565e-06,1.6463988e-05,31.22,74.41,5.7,4.43,31.63,6.88,Wheat,Vegetative,HEALTHY
20260724_123113,G_8_23,odm_orthophoto,8,23,1081,433,4299950.906088367,618822.2229477807,0.6948942,0.15098362,4.66332e-05,0.808610400682012,82.26768968456948,30.51058,3.1677653e-06,4.280887e-06,1.87129e-05,32.51,73.17,4.57,2.27,30.65,6.59,Wheat,Vegetative,HEALTHY
20260724_123113,G_8_24,odm_orthophoto,8,24,1127,433,4299950.906088367,618824.5223674418,0.7227544,0.16018654,4.6878424e-05,0.8005115089514067,80.56265984654732,27.724558,2.9899807e-06,4.0191076e-06,1.8616802e-05,30.39,75.16,5.45,2.6,35.2,6.51,Wheat,Vegetative,HEALTHY
20260724_123113,G_8_25,odm_orthophoto,8,25,1173,433,4299950.906088367,618826.8217871028,0.70756406,0.14238168,4.153152e-05,0.9130434782608695,91.68797953964194,29.243595,2.7293436e-06,3.6691633e-06,1.6573731e-05,35.25,74.49,3.13,0.87,30.82,6.44,Wheat,Vegetative,HEALTHY
20260724_123113,G_8_26,odm_orthophoto,8,26,1219,433,4299950.906088367,618829.1212067639,0.6330357,0.112239346,3.7289203e-05,1.0,100.0,36.696426,3.556547e-06,4.189953e-06,1.5986774e-05,30.97,69.73,2.35,2.51,39.29,6.68,Wheat,Vegetative,HEALTHY
20260724_123113,G_8_27,odm_orthophoto,8,27,1265,433,4299950.906088367,618831.420626425,0.524476,0.11499328,2.6007034e-05,1.0,100.0,47.552402,3.80448e-06,3.7400564e-06,1.24737835e-05,28.72,73.64,12.52,4.56,34.73,6.47,Wheat,Vegetative,HEALTHY
20260724_123113,G_8_28,odm_orthophoto,8,28,1311,433,4299950.906088367,618833.720046086,0.47362995,0.108222626,2.2445864e-05,0.8350383631713555,84.52685421994885,52.637005,4.1046337e-06,3.744975e-06,1.1586829e-05,32.33,66.18,0.29,1.77,31.62,6.67,Wheat,Vegetative,HEALTHY
20260724_123113,G_8_29,odm_orthophoto,8,29,1357,433,4299950.906088367,618836.019465747,0.5865021,0.117201105,3.313702e-05,0.9019607843137255,90.8780903665814,41.349792,3.878105e-06,4.2106813e-06,1.4924198e-05,29.83,77.97,6.62,3.17,26.17,7.23,Wheat,Vegetative,HEALTHY
20260724_123113,G_8_30,odm_orthophoto,8,30,1403,433,4299950.906088367,618838.3188854081,0.589509,0.1310469,3.643762e-05,0.9326513213981245,95.2685421994885,41.0491,4.217451e-06,4.4728304e-06,1.6363834e-05,33.66,72.69,3.4,3.11,34.15,6.84,Wheat,Vegetative,HEALTHY
20260724_123113,G_8_31,odm_orthophoto,8,31,1449,433,4299950.906088367,618840.6183050692,0.578413,0.13242812,3.399575e-05,0.835464620630861,86.06138107416879,42.1587,4.280766e-06,4.525807e-06,1.5613137e-05,31.22,71.5,10.68,4.85,23.06,7.13,Wheat,Vegetative,HEALTHY
20260724_123113,G_8_32,odm_orthophoto,8,32,1495,433,4299950.906088367,618842.9177247302,0.6330718,0.15659511,3.6228084e-05,0.9403239556692242,95.18329070758739,36.69282,3.4290333e-06,4.029819e-06,1.5505531e-05,30.27,76.23,13.62,1.17,35.6,6.29,Wheat,Vegetative,HEALTHY
20260724_123113,G_8_33,odm_orthophoto,8,33,1541,433,4299950.906088367,618845.2171443913,0.5081708,0.10200093,3.0316794e-05,0.8951406649616368,91.30434782608695,49.182922,4.910308e-06,5.165392e-06,1.5016311e-05,29.27,66.18,5.63,1.04,26.18,7.13,Wheat,Vegetative,HEALTHY
20260724_123113,G_8_34,odm_orthophoto,8,34,1587,433,4299950.906088367,618847.5165640523,0.48429003,0.08200506,2.9585999e-05,0.8751065643648764,88.40579710144928,51.571,5.3158624e-06,5.707002e-06,1.5178266e-05,29.56,64.27,8.87,4.26,29.14,6.87,Wheat,Vegetative,HEALTHY
20260724_123113,G_8_35,odm_orthophoto,8,35,1633,433,4299950.906088367,618849.8159837134,0.4040093,0.04785385,2.524554e-05,0.9671781756180733,96.9309462915601,59.599068,6.249071e-06,6.8532877e-06,1.4664603e-05,32.71,73.8,11.16,3.37,15.97,6.43,Wheat,Vegetative,HEALTHY
20260724_123113,G_8_36,odm_orthophoto,8,36,1679,433,4299950.906088367,618852.1154033744,0.383322,0.040643092,2.3167959e-05,1.0,100.0,61.6678,6.2331846e-06,6.9748567e-06,1.3956151e-05,32.55,63.3,3.75,3.6,31.99,7.08,Wheat,Vegetative,HEALTHY
20260724_123113,G_8_37,odm_orthophoto,8,37,1725,433,4299950.906088367,618854.4148230355,0.36510605,0.031086909,2.267512e-05,1.0,100.0,63.489395,6.5817185e-06,7.4567592e-06,1.4140405e-05,30.22,70.49,7.79,3.05,29.8,6.59,Wheat,Vegetative,HEALTHY
20260724_123113,G_8_38,odm_orthophoto,8,38,1771,433,4299950.906088367,618856.7142426965,0.36135477,0.028428052,2.2600145e-05,1.0,100.0,63.864525,6.66433e-06,7.5418557e-06,1.4198026e-05,31.13,85.5,2.18,2.75,32.35,6.94,Wheat,Vegetative,HEALTHY
20260724_123113,G_8_39,odm_orthophoto,8,39,1817,433,4299950.906088367,618859.0136623576,0.36312878,0.027972098,2.3152768e-05,1.0,100.0,63.687122,6.7721166e-06,7.603276e-06,1.4490032e-05,31.0,73.03,1.79,4.04,32.9,6.4,Wheat,Vegetative,HEALTHY
20260724_123113,G_8_40,odm_orthophoto,8,40,1863,433,4299950.906088367,618861.3130820188,0.3709806,0.031307507,2.464868e-05,1.0,100.0,62.90194,6.96148e-06,7.684939e-06,1.5178071e-05,30.79,76.86,8.63,0.84,42.62,7.06,Wheat,Vegetative,HEALTHY
20260724_123113,G_8_41,odm_orthophoto,8,41,1909,433,4299950.906088367,618863.6125016798,0.3788429,0.03524408,2.5961104e-05,1.0,100.0,62.11571,7.096828e-06,7.669998e-06,1.5750926e-05,31.89,77.84,3.69,2.2,32.86,6.89,Wheat,Vegetative,HEALTHY
20260724_123113,G_8_42,odm_orthophoto,8,42,1955,433,4299950.906088367,618865.9119213409,0.38495094,0.036461264,2.6291864e-05,1.0,100.0,61.504906,7.0097926e-06,7.389766e-06,1.5774149e-05,31.4,76.17,13.1,1.6,34.46,6.7,Wheat,Vegetative,HEALTHY
20260724_123113,G_8_43,odm_orthophoto,8,43,2001,433,4299950.906088367,618868.2113410019,0.4192829,0.051378515,2.9228764e-05,1.0,100.0,58.07171,6.762839e-06,7.0022597e-06,1.6506217e-05,29.96,70.65,14.47,4.51,30.27,7.27,Wheat,Vegetative,HEALTHY
20260724_123113,G_8_44,odm_orthophoto,8,44,2047,433,4299950.906088367,618870.510760663,0.46325245,0.08052747,3.2331518e-05,1.0,100.0,53.67476,6.2867703e-06,6.3590514e-06,1.7064449e-05,34.43,75.03,1.84,3.19,42.42,7.0,Wheat,Vegetative,HEALTHY
20260724_123113,G_8_45,odm_orthophoto,8,45,2093,433,4299950.906088367,618872.810180324,0.56402624,0.13656835,3.6797424e-05,0.9671781756180733,96.71781756180732,43.597378,4.662685e-06,5.0995e-06,1.6929034e-05,32.38,64.54,14.48,0.67,45.0,7.03,Wheat,Vegetative,HEALTHY
20260724_123113,G_9_14,odm_orthophoto,9,14,667,484,4299948.3560884055,618801.5281708312,0.34717348,0.06622743,1.5068477e-05,0.8154305200341005,81.54305200341005,65.28265,4.7217227e-06,4.7902636e-06,9.744695e-06,32.57,75.65,9.91,2.34,37.58,6.87,Wheat,Vegetative,HEALTHY
20260724_123113,G_9_15,odm_orthophoto,9,15,713,484,4299948.3560884055,618803.8275904922,0.39005584,0.088119194,1.7952856e-05,0.985080988917306,98.59335038363172,60.994415,4.644756e-06,4.067551e-06,1.0629226e-05,30.29,68.48,3.02,2.78,31.32,6.98,Wheat,Vegetative,HEALTHY
20260724_123113,G_9_16,odm_orthophoto,9,16,759,484,4299948.3560884055,618806.1270101533,0.40842158,0.10124944,1.9341462e-05,1.0,100.0,59.15784,4.671202e-06,4.013454e-06,1.1118561e-05,32.86,68.84,10.97,4.44,30.64,6.23,Wheat,Vegetative,HEALTHY
20260724_123113,G_9_17,odm_orthophoto,9,17,805,484,4299948.3560884055,618808.4264298143,0.3872456,0.07971384,1.994276e-05,1.0,100.0,61.27544,5.291976e-06,4.056424e-06,1.1939794e-05,29.33,68.28,3.88,5.71,26.09,6.77,Wheat,Vegetative,HEALTHY
20260724_123113,G_9_18,odm_orthophoto,9,18,851,484,4299948.3560884055,618810.7258494754,0.4169722,0.09222543,2.154533e-05,0.9884910485933504,98.9769820971867,58.302784,5.017361e-06,3.9489123e-06,1.219939e-05,29.73,74.1,7.64,3.46,33.21,6.51,Wheat,Vegetative,HEALTHY
20260724_123113,G_9_19,odm_orthophoto,9,19,897,484,4299948.3560884055,618813.0252691364,0.7218437,0.18548864,4.177675e-05,0.8260869565217391,84.18584825234441,27.815628,2.633709e-06,2.8469105e-06,1.6559841e-05,31.82,68.29,8.71,2.66,27.98,6.69,Wheat,Vegetative,HEALTHY
20260724_123113,G_9_20,odm_orthophoto,9,20,943,484,4299948.3560884055,618815.3246887975,0.7580932,0.20317167,4.352119e-05,0.6722080136402387,69.82097186700767,24.190681,2.3174264e-06,2.764387e-06,1.6825057e-05,34.25,78.72,10.8,2.18,28.67,6.91,Wheat,Vegetative,HEALTHY
20260724_123113,G_9_21,odm_orthophoto,9,21,989,484,4299948.3560884055,618817.6241084585,0.7582486,0.17231207,4.6992183e-05,0.9117647058823529,91.34697357203751,24.175137,2.4757492e-06,3.5920195e-06,1.814046e-05,29.92,71.03,2.03,3.33,27.26,6.6,Wheat,Vegetative,HEALTHY
20260724_123113,G_9_22,odm_orthophoto,9,22,1035,484,4299948.3560884055,618819.9235281196,0.66735756,0.14962764,4.0405645e-05,0.6901108269394715,69.82097186700767,33.264244,3.2480802e-06,4.062793e-06,1.6717187e-05,32.99,69.93,7.03,3.32,36.68,6.88,Wheat,Vegetative,HEALTHY
20260724_123113,G_9_23,odm_orthophoto,9,23,1081,484,4299948.3560884055,618822.2229477807,0.680311,0.15503448,4.2523952e-05,0.9254049445865302,93.77664109121909,31.968897,3.3971905e-06,4.408316e-06,1.7572438e-05,30.48,71.78,14.95,4.5,41.35,6.93,Wheat,Vegetative,HEALTHY
20260724_123113,G_9_24,odm_orthophoto,9,24,1127,484,4299948.3560884055,618824.5223674418,0.76819694,0.17702603,5.012168e-05,0.9910485933503836,99.19011082693947,23.180305,2.5229872e-06,3.5614885e-06,1.9230947e-05,33.6,74.63,12.89,2.24,38.97,7.55,Wheat,Vegetative,HEALTHY
20260724_123113,G_9_25,odm_orthophoto,9,25,1173,484,4299948.3560884055,618826.8217871028,0.6255857,0.11920355,3.5771285e-05,0.9846547314578005,99.06223358908781,37.441433,3.5635528e-06,4.128725e-06,1.5487776e-05,32.42,78.11,13.26,5.39,31.75,6.29,Wheat,Vegetative,HEALTHY
20260724_123113,G_9_26,odm_orthophoto,9,26,1219,484,4299948.3560884055,618829.1212067639,0.551133,0.12284415,3.123977e-05,1.0,100.0,44.886703,4.186176e-06,4.261691e-06,1.4599832e-05,30.31,82.04,7.14,2.02,34.26,7.01,Wheat,Vegetative,HEALTHY
20260724_123113,G_9_27,odm_orthophoto,9,27,1265,484,4299948.3560884055,618831.420626425,0.47162834,0.111430995,2.183853e-05,0.9710144927536232,97.22932651321398,52.83717,4.081761e-06,3.6682848e-06,1.1361499e-05,29.86,70.48,1.21,3.72,35.12,7.14,Wheat,Vegetative,HEALTHY
20260724_123113,G_9_28,odm_orthophoto,9,28,1311,484,4299948.3560884055,618833.720046086,0.48451364,0.09402765,2.4293908e-05,0.9458653026427962,95.05541346973571,51.548637,4.3050427e-06,4.2024258e-06,1.2403287e-05,28.59,71.49,10.69,3.61,24.8,7.09,Wheat,Vegetative,HEALTHY
20260724_123113,G_9_29,odm_orthophoto,9,29,1357,484,4299948.3560884055,618836.019465747,0.5890285,0.12754892,3.351375e-05,0.8013640238704177,82.05456095481671,41.097153,3.8964085e-06,4.183404e-06,1.5068089e-05,30.26,68.34,7.68,4.16,28.95,7.04,Wheat,Vegetative,HEALTHY
20260724_123113,G_9_30,odm_orthophoto,9,30,1403,484,4299948.3560884055,618838.3188854081,0.584944,0.14152527,3.706289e-05,0.8495311167945439,85.93350383631714,41.5056,4.3512446e-06,4.454079e-06,1.6706072e-05,28.62,70.62,14.3,2.31,38.72,6.37,Wheat,Vegetative,HEALTHY
20260724_123113,G_9_31,odm_orthophoto,9,31,1449,484,4299948.3560884055,618840.6183050692,0.697951,0.17498258,3.9606355e-05,0.736999147485081,75.57544757033247,30.204899,2.6869277e-06,3.4440152e-06,1.5889562e-05,33.16,78.31,14.78,3.56,31.64,6.46,Wheat,Vegetative,HEALTHY
20260724_123113,G_9_32,odm_orthophoto,9,32,1495,484,4299948.3560884055,618842.9177247302,0.61224294,0.14392476,3.7743517e-05,0.8107416879795396,82.94970161977835,38.775707,3.885933e-06,4.3471337e-06,1.646763e-05,30.92,72.15,4.69,0.6,33.42,6.24,Wheat,Vegetative,HEALTHY
20260724_123113,G_9_33,odm_orthophoto,9,33,1541,484,4299948.3560884055,618845.2171443913,0.525113,0.112803,2.9135721e-05,0.814151747655584,82.65132139812447,47.4887,4.4237418e-06,4.611569e-06,1.4136012e-05,32.6,73.51,0.96,5.14,39.58,6.56,Wheat,Vegetative,HEALTHY
20260724_123113,G_9_34,odm_orthophoto,9,34,1587,484,4299948.3560884055,618847.5165640523,0.6035748,0.14845824,3.162518e-05,0.9087809036658141,91.98635976129582,39.642517,3.3367494e-06,3.7702293e-06,1.3878855e-05,27.74,72.76,13.42,1.26,29.84,6.78,Wheat,Vegetative,HEALTHY
20260724_123113,G_9_35,odm_orthophoto,9,35,1633,484,4299948.3560884055,618849.8159837134,0.5679623,0.12627596,3.701476e-05,0.8478260869565217,86.1466325660699,43.20377,4.7521257e-06,5.119099e-06,1.7090922e-05,32.68,74.43,5.27,5.93,23.03,7.25,Wheat,Vegetative,HEALTHY
20260724_123113,G_9_36,odm_orthophoto,9,36,1679,484,4299948.3560884055,618852.1154033744,0.55477923,0.11307549,3.1999018e-05,0.9156010230179028,92.24211423699916,44.522076,4.336884e-06,4.883583e-06,1.5003645e-05,30.1,67.56,0.65,0.85,37.39,6.34,Wheat,Vegetative,HEALTHY
20260724_123113,G_9_37,odm_orthophoto,9,37,1725,484,4299948.3560884055,618854.4148230355,0.44062734,0.063268684,2.675336e-05,0.8576300085251491,86.70076726342711,55.937267,5.702672e-06,6.1808396e-06,1.4620823e-05,32.42,62.61,3.16,4.03,33.09,6.85,Wheat,Vegetative,HEALTHY
20260724_123113,G_9_38,odm_orthophoto,9,38,1771,484,4299948.3560884055,618856.7142426965,0.392788,0.043912474,2.4448595e-05,0.979539641943734,98.20971867007673,60.7212,6.3224197e-06,6.9369366e-06,1.4472292e-05,30.46,67.45,5.02,4.29,27.01,6.66,Wheat,Vegetative,HEALTHY
20260724_123113,G_9_39,odm_orthophoto,9,39,1817,484,4299948.3560884055,618859.0136623576,0.37904832,0.03764693,2.2947163e-05,1.0,100.0,62.095165,6.2909257e-06,7.0406177e-06,1.394029e-05,31.09,67.42,0.97,2.96,32.17,7.03,Wheat,Vegetative,HEALTHY
20260724_123113,G_9_40,odm_orthophoto,9,40,1863,484,4299948.3560884055,618861.3130820188,0.36778948,0.030514605,2.2466858e-05,1.0,100.0,63.22105,6.44044e-06,7.199557e-06,1.3929699e-05,29.64,73.62,4.7,1.66,33.52,6.81,Wheat,Vegetative,HEALTHY
20260724_123113,G_9_41,odm_orthophoto,9,41,1909,484,4299948.3560884055,618863.6125016798,0.36428803,0.029684855,2.2198466e-05,1.0,100.0,63.571198,6.4584983e-06,7.205145e-06,1.3858288e-05,34.89,72.54,7.75,5.34,38.97,6.64,Wheat,Vegetative,HEALTHY
20260724_123113,G_9_42,odm_orthophoto,9,42,1955,484,4299948.3560884055,618865.9119213409,0.36488894,0.029508179,2.3380402e-05,1.0,100.0,63.51111,6.779629e-06,7.523738e-06,1.4573431e-05,27.86,71.52,11.09,1.13,22.67,6.88,Wheat,Vegetative,HEALTHY
20260724_123113,G_9_43,odm_orthophoto,9,43,2001,484,4299948.3560884055,618868.2113410019,0.36740053,0.028313229,2.6006306e-05,1.0,100.0,63.25995,7.4582736e-06,8.14765e-06,1.6127451e-05,30.33,64.98,0.87,4.09,42.03,6.73,Wheat,Vegetative,HEALTHY
20260724_123113,G_9_44,odm_orthophoto,9,44,2047,484,4299948.3560884055,618870.510760663,0.37808883,0.033836864,2.7523416e-05,1.0,100.0,62.191116,7.553812e-06,8.092432e-06,1.6728733e-05,31.24,69.72,7.98,3.25,31.01,6.8,Wheat,Vegetative,HEALTHY
20260724_123113,G_9_45,odm_orthophoto,9,45,2093,484,4299948.3560884055,618872.810180324,0.39321795,0.04142901,2.7708165e-05,1.0,100.0,60.678207,7.1528566e-06,7.5110506e-06,1.638935e-05,34.68,68.86,10.76,1.23,29.07,7.03,Wheat,Vegetative,HEALTHY
20260724_123113,G_9_46,odm_orthophoto,9,46,2139,484,4299948.3560884055,618875.1095999851,0.42331567,0.05814979,2.9262295e-05,1.0,100.0,57.668434,6.6359653e-06,6.8611057e-06,1.6390517e-05,28.8,68.65,11.11,2.6,46.72,7.39,Wheat,Vegetative,HEALTHY
20260724_123113,G_9_47,odm_orthophoto,9,47,2185,484,4299948.3560884055,618877.4090196461,0.50590503,0.10545808,3.374454e-05,0.5656436487638533,56.56436487638533,49.409496,5.4864363e-06,5.7029597e-06,1.673512e-05,31.73,72.03,14.86,1.43,25.01,6.73,Wheat,Vegetative,HEALTHY
20260724_123113,G_10_13,odm_orthophoto,10,13,621,535,4299945.806088444,618799.2287511701,0.35069907,0.06512268,1.5024426e-05,0.5383631713554987,53.83631713554987,64.93009,4.6402256e-06,4.68283e-06,9.648512e-06,29.03,67.5,3.91,5.14,36.06,7.15,Wheat,Vegetative,HEALTHY
20260724_123113,G_10_14,odm_orthophoto,10,14,667,535,4299945.806088444,618801.5281708312,0.36719868,0.07316869,1.6660533e-05,1.0,100.0,63.28013,4.7240487e-06,4.4480403e-06,1.0277729e-05,33.67,71.24,13.6,5.79,36.32,6.63,Wheat,Vegetative,HEALTHY
20260724_123113,G_10_15,odm_orthophoto,10,15,713,535,4299945.806088444,618803.8275904922,0.4019592,0.08005038,2.1444419e-05,0.8618925831202046,86.44501278772378,59.80408,5.3106273e-06,3.7900606e-06,1.2459027e-05,31.05,75.24,2.09,4.94,35.93,7.0,Wheat,Vegetative,HEALTHY
20260724_123113,G_10_16,odm_orthophoto,10,16,759,535,4299945.806088444,618806.1270101533,0.40059054,0.08424058,2.007101e-05,0.7919863597612958,79.49701619778347,59.940945,5.0325198e-06,4.0076243e-06,1.1723085e-05,30.34,75.54,10.14,2.35,21.17,5.89,Wheat,Vegetative,HEALTHY
20260724_123113,G_10_17,odm_orthophoto,10,17,805,535,4299945.806088444,618808.4264298143,0.39086643,0.08188658,1.9220746e-05,0.8508098891730606,85.25149190110827,60.91336,4.978168e-06,3.935508e-06,1.13852975e-05,32.31,72.18,13.65,4.65,32.8,6.71,Wheat,Vegetative,HEALTHY
20260724_123113,G_10_18,odm_orthophoto,10,18,851,535,4299945.806088444,618810.7258494754,0.50134903,0.10702629,2.6860673e-05,0.9948849104859335,99.61636828644501,49.865097,4.211809e-06,3.7626294e-06,1.3165693e-05,26.93,69.09,2.86,0.78,41.53,6.66,Wheat,Vegetative,HEALTHY
20260724_123113,G_10_19,odm_orthophoto,10,19,897,535,4299945.806088444,618813.0252691364,0.7811116,0.19198473,4.791802e-05,0.6543052003410059,66.19778346121056,21.88884,2.1881276e-06,3.3154208e-06,1.8161472e-05,30.49,71.44,5.08,1.06,30.99,6.56,Wheat,Vegetative,HEALTHY
20260724_123113,G_10_20,odm_orthophoto,10,20,943,535,4299945.806088444,618815.3246887975,0.6678012,0.15722659,3.7769052e-05,0.5366581415174766,54.0920716112532,33.21988,3.0121455e-06,3.9430815e-06,1.5602314e-05,31.85,71.05,2.02,5.6,37.17,7.07,Wheat,Vegetative,HEALTHY
20260724_123113,G_10_21,odm_orthophoto,10,21,989,535,4299945.806088444,618817.6241084585,0.6981321,0.15041178,4.0852276e-05,0.9245524296675192,93.69138959931799,30.18679,2.8431639e-06,3.848434e-06,1.6461132e-05,25.43,75.61,13.31,5.81,31.44,6.62,Wheat,Vegetative,HEALTHY
20260724_123113,G_10_22,odm_orthophoto,10,22,1035,535,4299945.806088444,618819.9235281196,0.6472523,0.13111281,3.9211664e-05,0.8640238704177323,87.21227621483376,35.27477,3.72246e-06,4.7064136e-06,1.679355e-05,32.08,70.79,7.46,5.23,40.28,6.8,Wheat,Vegetative,HEALTHY
20260724_123113,G_10_23,odm_orthophoto,10,23,1081,535,4299945.806088444,618822.2229477807,0.6816315,0.15370798,3.8106577e-05,0.8422847399829497,85.08098891730606,31.83685,2.8890468e-06,3.6764945e-06,1.559172e-05,30.25,74.44,1.24,5.66,33.36,6.56,Wheat,Vegetative,HEALTHY
20260724_123113,G_10_24,odm_orthophoto,10,24,1127,535,4299945.806088444,618824.5223674418,0.6892448,0.14362891,3.93035e-05,0.9087809036658141,91.38959931798807,31.07552,2.8476634e-06,3.7048776e-06,1.5949336e-05,32.47,65.77,7.29,5.36,32.52,6.79,Wheat,Vegetative,HEALTHY
20260724_123113,G_10_25,odm_orthophoto,10,25,1173,535,4299945.806088444,618826.8217871028,0.6184772,0.12728827,3.306954e-05,0.9893435635123614,99.4458653026428,38.15228,3.342401e-06,3.888465e-06,1.4365977e-05,34.03,74.96,7.99,4.67,43.74,6.39,Wheat,Vegetative,HEALTHY
20260724_123113,G_10_26,odm_orthophoto,10,26,1219,535,4299945.806088444,618829.1212067639,0.47441706,0.110999145,2.533555e-05,1.0,100.0,52.558292,4.698332e-06,4.315699e-06,1.3143817e-05,32.43,72.35,6.68,1.81,32.19,6.94,Wheat,Vegetative,HEALTHY
20260724_123113,G_10_27,odm_orthophoto,10,27,1265,535,4299945.806088444,618831.420626425,0.55460155,0.10942005,3.0731273e-05,0.7966751918158568,81.32992327365729,44.539845,3.9945244e-06,4.219957e-06,1.4238669e-05,29.7,78.25,10.68,0.72,31.32,6.57,Wheat,Vegetative,HEALTHY
20260724_123113,G_10_28,odm_orthophoto,10,28,1311,535,4299945.806088444,618833.720046086,0.54909515,0.11888523,2.880313e-05,0.8687127024722933,87.80903665814151,45.090485,3.9748247e-06,4.0690475e-06,1.35762075e-05,35.46,79.54,2.1,2.09,40.41,7.05,Wheat,Vegetative,HEALTHY
20260724_123113,G_10_29,odm_orthophoto,10,29,1357,535,4299945.806088444,618836.019465747,0.5431218,0.13499951,3.2264576e-05,0.8789428815004262,89.72719522591646,45.68782,4.525586e-06,4.3944274e-06,1.5280877e-05,29.54,69.72,13.37,0.75,37.06,6.92,Wheat,Vegetative,HEALTHY
20260724_123113,G_10_30,odm_orthophoto,10,30,1403,535,4299945.806088444,618838.3188854081,0.6379592,0.15920062,3.4188524e-05,0.8785166240409207,90.3239556692242,36.204082,3.259435e-06,3.6028193e-06,1.4656025e-05,30.02,66.49,12.78,5.85,28.56,6.93,Wheat,Vegetative,HEALTHY
20260724_123113,G_10_31,odm_orthophoto,10,31,1449,535,4299945.806088444,618840.6183050692,0.67109823,0.17095892,3.868794e-05,0.7971014492753623,81.50042625745951,32.890175,3.0780147e-06,3.6296053e-06,1.5974501e-05,28.5,74.54,10.93,1.21,32.76,6.8,Wheat,Vegetative,HEALTHY
20260724_123113,G_10_32,odm_orthophoto,10,32,1495,535,4299945.806088444,618842.9177247302,0.6010665,0.15064922,3.6553814e-05,0.9616368286445013,96.29156010230179,39.89335,4.1700923e-06,4.38598e-06,1.6355203e-05,31.32,68.83,0.35,2.21,43.36,6.48,Wheat,Vegetative,HEALTHY
20260724_123113,G_10_33,odm_orthophoto,10,33,1541,535,4299945.806088444,618845.2171443913,0.64003557,0.16321218,3.1711126e-05,0.8124467178175618,82.56606990622336,35.996445,2.813695e-06,3.3101974e-06,1.338443e-05,31.02,65.42,11.91,2.58,35.73,6.44,Wheat,Vegetative,HEALTHY
20260724_123113,G_10_34,odm_orthophoto,10,34,1587,535,4299945.806088444,618847.5165640523,0.6473576,0.1507723,4.0407314e-05,0.8516624040920716,86.44501278772378,35.26424,3.754807e-06,4.373075e-06,1.7224485e-05,30.59,69.33,4.31,3.66,34.29,6.74,Wheat,Vegetative,HEALTHY
20260724_123113,G_10_35,odm_orthophoto,10,35,1633,535,4299945.806088444,618849.8159837134,0.65684265,0.1526312,4.3377735e-05,0.8776641091219096,89.04518329070758,34.315735,3.8778767e-06,4.515381e-06,1.8337774e-05,27.1,74.61,5.09,3.1,34.9,6.53,Wheat,Vegetative,HEALTHY
20260724_123113,G_10_36,odm_orthophoto,10,36,1679,535,4299945.806088444,618852.1154033744,0.6458779,0.15671435,3.241203e-05,0.7647058823529411,78.38874680306905,35.41221,2.8310028e-06,3.4050688e-06,1.3635384e-05,28.65,74.0,9.71,5.83,40.61,6.89,Wheat,Vegetative,HEALTHY
20260724_123113,G_10_37,odm_orthophoto,10,37,1725,535,4299945.806088444,618854.4148230355,0.5875586,0.1358949,3.6061312e-05,0.9654731457800512,97.3145780051151,41.244137,4.2038946e-06,4.5865436e-06,1.6224829e-05,31.54,73.44,1.99,2.31,36.06,6.36,Wheat,Vegetative,HEALTHY
20260724_123113,G_10_38,odm_orthophoto,10,38,1771,535,4299945.806088444,618856.7142426965,0.6112822,0.1315555,3.662256e-05,0.8120204603580563,82.48081841432226,38.871777,3.8405115e-06,4.494195e-06,1.604853e-05,35.41,67.91,12.09,3.7,32.85,6.54,Wheat,Vegetative,HEALTHY
20260724_123113,G_10_39,odm_orthophoto,10,39,1817,535,4299945.806088444,618859.0136623576,0.5096244,0.093032464,3.0237103e-05,0.7907075873827792,80.26427962489343,49.03756,4.926928e-06,5.3083586e-06,1.5006366e-05,33.55,80.77,4.11,1.94,29.98,6.8,Wheat,Vegetative,HEALTHY
20260724_123113,G_10_40,odm_orthophoto,10,40,1863,535,4299945.806088444,618861.3130820188,0.42473292,0.057684448,2.5809022e-05,0.9296675191815856,93.43563512361467,57.526707,5.840774e-06,6.160757e-06,1.4444135e-05,30.18,71.71,3.85,5.34,32.54,6.74,Wheat,Vegetative,HEALTHY
20260724_123113,G_10_41,odm_orthophoto,10,41,1909,535,4299945.806088444,618863.6125016798,0.38765094,0.040344477,2.3280749e-05,1.0,100.0,61.2349,6.1514716e-06,6.715668e-06,1.3912035e-05,31.16,66.66,14.32,5.42,43.9,6.87,Wheat,Vegetative,HEALTHY
20260724_123113,G_10_42,odm_orthophoto,10,42,1955,535,4299945.806088444,618865.9119213409,0.37182954,0.036879126,2.2409578e-05,1.0,100.0,62.817047,6.330698e-06,7.022744e-06,1.3800859e-05,30.15,73.54,3.23,5.87,39.86,6.78,Wheat,Vegetative,HEALTHY
20260724_123113,G_10_43,odm_orthophoto,10,43,2001,535,4299945.806088444,618868.2113410019,0.3657624,0.03221016,2.3112561e-05,1.0,100.0,63.42376,6.68564e-06,7.458525e-06,1.4390152e-05,31.19,64.25,7.6,3.79,29.55,6.84,Wheat,Vegetative,HEALTHY
20260724_123113,G_10_44,odm_orthophoto,10,44,2047,535,4299945.806088444,618870.510760663,0.36523697,0.029567644,2.323211e-05,1.0,100.0,63.4763,6.7328738e-06,7.4758777e-06,1.447724e-05,31.81,71.94,13.14,2.44,30.75,6.68,Wheat,Vegetative,HEALTHY
20260724_123113,G_10_45,odm_orthophoto,10,45,2093,535,4299945.806088444,618872.810180324,0.36229685,0.026874987,2.3953748e-05,1.0,100.0,63.770317,7.027487e-06,7.783664e-06,1.50124215e-05,29.88,64.56,13.34,5.93,30.76,6.86,Wheat,Vegetative,HEALTHY
20260724_123113,G_10_46,odm_orthophoto,10,46,2139,535,4299945.806088444,618875.1095999851,0.36484492,0.028491275,2.5088242e-05,1.0,100.0,63.515507,7.277148e-06,7.981829e-06,1.564028e-05,31.52,72.7,6.96,4.22,36.76,7.03,Wheat,Vegetative,HEALTHY
20260724_123113,G_10_47,odm_orthophoto,10,47,2185,535,4299945.806088444,618877.4090196461,0.37190175,0.032329556,2.5867032e-05,0.979539641943734,97.9539641943734,62.809826,7.272592e-06,7.8129e-06,1.5895337e-05,28.73,64.8,7.28,3.69,29.15,6.78,Wheat,Vegetative,HEALTHY
20260724_123113,G_11_13,odm_orthophoto,11,13,621,586,4299943.256088481,618799.2287511701,0.35990214,0.06503378,1.5606172e-05,0.9910485933503836,99.10485933503837,64.00979,4.625288e-06,4.6920895e-06,9.827496e-06,32.95,75.06,3.64,2.2,25.19,6.8,Wheat,Vegetative,HEALTHY
20260724_123113,G_11_14,odm_orthophoto,11,14,667,586,4299943.256088481,618801.5281708312,0.39722893,0.07736576,1.9987214e-05,1.0,100.0,60.277103,4.9585847e-06,3.803588e-06,1.1621218e-05,30.23,79.87,12.57,1.67,22.58,6.94,Wheat,Vegetative,HEALTHY
20260724_123113,G_11_15,odm_orthophoto,11,15,713,586,4299943.256088481,618803.8275904922,0.396521,0.07262,2.1898355e-05,1.0,100.0,60.347904,5.4330335e-06,3.766641e-06,1.2732757e-05,30.8,72.67,4.85,2.82,27.37,6.87,Wheat,Vegetative,HEALTHY
20260724_123113,G_11_16,odm_orthophoto,11,16,759,586,4299943.256088481,618806.1270101533,0.38667953,0.063953474,2.1019954e-05,1.0,100.0,61.332047,5.510051e-06,4.080498e-06,1.2516959e-05,30.4,71.45,0.55,1.56,35.63,6.79,Wheat,Vegetative,HEALTHY
20260724_123113,G_11_17,odm_orthophoto,11,17,805,586,4299943.256088481,618808.4264298143,0.38425264,0.060841665,1.9954841e-05,0.887468030690537,88.83205456095482,61.574734,5.2976893e-06,3.709893e-06,1.1949537e-05,31.09,68.27,14.67,1.87,31.49,6.72,Wheat,Vegetative,HEALTHY
20260724_123113,G_11_18,odm_orthophoto,11,18,851,586,4299943.256088481,618810.7258494754,0.5556318,0.11614511,2.9816072e-05,0.5247229326513214,53.196930946291566,44.436817,3.5964656e-06,3.438131e-06,1.3535526e-05,27.82,73.44,10.41,5.35,31.08,6.92,Wheat,Vegetative,HEALTHY
20260724_123113,G_11_19,odm_orthophoto,11,19,897,586,4299943.256088481,618813.0252691364,0.76002765,0.1816197,4.646456e-05,0.5468883205456095,55.626598465473144,23.997234,2.318257e-06,3.4079849e-06,1.7807099e-05,28.68,63.73,6.4,1.25,32.0,6.22,Wheat,Vegetative,HEALTHY
20260724_123113,G_11_20,odm_orthophoto,11,20,943,586,4299943.256088481,618815.3246887975,0.71264505,0.16914484,4.1121988e-05,0.6875532821824382,70.67348678601876,28.735495,2.6889895e-06,3.7761777e-06,1.6396858e-05,27.87,68.75,5.67,5.85,36.77,6.39,Wheat,Vegetative,HEALTHY
20260724_123113,G_11_21,odm_orthophoto,11,21,989,586,4299943.256088481,618817.6241084585,0.7481251,0.18482591,4.6654168e-05,1.0,100.0,25.187492,2.6096889e-06,3.770548e-06,1.8161727e-05,30.44,79.5,0.38,2.66,30.18,7.02,Wheat,Vegetative,HEALTHY
20260724_123113,G_11_22,odm_orthophoto,11,22,1035,586,4299943.256088481,618819.9235281196,0.63893557,0.12868345,3.6562826e-05,0.9202898550724637,92.96675191815856,36.106445,3.4944696e-06,4.467612e-06,1.5682548e-05,28.88,78.45,12.3,0.69,37.84,6.51,Wheat,Vegetative,HEALTHY
20260724_123113,G_11_23,odm_orthophoto,11,23,1081,586,4299943.256088481,618822.2229477807,0.64944583,0.12004934,3.5600347e-05,0.886615515771526,89.13043478260869,35.055416,3.063008e-06,3.9539677e-06,1.4930234e-05,30.6,74.77,11.53,1.77,30.47,6.7,Wheat,Vegetative,HEALTHY
20260724_123113,G_11_24,odm_orthophoto,11,24,1127,586,4299943.256088481,618824.5223674418,0.6183439,0.10932336,3.3754968e-05,1.0,100.0,38.16561,3.4453647e-06,4.110267e-06,1.4697434e-05,29.23,69.11,3.55,5.47,32.32,6.76,Wheat,Vegetative,HEALTHY
20260724_123113,G_11_25,odm_orthophoto,11,25,1173,586,4299943.256088481,618826.8217871028,0.52660424,0.10460147,2.8449645e-05,1.0,100.0,47.339577,4.259401e-06,4.329571e-06,1.374296e-05,29.27,71.15,13.22,5.33,28.18,6.86,Wheat,Vegetative,HEALTHY
20260724_123113,G_11_26,odm_orthophoto,11,26,1219,586,4299943.256088481,618829.1212067639,0.45340148,0.09600064,2.3792287e-05,0.8930093776641091,90.36658141517476,54.659855,4.787087e-06,4.496811e-06,1.2718129e-05,35.27,68.21,8.79,0.86,38.64,6.54,Wheat,Vegetative,HEALTHY
20260724_123113,G_11_27,odm_orthophoto,11,27,1265,586,4299943.256088481,618831.420626425,0.54114044,0.10522524,2.8740293e-05,0.8853367433930094,89.85507246376811,45.885956,4.0709383e-06,4.315322e-06,1.3651379e-05,31.33,69.77,10.72,2.55,26.11,6.93,Wheat,Vegetative,HEALTHY
20260724_123113,G_11_28,odm_orthophoto,11,28,1311,586,4299943.256088481,618833.720046086,0.55726093,0.119161,3.166794e-05,0.8184143222506394,83.63171355498721,44.273907,4.260254e-06,4.35158e-06,1.4816641e-05,34.37,74.59,12.75,3.81,29.57,6.72,Wheat,Vegetative,HEALTHY
20260724_123113,G_11_29,odm_orthophoto,11,29,1357,586,4299943.256088481,618836.019465747,0.59816426,0.13907076,3.5509238e-05,0.9271099744245525,94.28815004262574,40.183575,4.0123928e-06,4.2343304e-06,1.5849284e-05,30.79,77.37,7.69,0.97,25.53,6.53,Wheat,Vegetative,HEALTHY
20260724_123113,G_11_30,odm_orthophoto,11,30,1403,586,4299943.256088481,618838.3188854081,0.6342735,0.16198315,3.2793938e-05,0.7391304347826086,75.66069906223359,36.572647,3.0483882e-06,3.4231728e-06,1.3980085e-05,32.54,77.47,8.29,3.69,42.98,6.43,Wheat,Vegetative,HEALTHY
20260724_123113,G_11_31,odm_orthophoto,11,31,1449,586,4299943.256088481,618840.6183050692,0.57486445,0.13858049,3.441392e-05,0.8529411764705882,86.57289002557545,42.513554,4.2689207e-06,4.395507e-06,1.574069e-05,29.92,72.57,10.58,5.42,24.32,6.77,Wheat,Vegetative,HEALTHY
20260724_123113,G_11_32,odm_orthophoto,11,32,1495,586,4299943.256088481,618842.9177247302,0.7265066,0.18823966,4.2036816e-05,0.7276214833759591,74.55242966751918,27.34934,2.4321012e-06,3.236032e-06,1.6444934e-05,34.9,70.6,7.01,3.55,38.37,6.49,Wheat,Vegetative,HEALTHY
20260724_123113,G_11_33,odm_orthophoto,11,33,1541,586,4299943.256088481,618845.2171443913,0.6324282,0.15759577,3.380102e-05,0.7297527706734868,74.8081841432225,36.757175,3.1788777e-06,3.5970359e-06,1.4446306e-05,31.78,68.62,14.87,3.75,34.54,7.08,Wheat,Vegetative,HEALTHY
20260724_123113,G_11_34,odm_orthophoto,11,34,1587,586,4299943.256088481,618847.5165640523,0.5970114,0.1385898,4.2031726e-05,0.9714407502131287,97.78346121057119,40.298862,4.867139e-06,5.1525076e-06,1.8878389e-05,33.21,80.1,3.32,1.71,34.26,6.7,Wheat,Vegetative,HEALTHY
20260724_123113,G_11_35,odm_orthophoto,11,35,1633,586,4299943.256088481,618849.8159837134,0.68695444,0.16674916,3.5867026e-05,0.8589087809036658,87.34015345268543,31.304556,2.6196883e-06,3.2399764e-06,1.4575797e-05,35.5,70.9,2.83,1.89,39.88,6.88,Wheat,Vegetative,HEALTHY
20260724_123113,G_11_36,odm_orthophoto,11,36,1679,586,4299943.256088481,618852.1154033744,0.65129256,0.14961313,3.959181e-05,0.8184143222506394,83.63171355498721,34.870743,3.4620293e-06,4.083254e-06,1.665985e-05,34.24,75.49,10.02,0.63,35.14,6.49,Wheat,Vegetative,HEALTHY
20260724_123113,G_11_37,odm_orthophoto,11,37,1725,586,4299943.256088481,618854.4148230355,0.6131597,0.13982387,3.8751732e-05,0.8861892583120204,89.89769820971867,38.68403,4.0961277e-06,4.5251268e-06,1.7013925e-05,33.82,73.1,7.36,3.17,33.57,6.93,Wheat,Vegetative,HEALTHY
20260724_123113,G_11_38,odm_orthophoto,11,38,1771,586,4299943.256088481,618856.7142426965,0.61090004,0.14446977,3.0528685e-05,0.8098891730605285,82.22506393861893,38.909996,3.078659e-06,3.5427975e-06,1.3255237e-05,29.34,73.88,13.1,3.61,28.16,6.65,Wheat,Vegetative,HEALTHY
20260724_123113,G_11_39,odm_orthophoto,11,39,1817,586,4299943.256088481,618859.0136623576,0.5859227,0.12754856,3.561412e-05,0.8704177323103154,89.25831202046037,41.40773,4.2211836e-06,4.6134555e-06,1.6093045e-05,33.38,73.65,12.68,5.9,31.22,7.23,Wheat,Vegetative,HEALTHY
20260724_123113,G_11_40,odm_orthophoto,11,40,1863,586,4299943.256088481,618861.3130820188,0.6155619,0.13868263,3.6751873e-05,0.7246376811594203,74.38192668371697,38.44381,3.7856528e-06,4.318254e-06,1.6036776e-05,31.17,72.74,4.99,2.51,27.86,6.51,Wheat,Vegetative,HEALTHY
20260724_123113,G_11_41,odm_orthophoto,11,41,1909,586,4299943.256088481,618863.6125016798,0.5517683,0.11357135,3.080719e-05,0.8861892583120204,90.02557544757033,44.82317,4.2055963e-06,4.5933566e-06,1.44750475e-05,31.19,79.35,5.36,5.82,31.82,6.57,Wheat,Vegetative,HEALTHY
20260724_123113,G_11_42,odm_orthophoto,11,42,1955,586,4299943.256088481,618865.9119213409,0.45329577,0.079398006,2.6495012e-05,0.8985507246376812,90.83546462063086,54.67042,5.418817e-06,5.5609894e-06,1.4250835e-05,32.4,78.65,5.59,4.15,23.09,7.53,Wheat,Vegetative,HEALTHY
20260724_123113,G_11_43,odm_orthophoto,11,43,2001,586,4299943.256088481,618868.2113410019,0.4516817,0.06728025,2.6411424e-05,0.9416027280477408,94.50127877237851,54.831825,5.4496063e-06,5.8905885e-06,1.4253762e-05,31.12,71.97,10.58,5.37,32.73,6.82,Wheat,Vegetative,HEALTHY
20260724_123113,G_11_44,odm_orthophoto,11,44,2047,586,4299943.256088481,618870.510760663,0.43657735,0.060670614,2.7186044e-05,0.979539641943734,98.29497016197783,56.34227,5.857833e-06,6.3738325e-06,1.4920231e-05,34.02,72.73,12.64,0.93,38.5,6.77,Wheat,Vegetative,HEALTHY
20260724_123113,G_11_45,odm_orthophoto,11,45,2093,586,4299943.256088481,618872.810180324,0.37158212,0.03502819,2.3710358e-05,1.0,100.0,62.841785,6.6973416e-06,7.3717106e-06,1.4601131e-05,30.37,73.13,9.77,3.75,38.18,6.59,Wheat,Vegetative,HEALTHY
20260724_123113,G_11_46,odm_orthophoto,11,46,2139,586,4299943.256088481,618875.1095999851,0.36077115,0.029749189,2.29161e-05,1.0,100.0,63.922882,6.7731557e-06,7.5625503e-06,1.441218e-05,33.65,70.92,12.53,2.48,34.89,6.87,Wheat,Vegetative,HEALTHY
20260724_123113,G_11_47,odm_orthophoto,11,47,2185,586,4299943.256088481,618877.4090196461,0.35995516,0.028780352,2.2497985e-05,1.0,100.0,64.00448,6.6715616e-06,7.411492e-06,1.4171203e-05,28.07,68.29,2.5,5.7,34.7,6.8,Wheat,Vegetative,HEALTHY
20260724_123113,G_11_48,odm_orthophoto,11,48,2231,586,4299943.256088481,618879.7084393072,0.35753533,0.025808446,2.2592942e-05,0.7046035805626598,70.46035805626599,64.24646,6.768579e-06,7.483912e-06,1.4299877e-05,30.5,73.62,5.13,0.67,37.34,7.0,Wheat,Vegetative,HEALTHY
20260724_123113,G_12_12,odm_orthophoto,12,12,575,637,4299940.70608852,618796.929331509,0.36809173,0.05628933,1.6814029e-05,0.8759590792838875,87.59590792838875,63.19083,4.808779e-06,4.988137e-06,1.0413626e-05,34.75,71.72,11.42,5.79,38.68,6.66,Wheat,Vegetative,HEALTHY
20260724_123113,G_12_13,odm_orthophoto,12,13,621,637,4299940.70608852,618799.2287511701,0.3876481,0.07024339,1.8424222e-05,1.0,100.0,61.23519,4.7995222e-06,4.541567e-06,1.0941127e-05,32.96,75.98,11.61,2.97,32.94,6.86,Wheat,Vegetative,HEALTHY
20260724_123113,G_12_14,odm_orthophoto,12,14,667,637,4299940.70608852,618801.5281708312,0.42311975,0.08118041,2.236468e-05,1.0,100.0,57.688023,5.0316453e-06,3.6930537e-06,1.2486807e-05,33.44,67.57,1.91,1.82,40.16,6.38,Wheat,Vegetative,HEALTHY
20260724_123113,G_12_15,odm_orthophoto,12,15,713,637,4299940.70608852,618803.8275904922,0.40124318,0.069941305,2.1817297e-05,1.0,100.0,59.87568,5.364266e-06,4.0377768e-06,1.2636964e-05,32.84,77.6,4.67,5.31,37.01,6.68,Wheat,Vegetative,HEALTHY
20260724_123113,G_12_16,odm_orthophoto,12,16,759,637,4299940.70608852,618806.1270101533,0.38315,0.05838025,2.1057424e-05,1.0,100.0,61.685,5.5469795e-06,3.8767166e-06,1.2566381e-05,31.39,75.2,9.7,2.83,31.6,6.45,Wheat,Vegetative,HEALTHY
20260724_123113,G_12_17,odm_orthophoto,12,17,805,637,4299940.70608852,618808.4264298143,0.4059455,0.074577235,2.0335587e-05,0.9305200341005968,93.47826086956522,59.405445,4.803879e-06,3.5126864e-06,1.1582638e-05,32.18,79.49,5.42,1.91,40.17,6.28,Wheat,Vegetative,HEALTHY
20260724_123113,G_12_18,odm_orthophoto,12,18,851,637,4299940.70608852,618810.7258494754,0.77898544,0.22015308,4.4289023e-05,0.5072463768115942,51.9607843137255,22.101456,1.9861038e-06,2.668156e-06,1.6749693e-05,26.72,85.75,4.43,4.85,32.59,7.11,Wheat,Vegetative,HEALTHY
20260724_123113,G_12_20,odm_orthophoto,12,20,943,637,4299940.70608852,618815.3246887975,0.65483564,0.15129109,3.6995978e-05,0.7476555839727195,76.12958226768968,34.516438,3.1754096e-06,4.057491e-06,1.5507876e-05,28.44,71.49,6.29,2.45,43.14,6.45,Wheat,Vegetative,HEALTHY
20260724_123113,G_12_21,odm_orthophoto,12,21,989,637,4299940.70608852,618817.6241084585,0.7362766,0.18141186,4.6548827e-05,1.0,100.0,26.372337,2.7567887e-06,3.999801e-06,1.827372e-05,31.14,72.05,6.24,0.74,36.26,6.32,Wheat,Vegetative,HEALTHY
20260724_123113,G_12_22,odm_orthophoto,12,22,1035,637,4299940.70608852,618819.9235281196,0.7377682,0.16366635,4.3526037e-05,1.0,100.0,26.223183,2.5709692e-06,3.6798706e-06,1.7080221e-05,31.01,63.22,8.41,3.32,43.36,7.03,Wheat,Vegetative,HEALTHY
20260724_123113,G_12_23,odm_orthophoto,12,23,1081,637,4299940.70608852,618822.2229477807,0.66095155,0.12266465,3.760361e-05,1.0,100.0,33.904846,3.2075984e-06,4.026279e-06,1.5742617e-05,31.79,66.21,14.58,4.82,26.41,6.22,Wheat,Vegetative,HEALTHY
20260724_123113,G_12_24,odm_orthophoto,12,24,1127,637,4299940.70608852,618824.5223674418,0.4769831,0.08360783,2.4905248e-05,1.0,100.0,52.301693,4.5764177e-06,4.513637e-06,1.2878459e-05,32.76,70.07,5.52,3.33,34.87,7.19,Wheat,Vegetative,HEALTHY
20260724_123113,G_12_25,odm_orthophoto,12,25,1173,637,4299940.70608852,618826.8217871028,0.45115948,0.09836357,2.2831005e-05,0.9727195225916454,97.65558397271951,54.884052,4.635382e-06,4.276407e-06,1.2245977e-05,29.63,77.49,4.35,3.3,30.86,7.33,Wheat,Vegetative,HEALTHY
20260724_123113,G_12_26,odm_orthophoto,12,26,1219,637,4299940.70608852,618829.1212067639,0.55864793,0.09469502,3.158395e-05,0.711849957374254,72.84739982949702,44.13521,4.051703e-06,4.5747643e-06,1.45800905e-05,29.69,72.19,13.32,5.14,35.09,6.73,Wheat,Vegetative,HEALTHY
20260724_123113,G_12_27,odm_orthophoto,12,27,1265,637,4299940.70608852,618831.420626425,0.57047,0.101361305,3.111265e-05,0.8917306052855924,90.62233589087809,42.953003,3.921545e-06,4.354433e-06,1.4292813e-05,28.69,75.2,11.31,2.11,34.7,6.44,Wheat,Vegetative,HEALTHY
20260724_123113,G_12_28,odm_orthophoto,12,28,1311,637,4299940.70608852,618833.720046086,0.52414805,0.106121995,3.0172801e-05,0.9262574595055414,94.50127877237851,47.585194,4.6594137e-06,4.5635516e-06,1.4717407e-05,27.43,77.87,2.04,1.5,31.1,6.82,Wheat,Vegetative,HEALTHY
20260724_123113,G_12_29,odm_orthophoto,12,29,1357,637,4299940.70608852,618836.019465747,0.6275936,0.13698375,3.384438e-05,0.881074168797954,89.89769820971867,37.240643,3.226917e-06,3.7188677e-06,1.4508791e-05,36.15,67.98,7.12,1.73,26.7,7.0,Wheat,Vegetative,HEALTHY
20260724_123113,G_12_30,odm_orthophoto,12,30,1403,637,4299940.70608852,618838.3188854081,0.54544544,0.12199175,2.9318307e-05,0.8431372549019608,85.89087809036658,45.455456,4.217661e-06,4.2665056e-06,1.3990787e-05,30.82,74.37,5.53,2.74,42.9,6.81,Wheat,Vegetative,HEALTHY
20260724_123113,G_12_31,odm_orthophoto,12,31,1449,637,4299940.70608852,618840.6183050692,0.5401989,0.121120386,3.186905e-05,0.9475703324808185,96.54731457800511,45.980106,4.529266e-06,4.5285697e-06,1.5152708e-05,27.53,72.61,5.67,5.35,24.44,6.66,Wheat,Vegetative,HEALTHY
20260724_123113,G_12_32,odm_orthophoto,12,32,1495,637,4299940.70608852,618842.9177247302,0.6092546,0.15035856,2.99171e-05,0.8780903665814151,88.57630008525149,39.07454,3.1042407e-06,3.4259338e-06,1.3076943e-05,31.8,71.42,1.71,4.66,36.47,6.7,Wheat,Vegetative,HEALTHY
20260724_123113,G_12_33,odm_orthophoto,12,33,1541,637,4299940.70608852,618845.2171443913,0.6095661,0.1400566,4.000691e-05,0.8584825234441603,87.68115942028986,39.043392,4.4321746e-06,4.7784065e-06,1.7768414e-05,30.09,79.17,10.52,1.73,32.28,7.24,Wheat,Vegetative,HEALTHY
20260724_123113,G_12_34,odm_orthophoto,12,34,1587,637,4299940.70608852,618847.5165640523,0.6347118,0.14746752,3.8192313e-05,0.8546462063086104,86.18925831202046,36.52882,3.6980466e-06,4.173812e-06,1.6429356e-05,31.38,70.7,2.22,0.81,29.61,7.11,Wheat,Vegetative,HEALTHY
20260724_123113,G_12_35,odm_orthophoto,12,35,1633,637,4299940.70608852,618849.8159837134,0.5843765,0.13901487,2.7360651e-05,0.8452685421994884,86.61551577152599,41.562347,3.1432096e-06,3.4096722e-06,1.2263722e-05,31.54,69.17,9.2,2.72,35.5,7.33,Wheat,Vegetative,HEALTHY
20260724_123113,G_12_36,odm_orthophoto,12,36,1679,637,4299940.70608852,618852.1154033744,0.5417872,0.11631767,3.4121298e-05,0.9646206308610401,97.27195225916454,45.821278,4.8880624e-06,4.9601817e-06,1.6262316e-05,31.85,71.89,6.2,5.45,31.71,6.99,Wheat,Vegetative,HEALTHY
20260724_123113,G_12_37,odm_orthophoto,12,37,1725,637,4299940.70608852,618854.4148230355,0.61934066,0.1447502,3.2132346e-05,0.8235294117647058,84.27109974424553,38.065933,3.0934382e-06,3.5520916e-06,1.3804605e-05,32.31,71.01,8.93,4.06,23.89,7.54,Wheat,Vegetative,HEALTHY
20260724_123113,G_12_38,odm_orthophoto,12,38,1771,637,4299940.70608852,618856.7142426965,0.519668,0.109647945,2.7248394e-05,0.9313725490196079,94.28815004262574,48.033203,4.1976377e-06,4.325339e-06,1.3280762e-05,28.3,70.04,3.07,3.38,28.72,7.41,Wheat,Vegetative,HEALTHY
20260724_123113,G_12_39,odm_orthophoto,12,39,1817,637,4299940.70608852,618859.0136623576,0.57331914,0.12967359,3.5341254e-05,0.8495311167945439,86.48763853367434,42.668087,4.4348744e-06,4.6567297e-06,1.6215787e-05,29.9,69.84,14.13,5.92,42.6,6.23,Wheat,Vegetative,HEALTHY
20260724_123113,G_12_40,odm_orthophoto,12,40,1863,637,4299940.70608852,618861.3130820188,0.6340029,0.14687295,3.2233995e-05,0.9288150042625746,93.86189258312021,36.59971,3.0675947e-06,3.49381e-06,1.3812628e-05,30.05,77.8,9.99,4.5,34.47,7.1,Wheat,Vegetative,HEALTHY
20260724_123113,G_12_41,odm_orthophoto,12,41,1909,637,4299940.70608852,618863.6125016798,0.594103,0.12722504,3.6367597e-05,0.9151747655583973,92.924126172208,40.589703,4.166671e-06,4.5968527e-06,1.6289707e-05,31.94,62.89,0.97,4.05,25.86,6.23,Wheat,Vegetative,HEALTHY
20260724_123113,G_12_42,odm_orthophoto,12,42,1955,637,4299940.70608852,618865.9119213409,0.5901598,0.12792915,3.4373286e-05,0.9002557544757033,91.47485080988918,40.984024,4.100511e-06,4.5276884e-06,1.555873e-05,26.3,76.51,1.63,0.82,32.3,6.49,Wheat,Vegetative,HEALTHY
20260724_123113,G_12_43,odm_orthophoto,12,43,2001,637,4299940.70608852,618868.2113410019,0.61008894,0.14087877,3.4220066e-05,0.9173060528559249,92.924126172208,38.991104,3.6212107e-06,4.0824e-06,1.5028334e-05,30.74,65.15,6.51,2.08,31.51,6.64,Wheat,Vegetative,HEALTHY
20260724_123113,G_12_44,odm_orthophoto,12,44,2047,637,4299940.70608852,618870.510760663,0.55643976,0.12886593,3.7857022e-05,0.9168797953964194,92.1994884910486,44.356026,5.0374256e-06,5.260344e-06,1.7657014e-05,31.7,71.31,6.57,4.95,37.33,6.55,Wheat,Vegetative,HEALTHY
20260724_123113,G_12_45,odm_orthophoto,12,45,2093,637,4299940.70608852,618872.810180324,0.4624367,0.07970138,2.8003567e-05,0.9705882352941176,97.9539641943734,53.756332,5.494343e-06,5.738064e-06,1.4829247e-05,28.55,68.64,14.42,2.83,33.7,7.15,Wheat,Vegetative,HEALTHY
20260724_123113,G_12_46,odm_orthophoto,12,46,2139,637,4299940.70608852,618875.1095999851,0.43863168,0.06697575,2.6554086e-05,0.9369138959931799,94.28815004262574,56.136833,5.664579e-06,5.9783524e-06,1.4516301e-05,31.88,73.48,5.52,1.58,22.85,6.01,Wheat,Vegetative,HEALTHY
20260724_123113,G_12_47,odm_orthophoto,12,47,2185,637,4299940.70608852,618877.4090196461,0.39352834,0.049155947,2.3868486e-05,0.9603580562659847,96.37681159420289,60.647167,6.1473834e-06,6.5588038e-06,1.410387e-05,31.63,72.62,9.3,3.73,32.01,6.72,Wheat,Vegetative,HEALTHY
20260724_123113,G_12_48,odm_orthophoto,12,48,2231,637,4299940.70608852,618879.7084393072,0.37719518,0.03887055,2.3430024e-05,1.0,100.0,62.280483,6.4506203e-06,6.9049365e-06,1.4260952e-05,34.15,76.46,13.84,1.96,28.7,6.98,Wheat,Vegetative,HEALTHY
20260724_123113,G_13_11,odm_orthophoto,13,11,529,688,4299938.156088558,618794.629911848,0.37896398,0.054155506,1.759439e-05,0.6300085251491901,63.00085251491902,62.103607,4.797862e-06,5.0975436e-06,1.066284e-05,33.41,72.87,9.4,0.76,37.24,6.6,Wheat,Vegetative,HEALTHY
20260724_123113,G_13_12,odm_orthophoto,13,12,575,688,4299938.156088558,618796.929331509,0.3792671,0.055469725,1.7400684e-05,1.0,100.0,62.07329,4.73432e-06,4.9545542e-06,1.0534725e-05,28.05,65.64,10.46,3.07,31.81,6.76,Wheat,Vegetative,HEALTHY
20260724_123113,G_13_13,odm_orthophoto,13,13,621,688,4299938.156088558,618799.2287511701,0.4313434,0.07819491,2.4071802e-05,1.0,100.0,56.865658,5.2340115e-06,4.0608033e-06,1.3258253e-05,30.7,62.52,12.3,1.1,35.78,6.82,Wheat,Vegetative,HEALTHY
20260724_123113,G_13_14,odm_orthophoto,13,14,667,688,4299938.156088558,618801.5281708312,0.43531415,0.08134809,2.4422598e-05,1.0,100.0,56.468582,5.2624832e-06,3.8205444e-06,1.340366e-05,29.58,81.03,14.26,3.97,42.23,6.19,Wheat,Vegetative,HEALTHY
20260724_123113,G_13_15,odm_orthophoto,13,15,713,688,4299938.156088558,618803.8275904922,0.40498722,0.0668963,2.1770602e-05,1.0,100.0,59.501278,5.291086e-06,4.09524e-06,1.25482175e-05,32.03,76.82,3.09,0.73,36.98,7.05,Wheat,Vegetative,HEALTHY
20260724_123113,G_13_16,odm_orthophoto,13,16,759,688,4299938.156088558,618806.1270101533,0.39992616,0.06519019,2.1239366e-05,1.0,100.0,60.00738,5.2158916e-06,3.600583e-06,1.2295934e-05,31.87,77.1,10.84,1.46,45.07,7.06,Wheat,Vegetative,HEALTHY
20260724_123113,G_13_17,odm_orthophoto,13,17,805,688,4299938.156088558,618808.4264298143,0.5759359,0.12294397,3.2671254e-05,0.8951406649616368,90.40920716112531,42.40641,3.6509477e-06,3.7345249e-06,1.45417935e-05,33.39,73.2,2.43,2.92,32.61,6.49,Wheat,Vegetative,HEALTHY
20260724_123113,G_13_18,odm_orthophoto,13,18,851,688,4299938.156088558,618810.7258494754,0.75431705,0.19031654,4.2054835e-05,0.8729752770673487,88.57630008525149,24.568295,2.1871188e-06,3.075711e-06,1.6205944e-05,30.75,67.3,7.64,5.46,36.18,7.21,Wheat,Vegetative,HEALTHY
20260724_123113,G_13_19,odm_orthophoto,13,19,897,688,4299938.156088558,618813.0252691364,0.7385988,0.20552383,3.665696e-05,0.5967604433077579,61.16794543904518,26.140118,2.1268447e-06,2.6948976e-06,1.4346246e-05,32.53,64.84,9.49,1.46,32.2,6.58,Wheat,Vegetative,HEALTHY
20260724_123113,G_13_20,odm_orthophoto,13,20,943,688,4299938.156088558,618815.3246887975,0.73253196,0.17945546,4.3186046e-05,0.9377664109121909,94.16027280477408,26.746803,2.6460366e-06,3.683931e-06,1.7041953e-05,31.97,70.88,14.68,5.89,27.22,6.74,Wheat,Vegetative,HEALTHY
20260724_123113,G_13_21,odm_orthophoto,13,21,989,688,4299938.156088558,618817.6241084585,0.72135633,0.16275685,4.151431e-05,1.0,100.0,27.864367,2.6493376e-06,3.7754587e-06,1.6487975e-05,33.43,73.84,7.05,0.8,31.38,6.56,Wheat,Vegetative,HEALTHY
20260724_123113,G_13_22,odm_orthophoto,13,22,1035,688,4299938.156088558,618819.9235281196,0.7083236,0.15529303,3.9913255e-05,0.9872122762148338,99.23273657289002,29.16764,2.7287726e-06,3.7116224e-06,1.6033695e-05,30.59,72.21,11.89,3.6,42.46,6.74,Wheat,Vegetative,HEALTHY
20260724_123113,G_13_23,odm_orthophoto,13,23,1081,688,4299938.156088558,618822.2229477807,0.48535544,0.09027539,2.5323621e-05,0.9143222506393862,92.3699914748508,51.464455,4.6603777e-06,4.6904956e-06,1.3101884e-05,31.45,67.56,6.32,2.77,29.42,6.76,Wheat,Vegetative,HEALTHY
20260724_123113,G_13_24,odm_orthophoto,13,24,1127,688,4299938.156088558,618824.5223674418,0.4154539,0.089177154,2.1562051e-05,1.0,100.0,58.45461,5.081658e-06,4.623055e-06,1.226926e-05,33.26,76.39,0.29,5.32,33.67,7.23,Wheat,Vegetative,HEALTHY
20260724_123113,G_13_25,odm_orthophoto,13,25,1173,688,4299938.156088558,618826.8217871028,0.49343488,0.09439193,2.55238e-05,0.8384484228473998,85.0383631713555,50.65651,4.234605e-06,4.3209443e-06,1.2742839e-05,33.17,74.03,4.21,3.74,41.44,6.9,Wheat,Vegetative,HEALTHY
20260724_123113,G_13_26,odm_orthophoto,13,26,1219,688,4299938.156088558,618829.1212067639,0.54026437,0.089764185,3.033382e-05,0.96845694799659,97.78346121057119,45.973564,4.2956226e-06,4.7500253e-06,1.4407279e-05,32.33,61.31,0.58,5.03,32.4,6.09,Wheat,Vegetative,HEALTHY
20260724_123113,G_13_27,odm_orthophoto,13,27,1265,688,4299938.156088558,618831.420626425,0.49895054,0.09682117,2.7906626e-05,0.8930093776641091,90.66496163682865,50.104946,4.7877584e-06,4.6595655e-06,1.4090321e-05,30.89,62.35,14.7,1.03,38.21,6.52,Wheat,Vegetative,HEALTHY
20260724_123113,G_13_28,odm_orthophoto,13,28,1311,688,4299938.156088558,618833.720046086,0.54654944,0.10084897,2.8764403e-05,0.93307757885763,95.22591645353793,45.345055,4.073444e-06,4.220715e-06,1.3661922e-05,32.85,72.8,2.24,2.38,32.84,6.65,Wheat,Vegetative,HEALTHY
20260724_123113,G_13_29,odm_orthophoto,13,29,1357,688,4299938.156088558,618836.019465747,0.47417405,0.086798914,2.3863027e-05,0.9569479965899403,96.76044330775788,52.582596,4.493303e-06,4.447783e-06,1.2447917e-05,31.15,62.25,14.02,2.69,40.63,6.68,Wheat,Vegetative,HEALTHY
20260724_123113,G_13_30,odm_orthophoto,13,30,1403,688,4299938.156088558,618838.3188854081,0.4809777,0.098426156,2.6622269e-05,0.9006820119352089,91.09121909633419,51.90223,4.8432007e-06,4.527007e-06,1.3717622e-05,30.97,69.33,6.72,2.09,39.07,6.96,Wheat,Vegetative,HEALTHY
20260724_123113,G_13_31,odm_orthophoto,13,31,1449,688,4299938.156088558,618840.6183050692,0.55117214,0.11847493,2.6466407e-05,0.8248081841432225,84.44160272804774,44.882786,3.615587e-06,3.837326e-06,1.243801e-05,32.26,73.34,8.06,1.9,25.01,6.64,Wheat,Vegetative,HEALTHY
20260724_123113,G_13_32,odm_orthophoto,13,32,1495,688,4299938.156088558,618842.9177247302,0.60091287,0.1263724,3.4493187e-05,0.8209718670076727,83.37595907928389,39.908714,3.9004844e-06,4.3156188e-06,1.5398671e-05,28.86,78.09,5.7,5.17,48.46,6.7,Wheat,Vegetative,HEALTHY
20260724_123113,G_13_33,odm_orthophoto,13,33,1541,688,4299938.156088558,618845.2171443913,0.5851032,0.115132354,3.8606024e-05,0.9002557544757033,91.73060528559249,41.489677,4.791599e-06,5.1290244e-06,1.7660861e-05,30.36,74.23,4.12,3.43,39.21,6.72,Wheat,Vegetative,HEALTHY
20260724_123113,G_13_34,odm_orthophoto,13,34,1587,688,4299938.156088558,618847.5165640523,0.54415315,0.11847365,2.4309966e-05,0.8252344416027281,83.41858482523445,45.584686,3.3733727e-06,3.5481928e-06,1.1476938e-05,35.15,76.93,8.16,0.95,41.17,6.37,Wheat,Vegetative,HEALTHY
20260724_123113,G_13_35,odm_orthophoto,13,35,1633,688,4299938.156088558,618849.8159837134,0.48776087,0.092704155,2.851193e-05,0.9791133844842285,98.25234441602728,51.22391,5.0643253e-06,5.0116605e-06,1.4568681e-05,27.68,70.63,10.17,2.18,34.23,6.61,Wheat,Vegetative,HEALTHY
20260724_123113,G_13_36,odm_orthophoto,13,36,1679,688,4299938.156088558,618852.1154033744,0.58610064,0.13388841,3.428436e-05,0.8154305200341005,84.05797101449275,41.389935,4.031857e-06,4.2224847e-06,1.5460435e-05,29.34,74.94,6.24,2.17,28.77,6.87,Wheat,Vegetative,HEALTHY
20260724_123113,G_13_37,odm_orthophoto,13,37,1725,688,4299938.156088558,618854.4148230355,0.55781674,0.1265683,2.6099191e-05,0.7838874680306905,78.85763000852515,44.218327,3.473338e-06,3.5601818e-06,1.2173343e-05,33.06,69.26,5.66,0.98,44.9,6.62,Wheat,Vegetative,HEALTHY
20260724_123113,G_13_38,odm_orthophoto,13,38,1771,688,4299938.156088558,618856.7142426965,0.48143148,0.09670373,2.8378396e-05,0.9369138959931799,93.98976982097187,51.85685,5.1234556e-06,4.908742e-06,1.45833e-05,33.49,78.33,4.59,5.31,33.61,7.01,Wheat,Vegetative,HEALTHY
20260724_123113,G_13_39,odm_orthophoto,13,39,1817,688,4299938.156088558,618859.0136623576,0.59011966,0.1273213,2.9740399e-05,0.8414322250639387,85.46462063086105,40.988033,3.491173e-06,3.7835887e-06,1.3404983e-05,28.96,76.23,6.84,4.59,40.69,6.67,Wheat,Vegetative,HEALTHY
20260724_123113,G_13_40,odm_orthophoto,13,40,1863,688,4299938.156088558,618861.3130820188,0.58120286,0.11708375,3.1084157e-05,0.9032395566922421,90.83546462063086,41.879715,3.7831621e-06,4.1252565e-06,1.4144925e-05,33.15,73.2,12.99,1.71,46.03,6.75,Wheat,Vegetative,HEALTHY
20260724_123113,G_13_41,odm_orthophoto,13,41,1909,688,4299938.156088558,618863.6125016798,0.5479692,0.117043085,3.343422e-05,0.8576300085251491,87.0843989769821,45.20308,4.6514774e-06,4.7790827e-06,1.5796679e-05,34.71,70.81,4.22,2.9,28.95,6.84,Wheat,Vegetative,HEALTHY
20260724_123113,G_13_42,odm_orthophoto,13,42,1955,688,4299938.156088558,618865.9119213409,0.6449339,0.14875014,3.3868393e-05,0.9522591645353794,95.56692242114238,35.50661,3.0926697e-06,3.5518644e-06,1.4382534e-05,31.46,64.07,1.68,5.46,38.32,6.99,Wheat,Vegetative,HEALTHY
20260724_123113,G_13_43,odm_orthophoto,13,43,2001,688,4299938.156088558,618868.2113410019,0.6039908,0.14223143,3.5936828e-05,0.8900255754475703,90.8780903665814,39.60092,3.9777806e-06,4.329582e-06,1.5957205e-05,28.89,56.51,5.98,1.42,37.14,6.9,Wheat,Vegetative,HEALTHY
20260724_123113,G_13_44,odm_orthophoto,13,44,2047,688,4299938.156088558,618870.510760663,0.60127884,0.14106159,3.8098122e-05,0.8955669224211423,91.09121909633419,39.872116,4.2520187e-06,4.6497535e-06,1.695194e-05,33.97,76.76,5.14,4.96,24.83,7.12,Wheat,Vegetative,HEALTHY
20260724_123113,G_13_45,odm_orthophoto,13,45,2093,688,4299938.156088558,618872.810180324,0.58812207,0.14904355,3.157397e-05,0.9241261722080136,94.28815004262574,41.187794,3.5835117e-06,3.86141e-06,1.4108551e-05,29.96,72.09,8.28,2.56,31.18,6.53,Wheat,Vegetative,HEALTHY
20260724_123113,G_13_46,odm_orthophoto,13,46,2139,688,4299938.156088558,618875.1095999851,0.5753847,0.13306299,3.714553e-05,0.9820971867007673,98.67860187553282,42.461533,4.5928227e-06,4.9400705e-06,1.6975206e-05,30.09,82.07,0.49,3.19,33.47,6.99,Wheat,Vegetative,HEALTHY
20260724_123113,G_13_47,odm_orthophoto,13,47,2185,688,4299938.156088558,618877.4090196461,0.5350997,0.11860697,3.0974315e-05,0.9121909633418585,91.77323103154306,46.490032,4.492906e-06,4.729582e-06,1.4818083e-05,31.2,74.91,5.48,0.81,35.54,6.82,Wheat,Vegetative,HEALTHY
20260724_123113,G_13_48,odm_orthophoto,13,48,2231,688,4299938.156088558,618879.7084393072,0.4836407,0.09371011,2.8477567e-05,0.8631713554987213,87.12702472293266,51.635933,5.0726103e-06,5.0847693e-06,1.4565513e-05,28.97,78.0,4.06,2.11,31.91,7.16,Wheat,Vegetative,HEALTHY
20260724_123113,G_13_49,odm_orthophoto,13,49,2277,688,4299938.156088558,618882.0078589682,0.434461,0.06439383,2.721034e-05,0.7988064791133845,80.09377664109122,56.5539,5.9700583e-06,5.926398e-06,1.5040555e-05,31.81,75.8,13.08,4.42,33.15,7.01,Wheat,Vegetative,HEALTHY
20260724_123113,G_14_11,odm_orthophoto,14,11,529,739,4299935.606088596,618794.629911848,0.3882031,0.052536186,1.8392831e-05,0.9995737425404945,99.95737425404944,61.179688,4.8257452e-06,5.155308e-06,1.0956884e-05,27.51,69.62,9.29,3.16,35.9,6.49,Wheat,Vegetative,HEALTHY
20260724_123113,G_14_12,odm_orthophoto,14,12,575,739,4299935.606088596,618796.929331509,0.41528326,0.06775816,2.1005588e-05,1.0,100.0,58.471672,4.85422e-06,4.6223804e-06,1.1856324e-05,30.88,70.43,14.58,4.47,28.18,6.7,Wheat,Vegetative,HEALTHY
20260724_123113,G_14_13,odm_orthophoto,14,13,621,739,4299935.606088596,618799.2287511701,0.4450515,0.08124529,2.414161e-05,1.0,100.0,55.49485,4.9961845e-06,3.7564555e-06,1.3043685e-05,28.97,67.94,11.88,3.13,39.6,6.79,Wheat,Vegetative,HEALTHY
20260724_123113,G_14_14,odm_orthophoto,14,14,667,739,4299935.606088596,618801.5281708312,0.44224924,0.08810217,2.3433528e-05,1.0,100.0,55.775078,4.919134e-06,4.095272e-06,1.2730589e-05,32.58,80.14,4.2,5.01,34.76,6.51,Wheat,Vegetative,HEALTHY
20260724_123113,G_14_15,odm_orthophoto,14,15,713,739,4299935.606088596,618803.8275904922,0.41909188,0.0641277,2.4180423e-05,1.0,100.0,58.090813,5.573838e-06,4.1819167e-06,1.3634294e-05,27.65,74.17,4.81,5.44,42.22,6.7,Wheat,Vegetative,HEALTHY
20260724_123113,G_14_16,odm_orthophoto,14,16,759,739,4299935.606088596,618806.1270101533,0.43428046,0.078151725,2.3786357e-05,0.8951406649616368,89.6845694799659,56.571953,5.098352e-06,3.9529878e-06,1.3027431e-05,27.82,71.89,10.09,4.82,23.51,6.73,Wheat,Vegetative,HEALTHY
20260724_123113,G_14_17,odm_orthophoto,14,17,805,739,4299935.606088596,618808.4264298143,0.6579544,0.2001595,3.09817e-05,0.6219096334185849,62.787723785166236,34.20456,2.6720893e-06,3.1413347e-06,1.2999657e-05,33.21,81.55,13.88,1.69,37.55,6.82,Wheat,Vegetative,HEALTHY
20260724_123113,G_14_18,odm_orthophoto,14,18,851,739,4299935.606088596,618810.7258494754,0.5666189,0.15155861,2.8293776e-05,0.5937766410912191,60.69906223358908,43.338108,3.64152e-06,4.2123934e-06,1.3073098e-05,25.68,75.31,10.21,2.54,34.14,7.18,Wheat,Vegetative,HEALTHY
20260724_123113,G_14_19,odm_orthophoto,14,19,897,739,4299935.606088596,618813.0252691364,0.6740234,0.18157804,3.718705e-05,0.9518329070758739,95.5242966751918,32.59766,2.9069633e-06,3.6396343e-06,1.5303112e-05,29.42,61.08,11.5,4.38,40.22,6.88,Wheat,Vegetative,HEALTHY
20260724_123113,G_14_20,odm_orthophoto,14,20,943,739,4299935.606088596,618815.3246887975,0.7173677,0.17374077,4.1913376e-05,1.0,100.0,28.26323,2.7907167e-06,3.9022607e-06,1.676239e-05,31.84,70.21,1.21,5.39,34.7,6.91,Wheat,Vegetative,HEALTHY
20260724_123113,G_14_21,odm_orthophoto,14,21,989,739,4299935.606088596,618817.6241084585,0.7047933,0.15123576,3.7973285e-05,1.0,100.0,29.520672,2.635344e-06,3.5759924e-06,1.529356e-05,32.58,76.71,14.11,5.14,38.73,6.48,Wheat,Vegetative,HEALTHY
20260724_123113,G_14_22,odm_orthophoto,14,22,1035,739,4299935.606088596,618819.9235281196,0.58427566,0.1264816,2.9842104e-05,0.8427109974424553,85.0383631713555,41.572433,3.676352e-06,4.045935e-06,1.3624064e-05,30.73,83.17,10.28,1.24,31.89,7.05,Wheat,Vegetative,HEALTHY
20260724_123113,G_14_23,odm_orthophoto,14,23,1081,739,4299935.606088596,618822.2229477807,0.39073753,0.07077771,2.1677442e-05,1.0,100.0,60.926247,5.695952e-06,5.2279074e-06,1.2922035e-05,30.44,69.29,7.09,5.85,43.61,6.83,Wheat,Vegetative,HEALTHY
20260724_123113,G_14_24,odm_orthophoto,14,24,1127,739,4299935.606088596,618824.5223674418,0.41998318,0.080856405,2.5031717e-05,0.9407502131287298,94.7144075021313,58.001686,5.7920633e-06,5.3489416e-06,1.4136303e-05,31.49,68.08,5.44,0.7,30.86,6.54,Wheat,Vegetative,HEALTHY
20260724_123113,G_14_25,odm_orthophoto,14,25,1173,739,4299935.606088596,618826.8217871028,0.57138187,0.10466137,2.947753e-05,0.7928388746803069,80.64791133844842,42.861813,3.668404e-06,4.185166e-06,1.3494591e-05,33.36,63.53,7.28,5.79,29.0,7.33,Wheat,Vegetative,HEALTHY
20260724_123113,G_14_26,odm_orthophoto,14,26,1219,739,4299935.606088596,618829.1212067639,0.51535904,0.08971149,2.9296858e-05,0.8665814151747656,88.95993179880648,48.464096,4.6779646e-06,4.831106e-06,1.4443959e-05,32.97,73.66,5.46,2.07,29.9,7.27,Wheat,Vegetative,HEALTHY
20260724_123113,G_14_27,odm_orthophoto,14,27,1265,739,4299935.606088596,618831.420626425,0.47793993,0.08482088,2.8184786e-05,0.850383631713555,86.48763853367434,52.206005,5.1983898e-06,4.9231926e-06,1.4593694e-05,32.11,73.27,4.43,4.16,37.63,6.62,Wheat,Vegetative,HEALTHY
20260724_123113,G_14_28,odm_orthophoto,14,28,1311,739,4299935.606088596,618833.720046086,0.5621283,0.110366724,2.7943493e-05,0.9305200341005968,94.07502131287298,43.78717,3.6311123e-06,3.955003e-06,1.2945923e-05,33.0,77.96,8.85,2.75,28.82,6.99,Wheat,Vegetative,HEALTHY
20260724_123113,G_14_29,odm_orthophoto,14,29,1357,739,4299935.606088596,618836.019465747,0.45180756,0.07859874,2.4745688e-05,0.8009377664109122,80.81841432225065,54.819244,5.076577e-06,4.7821864e-06,1.3325444e-05,31.16,79.78,12.28,4.03,40.28,7.11,Wheat,Vegetative,HEALTHY
20260724_123113,G_14_30,odm_orthophoto,14,30,1403,739,4299935.606088596,618838.3188854081,0.54983705,0.11197226,2.9659417e-05,0.8188405797101449,83.41858482523445,45.016296,4.109662e-06,4.2186725e-06,1.3996496e-05,33.65,71.71,14.24,4.37,42.31,7.11,Wheat,Vegetative,HEALTHY
20260724_123113,G_14_31,odm_orthophoto,14,31,1449,739,4299935.606088596,618840.6183050692,0.50245243,0.1043728,2.3910721e-05,0.8721227621483376,88.78942881500427,49.754757,3.9697206e-06,4.0155446e-06,1.194022e-05,31.62,77.01,12.76,2.29,38.36,7.3,Wheat,Vegetative,HEALTHY
20260724_123113,G_14_32,odm_orthophoto,14,32,1495,739,4299935.606088596,618842.9177247302,0.5442062,0.09941433,3.6041583e-05,0.9676044330775788,97.52770673486786,45.57938,5.1303296e-06,5.2808223e-06,1.7144728e-05,29.77,65.56,6.44,5.11,45.44,7.29,Wheat,Vegetative,HEALTHY
20260724_123113,G_14_33,odm_orthophoto,14,33,1541,739,4299935.606088596,618845.2171443913,0.55705994,0.10500558,2.649429e-05,0.7357203751065644,75.10656436487638,44.294006,3.5009616e-06,3.81807e-06,1.2332692e-05,30.03,68.44,4.46,5.37,33.82,6.46,Wheat,Vegetative,HEALTHY
20260724_123113,G_14_34,odm_orthophoto,14,34,1587,739,4299935.606088596,618847.5165640523,0.49141502,0.090491794,2.3052875e-05,0.7531969309462916,76.68371696504688,50.858498,4.0993564e-06,4.187118e-06,1.1783902e-05,31.21,72.02,0.02,5.6,30.33,7.02,Wheat,Vegetative,HEALTHY
20260724_123113,G_14_35,odm_orthophoto,14,35,1633,739,4299935.606088596,618849.8159837134,0.5352971,0.10356329,3.1798947e-05,0.9245524296675192,93.26513213981245,46.47029,4.73092e-06,4.810591e-06,1.5330996e-05,28.83,79.85,5.72,5.05,30.47,7.01,Wheat,Vegetative,HEALTHY
20260724_123113,G_14_36,odm_orthophoto,14,36,1679,739,4299935.606088596,618852.1154033744,0.5626963,0.12503842,2.848277e-05,0.8751065643648764,88.83205456095482,43.730373,3.6076701e-06,3.762502e-06,1.3102253e-05,30.04,68.58,8.9,1.43,31.27,6.93,Wheat,Vegetative,HEALTHY
20260724_123113,G_14_37,odm_orthophoto,14,37,1725,739,4299935.606088596,618854.4148230355,0.5959842,0.13242762,3.3947905e-05,0.8461210571184996,85.84825234441603,40.401577,3.897825e-06,4.147957e-06,1.5214231e-05,34.39,70.18,7.13,5.59,43.17,7.35,Wheat,Vegetative,HEALTHY
20260724_123113,G_14_38,odm_orthophoto,14,38,1771,739,4299935.606088596,618856.7142426965,0.5800172,0.13127476,3.2243264e-05,0.7668371696504689,78.13299232736573,41.99828,3.945828e-06,4.098948e-06,1.469399e-05,30.15,82.91,11.39,4.31,33.13,7.47,Wheat,Vegetative,HEALTHY
20260724_123113,G_14_39,odm_orthophoto,14,39,1817,739,4299935.606088596,618859.0136623576,0.63796896,0.14312495,3.230056e-05,0.8665814151747656,87.97953964194375,36.203106,2.932852e-06,3.444991e-06,1.370008e-05,30.98,70.62,9.28,2.53,30.92,6.63,Wheat,Vegetative,HEALTHY
20260724_123113,G_14_40,odm_orthophoto,14,40,1863,739,4299935.606088596,618861.3130820188,0.5509376,0.11426506,3.1983393e-05,0.8793691389599319,89.17306052855925,44.906242,4.3380173e-06,4.497195e-06,1.4999564e-05,31.37,78.45,13.9,1.0,33.28,6.37,Wheat,Vegetative,HEALTHY
20260724_123113,G_14_41,odm_orthophoto,14,41,1909,739,4299935.606088596,618863.6125016798,0.65376836,0.15630111,3.3003114e-05,0.7979539641943734,81.62830349531117,34.623165,2.8853628e-06,3.2519758e-06,1.3886779e-05,32.81,65.77,12.58,1.74,41.71,6.25,Wheat,Vegetative,HEALTHY
20260724_123113,G_14_42,odm_orthophoto,14,42,1955,739,4299935.606088596,618865.9119213409,0.59715855,0.134093,3.1680753e-05,0.7962489343563512,80.56265984654732,40.284145,3.6504628e-06,3.896704e-06,1.4211096e-05,28.02,66.79,12.21,5.45,25.3,7.01,Wheat,Vegetative,HEALTHY
20260724_123113,G_14_43,odm_orthophoto,14,43,2001,739,4299935.606088596,618868.2113410019,0.56115097,0.12605634,3.3868007e-05,0.9083546462063086,91.60272804774084,43.884903,4.442796e-06,4.6106497e-06,1.573259e-05,30.8,64.92,1.34,1.46,34.37,6.59,Wheat,Vegetative,HEALTHY
20260724_123113,G_14_44,odm_orthophoto,14,44,2047,739,4299935.606088596,618870.510760663,0.60641056,0.14930281,3.208265e-05,0.9786871270247229,98.89173060528559,39.358944,3.4004595e-06,3.6602928e-06,1.4095063e-05,31.19,69.02,6.73,5.69,36.83,6.83,Wheat,Vegetative,HEALTHY
20260724_123113,G_14_45,odm_orthophoto,14,45,2093,739,4299935.606088596,618872.810180324,0.5495072,0.124408744,3.250496e-05,0.9364876385336743,94.28815004262574,45.04928,4.47195e-06,4.6927576e-06,1.5307374e-05,33.23,78.73,12.26,4.37,47.9,6.71,Wheat,Vegetative,HEALTHY
20260724_123113,G_14_46,odm_orthophoto,14,46,2139,739,4299935.606088596,618875.1095999851,0.5540822,0.13116,3.49976e-05,0.9185848252344416,93.307757885763,44.591778,4.783934e-06,4.913587e-06,1.64503e-05,28.45,77.37,13.52,5.19,42.84,6.87,Wheat,Vegetative,HEALTHY
20260724_123113,G_14_47,odm_orthophoto,14,47,2185,739,4299935.606088596,618877.4090196461,0.5007191,0.123943165,2.5390005e-05,0.9901960784313726,99.27536231884058,49.928093,4.2571533e-06,4.2374218e-06,1.2720778e-05,30.52,72.82,9.12,3.92,40.14,6.87,Wheat,Vegetative,HEALTHY
20260724_123113,G_14_48,odm_orthophoto,14,48,2231,739,4299935.606088596,618879.7084393072,0.51304907,0.10780894,3.383149e-05,0.9049445865302643,91.90110826939471,48.695095,5.314897e-06,5.5949276e-06,1.6592558e-05,33.27,80.38,10.64,1.69,22.06,6.73,Wheat,Vegetative,HEALTHY
20260724_123113,G_14_49,odm_orthophoto,14,49,2277,739,4299935.606088596,618882.0078589682,0.6295284,0.15967402,4.175577e-05,0.8580562659846548,87.21227621483376,37.04716,3.989583e-06,4.6626415e-06,1.7908804e-05,29.54,71.13,0.34,2.88,34.22,6.84,Wheat,Vegetative,HEALTHY
20260724_123113,G_15_10,odm_orthophoto,15,10,483,790,4299933.056088635,618792.330492187,0.39406455,0.049918078,1.9376203e-05,0.9245524296675192,92.45524296675191,60.593544,4.956091e-06,5.2780365e-06,1.1415036e-05,31.61,78.88,13.74,3.42,27.76,6.49,Wheat,Vegetative,HEALTHY
20260724_123113,G_15_11,odm_orthophoto,15,11,529,790,4299933.056088635,618794.629911848,0.39800066,0.05085241,1.9113937e-05,1.0,100.0,60.199936,4.811121e-06,5.086487e-06,1.1182637e-05,30.85,77.2,11.34,1.79,34.32,6.77,Wheat,Vegetative,HEALTHY
20260724_123113,G_15_12,odm_orthophoto,15,12,575,790,4299933.056088635,618796.929331509,0.45177296,0.07569767,2.4359653e-05,1.0,100.0,54.82271,4.8765573e-06,3.8596986e-06,1.2996739e-05,30.25,77.04,7.3,5.63,30.23,6.85,Wheat,Vegetative,HEALTHY
20260724_123113,G_15_13,odm_orthophoto,15,13,621,790,4299933.056088635,618799.2287511701,0.44633964,0.07067802,2.4381974e-05,1.0,100.0,55.36604,5.005065e-06,3.8116393e-06,1.313269e-05,31.57,75.96,12.78,2.68,44.02,6.56,Wheat,Vegetative,HEALTHY
20260724_123113,G_15_14,odm_orthophoto,15,14,667,790,4299933.056088635,618801.5281708312,0.44105867,0.07240498,2.4302746e-05,1.0,100.0,55.894135,5.109775e-06,4.209512e-06,1.3210993e-05,32.23,76.48,0.5,0.78,26.95,6.48,Wheat,Vegetative,HEALTHY
20260724_123113,G_15_15,odm_orthophoto,15,15,713,790,4299933.056088635,618803.8275904922,0.41791886,0.05591666,2.3860053e-05,0.9991474850809889,100.0,58.208115,5.492673e-06,4.2400584e-06,1.3446333e-05,30.15,74.29,12.81,2.69,30.68,6.36,Wheat,Vegetative,HEALTHY
20260724_123113,G_15_16,odm_orthophoto,15,16,759,790,4299933.056088635,618806.1270101533,0.49461398,0.10246235,2.8306962e-05,0.8324808184143222,83.46121057118499,50.5386,4.8595766e-06,5.073389e-06,1.4295596e-05,29.04,72.64,3.87,1.12,29.38,7.16,Wheat,Vegetative,HEALTHY
20260724_123113,G_15_17,odm_orthophoto,15,17,805,790,4299933.056088635,618808.4264298143,0.69881374,0.20300283,3.7274927e-05,0.9266837169650469,93.64876385336743,30.118626,2.7291674e-06,3.404262e-06,1.5154593e-05,27.25,68.35,14.96,2.53,39.03,7.37,Wheat,Vegetative,HEALTHY
20260724_123113,G_15_18,odm_orthophoto,15,18,851,790,4299933.056088635,618810.7258494754,0.50234294,0.10284413,2.8687193e-05,0.8469735720375107,85.37936913895993,49.765705,4.747963e-06,5.87436e-06,1.4310731e-05,30.32,78.95,2.18,5.51,43.05,6.83,Wheat,Vegetative,HEALTHY
20260724_123113,G_15_19,odm_orthophoto,15,19,897,790,4299933.056088635,618813.0252691364,0.7187883,0.18391518,4.5355777e-05,1.0,100.0,28.121168,2.8899003e-06,3.9730307e-06,1.8009132e-05,29.92,75.16,11.59,0.52,28.92,6.81,Wheat,Vegetative,HEALTHY
20260724_123113,G_15_20,odm_orthophoto,15,20,943,790,4299933.056088635,618815.3246887975,0.73812866,0.16960837,4.2150314e-05,1.0,100.0,26.187134,2.4858487e-06,3.505214e-06,1.6536489e-05,28.32,77.9,11.05,5.05,30.98,6.73,Wheat,Vegetative,HEALTHY
20260724_123113,G_15_21,odm_orthophoto,15,21,989,790,4299933.056088635,618817.6241084585,0.694697,0.15795001,3.9964278e-05,1.0,100.0,30.530298,2.9622681e-06,3.831457e-06,1.628421e-05,35.11,72.71,8.12,4.31,29.63,6.55,Wheat,Vegetative,HEALTHY
20260724_123113,G_15_22,odm_orthophoto,15,22,1035,790,4299933.056088635,618819.9235281196,0.4097653,0.07341659,2.2124137e-05,0.959079283887468,96.71781756180732,59.023468,5.5079568e-06,5.125281e-06,1.2882938e-05,38.03,71.46,1.04,3.93,42.47,6.81,Wheat,Vegetative,HEALTHY
20260724_123113,G_15_23,odm_orthophoto,15,23,1081,790,4299933.056088635,618822.2229477807,0.39065123,0.0786211,2.174938e-05,0.9923273657289002,99.40323955669224,60.934875,5.701258e-06,5.0286158e-06,1.2951323e-05,33.89,71.32,8.37,1.16,35.38,6.45,Wheat,Vegetative,HEALTHY
20260724_123113,G_15_24,odm_orthophoto,15,24,1127,790,4299933.056088635,618824.5223674418,0.58419085,0.10550334,3.4574052e-05,0.808610400682012,82.69394714407503,41.580917,4.0245877e-06,4.551967e-06,1.5549736e-05,29.15,86.32,8.19,1.69,38.8,6.73,Wheat,Vegetative,HEALTHY
20260724_123113,G_15_25,odm_orthophoto,15,25,1173,790,4299933.056088635,618826.8217871028,0.58046037,0.103043474,2.9701407e-05,0.7604433077578857,77.70673486786018,41.953964,3.458187e-06,4.023255e-06,1.3359e-05,29.07,71.12,7.27,5.88,32.42,6.51,Wheat,Vegetative,HEALTHY
20260724_123113,G_15_26,odm_orthophoto,15,26,1219,790,4299933.056088635,618829.1212067639,0.4666483,0.08127391,2.8217792e-05,0.9224211423699915,93.05200341005968,53.335167,5.4407456e-06,5.0388944e-06,1.484706e-05,32.4,68.1,4.63,3.11,40.5,6.26,Wheat,Vegetative,HEALTHY
20260724_123113,G_15_27,odm_orthophoto,15,27,1265,790,4299933.056088635,618831.420626425,0.5744604,0.10931283,2.9866183e-05,0.7838874680306905,81.41517476555839,42.553963,3.6609956e-06,4.0017258e-06,1.3616744e-05,32.77,68.88,13.67,3.58,29.9,7.16,Wheat,Vegetative,HEALTHY
20260724_123113,G_15_28,odm_orthophoto,15,28,1311,790,4299933.056088635,618833.720046086,0.5792035,0.10867146,3.0743817e-05,0.7911338448422848,81.32992327365729,42.07965,3.694314e-06,4.138519e-06,1.3942622e-05,30.33,71.64,0.64,2.22,44.49,6.52,Wheat,Vegetative,HEALTHY
20260724_123113,G_15_29,odm_orthophoto,15,29,1357,790,4299933.056088635,618836.019465747,0.5009672,0.09658682,2.8807914e-05,0.829070758738278,84.39897698209718,49.90328,4.785867e-06,4.655121e-06,1.4388877e-05,31.9,75.16,7.28,1.08,29.16,7.07,Wheat,Vegetative,HEALTHY
20260724_123113,G_15_30,odm_orthophoto,15,30,1403,790,4299933.056088635,618838.3188854081,0.57484674,0.12505238,2.8709086e-05,0.8981244671781756,90.7075873827792,42.515327,3.4781028e-06,3.821272e-06,1.3048121e-05,27.44,74.24,11.04,2.38,28.57,6.37,Wheat,Vegetative,HEALTHY
20260724_123113,G_15_31,odm_orthophoto,15,31,1449,790,4299933.056088635,618840.6183050692,0.5235223,0.092271045,3.2884127e-05,0.7659846547314578,77.3231031543052,47.64777,5.0462545e-06,5.244525e-06,1.6008102e-05,30.29,74.57,7.72,5.22,34.3,7.27,Wheat,Vegetative,HEALTHY
20260724_123113,G_15_32,odm_orthophoto,15,32,1495,790,4299933.056088635,618842.9177247302,0.56915486,0.104457326,3.3327306e-05,0.8435635123614663,85.84825234441603,43.084515,4.3532746e-06,4.663049e-06,1.5462827e-05,32.81,69.45,5.4,5.92,27.04,6.68,Wheat,Vegetative,HEALTHY
20260724_123113,G_15_33,odm_orthophoto,15,33,1541,790,4299933.056088635,618845.2171443913,0.5279096,0.11048253,2.1146088e-05,0.711849957374254,73.57203751065644,47.20904,3.1127774e-06,3.2887724e-06,1.0161665e-05,32.72,73.55,12.76,1.12,34.15,6.91,Wheat,Vegetative,HEALTHY
20260724_123113,G_15_34,odm_orthophoto,15,34,1587,790,4299933.056088635,618847.5165640523,0.51396537,0.08737622,3.0387217e-05,0.8900255754475703,90.49445865302643,48.603462,4.972581e-06,5.125509e-06,1.5102062e-05,31.0,76.2,2.74,4.18,38.55,7.2,Wheat,Vegetative,HEALTHY
20260724_123113,G_15_35,odm_orthophoto,15,35,1633,790,4299933.056088635,618849.8159837134,0.5630068,0.11392423,2.9334722e-05,0.7885763000852515,80.22165387894287,43.699318,3.8062065e-06,4.0472846e-06,1.3584795e-05,33.61,69.49,12.46,5.84,56.38,6.27,Wheat,Vegetative,HEALTHY
20260724_123113,G_15_36,odm_orthophoto,15,36,1679,790,4299933.056088635,618852.1154033744,0.5583494,0.11379667,2.7844239e-05,0.6896845694799659,70.28985507246377,44.165062,3.6818305e-06,3.8799694e-06,1.2963557e-05,29.24,69.97,5.12,3.78,44.07,6.7,Wheat,Vegetative,HEALTHY
20260724_123113,G_15_37,odm_orthophoto,15,37,1725,790,4299933.056088635,618854.4148230355,0.5096438,0.10176882,3.0073064e-05,0.8994032395566922,90.7075873827792,49.03562,4.876472e-06,4.8087813e-06,1.4901224e-05,32.14,63.78,4.67,3.58,35.64,7.07,Wheat,Vegetative,HEALTHY
20260724_123113,G_15_38,odm_orthophoto,15,38,1771,790,4299933.056088635,618856.7142426965,0.5673412,0.13038975,2.8338221e-05,0.855924978687127,86.27450980392157,43.26588,3.6146046e-06,3.822063e-06,1.3060999e-05,29.51,67.46,8.53,1.68,36.12,6.81,Wheat,Vegetative,HEALTHY
20260724_123113,G_15_39,odm_orthophoto,15,39,1817,790,4299933.056088635,618859.0136623576,0.5996042,0.12894896,3.527131e-05,0.7847399829497016,80.13640238704177,40.03958,3.9427277e-06,4.339269e-06,1.5700298e-05,31.38,76.78,10.69,4.4,43.25,6.99,Wheat,Vegetative,HEALTHY
20260724_123113,G_15_40,odm_orthophoto,15,40,1863,790,4299933.056088635,618861.3130820188,0.5144115,0.10116852,2.8585195e-05,0.8512361466325661,86.18925831202046,48.55885,4.572369e-06,4.589531e-06,1.41011315e-05,31.77,68.85,12.61,5.58,30.75,6.29,Wheat,Vegetative,HEALTHY
20260724_123113,G_15_41,odm_orthophoto,15,41,1909,790,4299933.056088635,618863.6125016798,0.6290715,0.15036878,3.0510173e-05,0.907075873827792,92.2847399829497,37.092854,2.9630528e-06,3.2489763e-06,1.3133445e-05,31.64,70.99,15.0,1.97,36.54,6.63,Wheat,Vegetative,HEALTHY
20260724_123113,G_15_42,odm_orthophoto,15,42,1955,790,4299933.056088635,618865.9119213409,0.59315693,0.1384725,3.5178626e-05,0.943307757885763,95.95055413469736,40.684307,4.0659584e-06,4.2662837e-06,1.5792637e-05,30.41,77.5,12.57,1.4,26.57,6.93,Wheat,Vegetative,HEALTHY
20260724_123113,G_15_43,odm_orthophoto,15,43,2001,790,4299933.056088635,618868.2113410019,0.6167441,0.1433673,3.3937882e-05,0.8832054560954816,90.02557544757033,38.32559,3.5363216e-06,3.8967096e-06,1.4849372e-05,34.08,69.18,9.3,1.43,33.29,6.89,Wheat,Vegetative,HEALTHY
20260724_123113,G_15_44,odm_orthophoto,15,44,2047,790,4299933.056088635,618870.510760663,0.5176934,0.11632235,2.5693293e-05,0.9198635976129582,92.32736572890026,48.23066,4.0898053e-06,4.140056e-06,1.26545265e-05,30.84,69.31,0.7,3.02,35.62,7.01,Wheat,Vegetative,HEALTHY
20260724_123113,G_15_45,odm_orthophoto,15,45,2093,790,4299933.056088635,618872.810180324,0.5196664,0.11663343,3.2788106e-05,0.9744245524296675,98.46547314578005,48.033363,5.0947488e-06,5.099879e-06,1.6024584e-05,30.18,70.28,9.35,4.4,38.59,6.68,Wheat,Vegetative,HEALTHY
20260724_123113,G_15_46,odm_orthophoto,15,46,2139,790,4299933.056088635,618875.1095999851,0.5790292,0.15416177,3.0799187e-05,0.9309462915601023,93.94714407502131,42.09708,3.6019458e-06,3.8122237e-06,1.3868713e-05,32.11,69.07,7.64,2.47,26.64,7.09,Wheat,Vegetative,HEALTHY
20260724_123113,G_15_47,odm_orthophoto,15,47,2185,790,4299933.056088635,618877.4090196461,0.49839124,0.11064874,2.844765e-05,0.902387041773231,91.43222506393862,50.160873,4.8904976e-06,5.012595e-06,1.4373415e-05,33.05,68.47,14.92,3.1,18.88,6.75,Wheat,Vegetative,HEALTHY
20260724_123113,G_15_48,odm_orthophoto,15,48,2231,790,4299933.056088635,618879.7084393072,0.5517281,0.12614831,3.6066565e-05,0.9104859335038363,92.15686274509804,44.827187,4.9369733e-06,5.367622e-06,1.695969e-05,31.01,66.61,7.5,1.44,46.39,6.99,Wheat,Vegetative,HEALTHY
20260724_123113,G_15_49,odm_orthophoto,15,49,2277,790,4299933.056088635,618882.0078589682,0.61149776,0.16634475,3.702896e-05,0.5588235294117647,56.18073316283036,38.850224,3.830505e-06,4.2424717e-06,1.6173997e-05,28.35,71.26,7.62,0.9,36.2,6.19,Wheat,Vegetative,HEALTHY
20260724_123113,G_16_9,odm_orthophoto,16,9,437,841,4299930.506088673,618790.0310725259,0.3984403,0.046582393,1.9427798e-05,0.7178175618073316,71.78175618073315,60.15597,4.883992e-06,5.298882e-06,1.1360135e-05,34.95,65.84,6.84,3.39,37.74,6.77,Wheat,Vegetative,HEALTHY
20260724_123113,G_16_10,odm_orthophoto,16,10,483,841,4299930.506088673,618792.330492187,0.3977486,0.046494987,1.93711e-05,1.0,100.0,60.22514,4.8861025e-06,5.29952e-06,1.1343345e-05,29.66,76.29,10.96,5.2,30.76,6.54,Wheat,Vegetative,HEALTHY
20260724_123113,G_16_11,odm_orthophoto,16,11,529,841,4299930.506088673,618794.629911848,0.4277894,0.063081324,2.1103799e-05,0.9893435635123614,99.4458653026428,57.22106,4.6731757e-06,4.539905e-06,1.170801e-05,29.9,65.28,13.68,4.8,39.45,6.99,Wheat,Vegetative,HEALTHY
20260724_123113,G_16_12,odm_orthophoto,16,12,575,841,4299930.506088673,618796.929331509,0.45984975,0.07208745,2.5090709e-05,1.0,100.0,54.01503,4.8806155e-06,3.7188424e-06,1.3244496e-05,28.4,72.41,13.79,1.52,22.01,7.12,Wheat,Vegetative,HEALTHY
20260724_123113,G_16_13,odm_orthophoto,16,13,621,841,4299930.506088673,618799.2287511701,0.45577684,0.07006321,2.4603294e-05,1.0,100.0,54.422318,4.872571e-06,4.1214444e-06,1.3073968e-05,29.53,75.25,9.46,4.54,32.86,6.53,Wheat,Vegetative,HEALTHY
20260724_123113,G_16_14,odm_orthophoto,16,14,667,841,4299930.506088673,618801.5281708312,0.43075156,0.044749867,2.5629508e-05,1.0,100.0,56.924843,5.5839164e-06,4.1589833e-06,1.4127431e-05,30.03,71.77,2.02,1.13,37.99,6.27,Wheat,Vegetative,HEALTHY
20260724_123113,G_16_15,odm_orthophoto,16,15,713,841,4299930.506088673,618803.8275904922,0.44752812,0.06839248,2.34262e-05,0.9416027280477408,94.58653026427962,55.24719,4.8512825e-06,3.9986426e-06,1.2660301e-05,32.69,69.7,1.76,2.39,34.15,6.82,Wheat,Vegetative,HEALTHY
20260724_123113,G_16_18,odm_orthophoto,16,18,851,841,4299930.506088673,618810.7258494754,0.57909644,0.1271485,3.4827804e-05,0.7745098039215687,77.57885763000853,42.090355,4.1313924e-06,5.30285e-06,1.574113e-05,30.52,69.04,0.33,2.7,35.43,6.53,Wheat,Vegetative,HEALTHY
20260724_123113,G_16_19,odm_orthophoto,16,19,897,841,4299930.506088673,618813.0252691364,0.75165474,0.17822047,4.573265e-05,1.0,100.0,24.834526,2.4922692e-06,3.6155645e-06,1.7737108e-05,33.72,75.57,0.27,4.64,31.39,7.71,Wheat,Vegetative,HEALTHY
20260724_123113,G_16_20,odm_orthophoto,16,20,943,841,4299930.506088673,618815.3246887975,0.71803236,0.14994685,4.097253e-05,1.0,100.0,28.196764,2.683178e-06,3.6577817e-06,1.6341208e-05,30.6,67.59,2.67,1.61,31.69,7.44,Wheat,Vegetative,HEALTHY
20260724_123113,G_16_21,odm_orthophoto,16,21,989,841,4299930.506088673,618817.6241084585,0.5234082,0.0931296,2.9346287e-05,1.0,100.0,47.659184,4.5378774e-06,4.7115213e-06,1.4320344e-05,32.47,80.11,10.45,0.71,34.39,7.24,Wheat,Vegetative,HEALTHY
20260724_123113,G_16_22,odm_orthophoto,16,22,1035,841,4299930.506088673,618819.9235281196,0.41427842,0.08413096,2.2041577e-05,1.0,100.0,58.572163,5.24615e-06,4.6353316e-06,1.2593606e-05,28.17,76.59,14.74,2.34,41.31,7.43,Wheat,Vegetative,HEALTHY
20260724_123113,G_16_23,odm_orthophoto,16,23,1081,841,4299930.506088673,618822.2229477807,0.5031731,0.09749118,2.9931663e-05,0.8090366581415175,82.48081841432226,49.68269,4.842364e-06,4.7526273e-06,1.4819985e-05,31.69,74.0,12.72,1.81,42.07,7.07,Wheat,Vegetative,HEALTHY
20260724_123113,G_16_24,odm_orthophoto,16,24,1127,841,4299930.506088673,618824.5223674418,0.5435987,0.10005336,2.7610435e-05,0.9006820119352089,91.09121909633419,45.64013,3.7739244e-06,4.092488e-06,1.2977722e-05,31.31,74.59,9.98,4.63,29.42,7.21,Wheat,Vegetative,HEALTHY
20260724_123113,G_16_25,odm_orthophoto,16,25,1173,841,4299930.506088673,618826.8217871028,0.51723033,0.089624755,2.898021e-05,0.9386189258312021,95.22591645353793,48.276966,4.5456986e-06,4.5750235e-06,1.4206139e-05,27.47,79.91,0.84,4.98,31.8,6.75,Wheat,Vegetative,HEALTHY
20260724_123113,G_16_26,odm_orthophoto,16,26,1219,841,4299930.506088673,618829.1212067639,0.5509647,0.099018924,3.2280605e-05,0.7433930093776641,76.21483375959079,44.90353,4.394464e-06,4.471231e-06,1.5155092e-05,30.97,72.19,4.53,0.52,28.34,6.64,Wheat,Vegetative,HEALTHY
20260724_123113,G_16_27,odm_orthophoto,16,27,1265,841,4299930.506088673,618831.420626425,0.5252576,0.097164534,2.6155274e-05,0.6751918158567775,68.88320545609548,47.474243,3.8744893e-06,4.0607147e-06,1.2593209e-05,29.74,73.98,7.5,5.26,20.03,6.55,Wheat,Vegetative,HEALTHY
20260724_123113,G_16_28,odm_orthophoto,16,28,1311,841,4299930.506088673,618833.720046086,0.45733657,0.086928554,2.5825748e-05,0.8542199488491049,86.27450980392157,54.266346,5.084538e-06,4.6401915e-06,1.369345e-05,33.8,76.55,14.85,4.22,30.08,6.68,Wheat,Vegetative,HEALTHY
20260724_123113,G_16_29,odm_orthophoto,16,29,1357,841,4299930.506088673,618836.019465747,0.57074976,0.11085945,2.966208e-05,0.7868712702472294,81.11679454390452,42.925026,3.7097554e-06,4.0950067e-06,1.3597464e-05,31.32,77.51,5.8,4.17,34.93,6.86,Wheat,Vegetative,HEALTHY
20260724_123113,G_16_30,odm_orthophoto,16,30,1403,841,4299930.506088673,618838.3188854081,0.57832164,0.11283141,3.1106134e-05,0.8098891730605285,83.07757885763,42.167835,3.7798259e-06,4.293966e-06,1.4148919e-05,31.45,64.48,1.84,3.56,42.7,6.87,Wheat,Vegetative,HEALTHY
20260724_123113,G_16_31,odm_orthophoto,16,31,1449,841,4299930.506088673,618840.6183050692,0.49221462,0.09221065,3.0197063e-05,0.9420289855072463,95.48167092924126,50.778538,5.2774567e-06,5.195615e-06,1.5343565e-05,30.06,77.27,14.7,4.6,26.12,6.44,Wheat,Vegetative,HEALTHY
20260724_123113,G_16_32,odm_orthophoto,16,32,1495,841,4299930.506088673,618842.9177247302,0.5564461,0.10365289,2.6920658e-05,0.9445865302642796,95.48167092924126,44.355392,3.5704895e-06,3.921574e-06,1.2544337e-05,28.72,77.17,7.33,4.86,30.14,6.75,Wheat,Vegetative,HEALTHY
20260724_123113,G_16_33,odm_orthophoto,16,33,1541,841,4299930.506088673,618845.2171443913,0.5565805,0.10749874,2.9685863e-05,0.7902813299232737,80.69053708439897,44.341953,4.090073e-06,4.3981454e-06,1.3985724e-05,32.48,69.42,14.19,3.44,31.42,6.49,Wheat,Vegetative,HEALTHY
20260724_123113,G_16_34,odm_orthophoto,16,34,1587,841,4299930.506088673,618847.5165640523,0.55157316,0.11170396,3.1183587e-05,0.8695652173913043,88.78942881500427,44.842686,4.3622754e-06,4.5731344e-06,1.47572055e-05,29.15,69.18,14.61,5.72,39.59,6.92,Wheat,Vegetative,HEALTHY
20260724_123113,G_16_35,odm_orthophoto,16,35,1633,841,4299930.506088673,618849.8159837134,0.5780035,0.11948327,2.9035593e-05,0.907928388746803,92.41261722080137,42.199646,3.4434527e-06,3.7918392e-06,1.3122314e-05,30.28,65.78,10.96,5.28,40.05,6.56,Wheat,Vegetative,HEALTHY
20260724_123113,G_16_36,odm_orthophoto,16,36,1679,841,4299930.506088673,618852.1154033744,0.54033935,0.112200946,3.056974e-05,0.8043478260869565,82.39556692242114,45.966064,4.282111e-06,4.3836367e-06,1.4472414e-05,28.97,78.11,5.48,1.01,33.93,6.99,Wheat,Vegetative,HEALTHY
20260724_123113,G_16_37,odm_orthophoto,16,37,1725,841,4299930.506088673,618854.4148230355,0.5804276,0.12151279,2.9733428e-05,0.7148337595907929,73.23103154305201,41.95724,3.5768462e-06,3.9275033e-06,1.3488336e-05,30.94,74.32,11.66,3.47,35.02,6.77,Wheat,Vegetative,HEALTHY
20260724_123113,G_16_38,odm_orthophoto,16,38,1771,841,4299930.506088673,618856.7142426965,0.5528718,0.11322503,2.7899892e-05,0.7276214833759591,74.76555839727195,44.71282,3.7653137e-06,4.07658e-06,1.3065595e-05,31.94,73.51,8.07,2.76,38.08,6.73,Wheat,Vegetative,HEALTHY
20260724_123113,G_16_39,odm_orthophoto,16,39,1817,841,4299930.506088673,618859.0136623576,0.49950567,0.096784405,2.9205665e-05,0.8554987212276215,86.74339300937767,50.049435,4.887341e-06,4.960803e-06,1.4622946e-05,34.04,70.52,6.64,1.4,37.82,6.78,Wheat,Vegetative,HEALTHY
20260724_123113,G_16_40,odm_orthophoto,16,40,1863,841,4299930.506088673,618861.3130820188,0.5859546,0.1331661,2.807067e-05,0.8231031543052003,83.63171355498721,41.40454,3.2263672e-06,3.4844243e-06,1.2583563e-05,31.4,64.13,12.26,2.42,28.4,6.4,Wheat,Vegetative,HEALTHY
20260724_123113,G_16_41,odm_orthophoto,16,41,1909,841,4299930.506088673,618863.6125016798,0.6530091,0.14993624,3.789497e-05,0.7433930093776641,76.21483375959079,34.69909,3.3200133e-06,3.7762456e-06,1.5952171e-05,31.07,69.76,7.83,3.28,29.69,7.32,Wheat,Vegetative,HEALTHY
20260724_123113,G_16_42,odm_orthophoto,16,42,1955,841,4299930.506088673,618865.9119213409,0.60371983,0.138094,3.5552737e-05,0.9177323103154306,93.13725490196079,39.628017,3.9002875e-06,4.116619e-06,1.5751673e-05,34.55,65.38,1.34,3.27,30.83,6.73,Wheat,Vegetative,HEALTHY
20260724_123113,G_16_43,odm_orthophoto,16,43,2001,841,4299930.506088673,618868.2113410019,0.6071627,0.14916296,3.0442543e-05,0.9092071611253197,91.2617220801364,39.28373,3.1870059e-06,3.4439156e-06,1.3334867e-05,31.86,72.37,11.04,1.74,36.68,7.33,Wheat,Vegetative,HEALTHY
20260724_123113,G_16_44,odm_orthophoto,16,44,2047,841,4299930.506088673,618870.510760663,0.52717364,0.12702434,3.0662515e-05,0.8226768968456948,83.29070758738278,47.282635,4.6963987e-06,4.6703913e-06,1.4917642e-05,29.65,75.47,14.34,1.33,34.6,6.57,Wheat,Vegetative,HEALTHY
20260724_123113,G_16_45,odm_orthophoto,16,45,2093,841,4299930.506088673,618872.810180324,0.6237738,0.15307285,3.625635e-05,0.8959931798806479,91.17647058823529,37.62262,3.5846597e-06,4.0497202e-06,1.5670588e-05,30.5,65.64,5.07,0.59,42.65,6.39,Wheat,Vegetative,HEALTHY
20260724_123113,G_16_46,odm_orthophoto,16,46,2139,841,4299930.506088673,618875.1095999851,0.52798223,0.13626716,2.707254e-05,0.8610400682011935,87.38277919863597,47.201775,3.8913254e-06,4.0306363e-06,1.2915823e-05,32.8,70.39,5.27,3.91,50.9,7.22,Wheat,Vegetative,HEALTHY
20260724_123113,G_16_47,odm_orthophoto,16,47,2185,841,4299930.506088673,618877.4090196461,0.486246,0.09890852,3.191841e-05,0.9096334185848253,91.51747655583972,51.3754,5.696999e-06,6.0119078e-06,1.633694e-05,28.98,71.88,10.58,3.4,34.5,6.92,Wheat,Vegetative,HEALTHY
20260724_123113,G_16_48,odm_orthophoto,16,48,2231,841,4299930.506088673,618879.7084393072,0.6098666,0.16037326,3.7589925e-05,0.8665814151747656,87.6385336743393,39.013336,3.92315e-06,4.4384797e-06,1.6453647e-05,30.45,68.86,12.24,1.62,24.22,6.58,Wheat,Vegetative,HEALTHY
20260724_123113,G_17_9,odm_orthophoto,17,9,437,892,4299927.9560887115,618790.0310725259,0.40331367,0.04441953,2.0148998e-05,1.0,100.0,59.668636,4.9655687e-06,5.460727e-06,1.1682126e-05,26.93,68.87,3.37,1.95,31.35,6.82,Wheat,Vegetative,HEALTHY
20260724_123113,G_17_10,odm_orthophoto,17,10,483,892,4299927.9560887115,618792.330492187,0.4023556,0.043583263,2.0266849e-05,1.0,100.0,59.76444,5.0143676e-06,5.3851213e-06,1.1770212e-05,32.29,69.28,7.58,2.34,25.33,6.83,Wheat,Vegetative,HEALTHY
20260724_123113,G_17_11,odm_orthophoto,17,11,529,892,4299927.9560887115,618794.629911848,0.4659325,0.07896287,2.328139e-05,1.0,100.0,53.40675,4.473394e-06,3.80124e-06,1.2234123e-05,31.31,70.53,7.46,5.07,33.52,6.83,Wheat,Vegetative,HEALTHY
20260724_123113,G_17_12,odm_orthophoto,17,12,575,892,4299927.9560887115,618796.929331509,0.46700627,0.07189043,2.4631785e-05,1.0,100.0,53.299374,4.679472e-06,3.7089528e-06,1.2890364e-05,31.14,68.58,6.14,2.75,34.58,6.44,Wheat,Vegetative,HEALTHY
20260724_123113,G_17_13,odm_orthophoto,17,13,621,892,4299927.9560887115,618799.2287511701,0.44664803,0.0438903,2.5591153e-05,1.0,100.0,55.3352,5.2570113e-06,4.299184e-06,1.3787728e-05,30.94,75.69,7.4,2.12,22.71,6.75,Wheat,Vegetative,HEALTHY
20260724_123113,G_17_14,odm_orthophoto,17,14,667,892,4299927.9560887115,618801.5281708312,0.43557656,0.041454013,2.5809353e-05,1.0,100.0,56.442345,5.512407e-06,4.2071115e-06,1.4115872e-05,33.1,73.35,7.3,3.99,27.76,6.84,Wheat,Vegetative,HEALTHY
20260724_123113,G_17_15,odm_orthophoto,17,15,713,892,4299927.9560887115,618803.8275904922,0.49585107,0.13578919,1.9379526e-05,0.9710144927536232,97.65558397271951,50.414894,3.3734236e-06,4.030176e-06,9.833444e-06,28.03,67.74,14.81,1.89,43.04,6.6,Wheat,Vegetative,HEALTHY
20260724_123113,G_17_16,odm_orthophoto,17,16,759,892,4299927.9560887115,618806.1270101533,0.50407106,0.16578537,1.7133867e-05,1.0,100.0,49.592896,2.812068e-06,4.2055717e-06,8.523486e-06,31.0,70.34,12.91,3.34,25.55,6.73,Wheat,Vegetative,HEALTHY
20260724_123113,G_17_17,odm_orthophoto,17,17,805,892,4299927.9560887115,618808.4264298143,0.6276309,0.15840971,3.297909e-05,0.9198635976129582,92.7536231884058,37.23691,2.9959901e-06,4.022492e-06,1.3989422e-05,33.84,72.27,8.9,1.89,36.99,6.83,Wheat,Vegetative,HEALTHY
20260724_123113,G_17_18,odm_orthophoto,17,18,851,892,4299927.9560887115,618810.7258494754,0.7476425,0.18251178,4.5113386e-05,0.9697357203751066,97.14407502131287,25.235748,2.5226143e-06,3.5626492e-06,1.7561018e-05,31.56,67.32,8.85,2.85,36.71,6.84,Wheat,Vegetative,HEALTHY
20260724_123113,G_17_19,odm_orthophoto,17,19,897,892,4299927.9560887115,618813.0252691364,0.7151626,0.147211,3.944966e-05,1.0,100.0,28.483742,2.6092014e-06,3.5336395e-06,1.5759575e-05,30.2,71.75,3.66,1.31,36.45,6.59,Wheat,Vegetative,HEALTHY
20260724_123113,G_17_20,odm_orthophoto,17,20,943,892,4299927.9560887115,618815.3246887975,0.6057161,0.112988144,3.419329e-05,1.0,100.0,39.42839,3.7593315e-06,4.3186087e-06,1.5157531e-05,29.41,68.54,2.74,5.23,28.65,6.97,Wheat,Vegetative,HEALTHY
20260724_123113,G_17_21,odm_orthophoto,17,21,989,892,4299927.9560887115,618817.6241084585,0.40020207,0.057129227,2.1311454e-05,1.0,100.0,59.979797,5.3707154e-06,4.988783e-06,1.247479e-05,27.0,67.13,10.82,5.17,42.88,6.82,Wheat,Vegetative,HEALTHY
20260724_123113,G_17_22,odm_orthophoto,17,22,1035,892,4299927.9560887115,618819.9235281196,0.41964474,0.08766995,2.3073224e-05,0.9411764705882353,94.50127877237851,58.03553,5.357979e-06,4.704623e-06,1.3049339e-05,31.97,65.79,6.25,3.31,40.22,6.88,Wheat,Vegetative,HEALTHY
20260724_123113,G_17_23,odm_orthophoto,17,23,1081,892,4299927.9560887115,618822.2229477807,0.5803488,0.11315979,3.235906e-05,0.783461210571185,79.923273657289,41.965122,3.6366393e-06,4.0562486e-06,1.4423406e-05,32.5,73.99,13.39,5.72,36.89,6.4,Wheat,Vegetative,HEALTHY
20260724_123113,G_17_24,odm_orthophoto,17,24,1127,892,4299927.9560887115,618824.5223674418,0.47632867,0.083624244,2.4913596e-05,0.8316283034953111,85.16624040920716,52.367134,4.592629e-06,4.5195397e-06,1.2897456e-05,32.74,73.73,3.13,1.42,33.55,6.9,Wheat,Vegetative,HEALTHY
20260724_123113,G_17_25,odm_orthophoto,17,25,1173,892,4299927.9560887115,618826.8217871028,0.47032788,0.08377666,2.8511417e-05,0.8942881500426257,90.66496163682865,52.967216,5.390756e-06,4.9532637e-06,1.489495e-05,29.28,69.09,1.27,2.51,28.78,6.88,Wheat,Vegetative,HEALTHY
20260724_123113,G_17_26,odm_orthophoto,17,26,1219,892,4299927.9560887115,618829.1212067639,0.56614894,0.1110614,2.7168631e-05,0.7429667519181585,76.04433077578857,43.385105,3.4083655e-06,3.70463e-06,1.2464871e-05,25.73,65.73,7.22,4.95,33.27,7.01,Wheat,Vegetative,HEALTHY
20260724_123113,G_17_27,odm_orthophoto,17,27,1265,892,4299927.9560887115,618831.420626425,0.54214627,0.10264458,3.0150244e-05,0.8516624040920716,87.04177323103154,45.785374,4.235336e-06,4.327594e-06,1.4285795e-05,28.9,79.85,13.52,2.78,23.98,6.99,Wheat,Vegetative,HEALTHY
20260724_123113,G_17_28,odm_orthophoto,17,28,1311,892,4299927.9560887115,618833.720046086,0.6017597,0.11984322,3.5067056e-05,0.7843137254901961,80.34953111679455,39.82403,3.7009227e-06,4.133998e-06,1.5390404e-05,32.93,68.62,13.46,0.87,36.57,7.25,Wheat,Vegetative,HEALTHY
20260724_123113,G_17_29,odm_orthophoto,17,29,1357,892,4299927.9560887115,618836.019465747,0.52668595,0.09943139,2.4482219e-05,0.7114236999147485,72.33589087809037,47.331406,3.6924098e-06,3.8694234e-06,1.1853407e-05,30.56,75.84,10.29,5.33,33.25,7.33,Wheat,Vegetative,HEALTHY
20260724_123113,G_17_30,odm_orthophoto,17,30,1403,892,4299927.9560887115,618838.3188854081,0.4502463,0.07817059,2.7298467e-05,0.9113384484228474,91.73060528559249,54.975365,5.6171534e-06,5.3240683e-06,1.4717016e-05,30.52,75.43,6.9,3.74,32.07,6.62,Wheat,Vegetative,HEALTHY
20260724_123113,G_17_31,odm_orthophoto,17,31,1449,892,4299927.9560887115,618840.6183050692,0.48364702,0.08764661,2.5972855e-05,0.7949701619778347,80.90366581415175,51.6353,4.777845e-06,4.693895e-06,1.343578e-05,30.26,77.69,6.35,1.27,31.87,7.16,Wheat,Vegetative,HEALTHY
20260724_123113,G_17_32,odm_orthophoto,17,32,1495,892,4299927.9560887115,618842.9177247302,0.5729934,0.10989912,2.8873586e-05,0.7284739982949702,74.29667519181585,42.70066,3.5533437e-06,3.961901e-06,1.3178202e-05,31.27,74.23,10.54,3.45,28.37,6.63,Wheat,Vegetative,HEALTHY
20260724_123113,G_17_33,odm_orthophoto,17,33,1541,892,4299927.9560887115,618845.2171443913,0.5151779,0.10139241,3.0581337e-05,0.9092071611253197,92.45524296675191,48.48221,4.923489e-06,5.00051e-06,1.5117678e-05,30.55,67.28,5.92,0.95,40.93,6.66,Wheat,Vegetative,HEALTHY
20260724_123113,G_17_34,odm_orthophoto,17,34,1587,892,4299927.9560887115,618847.5165640523,0.61172754,0.12466122,3.158702e-05,0.855924978687127,86.35976129582268,38.827248,3.3643664e-06,3.932962e-06,1.3893741e-05,29.47,76.73,6.08,0.8,34.47,6.53,Wheat,Vegetative,HEALTHY
20260724_123113,G_17_35,odm_orthophoto,17,35,1633,892,4299927.9560887115,618849.8159837134,0.62898284,0.13448535,3.6038033e-05,0.8384484228473998,85.42199488491049,37.101715,3.6145811e-06,4.159343e-06,1.562773e-05,28.21,75.5,10.74,4.17,38.96,7.07,Wheat,Vegetative,HEALTHY
20260724_123113,G_17_36,odm_orthophoto,17,36,1679,892,4299927.9560887115,618852.1154033744,0.57278377,0.118646935,3.3471904e-05,0.8930093776641091,91.00596760443308,42.721622,4.216564e-06,4.528158e-06,1.537431e-05,30.69,78.97,7.16,0.7,36.84,6.67,Wheat,Vegetative,HEALTHY
20260724_123113,G_17_37,odm_orthophoto,17,37,1725,892,4299927.9560887115,618854.4148230355,0.59819037,0.13458629,2.9920577e-05,0.9087809036658141,91.73060528559249,40.18096,3.2781736e-06,3.6714546e-06,1.3252039e-05,33.89,74.85,7.85,3.39,39.49,6.29,Wheat,Vegetative,HEALTHY
20260724_123113,G_17_38,odm_orthophoto,17,38,1771,892,4299927.9560887115,618856.7142426965,0.54060274,0.11332735,2.802075e-05,0.7817561807331628,80.43478260869566,45.939724,4.012109e-06,4.1501744e-06,1.33526855e-05,35.15,62.85,6.42,1.11,32.68,7.35,Wheat,Vegetative,HEALTHY
20260724_123113,G_17_39,odm_orthophoto,17,39,1817,892,4299927.9560887115,618859.0136623576,0.56625843,0.115796044,2.8637645e-05,0.7928388746803069,80.9462915601023,43.374157,3.6357633e-06,3.949333e-06,1.3181974e-05,29.15,65.34,8.25,1.8,35.2,6.37,Wheat,Vegetative,HEALTHY
20260724_123113,G_17_40,odm_orthophoto,17,40,1863,892,4299927.9560887115,618861.3130820188,0.61388844,0.1326855,3.0811236e-05,0.7702472293265132,78.81500426257459,38.611156,3.0415474e-06,3.4460884e-06,1.3312314e-05,33.94,69.4,6.45,2.6,37.51,6.92,Wheat,Vegetative,HEALTHY
20260724_123113,G_17_41,odm_orthophoto,17,41,1909,892,4299927.9560887115,618863.6125016798,0.5571935,0.12227339,3.1581298e-05,0.8252344416027281,83.75959079283888,44.280647,4.240462e-06,4.1795984e-06,1.4767965e-05,28.8,71.54,14.06,3.92,32.19,7.07,Wheat,Vegetative,HEALTHY
20260724_123113,G_17_42,odm_orthophoto,17,42,1955,892,4299927.9560887115,618865.9119213409,0.63362557,0.1420665,3.365247e-05,0.8363171355498721,84.99573742540495,36.637444,3.1144773e-06,3.4677814e-06,1.4332375e-05,33.09,78.56,7.25,2.49,39.98,6.94,Wheat,Vegetative,HEALTHY
20260724_123113,G_17_43,odm_orthophoto,17,43,2001,892,4299927.9560887115,618868.2113410019,0.56933945,0.12410272,3.0388566e-05,0.855072463768116,86.57289002557545,43.066055,3.83771e-06,4.0334658e-06,1.3967603e-05,31.26,74.1,1.21,3.76,32.43,6.38,Wheat,Vegetative,HEALTHY
20260724_123113,G_17_44,odm_orthophoto,17,44,2047,892,4299927.9560887115,618870.510760663,0.56732583,0.13128215,3.442943e-05,0.9173060528559249,93.64876385336743,43.267418,4.3639398e-06,4.5893134e-06,1.5840891e-05,29.07,77.1,9.98,2.34,33.11,6.6,Wheat,Vegetative,HEALTHY
20260724_123113,G_17_45,odm_orthophoto,17,45,2093,892,4299927.9560887115,618872.810180324,0.5504508,0.13797718,2.8011533e-05,0.9087809036658141,92.58312020460357,44.954918,3.6441422e-06,3.82861e-06,1.2981644e-05,30.73,65.17,4.97,5.99,34.09,7.18,Wheat,Vegetative,HEALTHY
20260724_123113,G_17_46,odm_orthophoto,17,46,2139,892,4299927.9560887115,618875.1095999851,0.5033396,0.10054799,3.119703e-05,0.9057971014492754,92.2847399829497,49.666042,5.2142027e-06,5.6223566e-06,1.561365e-05,29.9,72.03,11.15,4.45,27.41,6.9,Wheat,Vegetative,HEALTHY
20260724_123113,G_17_47,odm_orthophoto,17,47,2185,892,4299927.9560887115,618877.4090196461,0.54898137,0.12808277,3.4819295e-05,0.8388746803069054,85.5924978687127,45.101864,4.7568706e-06,5.18277e-06,1.6363798e-05,28.82,75.05,8.13,2.05,38.4,7.59,Wheat,Vegetative,HEALTHY
20260724_123113,G_17_48,odm_orthophoto,17,48,2231,892,4299927.9560887115,618879.7084393072,0.51836646,0.14235972,2.844177e-05,0.7242114236999148,72.42114236999147,48.163353,4.3880204e-06,4.3187215e-06,1.3868962e-05,33.03,72.52,4.5,0.76,43.01,6.91,Wheat,Vegetative,HEALTHY
20260724_123113,G_18_8,odm_orthophoto,18,8,391,943,4299925.406088749,618787.7316528648,0.4140891,0.044526417,2.124716e-05,0.9612105711849958,96.12105711849958,58.59109,5.00623e-06,5.573369e-06,1.208886e-05,29.79,74.28,0.09,2.65,25.24,7.1,Wheat,Vegetative,HEALTHY
20260724_123113,G_18_9,odm_orthophoto,18,9,437,943,4299925.406088749,618790.0310725259,0.41350105,0.04477957,2.1112412e-05,1.0,100.0,58.6499,4.9850837e-06,5.5370124e-06,1.2022793e-05,29.87,73.47,11.49,1.84,30.09,6.33,Wheat,Vegetative,HEALTHY
20260724_123113,G_18_10,odm_orthophoto,18,10,483,943,4299925.406088749,618792.330492187,0.44428203,0.06334534,2.3172199e-05,1.0,100.0,55.571793,4.812043e-06,4.67597e-06,1.2536381e-05,32.22,79.22,11.78,5.7,37.04,7.11,Wheat,Vegetative,HEALTHY
20260724_123113,G_18_11,odm_orthophoto,18,11,529,943,4299925.406088749,618794.629911848,0.47856942,0.09332983,2.3803776e-05,1.0,100.0,52.143063,4.3390864e-06,3.7083967e-06,1.22739475e-05,29.56,65.16,14.86,4.61,24.91,6.65,Wheat,Vegetative,HEALTHY
20260724_123113,G_18_12,odm_orthophoto,18,12,575,943,4299925.406088749,618796.929331509,0.46099174,0.086281,2.3278237e-05,0.9957374254049446,99.82949701619779,53.900826,4.5535803e-06,4.0809623e-06,1.23132595e-05,31.24,74.09,8.78,3.78,31.81,6.57,Wheat,Vegetative,HEALTHY
20260724_123113,G_18_13,odm_orthophoto,18,13,621,943,4299925.406088749,618799.2287511701,0.45508718,0.07224882,2.3169243e-05,0.9936061381074168,99.61636828644501,54.49128,4.6509494e-06,3.6993329e-06,1.23743e-05,31.84,72.48,0.67,5.47,39.09,6.75,Wheat,Vegetative,HEALTHY
20260724_123113,G_18_14,odm_orthophoto,18,14,667,943,4299925.406088749,618801.5281708312,0.44959587,0.06892936,2.2731989e-05,0.8520886615515771,85.5072463768116,55.040413,4.6964406e-06,3.9652914e-06,1.2274038e-05,31.64,68.34,5.4,4.03,33.56,6.9,Wheat,Vegetative,HEALTHY
20260724_123113,G_18_15,odm_orthophoto,18,15,713,943,4299925.406088749,618803.8275904922,0.51522946,0.17219542,1.7270704e-05,0.8205456095481671,82.22506393861893,48.477055,2.712692e-06,4.076236e-06,8.469723e-06,31.74,67.87,12.71,1.3,29.63,6.47,Wheat,Vegetative,HEALTHY
20260724_123113,G_18_16,odm_orthophoto,18,16,759,943,4299925.406088749,618806.1270101533,0.50287175,0.16003427,1.8388733e-05,0.9650468883205456,96.54731457800511,49.712826,3.000452e-06,4.464054e-06,9.130184e-06,31.93,78.58,4.25,5.93,21.28,7.24,Wheat,Vegetative,HEALTHY
20260724_123113,G_18_17,odm_orthophoto,18,17,805,943,4299925.406088749,618808.4264298143,0.67269677,0.17234753,3.8904207e-05,0.706308610400682,71.05711849957375,32.730324,2.8587642e-06,3.996274e-06,1.5827352e-05,28.86,74.41,3.6,1.67,22.06,6.72,Wheat,Vegetative,HEALTHY
20260724_123113,G_18_18,odm_orthophoto,18,18,851,943,4299925.406088749,618810.7258494754,0.74089223,0.16333103,4.3283064e-05,1.0,100.0,25.910776,2.5069774e-06,3.5445216e-06,1.6935228e-05,32.71,77.64,7.93,2.99,39.87,6.97,Wheat,Vegetative,HEALTHY
20260724_123113,G_18_19,odm_orthophoto,18,19,897,943,4299925.406088749,618813.0252691364,0.7090758,0.14699319,4.0693583e-05,1.0,100.0,29.092419,2.79175e-06,3.69437e-06,1.6356797e-05,33.11,59.67,11.45,4.04,27.19,6.74,Wheat,Vegetative,HEALTHY
20260724_123113,G_18_20,odm_orthophoto,18,20,943,943,4299925.406088749,618815.3246887975,0.44440877,0.062239483,2.512824e-05,1.0,100.0,55.559124,5.3077547e-06,5.1985126e-06,1.3684154e-05,30.48,76.78,8.95,2.06,34.71,6.94,Wheat,Vegetative,HEALTHY
20260724_123113,G_18_21,odm_orthophoto,18,21,989,943,4299925.406088749,618817.6241084585,0.39628834,0.0718141,2.083202e-05,1.0,100.0,60.371166,5.314749e-06,4.6539403e-06,1.2259002e-05,28.63,71.65,4.14,3.11,32.1,6.91,Wheat,Vegetative,HEALTHY
20260724_123113,G_18_22,odm_orthophoto,18,22,1035,943,4299925.406088749,618819.9235281196,0.4955112,0.09542315,2.692e-05,0.7463768115942029,75.95907928388746,50.448883,4.548084e-06,4.3427876e-06,1.3521747e-05,29.58,63.85,3.28,2.4,32.02,6.76,Wheat,Vegetative,HEALTHY
20260724_123113,G_18_23,odm_orthophoto,18,23,1081,943,4299925.406088749,618822.2229477807,0.50488925,0.0979517,2.4116911e-05,0.8235294117647058,83.58908780903666,49.511074,3.8074002e-06,3.85127e-06,1.1846632e-05,32.36,70.99,4.88,2.05,32.84,6.85,Wheat,Vegetative,HEALTHY
20260724_123113,G_18_24,odm_orthophoto,18,24,1127,943,4299925.406088749,618824.5223674418,0.49278674,0.086747654,3.026755e-05,0.8520886615515771,85.84825234441603,50.721325,5.28584e-06,5.091264e-06,1.5375446e-05,32.57,68.33,6.99,2.12,32.45,6.45,Wheat,Vegetative,HEALTHY
20260724_123113,G_18_25,odm_orthophoto,18,25,1173,943,4299925.406088749,618826.8217871028,0.60010916,0.110879265,3.4435205e-05,0.7182438192668372,75.02131287297527,39.989082,3.939256e-06,4.367493e-06,1.541811e-05,34.87,70.33,3.32,0.5,33.39,7.72,Wheat,Vegetative,HEALTHY
20260724_123113,G_18_26,odm_orthophoto,18,26,1219,943,4299925.406088749,618829.1212067639,0.55569,0.107531466,2.7468475e-05,0.7429667519181585,75.57544757033247,44.431,3.7178822e-06,3.958962e-06,1.2874347e-05,28.75,71.57,5.99,5.84,34.05,6.97,Wheat,Vegetative,HEALTHY
20260724_123113,G_18_27,odm_orthophoto,18,27,1265,943,4299925.406088749,618831.420626425,0.47961596,0.097402416,2.7506214e-05,0.9207161125319693,92.924126172208,52.038406,4.989471e-06,4.5833826e-06,1.4158563e-05,27.91,77.88,4.51,3.51,31.51,6.78,Wheat,Vegetative,HEALTHY
20260724_123113,G_18_28,odm_orthophoto,18,28,1311,943,4299925.406088749,618833.720046086,0.5877155,0.12236593,2.963544e-05,0.8418584825234442,87.34015345268543,41.22845,3.3760064e-06,3.788662e-06,1.3254825e-05,34.0,66.24,13.0,5.89,19.42,7.36,Wheat,Vegetative,HEALTHY
20260724_123113,G_18_29,odm_orthophoto,18,29,1357,943,4299925.406088749,618836.019465747,0.53716666,0.099719934,2.9520132e-05,0.7587382779198636,77.70673486786018,46.283333,4.3553887e-06,4.5525308e-06,1.4195802e-05,32.24,81.25,10.79,5.13,36.46,6.75,Wheat,Vegetative,HEALTHY
20260724_123113,G_18_30,odm_orthophoto,18,30,1403,943,4299925.406088749,618838.3188854081,0.47103336,0.08668994,2.6869888e-05,0.7578857630008525,77.06734867860187,52.896667,5.1963057e-06,4.927976e-06,1.4153283e-05,28.32,63.25,7.75,1.62,38.49,7.17,Wheat,Vegetative,HEALTHY
20260724_123113,G_18_31,odm_orthophoto,18,31,1449,943,4299925.406088749,618840.6183050692,0.5722394,0.11439375,2.9564697e-05,0.8972719522591646,90.57971014492753,42.776062,3.5929886e-06,4.02548e-06,1.3448234e-05,33.19,72.65,0.76,4.11,29.33,6.16,Wheat,Vegetative,HEALTHY
20260724_123113,G_18_32,odm_orthophoto,18,32,1495,943,4299925.406088749,618842.9177247302,0.56030405,0.10846718,3.3891974e-05,0.9156010230179028,93.00937766410912,43.969597,4.511829e-06,4.8351435e-06,1.5809619e-05,31.15,67.44,3.84,1.8,37.75,6.54,Wheat,Vegetative,HEALTHY
20260724_123113,G_18_33,odm_orthophoto,18,33,1541,943,4299925.406088749,618845.2171443913,0.58336073,0.12038337,3.211625e-05,0.8563512361466326,87.6385336743393,41.663925,3.9062957e-06,4.324143e-06,1.4612116e-05,31.46,69.36,6.91,5.32,33.84,6.74,Wheat,Vegetative,HEALTHY
20260724_123113,G_18_34,odm_orthophoto,18,34,1587,943,4299925.406088749,618847.5165640523,0.57715344,0.123593815,2.940391e-05,0.8222506393861893,83.41858482523445,42.284657,3.4412692e-06,3.825374e-06,1.3242916e-05,32.87,66.58,9.09,5.61,42.74,6.94,Wheat,Vegetative,HEALTHY
20260724_123113,G_18_35,odm_orthophoto,18,35,1633,943,4299925.406088749,618849.8159837134,0.53797615,0.10822728,3.2824486e-05,0.9300937766410913,94.07502131287298,46.202385,4.7630983e-06,4.8470833e-06,1.5705044e-05,35.33,71.65,0.57,1.05,43.81,7.24,Wheat,Vegetative,HEALTHY
20260724_123113,G_18_36,odm_orthophoto,18,36,1679,943,4299925.406088749,618852.1154033744,0.6209414,0.14299479,3.124967e-05,0.8231031543052003,84.22847399829497,37.90586,2.9601179e-06,3.3709853e-06,1.33770345e-05,32.39,69.21,12.01,5.23,33.15,6.75,Wheat,Vegetative,HEALTHY
20260724_123113,G_18_37,odm_orthophoto,18,37,1725,943,4299925.406088749,618854.4148230355,0.59323037,0.12733315,3.341139e-05,0.8469735720375107,86.74339300937767,40.676964,3.7297075e-06,4.1011026e-06,1.4867269e-05,27.84,74.5,11.75,1.91,38.31,7.04,Wheat,Vegetative,HEALTHY
20260724_123113,G_18_38,odm_orthophoto,18,38,1771,943,4299925.406088749,618856.7142426965,0.58056706,0.124826655,3.3323508e-05,0.8158567774936062,83.03495311167946,41.943295,3.94402e-06,4.2839606e-06,1.5052288e-05,33.57,79.23,1.44,2.65,30.23,6.82,Wheat,Vegetative,HEALTHY
20260724_123113,G_18_39,odm_orthophoto,18,39,1817,943,4299925.406088749,618859.0136623576,0.55270636,0.12368069,2.5950649e-05,0.809462915601023,82.6086956521739,44.729362,3.406076e-06,3.5785556e-06,1.2056569e-05,32.0,79.12,14.54,2.85,31.21,7.41,Wheat,Vegetative,HEALTHY
20260724_123113,G_18_40,odm_orthophoto,18,40,1863,943,4299925.406088749,618861.3130820188,0.53678274,0.10630436,3.0775536e-05,0.8107416879795396,83.16283034953112,46.321724,4.4325e-06,4.4382145e-06,1.4691409e-05,34.8,72.01,3.29,4.04,36.43,6.82,Wheat,Vegetative,HEALTHY
20260724_123113,G_18_41,odm_orthophoto,18,41,1909,943,4299925.406088749,618863.6125016798,0.60511345,0.119783804,3.37576e-05,0.9335038363171355,94.54390451832907,39.488655,3.6912793e-06,3.9507954e-06,1.49442385e-05,30.39,76.89,3.36,4.97,33.68,6.95,Wheat,Vegetative,HEALTHY
20260724_123113,G_18_42,odm_orthophoto,18,42,1955,943,4299925.406088749,618865.9119213409,0.6098244,0.13603471,3.0336887e-05,0.8358908780903666,84.86786018755328,39.01756,3.0725862e-06,3.3027238e-06,1.3185227e-05,30.4,79.5,5.99,2.58,26.88,6.48,Wheat,Vegetative,HEALTHY
20260724_123113,G_18_43,odm_orthophoto,18,43,2001,943,4299925.406088749,618868.2113410019,0.5205947,0.109517135,3.105239e-05,0.8179880647911338,82.86445012787725,47.94053,4.862338e-06,4.8988923e-06,1.5213553e-05,29.97,65.2,5.8,0.74,32.84,6.86,Wheat,Vegetative,HEALTHY
20260724_123113,G_18_44,odm_orthophoto,18,44,2047,943,4299925.406088749,618870.510760663,0.64400166,0.15549412,3.5383793e-05,0.8746803069053708,89.00255754475704,35.599834,3.1392485e-06,3.642817e-06,1.49342895e-05,26.55,80.66,3.54,3.69,26.69,7.04,Wheat,Vegetative,HEALTHY
20260724_123113,G_18_45,odm_orthophoto,18,45,2093,943,4299925.406088749,618872.810180324,0.47776788,0.097815275,2.5257294e-05,0.8623188405797102,87.59590792838875,52.223213,4.703369e-06,4.794236e-06,1.312277e-05,29.43,63.85,3.03,3.91,41.18,6.57,Wheat,Vegetative,HEALTHY
20260724_123113,G_18_46,odm_orthophoto,18,46,2139,943,4299925.406088749,618875.1095999851,0.4804545,0.096548885,3.053606e-05,0.9168797953964194,92.7536231884058,51.954548,5.539867e-06,5.7602233e-06,1.571899e-05,31.68,69.31,6.87,2.45,31.39,6.14,Wheat,Vegetative,HEALTHY
20260724_123113,G_18_47,odm_orthophoto,18,47,2185,943,4299925.406088749,618877.4090196461,0.5464175,0.14294286,3.052318e-05,0.9786871270247229,98.29497016197783,45.358253,4.169757e-06,4.3346936e-06,1.4344534e-05,30.99,65.31,13.18,2.86,33.55,6.71,Wheat,Vegetative,HEALTHY
20260724_123113,G_19_7,odm_orthophoto,19,7,345,994,4299922.856088787,618785.4322332038,0.4243756,0.048917368,2.1961241e-05,0.7945439045183291,79.45439045183291,57.56244,4.9553737e-06,5.474377e-06,1.227604e-05,34.87,66.18,10.64,5.0,40.91,6.7,Wheat,Vegetative,HEALTHY
20260724_123113,G_19_8,odm_orthophoto,19,8,391,994,4299922.856088787,618787.7316528648,0.42161494,0.043480806,2.2104838e-05,1.0,100.0,57.838505,5.0438975e-06,5.6065046e-06,1.2412435e-05,30.2,70.79,1.71,5.13,28.06,7.06,Wheat,Vegetative,HEALTHY
20260724_123113,G_19_9,odm_orthophoto,19,9,437,994,4299922.856088787,618790.0310725259,0.42748767,0.047472093,2.2144548e-05,1.0,100.0,57.251232,4.9245086e-06,5.3072913e-06,1.2306282e-05,32.78,78.89,4.59,2.96,33.66,6.85,Wheat,Vegetative,HEALTHY
20260724_123113,G_19_10,odm_orthophoto,19,10,483,994,4299922.856088787,618792.330492187,0.49079165,0.089859344,2.5264762e-05,1.0,100.0,50.920834,4.4017115e-06,3.840354e-06,1.2823595e-05,33.08,72.43,9.91,1.25,39.78,6.38,Wheat,Vegetative,HEALTHY
20260724_123113,G_19_11,odm_orthophoto,19,11,529,994,4299922.856088787,618794.629911848,0.4855931,0.09281905,2.595284e-05,1.0,100.0,51.440693,4.610089e-06,4.0583036e-06,1.326135e-05,28.42,69.83,0.39,5.73,32.97,6.46,Wheat,Vegetative,HEALTHY
20260724_123113,G_19_12,odm_orthophoto,19,12,575,994,4299922.856088787,618796.929331509,0.46854362,0.087076314,2.3823159e-05,0.9893435635123614,99.4458653026428,53.145634,4.540294e-06,4.0376335e-06,1.2481622e-05,34.42,73.75,9.47,3.42,27.74,6.25,Wheat,Vegetative,HEALTHY
20260724_123113,G_19_13,odm_orthophoto,19,13,621,994,4299922.856088787,618799.2287511701,0.4496746,0.07041401,2.2801203e-05,0.9948849104859335,99.48849104859335,55.03254,4.7085528e-06,3.7317218e-06,1.23092195e-05,33.66,80.24,1.56,4.32,32.62,6.96,Wheat,Vegetative,HEALTHY
20260724_123113,G_19_14,odm_orthophoto,19,14,667,994,4299922.856088787,618801.5281708312,0.50021034,0.14725812,1.836638e-05,0.8482523444160273,84.95311167945438,49.978966,3.169758e-06,3.9066545e-06,9.292044e-06,27.71,75.97,6.99,3.86,32.39,6.61,Wheat,Vegetative,HEALTHY
20260724_123113,G_19_15,odm_orthophoto,19,15,713,994,4299922.856088787,618803.8275904922,0.5021059,0.16763604,1.768155e-05,0.9995737425404945,99.95737425404944,49.78941,2.9301718e-06,4.373858e-06,8.824161e-06,31.99,77.07,0.15,4.57,34.74,6.24,Wheat,Vegetative,HEALTHY
20260724_123113,G_19_16,odm_orthophoto,19,16,759,994,4299922.856088787,618806.1270101533,0.5680046,0.14243305,3.059579e-05,0.8060528559249787,81.24467178175618,43.19954,3.455395e-06,4.939564e-06,1.3654404e-05,29.26,69.46,12.23,2.93,32.47,7.02,Wheat,Vegetative,HEALTHY
20260724_123113,G_19_17,odm_orthophoto,19,17,805,994,4299922.856088787,618808.4264298143,0.73506516,0.15805797,4.5426623e-05,0.9049445865302643,90.75021312872975,26.493484,2.7231163e-06,3.837561e-06,1.7865954e-05,31.13,77.77,0.96,5.58,35.02,6.89,Wheat,Vegetative,HEALTHY
20260724_123113,G_19_18,odm_orthophoto,19,18,851,994,4299922.856088787,618810.7258494754,0.7243453,0.15212026,4.0538245e-05,1.0,100.0,27.565468,2.5599156e-06,3.536285e-06,1.607317e-05,29.46,78.71,11.84,4.16,50.26,7.54,Wheat,Vegetative,HEALTHY
20260724_123113,G_19_19,odm_orthophoto,19,19,897,994,4299922.856088787,618813.0252691364,0.56989473,0.10861202,3.140908e-05,0.9202898550724637,92.924126172208,43.01053,3.978955e-06,4.306052e-06,1.4449042e-05,31.7,74.62,11.93,5.03,36.35,6.81,Wheat,Vegetative,HEALTHY
20260724_123113,G_19_20,odm_orthophoto,19,20,943,994,4299922.856088787,618815.3246887975,0.40174845,0.0694869,2.0767875e-05,1.0,100.0,59.825157,5.1820693e-06,4.66305e-06,1.2104934e-05,32.06,72.34,14.3,1.04,40.44,6.82,Wheat,Vegetative,HEALTHY
20260724_123113,G_19_21,odm_orthophoto,19,21,989,994,4299922.856088787,618817.6241084585,0.45370618,0.0803898,2.5455829e-05,0.8738277919863597,88.32054560954816,54.629387,5.053684e-06,4.678317e-06,1.353928e-05,34.42,73.93,3.11,0.56,36.16,6.94,Wheat,Vegetative,HEALTHY
20260724_123113,G_19_22,odm_orthophoto,19,22,1035,994,4299922.856088787,618819.9235281196,0.55020654,0.10411235,2.7510756e-05,0.8584825234441603,87.0843989769821,44.979347,3.5546907e-06,3.7813238e-06,1.272526e-05,31.84,70.23,12.87,5.99,33.29,6.21,Wheat,Vegetative,HEALTHY
20260724_123113,G_19_23,odm_orthophoto,19,23,1081,994,4299922.856088787,618822.2229477807,0.5363095,0.09624026,2.9471204e-05,0.8793691389599319,89.04518329070758,46.369053,4.288146e-06,4.4263834e-06,1.4112254e-05,31.69,63.89,6.4,5.61,23.13,6.83,Wheat,Vegetative,HEALTHY
20260724_123113,G_19_24,odm_orthophoto,19,24,1127,994,4299922.856088787,618824.5223674418,0.5628576,0.1042386,3.460849e-05,0.902387041773231,91.68797953964194,43.714237,4.6294085e-06,4.8389097e-06,1.6166056e-05,34.5,70.06,6.13,3.47,28.38,6.68,Wheat,Vegetative,HEALTHY
20260724_123113,G_19_25,odm_orthophoto,19,25,1173,994,4299922.856088787,618826.8217871028,0.55070364,0.11751653,2.5385858e-05,0.8043478260869565,81.79880647911338,44.929634,3.3484696e-06,3.6257095e-06,1.1810686e-05,32.39,68.88,11.06,5.36,35.58,6.79,Wheat,Vegetative,HEALTHY
20260724_123113,G_19_26,odm_orthophoto,19,26,1219,994,4299922.856088787,618829.1212067639,0.51548976,0.09934832,2.8674061e-05,0.8981244671781756,91.51747655583972,48.451023,4.609696e-06,4.5646793e-06,1.4168076e-05,31.19,71.51,2.97,2.2,23.16,6.71,Wheat,Vegetative,HEALTHY
20260724_123113,G_19_27,odm_orthophoto,19,27,1265,994,4299922.856088787,618831.420626425,0.6324308,0.12484268,3.631488e-05,0.757459505541347,78.09036658141517,36.75692,3.3981325e-06,4.074839e-06,1.5503567e-05,32.12,80.57,8.36,4.63,40.86,6.91,Wheat,Vegetative,HEALTHY
20260724_123113,G_19_28,odm_orthophoto,19,28,1311,994,4299922.856088787,618833.720046086,0.58723736,0.118042804,3.002681e-05,0.8785166240409207,89.769820971867,41.276264,3.520306e-06,3.978345e-06,1.3529589e-05,28.2,71.87,1.89,0.82,22.96,6.88,Wheat,Vegetative,HEALTHY
20260724_123113,G_19_29,odm_orthophoto,19,29,1357,994,4299922.856088787,618836.019465747,0.46386835,0.08162897,2.8708379e-05,0.8934356351236147,90.66496163682865,53.613163,5.6431118e-06,5.43279e-06,1.5212971e-05,32.18,74.1,7.55,2.24,37.85,6.68,Wheat,Vegetative,HEALTHY
20260724_123113,G_19_30,odm_orthophoto,19,30,1403,994,4299922.856088787,618838.3188854081,0.5676007,0.10812893,2.9005192e-05,0.9211423699914748,93.22250639386189,43.23993,3.6732508e-06,4.1086587e-06,1.33419835e-05,33.25,70.66,10.48,1.43,35.91,6.81,Wheat,Vegetative,HEALTHY
20260724_123113,G_19_31,odm_orthophoto,19,31,1449,994,4299922.856088787,618840.6183050692,0.59869146,0.120109655,3.2872205e-05,0.788150042625746,81.20204603580564,40.13085,3.685941e-06,4.2071724e-06,1.4643751e-05,33.12,80.82,9.12,1.12,43.76,6.86,Wheat,Vegetative,HEALTHY
20260724_123113,G_19_32,odm_orthophoto,19,32,1495,994,4299922.856088787,618842.9177247302,0.50364304,0.10356926,2.9106961e-05,0.8576300085251491,86.74339300937767,49.635696,4.9142545e-06,4.798278e-06,1.4616954e-05,30.92,68.51,8.1,5.31,26.87,6.83,Wheat,Vegetative,HEALTHY
20260724_123113,G_19_33,odm_orthophoto,19,33,1541,994,4299922.856088787,618845.2171443913,0.53646606,0.1172058,2.5312622e-05,0.768542199488491,77.70673486786018,46.353394,3.6218298e-06,3.8043136e-06,1.20596405e-05,29.62,73.08,8.88,2.78,28.83,6.34,Wheat,Vegetative,HEALTHY
20260724_123113,G_19_34,odm_orthophoto,19,34,1587,994,4299922.856088787,618847.5165640523,0.56594074,0.11152636,3.4490047e-05,0.7894288150042625,80.05115089514067,43.405926,4.5737074e-06,4.7923777e-06,1.6070871e-05,34.14,77.3,5.15,1.1,27.57,6.52,Wheat,Vegetative,HEALTHY
20260724_123113,G_19_35,odm_orthophoto,19,35,1633,994,4299922.856088787,618849.8159837134,0.51959455,0.100394726,2.8605855e-05,0.8380221653878943,84.78260869565217,48.040546,4.537367e-06,4.502206e-06,1.40730135e-05,30.96,81.47,12.63,5.85,38.87,6.93,Wheat,Vegetative,HEALTHY
20260724_123113,G_19_36,odm_orthophoto,19,36,1679,994,4299922.856088787,618852.1154033744,0.5201593,0.11351046,2.4666002e-05,0.8239556692242114,83.80221653878944,47.98407,3.8195003e-06,3.804971e-06,1.2041768e-05,31.75,69.45,0.18,1.91,31.28,7.16,Wheat,Vegetative,HEALTHY
20260724_123113,G_19_37,odm_orthophoto,19,37,1725,994,4299922.856088787,618854.4148230355,0.4698912,0.09433037,2.748874e-05,0.8525149190110827,86.40238704177324,53.01088,5.1979882e-06,4.8301304e-06,1.4361262e-05,28.75,72.35,1.78,2.64,33.04,6.83,Wheat,Vegetative,HEALTHY
20260724_123113,G_19_38,odm_orthophoto,19,38,1771,994,4299922.856088787,618856.7142426965,0.5760855,0.13042912,2.8684894e-05,0.8145780051150895,83.97271952259165,42.39145,3.3343929e-06,3.550445e-06,1.289635e-05,34.28,64.05,9.52,2.23,34.29,6.81,Wheat,Vegetative,HEALTHY
20260724_123113,G_19_39,odm_orthophoto,19,39,1817,994,4299922.856088787,618859.0136623576,0.5856807,0.13097236,3.1450876e-05,0.8499573742540495,87.21227621483376,41.431927,3.6384567e-06,3.88659e-06,1.4122466e-05,32.49,70.61,13.97,4.75,35.63,6.95,Wheat,Vegetative,HEALTHY
20260724_123113,G_19_40,odm_orthophoto,19,40,1863,994,4299922.856088787,618861.3130820188,0.49317923,0.09542288,2.9176965e-05,0.9458653026427962,95.73742540494459,50.68208,5.0630683e-06,4.811003e-06,1.47891105e-05,29.48,71.62,2.39,5.38,23.87,6.45,Wheat,Vegetative,HEALTHY
20260724_123113,G_19_41,odm_orthophoto,19,41,1909,994,4299922.856088787,618863.6125016798,0.582839,0.1222146,2.918189e-05,0.8746803069053708,89.04518329070758,41.7161,3.400183e-06,3.5898697e-06,1.312781e-05,30.73,76.97,14.19,0.57,29.45,6.45,Wheat,Vegetative,HEALTHY
20260724_123113,G_19_42,odm_orthophoto,19,42,1955,994,4299922.856088787,618865.9119213409,0.5550065,0.109532736,3.1064228e-05,0.7962489343563512,81.24467178175618,44.49935,4.257403e-06,4.3411246e-06,1.461254e-05,28.42,73.7,10.6,2.7,30.89,6.88,Wheat,Vegetative,HEALTHY
20260724_123113,G_19_43,odm_orthophoto,19,43,2001,994,4299922.856088787,618868.2113410019,0.49739438,0.09456148,2.820404e-05,0.9893435635123614,99.4458653026428,50.260563,4.779258e-06,4.6626437e-06,1.4180967e-05,33.05,79.7,8.84,1.31,40.04,6.77,Wheat,Vegetative,HEALTHY
20260724_123113,G_19_44,odm_orthophoto,19,44,2047,994,4299922.856088787,618870.510760663,0.5448919,0.12370124,2.6345866e-05,0.9578005115089514,96.12105711849958,45.51081,3.700915e-06,3.7841735e-06,1.2483157e-05,30.91,76.16,7.06,2.69,37.32,7.03,Wheat,Vegetative,HEALTHY
20260724_123113,G_19_45,odm_orthophoto,19,45,2093,994,4299922.856088787,618872.810180324,0.45938087,0.078464724,2.7841283e-05,0.9420289855072463,94.67178175618074,54.061913,5.6343565e-06,5.80506e-06,1.4915164e-05,31.99,80.33,9.41,0.84,41.95,6.58,Wheat,Vegetative,HEALTHY
20260724_123113,G_19_46,odm_orthophoto,19,46,2139,994,4299922.856088787,618875.1095999851,0.59955555,0.14083391,3.6147514e-05,0.8853367433930094,90.02557544757033,40.044445,3.982175e-06,4.561108e-06,1.6031836e-05,32.19,79.52,10.54,2.8,32.12,6.67,Wheat,Vegetative,HEALTHY
20260724_123113,G_19_47,odm_orthophoto,19,47,2185,994,4299922.856088787,618877.4090196461,0.4804271,0.12588364,2.7127788e-05,0.8593350383631714,85.93350383631714,51.95729,4.933151e-06,4.69366e-06,1.3976093e-05,27.71,68.53,9.66,5.91,32.37,6.27,Wheat,Vegetative,HEALTHY
20260724_123113,G_20_7,odm_orthophoto,20,7,345,1045,4299920.306088826,618785.4322332038,0.42795405,0.052334175,2.1311247e-05,1.0,100.0,57.204594,4.746687e-06,5.2323685e-06,1.1850673e-05,32.47,73.77,2.99,2.53,37.54,6.67,Wheat,Vegetative,HEALTHY
20260724_123113,G_20_8,odm_orthophoto,20,8,391,1045,4299920.306088826,618787.7316528648,0.43699038,0.0527414,2.2190587e-05,1.0,100.0,56.30096,4.7694334e-06,5.2317955e-06,1.2166549e-05,31.71,67.96,14.41,2.1,38.92,6.86,Wheat,Vegetative,HEALTHY
20260724_123113,G_20_9,odm_orthophoto,20,9,437,1045,4299920.306088826,618790.0310725259,0.47508672,0.06774304,2.6396036e-05,1.0,100.0,52.491333,4.906396e-06,4.5491447e-06,1.3705409e-05,30.57,73.48,13.33,2.16,39.69,6.97,Wheat,Vegetative,HEALTHY
20260724_123113,G_20_10,odm_orthophoto,20,10,483,1045,4299920.306088826,618792.330492187,0.4870346,0.083355956,2.5139194e-05,1.0,100.0,51.296543,4.4566605e-06,3.837577e-06,1.2836689e-05,34.34,70.09,8.3,5.41,39.34,6.79,Wheat,Vegetative,HEALTHY
20260724_123113,G_20_11,odm_orthophoto,20,11,529,1045,4299920.306088826,618794.629911848,0.4892193,0.080241956,2.6686712e-05,1.0,100.0,51.078068,4.679838e-06,4.223579e-06,1.3575739e-05,32.65,83.18,3.94,4.37,43.17,7.1,Wheat,Vegetative,HEALTHY
20260724_123113,G_20_12,odm_orthophoto,20,12,575,1045,4299920.306088826,618796.929331509,0.48023272,0.07265886,2.4667204e-05,1.0,100.0,51.97673,4.495582e-06,3.7972923e-06,1.2718273e-05,30.87,72.37,1.2,2.79,37.12,6.41,Wheat,Vegetative,HEALTHY
20260724_123113,G_20_13,odm_orthophoto,20,13,621,1045,4299920.306088826,618799.2287511701,0.4826751,0.092755236,2.336942e-05,0.8687127024722933,87.80903665814151,51.73249,4.277947e-06,3.931023e-06,1.2068018e-05,29.83,67.47,9.17,4.27,38.32,6.88,Wheat,Vegetative,HEALTHY
20260724_123113,G_20_14,odm_orthophoto,20,14,667,1045,4299920.306088826,618801.5281708312,0.5228393,0.1746174,1.7875434e-05,0.7902813299232737,80.26427962489343,47.71607,2.7200485e-06,4.026159e-06,8.678662e-06,29.96,64.39,10.35,4.98,35.13,6.46,Wheat,Vegetative,HEALTHY
20260724_123113,G_20_15,odm_orthophoto,20,15,713,1045,4299920.306088826,618803.8275904922,0.5586408,0.13640109,3.0418661e-05,0.9782608695652174,98.12446717817562,44.13592,3.4735626e-06,4.9469418e-06,1.3613541e-05,29.9,71.21,5.38,0.97,29.03,6.64,Wheat,Vegetative,HEALTHY
20260724_123113,G_20_16,odm_orthophoto,20,16,759,1045,4299920.306088826,618806.1270101533,0.6863483,0.15936665,3.9781557e-05,0.6832907075873828,68.75532821824382,31.365168,2.890035e-06,3.978225e-06,1.6151083e-05,33.23,65.09,2.52,4.95,33.38,6.89,Wheat,Vegetative,HEALTHY
20260724_123113,G_20_17,odm_orthophoto,20,17,805,1045,4299920.306088826,618808.4264298143,0.7298814,0.14980505,4.0955514e-05,1.0,100.0,27.01186,2.518939e-06,3.4992402e-06,1.617129e-05,32.06,78.89,2.57,2.94,22.74,6.51,Wheat,Vegetative,HEALTHY
20260724_123113,G_20_18,odm_orthophoto,20,18,851,1045,4299920.306088826,618810.7258494754,0.6904471,0.14347753,3.633752e-05,1.0,100.0,30.955292,2.7283152e-06,3.4991044e-06,1.4841252e-05,26.44,76.22,3.45,5.45,39.12,6.77,Wheat,Vegetative,HEALTHY
20260724_123113,G_20_19,odm_orthophoto,20,19,897,1045,4299920.306088826,618813.0252691364,0.41108623,0.062450334,2.1316531e-05,0.9654731457800512,97.35720375106564,58.89138,5.162708e-06,4.7692024e-06,1.2268466e-05,35.8,70.45,9.07,1.76,37.33,7.06,Wheat,Vegetative,HEALTHY
20260724_123113,G_20_20,odm_orthophoto,20,20,943,1045,4299920.306088826,618815.3246887975,0.406183,0.06930065,2.2444343e-05,0.9974424552429667,99.82949701619779,59.3817,5.5017153e-06,4.801245e-06,1.2983441e-05,25.79,63.97,12.74,2.89,39.58,6.72,Wheat,Vegetative,HEALTHY
20260724_123113,G_20_21,odm_orthophoto,20,21,989,1045,4299920.306088826,618817.6241084585,0.5306053,0.08435282,2.9139788e-05,0.8742540494458653,89.38618925831202,46.93947,4.1289027e-06,4.2527217e-06,1.3842528e-05,30.53,68.45,4.15,2.81,37.51,7.06,Wheat,Vegetative,HEALTHY
20260724_123113,G_20_22,odm_orthophoto,20,22,1035,1045,4299920.306088826,618819.9235281196,0.5131265,0.083959855,2.567023e-05,0.8844842284739983,89.85507246376811,48.68735,4.0322884e-06,4.107745e-06,1.2589322e-05,33.41,70.76,4.34,3.26,40.16,6.93,Wheat,Vegetative,HEALTHY
20260724_123113,G_20_23,odm_orthophoto,20,23,1081,1045,4299920.306088826,618822.2229477807,0.53621715,0.09904847,3.3478533e-05,0.9505541346973572,95.65217391304348,46.378284,4.9351465e-06,4.969682e-06,1.609513e-05,29.2,72.01,2.97,3.46,32.19,6.94,Wheat,Vegetative,HEALTHY
20260724_123113,G_20_24,odm_orthophoto,20,24,1127,1045,4299920.306088826,618824.5223674418,0.62872064,0.12139508,3.360599e-05,0.7506393861892583,77.66410912190963,37.127937,3.23058e-06,4.029204e-06,1.4432996e-05,30.09,70.6,14.54,4.53,30.61,6.58,Wheat,Vegetative,HEALTHY
20260724_123113,G_20_25,odm_orthophoto,20,25,1173,1045,4299920.306088826,618826.8217871028,0.5401611,0.101882994,2.7840359e-05,0.7830349531116795,79.75277067348678,45.983894,4.0148484e-06,4.245482e-06,1.3295297e-05,28.1,64.82,1.25,4.34,25.43,6.56,Wheat,Vegetative,HEALTHY
20260724_123113,G_20_26,odm_orthophoto,20,26,1219,1045,4299920.306088826,618829.1212067639,0.5249338,0.10376471,3.0368485e-05,0.840153452685422,85.72037510656436,47.50662,4.6177065e-06,4.6414602e-06,1.474093e-05,32.46,73.07,0.7,0.63,32.34,6.38,Wheat,Vegetative,HEALTHY
20260724_123113,G_20_27,odm_orthophoto,20,27,1265,1045,4299920.306088826,618831.420626425,0.55164814,0.11443824,2.692244e-05,0.8593350383631714,87.68115942028986,44.835186,3.449438e-06,3.7924785e-06,1.2423886e-05,33.89,78.15,14.43,1.91,30.16,6.8,Wheat,Vegetative,HEALTHY
20260724_123113,G_20_28,odm_orthophoto,20,28,1311,1045,4299920.306088826,618833.720046086,0.45299548,0.07291713,2.7318321e-05,0.7634271099744245,77.74936061381074,54.70045,5.6503063e-06,5.4436123e-06,1.4756787e-05,28.51,75.53,5.36,5.71,41.12,6.69,Wheat,Vegetative,HEALTHY
20260724_123113,G_20_29,odm_orthophoto,20,29,1357,1045,4299920.306088826,618836.019465747,0.47082576,0.07401286,2.6256452e-05,0.8925831202046036,91.34697357203751,52.91742,5.087746e-06,5.016584e-06,1.3840229e-05,29.92,71.07,9.79,1.3,42.03,7.06,Wheat,Vegetative,HEALTHY
20260724_123113,G_20_30,odm_orthophoto,20,30,1403,1045,4299920.306088826,618838.3188854081,0.5716574,0.11392739,2.8486016e-05,0.7433930093776641,75.2770673486786,42.83426,3.4825273e-06,3.874697e-06,1.29781865e-05,30.97,65.46,12.24,5.8,29.55,6.88,Wheat,Vegetative,HEALTHY
20260724_123113,G_20_31,odm_orthophoto,20,31,1449,1045,4299920.306088826,618840.6183050692,0.43358204,0.08179148,2.522306e-05,0.8128729752770674,82.39556692242114,56.641792,5.618195e-06,5.238314e-06,1.4026213e-05,24.67,62.82,2.02,4.16,42.51,6.65,Wheat,Vegetative,HEALTHY
20260724_123113,G_20_32,odm_orthophoto,20,32,1495,1045,4299920.306088826,618842.9177247302,0.5841109,0.124827795,3.007705e-05,0.8597612958226769,87.59590792838875,41.58891,3.5522157e-06,3.9766605e-06,1.357825e-05,35.56,75.63,10.49,1.14,34.12,6.82,Wheat,Vegetative,HEALTHY
20260724_123113,G_20_33,odm_orthophoto,20,33,1541,1045,4299920.306088826,618845.2171443913,0.59853584,0.12752278,3.1893196e-05,0.793691389599318,81.15942028985508,40.146416,3.530194e-06,3.9680376e-06,1.4161648e-05,30.86,70.46,6.48,2.89,27.56,6.73,Wheat,Vegetative,HEALTHY
20260724_123113,G_20_34,odm_orthophoto,20,34,1587,1045,4299920.306088826,618847.5165640523,0.46167323,0.08594558,2.911282e-05,0.8640238704177323,86.99914748508098,53.832672,5.7007865e-06,5.2613223e-06,1.5405476e-05,32.65,80.84,7.23,0.6,33.21,7.16,Wheat,Vegetative,HEALTHY
20260724_123113,G_20_35,odm_orthophoto,20,35,1633,1045,4299920.306088826,618849.8159837134,0.5253056,0.1179084,2.5068344e-05,0.9356351236146633,94.54390451832907,47.469437,3.7626187e-06,3.6384074e-06,1.2119004e-05,30.03,67.98,14.34,3.63,24.99,6.8,Wheat,Vegetative,HEALTHY
20260724_123113,G_20_36,odm_orthophoto,20,36,1679,1045,4299920.306088826,618852.1154033744,0.54287124,0.11033412,3.0386718e-05,0.8303495311167945,85.08098891730606,45.712875,4.360737e-06,4.3686196e-06,1.4490028e-05,26.92,69.21,3.56,3.72,32.21,6.4,Wheat,Vegetative,HEALTHY
20260724_123113,G_20_37,odm_orthophoto,20,37,1725,1045,4299920.306088826,618854.4148230355,0.58336955,0.12198886,3.307391e-05,0.7647058823529411,79.02813299232737,41.663044,3.85684e-06,4.1178923e-06,1.48819e-05,30.16,74.6,1.71,3.36,36.45,6.88,Wheat,Vegetative,HEALTHY
20260724_123113,G_20_38,odm_orthophoto,20,38,1771,1045,4299920.306088826,618856.7142426965,0.5658487,0.12848425,2.6840318e-05,0.8554987212276215,87.6385336743393,43.41513,3.3269057e-06,3.4873528e-06,1.22739675e-05,30.98,67.36,7.05,4.89,31.71,7.0,Wheat,Vegetative,HEALTHY
20260724_123113,G_20_39,odm_orthophoto,20,39,1817,1045,4299920.306088826,618859.0136623576,0.46101508,0.09673002,2.7591852e-05,0.8537936913895993,86.31713554987212,53.89849,5.4475313e-06,5.045664e-06,1.4645186e-05,31.92,68.89,4.16,5.4,28.11,6.72,Wheat,Vegetative,HEALTHY
20260724_123113,G_20_40,odm_orthophoto,20,40,1863,1045,4299920.306088826,618861.3130820188,0.6066778,0.12843528,3.3896285e-05,0.8307757885763001,85.46462063086105,39.332222,3.6501795e-06,3.9808415e-06,1.4949369e-05,31.36,72.46,12.35,4.1,31.59,6.66,Wheat,Vegetative,HEALTHY
20260724_123113,G_20_41,odm_orthophoto,20,41,1909,1045,4299920.306088826,618863.6125016798,0.6158165,0.12567581,3.1997217e-05,0.8184143222506394,83.41858482523445,38.418354,3.2760047e-06,3.6755307e-06,1.3942119e-05,29.83,70.47,8.23,1.48,34.34,7.05,Wheat,Vegetative,HEALTHY
20260724_123113,G_20_42,odm_orthophoto,20,42,1955,1045,4299920.306088826,618865.9119213409,0.54596686,0.11480442,3.0805437e-05,0.9360613810741688,95.05541346973571,45.403313,4.3625655e-06,4.3496316e-06,1.4631437e-05,33.05,69.05,3.85,5.51,43.33,6.75,Wheat,Vegetative,HEALTHY
20260724_123113,G_20_43,odm_orthophoto,20,43,2001,1045,4299920.306088826,618868.2113410019,0.5476227,0.12003026,2.6541291e-05,0.9057971014492754,91.04859335038363,45.237732,3.6525992e-06,3.7055424e-06,1.2499989e-05,31.9,71.95,5.26,4.39,31.29,6.67,Wheat,Vegetative,HEALTHY
20260724_123113,G_20_44,odm_orthophoto,20,44,2047,1045,4299920.306088826,618870.510760663,0.5086108,0.08971857,2.93383e-05,0.8358908780903666,85.37936913895993,49.13892,4.8970696e-06,5.1587913e-06,1.4676888e-05,31.09,76.0,11.28,4.34,37.16,7.25,Wheat,Vegetative,HEALTHY
20260724_123113,G_20_45,odm_orthophoto,20,45,2093,1045,4299920.306088826,618872.810180324,0.53636795,0.10584579,3.3375687e-05,0.8908780903665814,90.92071611253198,46.363205,4.8305074e-06,5.2850996e-06,1.5956206e-05,34.11,79.8,11.56,1.28,35.31,6.58,Wheat,Vegetative,HEALTHY
20260724_123113,G_20_46,odm_orthophoto,20,46,2139,1045,4299920.306088826,618875.1095999851,0.5107067,0.1226509,2.9832696e-05,1.0,100.0,48.92933,4.756432e-06,4.694955e-06,1.470106e-05,28.71,69.7,1.63,1.86,28.62,6.99,Wheat,Vegetative,HEALTHY
20260724_123113,G_21_6,odm_orthophoto,21,6,299,1096,4299917.756088864,618783.1328135427,0.43404213,0.0588107,2.0965772e-05,0.9420289855072463,94.20289855072464,56.59579,4.5561133e-06,4.975727e-06,1.1544929e-05,33.39,69.0,12.93,1.72,32.66,6.47,Wheat,Vegetative,HEALTHY
20260724_123113,G_21_7,odm_orthophoto,21,7,345,1096,4299917.756088864,618785.4322332038,0.43470556,0.05500368,2.193228e-05,1.0,100.0,56.529446,4.750523e-06,5.2281744e-06,1.20615305e-05,33.74,70.6,10.94,3.12,36.51,6.44,Wheat,Vegetative,HEALTHY
20260724_123113,G_21_8,odm_orthophoto,21,8,391,1096,4299917.756088864,618787.7316528648,0.46799126,0.06646458,2.3381466e-05,1.0,100.0,53.20088,4.4483095e-06,4.3955547e-06,1.2242394e-05,24.64,73.6,14.95,1.15,40.03,6.79,Wheat,Vegetative,HEALTHY
20260724_123113,G_21_9,odm_orthophoto,21,9,437,1096,4299917.756088864,618790.0310725259,0.50832015,0.08564065,2.6442025e-05,1.0,100.0,49.167984,4.33925e-06,3.5681492e-06,1.3153575e-05,33.28,81.79,9.77,0.64,34.54,6.46,Wheat,Vegetative,HEALTHY
20260724_123113,G_21_10,odm_orthophoto,21,10,483,1096,4299917.756088864,618792.330492187,0.5053641,0.08423369,2.800428e-05,1.0,100.0,49.46359,4.645175e-06,4.0084956e-06,1.3980293e-05,32.04,81.52,10.8,4.34,34.78,7.36,Wheat,Vegetative,HEALTHY
20260724_123113,G_21_11,odm_orthophoto,21,11,529,1096,4299917.756088864,618794.629911848,0.4849839,0.062373623,2.903868e-05,1.0,100.0,51.50161,5.219449e-06,4.4417716e-06,1.4899408e-05,28.85,78.05,12.06,3.42,44.8,7.0,Wheat,Vegetative,HEALTHY
20260724_123113,G_21_12,odm_orthophoto,21,12,575,1096,4299917.756088864,618796.929331509,0.4825019,0.068247914,2.4575389e-05,0.9791133844842285,98.59335038363172,51.749813,4.4501003e-06,3.7649518e-06,1.2642184e-05,26.78,81.62,5.23,2.81,32.53,6.97,Wheat,Vegetative,HEALTHY
20260724_123113,G_21_13,odm_orthophoto,21,13,621,1096,4299917.756088864,618799.2287511701,0.5277264,0.15418138,2.0049523e-05,0.8213981244671782,83.24808184143222,47.22736,3.0482925e-06,3.99223e-06,9.731642e-06,27.41,71.97,12.48,4.54,35.9,6.96,Wheat,Vegetative,HEALTHY
20260724_123113,G_21_14,odm_orthophoto,21,14,667,1096,4299917.756088864,618801.5281708312,0.5265414,0.17597474,1.7274937e-05,0.6683716965046889,67.86018755328217,47.34586,2.5869854e-06,3.7948157e-06,8.345425e-06,31.59,69.3,13.03,0.88,44.53,6.24,Wheat,Vegetative,HEALTHY
20260724_123113,G_21_15,odm_orthophoto,21,15,713,1096,4299917.756088864,618803.8275904922,0.5761525,0.14813653,2.8819019e-05,0.8375959079283888,84.82523444160273,42.38475,3.222897e-06,4.3642326e-06,1.2829609e-05,33.94,70.12,1.5,2.77,37.22,6.37,Wheat,Vegetative,HEALTHY
20260724_123113,G_21_16,odm_orthophoto,21,16,759,1096,4299917.756088864,618806.1270101533,0.6456081,0.14250484,3.7632748e-05,0.8601875532821824,86.82864450127877,35.439186,3.3797403e-06,4.157433e-06,1.5924488e-05,32.81,70.76,1.04,5.49,30.51,6.88,Wheat,Vegetative,HEALTHY
20260724_123113,G_21_17,odm_orthophoto,21,17,805,1096,4299917.756088864,618808.4264298143,0.73689735,0.1620376,4.341282e-05,1.0,100.0,26.310265,2.5877432e-06,3.562039e-06,1.7059254e-05,32.32,73.61,5.98,1.37,47.19,6.94,Wheat,Vegetative,HEALTHY
20260724_123113,G_21_18,odm_orthophoto,21,18,851,1096,4299917.756088864,618810.7258494754,0.55602825,0.10519693,3.0206435e-05,1.0,100.0,44.397175,4.018002e-06,4.254142e-06,1.4087181e-05,30.48,74.15,4.06,0.62,27.79,6.78,Wheat,Vegetative,HEALTHY
20260724_123113,G_21_19,odm_orthophoto,21,19,897,1096,4299917.756088864,618813.0252691364,0.43066347,0.08239896,2.2821065e-05,1.0,100.0,56.933655,5.048961e-06,4.5054962e-06,1.2656254e-05,31.66,66.87,4.4,3.79,39.05,7.39,Wheat,Vegetative,HEALTHY
20260724_123113,G_21_20,odm_orthophoto,21,20,943,1096,4299917.756088864,618815.3246887975,0.4747008,0.07707705,2.5431951e-05,0.8712702472293266,88.87468030690538,52.52992,4.6527894e-06,4.401462e-06,1.3130413e-05,32.06,72.6,2.11,1.05,43.76,6.91,Wheat,Vegetative,HEALTHY
20260724_123113,G_21_21,odm_orthophoto,21,21,989,1096,4299917.756088864,618817.6241084585,0.49367735,0.06904292,2.4603498e-05,0.9612105711849958,96.58994032395567,50.632263,4.215784e-06,4.2094694e-06,1.2417226e-05,30.74,71.03,11.39,4.83,23.55,6.87,Wheat,Vegetative,HEALTHY
20260724_123113,G_21_22,odm_orthophoto,21,22,1035,1096,4299917.756088864,618819.9235281196,0.47811514,0.06375073,2.7492999e-05,0.9006820119352089,91.60272804774084,52.188484,5.055271e-06,4.8251436e-06,1.421996e-05,31.26,79.02,13.18,1.18,36.99,6.63,Wheat,Vegetative,HEALTHY
20260724_123113,G_21_23,odm_orthophoto,21,23,1081,1096,4299917.756088864,618822.2229477807,0.5593045,0.08484945,3.251646e-05,0.8653026427962489,88.1926683716965,44.069553,4.3329787e-06,4.6742734e-06,1.5172229e-05,31.95,74.72,13.76,3.11,28.88,6.96,Wheat,Vegetative,HEALTHY
20260724_123113,G_21_24,odm_orthophoto,21,24,1127,1096,4299917.756088864,618824.5223674418,0.6144567,0.11683022,3.079037e-05,0.7979539641943734,81.37254901960785,38.55433,2.965473e-06,3.734645e-06,1.3229283e-05,29.61,66.52,13.13,0.96,34.03,6.35,Wheat,Vegetative,HEALTHY
20260724_123113,G_21_25,odm_orthophoto,21,25,1173,1096,4299917.756088864,618826.8217871028,0.5003877,0.09492866,2.936185e-05,0.8393009377664109,85.08098891730606,49.961227,4.9267537e-06,4.86937e-06,1.4714423e-05,28.17,72.76,10.39,2.11,38.47,6.91,Wheat,Vegetative,HEALTHY
20260724_123113,G_21_26,odm_orthophoto,21,26,1219,1096,4299917.756088864,618829.1212067639,0.58069,0.1217556,2.8988887e-05,0.8976982097186701,90.7075873827792,41.930996,3.4299433e-06,3.852024e-06,1.3093235e-05,31.57,75.91,12.88,5.56,28.38,7.33,Wheat,Vegetative,HEALTHY
20260724_123113,G_21_27,odm_orthophoto,21,27,1265,1096,4299917.756088864,618831.420626425,0.52010536,0.097351104,2.7246622e-05,0.8248081841432225,83.93009377664109,47.989464,4.3178566e-06,4.4614644e-06,1.3400391e-05,31.27,67.7,0.51,3.16,35.99,7.05,Wheat,Vegetative,HEALTHY
20260724_123113,G_21_28,odm_orthophoto,21,28,1311,1096,4299917.756088864,618833.720046086,0.4945894,0.08657852,2.9535822e-05,0.9556692242114238,96.67519181585678,50.54106,5.232199e-06,5.1810894e-06,1.5077876e-05,31.22,62.84,3.44,2.91,26.61,6.72,Wheat,Vegetative,HEALTHY
20260724_123113,G_21_29,odm_orthophoto,21,29,1357,1096,4299917.756088864,618836.019465747,0.54629,0.10961319,2.4701529e-05,0.8508098891730606,86.57289002557545,45.371002,3.3977224e-06,3.6396505e-06,1.1631818e-05,34.65,71.19,12.87,4.63,37.88,6.71,Wheat,Vegetative,HEALTHY
20260724_123113,G_21_30,odm_orthophoto,21,30,1403,1096,4299917.756088864,618838.3188854081,0.5395229,0.096645676,3.045485e-05,0.8273657289002557,85.20886615515771,46.04771,4.4044773e-06,4.6860278e-06,1.4556482e-05,31.13,66.89,0.91,5.96,29.53,6.05,Wheat,Vegetative,HEALTHY
20260724_123113,G_21_31,odm_orthophoto,21,31,1449,1096,4299917.756088864,618840.6183050692,0.45522645,0.08479651,2.46004e-05,0.9492753623188406,96.16368286445012,54.477356,4.9992227e-06,4.75218e-06,1.3199657e-05,31.86,81.81,5.4,2.49,34.68,5.88,Wheat,Vegetative,HEALTHY
20260724_123113,G_21_32,odm_orthophoto,21,32,1495,1096,4299917.756088864,618842.9177247302,0.5403154,0.12008268,2.8216813e-05,0.8465473145780051,85.63512361466326,45.96846,3.857879e-06,4.0476275e-06,1.3263817e-05,30.83,69.93,13.76,3.65,34.22,6.71,Wheat,Vegetative,HEALTHY
20260724_123113,G_21_33,odm_orthophoto,21,33,1541,1096,4299917.756088864,618845.2171443913,0.54556537,0.11986665,3.433027e-05,0.8930093776641091,90.62233589087809,45.443462,4.845406e-06,4.795635e-06,1.6289316e-05,32.65,75.1,6.67,5.49,31.94,6.36,Wheat,Vegetative,HEALTHY
20260724_123113,G_21_34,odm_orthophoto,21,34,1587,1096,4299917.756088864,618847.5165640523,0.56911016,0.13700128,2.8232726e-05,0.8324808184143222,85.5924978687127,43.088985,3.479152e-06,3.5404187e-06,1.2890379e-05,25.62,75.9,4.84,1.03,31.29,6.81,Wheat,Vegetative,HEALTHY
20260724_123113,G_21_35,odm_orthophoto,21,35,1633,1096,4299917.756088864,618849.8159837134,0.6033469,0.13583018,3.1906224e-05,0.8320545609548167,85.33674339300937,39.66531,3.320986e-06,3.6293748e-06,1.3956778e-05,29.61,71.95,8.46,3.13,26.49,7.05,Wheat,Vegetative,HEALTHY
20260724_123113,G_21_36,odm_orthophoto,21,36,1679,1096,4299917.756088864,618852.1154033744,0.5290402,0.11260622,3.119893e-05,0.9232736572890026,94.03239556692242,47.095978,4.6265245e-06,4.4716876e-06,1.5026583e-05,28.39,66.46,13.2,2.09,43.29,7.49,Wheat,Vegetative,HEALTHY
20260724_123113,G_21_37,odm_orthophoto,21,37,1725,1096,4299917.756088864,618854.4148230355,0.5672328,0.13415502,2.7299415e-05,0.7600170502983802,78.04774083546462,43.276722,3.3146412e-06,3.425033e-06,1.2414747e-05,30.85,75.49,11.35,3.91,30.36,7.23,Wheat,Vegetative,HEALTHY
20260724_123113,G_21_38,odm_orthophoto,21,38,1771,1096,4299917.756088864,618856.7142426965,0.57402664,0.1273055,3.1775315e-05,0.8056265984654731,82.39556692242114,42.597336,3.920194e-06,4.0629493e-06,1.4512361e-05,30.77,66.73,2.43,2.27,33.05,6.6,Wheat,Vegetative,HEALTHY
20260724_123113,G_21_39,odm_orthophoto,21,39,1817,1096,4299917.756088864,618859.0136623576,0.5105423,0.108721085,2.9229477e-05,0.8158567774936062,84.05797101449275,48.945774,4.7336175e-06,4.544532e-06,1.4477153e-05,35.14,73.71,6.8,3.96,35.84,6.81,Wheat,Vegetative,HEALTHY
20260724_123113,G_21_40,odm_orthophoto,21,40,1863,1096,4299917.756088864,618861.3130820188,0.51977724,0.11552527,2.604468e-05,0.922847399829497,92.54049445865303,48.022278,4.022471e-06,3.8085182e-06,1.2704326e-05,30.74,63.79,8.51,5.05,40.67,6.83,Wheat,Vegetative,HEALTHY
20260724_123113,G_21_41,odm_orthophoto,21,41,1909,1096,4299917.756088864,618863.6125016798,0.4788783,0.09264523,2.7479267e-05,0.8712702472293266,88.06479113384485,52.112175,5.0467684e-06,4.7352096e-06,1.4206879e-05,31.42,70.74,6.03,5.75,37.86,6.58,Wheat,Vegetative,HEALTHY
20260724_123113,G_21_42,odm_orthophoto,21,42,1955,1096,4299917.756088864,618865.9119213409,0.5604772,0.11599448,3.092302e-05,0.8017902813299232,81.79880647911338,43.952282,4.00361e-06,4.0988734e-06,1.431167e-05,31.54,75.78,0.48,3.74,36.07,6.96,Wheat,Vegetative,HEALTHY
20260724_123113,G_21_43,odm_orthophoto,21,43,2001,1096,4299917.756088864,618868.2113410019,0.5200988,0.10625559,2.6965517e-05,0.8482523444160273,86.35976129582268,47.99012,4.179529e-06,4.2362917e-06,1.3168354e-05,31.21,72.06,10.49,3.09,35.18,7.06,Wheat,Vegetative,HEALTHY
20260724_123113,G_21_44,odm_orthophoto,21,44,2047,1096,4299917.756088864,618870.510760663,0.42647058,0.063554294,2.70577e-05,0.9143222506393862,91.90110826939471,57.352943,6.124081e-06,6.0093694e-06,1.5143701e-05,33.17,64.18,3.75,1.47,45.07,7.06,Wheat,Vegetative,HEALTHY
20260724_123113,G_21_45,odm_orthophoto,21,45,2093,1096,4299917.756088864,618872.810180324,0.54843706,0.12019821,3.143592e-05,0.8307757885763001,84.61210571184996,45.156296,4.225736e-06,4.4887024e-06,1.4704782e-05,27.58,73.25,12.52,1.63,34.92,6.37,Wheat,Vegetative,HEALTHY
20260724_123113,G_21_46,odm_orthophoto,21,46,2139,1096,4299917.756088864,618875.1095999851,0.44349888,0.09657776,2.7350963e-05,0.8917306052855924,89.17306052855925,55.650116,5.765228e-06,5.289088e-06,1.4882596e-05,31.07,63.54,13.48,5.17,41.62,6.95,Wheat,Vegetative,HEALTHY
20260724_123113,G_22_6,odm_orthophoto,22,6,299,1147,4299915.206088902,618783.1328135427,0.43971744,0.060150348,2.1956017e-05,1.0,100.0,56.02826,4.66434e-06,5.093409e-06,1.1983257e-05,28.07,71.18,14.99,2.17,32.59,6.95,Wheat,Vegetative,HEALTHY
20260724_123113,G_22_7,odm_orthophoto,22,7,345,1147,4299915.206088902,618785.4322332038,0.4395329,0.05895731,2.1316742e-05,1.0,100.0,56.04671,4.5291226e-06,5.0332346e-06,1.1634935e-05,33.18,78.64,10.24,2.52,40.4,7.03,Wheat,Vegetative,HEALTHY
20260724_123113,G_22_8,odm_orthophoto,22,8,391,1147,4299915.206088902,618787.7316528648,0.47966722,0.07129368,2.489253e-05,1.0,100.0,52.03328,4.548933e-06,4.228137e-06,1.2846742e-05,31.44,67.99,5.3,4.63,37.52,7.05,Wheat,Vegetative,HEALTHY
20260724_123113,G_22_9,odm_orthophoto,22,9,437,1147,4299915.206088902,618790.0310725259,0.51767707,0.09719685,2.5504105e-05,1.0,100.0,48.232292,4.0235573e-06,3.467068e-06,1.2525214e-05,30.61,71.92,5.7,4.13,31.96,6.81,Wheat,Vegetative,HEALTHY
20260724_123113,G_22_10,odm_orthophoto,22,10,483,1147,4299915.206088902,618792.330492187,0.514471,0.09425484,2.6830163e-05,1.0,100.0,48.552902,4.274889e-06,3.9676265e-06,1.3218594e-05,29.94,67.33,0.26,5.35,39.01,7.22,Wheat,Vegetative,HEALTHY
20260724_123113,G_22_11,odm_orthophoto,22,11,529,1147,4299915.206088902,618794.629911848,0.5037971,0.07985271,2.6178763e-05,0.9953111679454391,99.57374254049446,49.62029,4.361207e-06,3.6694062e-06,1.30877725e-05,28.62,72.95,0.5,2.03,36.89,7.07,Wheat,Vegetative,HEALTHY
20260724_123113,G_22_12,odm_orthophoto,22,12,575,1147,4299915.206088902,618796.929331509,0.5863505,0.11407516,3.2757056e-05,0.9663256606990622,97.3145780051151,41.36495,3.823309e-06,3.3842373e-06,1.4742751e-05,29.84,66.82,11.25,1.8,32.46,6.8,Wheat,Vegetative,HEALTHY
20260724_123113,G_22_14,odm_orthophoto,22,14,667,1147,4299915.206088902,618801.5281708312,0.5561744,0.17987897,1.949402e-05,0.53154305200341,54.43307757885763,44.38256,2.5009942e-06,3.4896314e-06,8.999161e-06,35.26,65.52,9.6,5.13,25.86,6.69,Wheat,Vegetative,HEALTHY
20260724_123113,G_22_16,odm_orthophoto,22,16,759,1147,4299915.206088902,618806.1270101533,0.7417087,0.1766316,4.4130582e-05,0.9974424552429667,99.87212276214834,25.82913,2.5319437e-06,3.4172176e-06,1.7242723e-05,30.37,66.83,7.36,5.96,28.98,6.9,Wheat,Vegetative,HEALTHY
20260724_123113,G_22_17,odm_orthophoto,22,17,805,1147,4299915.206088902,618808.4264298143,0.6751797,0.1594716,4.0284693e-05,0.9872122762148338,99.23273657289002,32.48203,3.2634575e-06,3.9350666e-06,1.669223e-05,34.93,80.02,2.89,1.67,35.51,6.77,Wheat,Vegetative,HEALTHY
20260724_123113,G_22_18,odm_orthophoto,22,18,851,1147,4299915.206088902,618810.7258494754,0.47253543,0.08827494,2.5293917e-05,1.0,100.0,52.746456,4.7190906e-06,4.5084635e-06,1.31506995e-05,30.25,65.73,5.99,0.69,27.73,6.77,Wheat,Vegetative,HEALTHY
20260724_123113,G_22_19,odm_orthophoto,22,19,897,1147,4299915.206088902,618813.0252691364,0.48341894,0.10398257,2.496265e-05,0.8827791986359761,89.13043478260869,51.658104,4.3561668e-06,4.0505597e-06,1.2677339e-05,31.3,84.03,2.23,5.33,37.24,7.16,Wheat,Vegetative,HEALTHY
20260724_123113,G_22_20,odm_orthophoto,22,20,943,1147,4299915.206088902,618815.3246887975,0.594489,0.09600594,3.2888165e-05,0.8448422847399829,85.6777493606138,40.5511,3.5728694e-06,4.1713056e-06,1.4536005e-05,35.28,74.09,4.42,4.77,41.62,6.51,Wheat,Vegetative,HEALTHY
20260724_123113,G_22_21,odm_orthophoto,22,21,989,1147,4299915.206088902,618817.6241084585,0.5310378,0.079052135,2.8635039e-05,0.7855924978687127,80.77578857630009,46.896217,4.256225e-06,4.3690047e-06,1.3801589e-05,29.59,64.98,2.61,4.61,40.65,7.09,Wheat,Vegetative,HEALTHY
20260724_123113,G_22_22,odm_orthophoto,22,22,1035,1147,4299915.206088902,618819.9235281196,0.489809,0.06644761,2.8675786e-05,0.9006820119352089,91.17647058823529,51.019096,5.1083425e-06,4.804072e-06,1.46673165e-05,33.39,70.79,14.29,3.93,38.6,7.07,Wheat,Vegetative,HEALTHY
20260724_123113,G_22_23,odm_orthophoto,22,23,1081,1147,4299915.206088902,618822.2229477807,0.5335913,0.091681585,2.454737e-05,0.8047740835464621,82.26768968456948,46.640873,3.4543787e-06,3.810793e-06,1.1637091e-05,30.33,74.04,6.22,2.6,30.26,6.97,Wheat,Vegetative,HEALTHY
20260724_123113,G_22_24,odm_orthophoto,22,24,1127,1147,4299915.206088902,618824.5223674418,0.5536964,0.08924974,3.1772353e-05,0.8226768968456948,84.61210571184996,44.63036,4.3492364e-06,4.7366257e-06,1.4940433e-05,32.16,72.54,3.47,2.62,48.7,6.52,Wheat,Vegetative,HEALTHY
20260724_123113,G_22_25,odm_orthophoto,22,25,1173,1147,4299915.206088902,618826.8217871028,0.55142546,0.103302985,3.0683725e-05,0.763000852514919,78.09036658141517,44.857452,4.2279053e-06,4.497984e-06,1.4456201e-05,30.81,63.92,14.52,2.98,29.91,6.76,Wheat,Vegetative,HEALTHY
20260724_123113,G_22_26,odm_orthophoto,22,26,1219,1147,4299915.206088902,618829.1212067639,0.52247673,0.11277715,2.4710154e-05,0.8576300085251491,87.0843989769821,47.752327,3.6149963e-06,3.8423664e-06,1.1851981e-05,33.27,78.66,4.27,4.1,33.78,6.61,Wheat,Vegetative,HEALTHY
20260724_123113,G_22_27,odm_orthophoto,22,27,1265,1147,4299915.206088902,618831.420626425,0.46282992,0.07565606,2.8775205e-05,0.8930093776641091,90.3239556692242,53.717007,5.6721487e-06,5.544501e-06,1.5264288e-05,31.62,75.58,12.35,5.1,31.7,7.01,Wheat,Vegetative,HEALTHY
20260724_123113,G_22_28,odm_orthophoto,22,28,1311,1147,4299915.206088902,618833.720046086,0.6175343,0.11699959,3.3284534e-05,0.7693947144075022,79.19863597612958,38.24657,3.409163e-06,4.0883997e-06,1.4504416e-05,30.67,76.21,4.61,3.44,44.07,6.7,Wheat,Vegetative,HEALTHY
20260724_123113,G_22_29,odm_orthophoto,22,29,1357,1147,4299915.206088902,618836.019465747,0.569608,0.112178326,2.765621e-05,0.7007672634271099,71.99488491048594,43.039204,3.4951695e-06,3.9058577e-06,1.271421e-05,30.88,73.95,12.56,0.73,34.24,7.07,Wheat,Vegetative,HEALTHY
20260724_123113,G_22_30,odm_orthophoto,22,30,1403,1147,4299915.206088902,618838.3188854081,0.42411765,0.06855887,2.39293e-05,0.948849104859335,95.56692242114238,57.58823,5.4920483e-06,5.112361e-06,1.3468787e-05,33.58,71.62,3.78,2.66,31.38,6.57,Wheat,Vegetative,HEALTHY
20260724_123113,G_22_31,odm_orthophoto,22,31,1449,1147,4299915.206088902,618840.6183050692,0.4554671,0.09369949,2.1547907e-05,0.9957374254049446,99.82949701619779,54.45329,4.3098e-06,4.0824475e-06,1.1492664e-05,29.71,72.32,0.66,0.65,30.23,6.82,Wheat,Vegetative,HEALTHY
20260724_123113,G_22_32,odm_orthophoto,22,32,1495,1147,4299915.206088902,618842.9177247302,0.44997084,0.08486757,2.4789404e-05,0.9893435635123614,99.36061381074168,55.002914,5.157454e-06,4.80851e-06,1.3420898e-05,32.16,73.12,7.69,2.6,38.68,6.9,Wheat,Vegetative,HEALTHY
20260724_123113,G_22_33,odm_orthophoto,22,33,1541,1147,4299915.206088902,618845.2171443913,0.5351563,0.11587983,3.1669253e-05,0.7941176470588235,81.92668371696504,46.484367,4.717967e-06,4.6295618e-06,1.5274809e-05,30.51,71.92,14.67,2.92,30.37,7.1,Wheat,Vegetative,HEALTHY
20260724_123113,G_22_34,odm_orthophoto,22,34,1587,1147,4299915.206088902,618847.5165640523,0.5101242,0.12808457,2.3971366e-05,0.8171355498721228,82.39556692242114,48.98758,3.6732229e-06,3.505133e-06,1.1663936e-05,31.52,67.99,4.36,1.98,47.32,7.08,Wheat,Vegetative,HEALTHY
20260724_123113,G_22_35,odm_orthophoto,22,35,1633,1147,4299915.206088902,618849.8159837134,0.5303847,0.11047595,3.2195647e-05,0.8162830349531117,82.9923273657289,46.96153,4.839172e-06,4.6976397e-06,1.5571493e-05,34.27,78.21,9.48,3.93,36.73,7.11,Wheat,Vegetative,HEALTHY
20260724_123113,G_22_36,odm_orthophoto,22,36,1679,1147,4299915.206088902,618852.1154033744,0.5981695,0.13671029,3.1887663e-05,0.8252344416027281,84.22847399829497,40.18305,3.4354161e-06,3.6697702e-06,1.4065028e-05,32.84,68.29,0.61,1.2,31.99,6.53,Wheat,Vegetative,HEALTHY
20260724_123113,G_22_37,odm_orthophoto,22,37,1725,1147,4299915.206088902,618854.4148230355,0.5204242,0.118434116,2.6467971e-05,0.9011082693947144,91.68797953964194,47.95758,4.0612676e-06,3.9478723e-06,1.2884232e-05,32.62,65.37,1.71,2.7,23.82,6.68,Wheat,Vegetative,HEALTHY
20260724_123113,G_22_38,odm_orthophoto,22,38,1771,1147,4299915.206088902,618856.7142426965,0.49068305,0.10360958,2.9786526e-05,0.9326513213981245,93.77664109121909,50.931694,5.2392047e-06,4.9277655e-06,1.5168454e-05,32.71,72.42,6.83,4.81,27.19,6.8,Wheat,Vegetative,HEALTHY
20260724_123113,G_22_39,odm_orthophoto,22,39,1817,1147,4299915.206088902,618859.0136623576,0.5473612,0.11727866,2.896901e-05,0.7702472293265132,78.81500426257459,45.26388,3.9333163e-06,3.9886227e-06,1.359e-05,32.25,61.45,1.67,5.17,40.06,6.52,Wheat,Vegetative,HEALTHY
20260724_123113,G_22_40,odm_orthophoto,22,40,1863,1147,4299915.206088902,618861.3130820188,0.6040177,0.118801475,3.257384e-05,0.6926683716965046,72.29326513213982,39.598232,3.4304367e-06,3.8556163e-06,1.4288781e-05,29.5,74.65,3.59,4.6,26.91,7.13,Wheat,Vegetative,HEALTHY
20260724_123113,G_22_41,odm_orthophoto,22,41,1909,1147,4299915.206088902,618863.6125016798,0.51677924,0.10061745,2.9251638e-05,0.8363171355498721,85.80562659846548,48.322075,4.5585707e-06,4.4909475e-06,1.43094885e-05,34.24,70.49,11.61,0.92,44.48,7.5,Wheat,Vegetative,HEALTHY
20260724_123113,G_22_42,odm_orthophoto,22,42,1955,1147,4299915.206088902,618865.9119213409,0.49372122,0.101154156,2.481652e-05,0.8341858482523444,84.78260869565217,50.627876,4.1909143e-06,4.099361e-06,1.2463369e-05,26.45,64.41,2.04,1.72,32.33,6.44,Wheat,Vegetative,HEALTHY
20260724_123113,G_22_43,odm_orthophoto,22,43,2001,1147,4299915.206088902,618868.2113410019,0.4496973,0.06327009,2.708213e-05,0.9134697357203752,91.60272804774084,55.030273,5.728983e-06,5.6699246e-06,1.4756726e-05,28.18,73.34,11.43,3.33,32.1,6.94,Wheat,Vegetative,HEALTHY
20260724_123113,G_22_44,odm_orthophoto,22,44,2047,1147,4299915.206088902,618870.510760663,0.51602894,0.100412406,2.944868e-05,0.8516624040920716,86.1466325660699,48.397106,4.6764903e-06,4.758371e-06,1.4493097e-05,33.11,67.72,13.72,2.26,35.69,6.76,Wheat,Vegetative,HEALTHY
20260724_123113,G_22_45,odm_orthophoto,22,45,2093,1147,4299915.206088902,618872.810180324,0.43300796,0.09383429,2.464862e-05,0.9974424552429667,99.74424552429667,56.699203,5.4657835e-06,4.9337364e-06,1.3682308e-05,28.15,79.57,10.99,5.78,27.87,6.75,Wheat,Vegetative,HEALTHY
20260724_123113,G_23_5,odm_orthophoto,23,5,253,1198,4299912.656088941,618780.8333938817,0.44956023,0.0681761,2.1496839e-05,0.7127024722932651,71.95225916453538,55.043976,4.370766e-06,4.7237554e-06,1.1536608e-05,27.63,70.73,5.27,3.27,34.69,6.52,Wheat,Vegetative,HEALTHY
20260724_123113,G_23_6,odm_orthophoto,23,6,299,1198,4299912.656088941,618783.1328135427,0.44980073,0.0650643,2.2101907e-05,0.8900255754475703,89.42881500426257,55.019928,4.479821e-06,4.9476876e-06,1.1847366e-05,29.49,70.05,4.94,2.14,41.4,6.51,Wheat,Vegetative,HEALTHY
20260724_123113,G_23_7,odm_orthophoto,23,7,345,1198,4299912.656088941,618785.4322332038,0.4563006,0.06690242,2.2734555e-05,0.9978687127024722,99.87212276214834,54.369938,4.5144016e-06,4.88217e-06,1.2092843e-05,30.26,70.77,5.04,5.51,35.98,6.84,Wheat,Vegetative,HEALTHY
20260724_123113,G_23_8,odm_orthophoto,23,8,391,1198,4299912.656088941,618787.7316528648,0.50955653,0.089677334,2.6526113e-05,1.0,100.0,49.044346,4.3267232e-06,3.841548e-06,1.3169078e-05,32.74,71.66,11.55,2.43,31.0,6.96,Wheat,Vegetative,HEALTHY
20260724_123113,G_23_9,odm_orthophoto,23,9,437,1198,4299912.656088941,618790.0310725259,0.51949596,0.0997459,2.7023665e-05,1.0,100.0,48.050404,4.227605e-06,4.0012487e-06,1.3235814e-05,32.51,76.62,7.43,5.21,27.02,6.65,Wheat,Vegetative,HEALTHY
20260724_123113,G_23_10,odm_orthophoto,23,10,483,1198,4299912.656088941,618792.330492187,0.48784596,0.06571602,3.1071755e-05,0.9820971867007673,98.33759590792839,51.215405,5.7465822e-06,5.4382813e-06,1.6104319e-05,31.65,70.7,10.8,1.79,42.65,6.65,Wheat,Vegetative,HEALTHY
20260724_123113,G_23_11,odm_orthophoto,23,11,529,1198,4299912.656088941,618794.629911848,0.4849778,0.055232737,3.0527815e-05,0.8994032395566922,90.153452685422,51.502216,5.6847816e-06,5.0993076e-06,1.5861191e-05,34.96,62.38,4.4,2.9,39.17,7.31,Wheat,Vegetative,HEALTHY
20260724_123113,G_23_12,odm_orthophoto,23,12,575,1198,4299912.656088941,618796.929331509,0.67354536,0.16740054,3.7514e-05,0.9266837169650469,93.60613810741688,32.645462,3.0273357e-06,3.3747042e-06,1.553248e-05,31.41,76.72,6.06,5.12,41.77,6.73,Wheat,Vegetative,HEALTHY
20260724_123113,G_23_13,odm_orthophoto,23,13,621,1198,4299912.656088941,618799.2287511701,0.7414045,0.22867785,3.6780315e-05,0.8759590792838875,89.94032395566921,25.859552,2.0674916e-06,2.542822e-06,1.4328013e-05,29.86,73.94,5.45,5.95,40.09,6.84,Wheat,Vegetative,HEALTHY
20260724_123113,G_23_15,odm_orthophoto,23,15,713,1198,4299912.656088941,618803.8275904922,0.7249039,0.17371494,4.2683307e-05,0.8486786018755328,85.72037510656436,27.509611,2.6618889e-06,3.3283409e-06,1.6890222e-05,31.58,79.51,7.53,2.27,30.56,6.54,Wheat,Vegetative,HEALTHY
20260724_123113,G_23_16,odm_orthophoto,23,16,759,1198,4299912.656088941,618806.1270101533,0.75336665,0.18746085,4.6782734e-05,1.0,100.0,24.663336,2.5407617e-06,3.4834268e-06,1.8135654e-05,29.84,71.7,14.37,5.24,38.39,6.38,Wheat,Vegetative,HEALTHY
20260724_123113,G_23_17,odm_orthophoto,23,17,805,1198,4299912.656088941,618808.4264298143,0.49230838,0.09399255,2.7695189e-05,1.0,100.0,50.76916,4.703959e-06,4.687542e-06,1.3936038e-05,31.16,73.97,6.72,1.14,33.38,6.54,Wheat,Vegetative,HEALTHY
20260724_123113,G_23_18,odm_orthophoto,23,18,851,1198,4299912.656088941,618810.7258494754,0.45059425,0.10051158,2.2773665e-05,1.0,100.0,54.940575,4.652353e-06,4.1766957e-06,1.2243832e-05,31.48,75.12,11.21,5.99,40.12,6.52,Wheat,Vegetative,HEALTHY
20260724_123113,G_23_19,odm_orthophoto,23,19,897,1198,4299912.656088941,618813.0252691364,0.5528934,0.120724835,2.9988914e-05,0.8209718670076727,84.61210571184996,44.71066,3.9656848e-06,4.1261774e-06,1.3962356e-05,30.22,74.28,2.87,0.61,33.17,6.5,Wheat,Vegetative,HEALTHY
20260724_123113,G_23_20,odm_orthophoto,23,20,943,1198,4299912.656088941,618815.3246887975,0.55840623,0.09941405,3.1050044e-05,0.9083546462063086,91.56010230179028,44.159378,4.1307894e-06,4.5159477e-06,1.4481192e-05,30.1,77.54,8.2,1.46,28.63,6.75,Wheat,Vegetative,HEALTHY
20260724_123113,G_23_21,odm_orthophoto,23,21,989,1198,4299912.656088941,618817.6241084585,0.513447,0.07301708,3.0978692e-05,0.9475703324808185,95.18329070758739,48.6553,4.917855e-06,4.860998e-06,1.5244508e-05,30.69,66.47,6.79,3.76,41.18,6.47,Wheat,Vegetative,HEALTHY
20260724_123113,G_23_22,odm_orthophoto,23,22,1035,1198,4299912.656088941,618819.9235281196,0.54596436,0.07816826,2.7534259e-05,0.9113384484228474,92.58312020460357,45.403564,3.883718e-06,4.209056e-06,1.306212e-05,35.72,80.53,14.96,2.8,41.47,7.04,Wheat,Vegetative,HEALTHY
20260724_123113,G_23_23,odm_orthophoto,23,23,1081,1198,4299912.656088941,618822.2229477807,0.5537076,0.09257175,2.789812e-05,0.8069053708439897,82.05456095481671,44.629242,3.717735e-06,4.105961e-06,1.301743e-05,29.77,80.01,3.2,1.98,41.39,6.77,Wheat,Vegetative,HEALTHY
20260724_123113,G_23_24,odm_orthophoto,23,24,1127,1198,4299912.656088941,618824.5223674418,0.50695765,0.084728114,3.0281391e-05,0.9352088661551577,94.50127877237851,49.304234,5.0253975e-06,5.0276476e-06,1.5119604e-05,30.0,71.28,0.3,3.05,25.27,6.71,Wheat,Vegetative,HEALTHY
20260724_123113,G_23_25,odm_orthophoto,23,25,1173,1198,4299912.656088941,618826.8217871028,0.49059954,0.10212166,2.1868022e-05,0.8431372549019608,85.84825234441603,50.94005,3.682839e-06,3.7018663e-06,1.0972401e-05,29.49,66.98,5.67,4.04,35.35,6.67,Wheat,Vegetative,HEALTHY
20260724_123113,G_23_26,odm_orthophoto,23,26,1219,1198,4299912.656088941,618829.1212067639,0.51630783,0.09579609,2.9668066e-05,0.7186700767263428,74.42455242966753,48.369217,4.750206e-06,4.8607676e-06,1.4639952e-05,32.69,73.76,5.67,2.49,36.64,6.82,Wheat,Vegetative,HEALTHY
20260724_123113,G_23_27,odm_orthophoto,23,27,1265,1198,4299912.656088941,618831.420626425,0.51599705,0.08685488,3.169636e-05,0.7374254049445865,75.7459505541347,48.400295,5.079501e-06,5.248574e-06,1.5645393e-05,31.02,59.74,12.07,3.0,30.41,6.86,Wheat,Vegetative,HEALTHY
20260724_123113,G_23_28,odm_orthophoto,23,28,1311,1198,4299912.656088941,618833.720046086,0.5603889,0.118369214,2.7043463e-05,0.840153452685422,85.54987212276215,43.96111,3.4394204e-06,3.8073322e-06,1.2454202e-05,32.26,68.1,6.02,2.79,37.58,7.09,Wheat,Vegetative,HEALTHY
20260724_123113,G_23_29,odm_orthophoto,23,29,1357,1198,4299912.656088941,618836.019465747,0.5237564,0.09470399,3.093274e-05,0.8589087809036658,87.6385336743393,47.624363,4.7516664e-06,4.9739883e-06,1.5062993e-05,30.73,69.71,7.17,2.91,27.16,6.46,Wheat,Vegetative,HEALTHY
20260724_123113,G_23_30,odm_orthophoto,23,30,1403,1198,4299912.656088941,618838.3188854081,0.5374534,0.10964624,2.9730132e-05,0.7148337595907929,73.82779198635976,46.254658,4.3445184e-06,4.5597594e-06,1.4254937e-05,30.84,70.92,3.97,2.84,29.95,6.11,Wheat,Vegetative,HEALTHY
20260724_123113,G_23_31,odm_orthophoto,23,31,1449,1198,4299912.656088941,618840.6183050692,0.47690383,0.095242634,2.4445671e-05,0.9786871270247229,98.38022165387895,52.30962,4.550342e-06,4.396604e-06,1.2699183e-05,33.5,72.55,7.47,5.01,34.96,6.79,Wheat,Vegetative,HEALTHY
20260724_123113,G_23_32,odm_orthophoto,23,32,1495,1198,4299912.656088941,618842.9177247302,0.44703177,0.08596414,2.7046764e-05,0.9454390451832907,95.69479965899403,55.296825,5.635251e-06,5.1632737e-06,1.4651207e-05,30.53,72.48,12.29,4.03,38.79,6.62,Wheat,Vegetative,HEALTHY
20260724_123113,G_23_33,odm_orthophoto,23,33,1541,1198,4299912.656088941,618845.2171443913,0.60988796,0.14543729,3.1212578e-05,0.788150042625746,81.15942028985508,39.011204,3.1179354e-06,3.4523973e-06,1.3522494e-05,30.3,77.28,14.49,4.03,39.7,6.3,Wheat,Vegetative,HEALTHY
20260724_123113,G_23_34,odm_orthophoto,23,34,1587,1198,4299912.656088941,618847.5165640523,0.57683617,0.12586118,3.2178235e-05,0.8644501278772379,88.36317135549872,42.316383,3.877338e-06,4.09344e-06,1.4603826e-05,28.79,76.34,12.13,0.75,27.28,6.45,Wheat,Vegetative,HEALTHY
20260724_123113,G_23_35,odm_orthophoto,23,35,1633,1198,4299912.656088941,618849.8159837134,0.52238256,0.11179857,2.9935361e-05,0.9198635976129582,93.05200341005968,47.761745,4.691718e-06,4.5163406e-06,1.4670565e-05,29.94,65.93,10.16,5.44,36.72,6.89,Wheat,Vegetative,HEALTHY
20260724_123113,G_23_36,odm_orthophoto,23,36,1679,1198,4299912.656088941,618852.1154033744,0.48091534,0.1266393,2.1310652e-05,0.8260869565217391,83.20545609548167,51.90847,3.8190133e-06,3.4834397e-06,1.09227785e-05,28.67,68.11,6.0,5.04,36.25,7.08,Wheat,Vegetative,HEALTHY
20260724_123113,G_23_37,odm_orthophoto,23,37,1725,1198,4299912.656088941,618854.4148230355,0.4852287,0.093265556,2.8489972e-05,0.8226768968456948,82.9923273657289,51.477135,5.2070354e-06,5.0124345e-06,1.4704074e-05,29.48,67.81,8.08,1.84,32.84,6.49,Wheat,Vegetative,HEALTHY
20260724_123113,G_23_38,odm_orthophoto,23,38,1771,1198,4299912.656088941,618856.7142426965,0.5926779,0.12394306,3.4265322e-05,0.8682864450127877,87.80903665814151,40.732212,4.020657e-06,4.303403e-06,1.544288e-05,34.37,68.72,7.51,5.12,36.45,6.37,Wheat,Vegetative,HEALTHY
20260724_123113,G_23_39,odm_orthophoto,23,39,1817,1198,4299912.656088941,618859.0136623576,0.5549433,0.12271524,2.7476015e-05,0.7587382779198636,77.23785166240408,44.50567,3.6984186e-06,3.7534917e-06,1.28573965e-05,25.05,82.37,7.66,4.06,27.61,6.54,Wheat,Vegetative,HEALTHY
20260724_123113,G_23_40,odm_orthophoto,23,40,1863,1198,4299912.656088941,618861.3130820188,0.47126666,0.09529157,2.5626705e-05,0.8725490196078431,88.53367433930094,52.873337,4.8225047e-06,4.4986305e-06,1.3365052e-05,31.45,68.06,9.35,4.93,28.55,7.07,Wheat,Vegetative,HEALTHY
20260724_123113,G_23_41,odm_orthophoto,23,41,1909,1198,4299912.656088941,618863.6125016798,0.55766803,0.11548903,2.9734685e-05,0.9688832054560955,97.52770673486786,44.233196,3.818758e-06,3.9577853e-06,1.3730678e-05,28.34,73.8,4.25,1.69,38.07,6.94,Wheat,Vegetative,HEALTHY
20260724_123113,G_23_42,odm_orthophoto,23,42,1955,1198,4299912.656088941,618865.9119213409,0.43101296,0.062374506,2.3381219e-05,0.8832054560954816,89.25831202046037,56.8987,5.294294e-06,5.1027914e-06,1.308832e-05,31.35,75.02,13.55,2.5,42.94,6.74,Wheat,Vegetative,HEALTHY
20260724_123113,G_23_43,odm_orthophoto,23,43,2001,1198,4299912.656088941,618868.2113410019,0.46120557,0.06951868,2.7533904e-05,0.8324808184143222,84.05797101449275,53.87944,5.5049295e-06,5.4067027e-06,1.4683269e-05,38.02,78.43,6.4,3.05,26.87,6.73,Wheat,Vegetative,HEALTHY
20260724_123113,G_23_44,odm_orthophoto,23,44,2047,1198,4299912.656088941,618870.510760663,0.48703963,0.09709362,2.8229391e-05,0.9697357203751066,97.22932651321398,51.296036,4.9666473e-06,4.835015e-06,1.4376811e-05,36.1,82.77,2.46,4.95,46.55,6.88,Wheat,Vegetative,HEALTHY
20260724_123113,G_23_45,odm_orthophoto,23,45,2093,1198,4299912.656088941,618872.810180324,0.40803656,0.080729015,2.5450056e-05,0.8277919863597613,83.12020460358056,59.196342,6.2020354e-06,5.4276306e-06,1.4685744e-05,30.88,71.18,11.03,2.48,27.87,7.14,Wheat,Vegetative,HEALTHY
20260724_123113,G_24_5,odm_orthophoto,24,5,253,1249,4299910.106088979,618780.8333938817,0.45930195,0.069143996,2.2447002e-05,1.0,100.0,54.069805,4.40734e-06,4.725798e-06,1.188992e-05,28.41,73.98,9.1,2.06,28.29,6.85,Wheat,Vegetative,HEALTHY
20260724_123113,G_24_6,odm_orthophoto,24,6,299,1249,4299910.106088979,618783.1328135427,0.46406493,0.069214076,2.3927521e-05,1.0,100.0,53.593506,4.6309688e-06,4.982297e-06,1.2607095e-05,34.93,63.93,2.46,3.78,29.6,6.43,Wheat,Vegetative,HEALTHY
20260724_123113,G_24_7,odm_orthophoto,24,7,345,1249,4299910.106088979,618785.4322332038,0.4928751,0.08124458,2.7387756e-05,0.9893435635123614,99.4458653026428,50.71249,4.8264333e-06,4.832409e-06,1.3956051e-05,29.5,61.86,0.7,4.26,33.91,6.78,Wheat,Vegetative,HEALTHY
20260724_123113,G_24_8,odm_orthophoto,24,8,391,1249,4299910.106088979,618787.7316528648,0.49598813,0.07125626,2.8417442e-05,1.0,100.0,50.401188,4.896331e-06,4.6490145e-06,1.4369186e-05,29.5,69.95,6.77,2.98,28.74,6.69,Wheat,Vegetative,HEALTHY
20260724_123113,G_24_9,odm_orthophoto,24,9,437,1249,4299910.106088979,618790.0310725259,0.4880475,0.06021119,3.11528e-05,1.0,100.0,51.19525,5.5107585e-06,5.125782e-06,1.5895477e-05,31.67,76.28,13.54,5.92,34.93,7.13,Wheat,Vegetative,HEALTHY
20260724_123113,G_24_10,odm_orthophoto,24,10,483,1249,4299910.106088979,618792.330492187,0.47862563,0.045634214,2.9312107e-05,0.9961636828644501,99.74424552429667,52.137436,5.3980903e-06,4.5813345e-06,1.51692e-05,31.97,70.51,5.28,1.27,40.49,6.57,Wheat,Vegetative,HEALTHY
20260724_123113,G_24_11,odm_orthophoto,24,11,529,1249,4299910.106088979,618794.629911848,0.53567713,0.0852195,2.8784301e-05,0.8589087809036658,86.74339300937767,46.432285,4.317483e-06,3.8403045e-06,1.3912607e-05,31.41,69.18,10.54,4.98,41.78,6.86,Wheat,Vegetative,HEALTHY
20260724_123113,G_24_13,odm_orthophoto,24,13,621,1249,4299910.106088979,618799.2287511701,0.70432055,0.19798782,3.5860285e-05,0.7928388746803069,81.07416879795396,29.567945,2.4730534e-06,2.9884668e-06,1.4426896e-05,31.34,70.84,5.16,1.42,29.4,6.99,Wheat,Vegetative,HEALTHY
20260724_123113,G_24_14,odm_orthophoto,24,14,667,1249,4299910.106088979,618801.5281708312,0.72326994,0.20445034,3.4353416e-05,0.5272804774083546,54.26257459505541,27.673006,2.1263993e-06,2.600305e-06,1.3577911e-05,29.69,72.48,0.17,1.18,42.76,7.18,Wheat,Vegetative,HEALTHY
20260724_123113,G_24_15,odm_orthophoto,24,15,713,1249,4299910.106088979,618803.8275904922,0.7639873,0.18858398,4.6680572e-05,0.8205456095481671,82.56606990622336,23.601269,2.3953698e-06,3.3968495e-06,1.7956198e-05,32.51,72.34,12.07,0.59,33.07,6.53,Wheat,Vegetative,HEALTHY
20260724_123113,G_24_16,odm_orthophoto,24,16,759,1249,4299910.106088979,618806.1270101533,0.6020136,0.12463051,3.5007084e-05,0.9458653026427962,95.22591645353793,39.79864,3.7730713e-06,4.301954e-06,1.5442558e-05,31.82,78.36,14.57,5.49,35.13,6.96,Wheat,Vegetative,HEALTHY
20260724_123113,G_24_17,odm_orthophoto,24,17,805,1249,4299910.106088979,618808.4264298143,0.46255136,0.09568236,2.2730164e-05,1.0,100.0,53.744865,4.3751324e-06,4.1328854e-06,1.19521055e-05,31.61,65.47,11.76,2.64,29.4,6.76,Wheat,Vegetative,HEALTHY
20260724_123113,G_24_18,odm_orthophoto,24,18,851,1249,4299910.106088979,618810.7258494754,0.48993653,0.117549814,2.4477391e-05,0.8797953964194374,89.13043478260869,51.006348,4.1820845e-06,4.0037976e-06,1.2341489e-05,31.27,74.41,5.45,5.31,38.7,6.4,Wheat,Vegetative,HEALTHY
20260724_123113,G_24_19,odm_orthophoto,24,19,897,1249,4299910.106088979,618813.0252691364,0.5889935,0.11787185,3.35083e-05,0.881926683716965,89.42881500426257,41.10065,3.906087e-06,4.42782e-06,1.5075946e-05,33.18,75.93,1.1,5.49,34.99,6.55,Wheat,Vegetative,HEALTHY
20260724_123113,G_24_20,odm_orthophoto,24,20,943,1249,4299910.106088979,618815.3246887975,0.5522107,0.09042759,3.2927004e-05,0.8005115089514067,81.75618073316284,44.77893,4.512692e-06,4.8275206e-06,1.5488804e-05,30.65,72.78,2.89,1.25,33.1,7.18,Wheat,Vegetative,HEALTHY
20260724_123113,G_24_21,odm_orthophoto,24,21,989,1249,4299910.106088979,618817.6241084585,0.44509244,0.054317202,2.4090614e-05,0.9181585677749361,92.88150042625746,55.490757,5.068126e-06,4.7825547e-06,1.30986255e-05,29.18,72.39,5.51,5.24,32.09,6.69,Wheat,Vegetative,HEALTHY
20260724_123113,G_24_22,odm_orthophoto,24,22,1035,1249,4299910.106088979,618819.9235281196,0.53582394,0.09157906,2.4220246e-05,0.933930093776641,94.20289855072464,46.417606,3.5053836e-06,3.7731625e-06,1.1579045e-05,31.38,88.72,7.99,4.28,42.47,6.88,Wheat,Vegetative,HEALTHY
20260724_123113,G_24_23,odm_orthophoto,24,23,1081,1249,4299910.106088979,618822.2229477807,0.5081631,0.08498478,3.0616462e-05,0.9019607843137255,90.7928388746803,49.18369,5.0632175e-06,5.0000854e-06,1.526912e-05,28.84,70.39,10.59,3.2,30.03,7.41,Wheat,Vegetative,HEALTHY
20260724_123113,G_24_24,odm_orthophoto,24,24,1127,1249,4299910.106088979,618824.5223674418,0.48865786,0.08764547,2.5066876e-05,0.7975277067348678,81.45780051150895,51.134216,4.401608e-06,4.335645e-06,1.2757527e-05,29.91,66.75,14.76,4.95,32.78,6.91,Wheat,Vegetative,HEALTHY
20260724_123113,G_24_25,odm_orthophoto,24,25,1173,1249,4299910.106088979,618826.8217871028,0.5356449,0.10663344,2.5009123e-05,0.8742540494458653,88.70417732310315,46.435513,3.4537688e-06,3.712232e-06,1.179041e-05,33.51,77.44,9.46,5.97,40.78,6.43,Wheat,Vegetative,HEALTHY
20260724_123113,G_24_26,odm_orthophoto,24,26,1219,1249,4299910.106088979,618829.1212067639,0.49004278,0.086939014,3.0133579e-05,0.947996589940324,95.82267689684569,50.99572,5.4364627e-06,5.38169e-06,1.5481412e-05,33.65,75.31,3.4,5.14,28.32,6.77,Wheat,Vegetative,HEALTHY
20260724_123113,G_24_27,odm_orthophoto,24,27,1265,1249,4299910.106088979,618831.420626425,0.53354675,0.105006695,2.6626945e-05,0.8341858482523444,85.5072463768116,46.645325,3.803483e-06,4.080669e-06,1.2679432e-05,33.03,65.79,7.35,4.41,29.54,6.89,Wheat,Vegetative,HEALTHY
20260724_123113,G_24_28,odm_orthophoto,24,28,1311,1249,4299910.106088979,618833.720046086,0.48755,0.08577479,2.6953396e-05,0.8414322250639387,85.16624040920716,51.245,4.7623876e-06,4.7447184e-06,1.3747192e-05,27.49,67.2,2.81,1.33,39.04,7.3,Wheat,Vegetative,HEALTHY
20260724_123113,G_24_29,odm_orthophoto,24,29,1357,1249,4299910.106088979,618836.019465747,0.44755787,0.08463212,2.6125925e-05,0.7843137254901961,79.66751918158567,55.244213,5.493746e-06,5.1133125e-06,1.4202732e-05,29.38,81.25,14.05,4.34,37.54,6.95,Wheat,Vegetative,HEALTHY
20260724_123113,G_24_30,odm_orthophoto,24,30,1403,1249,4299910.106088979,618838.3188854081,0.50006914,0.09505654,2.8225011e-05,0.9965899403239556,99.9147485080989,49.993088,4.773726e-06,4.814946e-06,1.4182425e-05,26.59,75.27,0.98,3.3,39.35,6.9,Wheat,Vegetative,HEALTHY
20260724_123113,G_24_31,odm_orthophoto,24,31,1449,1249,4299910.106088979,618840.6183050692,0.42370948,0.07222711,2.5513884e-05,0.9872122762148338,98.89173060528559,57.629047,5.9237245e-06,5.365037e-06,1.4428698e-05,30.68,74.33,6.67,3.57,33.58,7.02,Wheat,Vegetative,HEALTHY
20260724_123113,G_24_32,odm_orthophoto,24,32,1495,1249,4299910.106088979,618842.9177247302,0.49096417,0.097341746,2.7520131e-05,0.9752770673486786,97.8687127024723,50.903584,4.854014e-06,4.589249e-06,1.40277425e-05,32.26,76.04,2.1,5.25,36.03,7.23,Wheat,Vegetative,HEALTHY
20260724_123113,G_24_33,odm_orthophoto,24,33,1541,1249,4299910.106088979,618845.2171443913,0.5771406,0.12988727,3.071944e-05,0.8320545609548167,85.25149190110827,42.28594,3.6888703e-06,3.855275e-06,1.3929052e-05,28.32,71.98,0.48,1.5,30.75,6.91,Wheat,Vegetative,HEALTHY
20260724_123113,G_24_34,odm_orthophoto,24,34,1587,1249,4299910.106088979,618847.5165640523,0.4912117,0.10712506,2.9559855e-05,0.9296675191815856,94.28815004262574,50.87883,5.222686e-06,4.932953e-06,1.5076373e-05,31.48,68.89,10.46,3.39,30.71,6.8,Wheat,Vegetative,HEALTHY
20260724_123113,G_24_35,odm_orthophoto,24,35,1633,1249,4299910.106088979,618849.8159837134,0.5698832,0.13992731,2.7329601e-05,0.8388746803069054,85.63512361466326,43.011677,3.402084e-06,3.413433e-06,1.251225e-05,31.81,68.45,8.35,3.63,34.39,7.03,Wheat,Vegetative,HEALTHY
20260724_123113,G_24_36,odm_orthophoto,24,36,1679,1249,4299910.106088979,618852.1154033744,0.5968351,0.13534504,3.1669708e-05,0.8546462063086104,87.89428815004263,40.316494,3.4673374e-06,3.783246e-06,1.402429e-05,30.56,65.79,4.58,1.1,32.82,7.03,Wheat,Vegetative,HEALTHY
20260724_123113,G_24_37,odm_orthophoto,24,37,1725,1249,4299910.106088979,618854.4148230355,0.5286353,0.10476572,3.1431297e-05,0.8972719522591646,90.45183290707587,47.136467,4.769328e-06,4.8086513e-06,1.5246847e-05,33.64,65.52,14.21,3.43,28.29,7.55,Wheat,Vegetative,HEALTHY
20260724_123113,G_24_38,odm_orthophoto,24,38,1771,1249,4299910.106088979,618856.7142426965,0.56459194,0.117850825,2.9965106e-05,0.9168797953964194,93.09462915601023,43.540806,3.9116453e-06,4.148466e-06,1.3900373e-05,32.9,75.66,9.87,2.1,36.16,6.81,Wheat,Vegetative,HEALTHY
20260724_123113,G_24_39,odm_orthophoto,24,39,1817,1249,4299910.106088979,618859.0136623576,0.5838325,0.11774897,3.2004456e-05,0.8034953111679455,81.58567774936061,41.61675,3.8155913e-06,4.105566e-06,1.4484137e-05,32.23,81.32,8.43,1.37,36.84,7.16,Wheat,Vegetative,HEALTHY
20260724_123113,G_24_40,odm_orthophoto,24,40,1863,1249,4299910.106088979,618861.3130820188,0.46188825,0.07971459,2.454382e-05,0.777919863597613,78.60187553282184,53.811176,4.875166e-06,4.6739433e-06,1.3056734e-05,30.28,75.7,4.26,3.21,36.23,6.57,Wheat,Vegetative,HEALTHY
20260724_123113,G_24_41,odm_orthophoto,24,41,1909,1249,4299910.106088979,618863.6125016798,0.49209955,0.09215452,2.4215697e-05,0.8414322250639387,84.65473145780051,50.790047,4.1316125e-06,4.0817704e-06,1.2203782e-05,28.53,68.41,12.93,3.66,33.21,6.68,Wheat,Vegetative,HEALTHY
20260724_123113,G_24_42,odm_orthophoto,24,42,1955,1249,4299910.106088979,618865.9119213409,0.39484772,0.045630734,2.338638e-05,0.8776641091219096,88.57630008525149,60.515224,6.0956863e-06,5.771669e-06,1.3891458e-05,30.25,70.49,1.86,3.66,26.68,6.12,Wheat,Vegetative,HEALTHY
20260724_123113,G_24_43,odm_orthophoto,24,43,2001,1249,4299910.106088979,618868.2113410019,0.5959194,0.106467575,3.476794e-05,0.9028132992327366,91.68797953964194,40.408062,3.959758e-06,4.544124e-06,1.554953e-05,33.18,66.51,11.24,2.21,33.05,6.96,Wheat,Vegetative,HEALTHY
20260724_123113,G_24_44,odm_orthophoto,24,44,2047,1249,4299910.106088979,618870.510760663,0.3990074,0.071861535,2.4552994e-05,0.9957374254049446,99.65899403239557,60.099255,6.221821e-06,5.535362e-06,1.4406491e-05,32.69,70.33,1.63,5.35,40.54,6.63,Wheat,Vegetative,HEALTHY
20260724_123113,G_25_4,odm_orthophoto,25,4,207,1300,4299907.556089017,618778.5339742205,0.46440297,0.071369275,2.1158163e-05,0.6986359761295823,69.86359761295823,53.559704,4.0669674e-06,4.3641603e-06,1.1119903e-05,30.96,78.41,10.85,5.36,32.71,6.83,Wheat,Vegetative,HEALTHY
20260724_123113,G_25_5,odm_orthophoto,25,5,253,1300,4299907.556089017,618780.8333938817,0.4658351,0.06763485,2.2848226e-05,1.0,100.0,53.41649,4.3656146e-06,4.6525643e-06,1.1981941e-05,31.83,65.33,7.06,5.58,31.96,6.65,Wheat,Vegetative,HEALTHY
20260724_123113,G_25_6,odm_orthophoto,25,6,299,1300,4299907.556089017,618783.1328135427,0.4676981,0.06722385,2.5941048e-05,1.0,100.0,53.23019,4.9943724e-06,5.365714e-06,1.3641734e-05,29.34,71.8,9.81,2.52,26.78,6.8,Wheat,Vegetative,HEALTHY
20260724_123113,G_25_7,odm_orthophoto,25,7,345,1300,4299907.556089017,618785.4322332038,0.45761278,0.04245704,3.4842626e-05,1.0,100.0,54.238724,6.966723e-06,7.231412e-06,1.8581542e-05,32.23,72.22,1.21,4.28,36.61,6.52,Wheat,Vegetative,HEALTHY
20260724_123113,G_25_8,odm_orthophoto,25,8,391,1300,4299907.556089017,618787.7316528648,0.47536483,0.048985273,3.5737314e-05,0.9893435635123614,99.4458653026428,52.46352,6.6429434e-06,7.030241e-06,1.8556006e-05,32.43,67.86,4.5,4.9,33.48,7.21,Wheat,Vegetative,HEALTHY
20260724_123113,G_25_9,odm_orthophoto,25,9,437,1300,4299907.556089017,618790.0310725259,0.4849338,0.056025065,3.2224507e-05,0.9254049445865302,93.00937766410912,51.506622,5.8136366e-06,5.736624e-06,1.6555634e-05,33.4,78.68,3.58,4.54,35.11,6.4,Wheat,Vegetative,HEALTHY
20260724_123113,G_25_10,odm_orthophoto,25,10,483,1300,4299907.556089017,618792.330492187,0.47653922,0.049712714,2.85749e-05,0.9458653026427962,95.18329070758739,52.346073,5.3153362e-06,4.863928e-06,1.4840695e-05,29.33,68.69,9.87,2.15,35.21,6.12,Wheat,Vegetative,HEALTHY
20260724_123113,G_25_11,odm_orthophoto,25,11,529,1300,4299907.556089017,618794.629911848,0.6672977,0.17426866,3.5709374e-05,0.8691389599317988,87.89428815004263,33.27023,2.9419473e-06,3.278689e-06,1.4845509e-05,30.71,75.87,14.03,3.63,30.29,6.26,Wheat,Vegetative,HEALTHY
20260724_123113,G_25_13,odm_orthophoto,25,13,621,1300,4299907.556089017,618799.2287511701,0.73829854,0.19748656,3.8000468e-05,0.7958226768968457,80.30690537084399,26.170147,2.1886951e-06,2.8402458e-06,1.4855967e-05,33.89,63.29,2.77,4.46,49.54,6.7,Wheat,Vegetative,HEALTHY
20260724_123113,G_25_15,odm_orthophoto,25,15,713,1300,4299907.556089017,618803.8275904922,0.7041145,0.1649502,4.1582054e-05,0.9232736572890026,92.58312020460357,29.58855,2.840397e-06,3.6654549e-06,1.6701633e-05,34.52,72.38,0.85,5.29,28.65,6.67,Wheat,Vegetative,HEALTHY
20260724_123113,G_25_16,odm_orthophoto,25,16,759,1300,4299907.556089017,618806.1270101533,0.48773223,0.08547565,2.5092791e-05,1.0,100.0,51.226776,4.36295e-06,4.4906456e-06,1.2727506e-05,31.19,71.15,7.23,4.1,34.15,6.87,Wheat,Vegetative,HEALTHY
20260724_123113,G_25_17,odm_orthophoto,25,17,805,1300,4299907.556089017,618808.4264298143,0.45548284,0.109719045,2.0629182e-05,0.9595055413469735,96.24893435635123,54.451717,4.1174408e-06,3.8067476e-06,1.0994045e-05,29.11,73.69,8.43,4.7,39.51,6.51,Wheat,Vegetative,HEALTHY
20260724_123113,G_25_18,odm_orthophoto,25,18,851,1300,4299907.556089017,618810.7258494754,0.58651936,0.13122635,3.307041e-05,0.829070758738278,83.93009377664109,41.348064,3.845215e-06,4.2912366e-06,1.4869108e-05,32.23,70.07,5.06,4.02,32.02,6.99,Wheat,Vegetative,HEALTHY
20260724_123113,G_25_19,odm_orthophoto,25,19,897,1300,4299907.556089017,618813.0252691364,0.59890896,0.113291904,3.5314883e-05,0.8908780903665814,89.98294970161977,40.109104,3.976174e-06,4.6308446e-06,1.574827e-05,29.45,74.51,4.94,4.28,27.98,6.74,Wheat,Vegetative,HEALTHY
20260724_123113,G_25_20,odm_orthophoto,25,20,943,1300,4299907.556089017,618815.3246887975,0.4530711,0.06562486,2.631278e-05,0.9846547314578005,98.84910485933503,54.692886,5.3392537e-06,5.0558724e-06,1.4110526e-05,31.64,70.36,1.15,1.5,27.63,7.11,Wheat,Vegetative,HEALTHY
20260724_123113,G_25_21,odm_orthophoto,25,21,989,1300,4299907.556089017,618817.6241084585,0.5186123,0.09085649,2.4354911e-05,0.8567774936061381,86.10400682011935,48.138767,3.7663774e-06,3.9480506e-06,1.1884938e-05,30.99,69.08,4.96,1.03,28.03,7.09,Wheat,Vegetative,HEALTHY
20260724_123113,G_25_22,odm_orthophoto,25,22,1035,1300,4299907.556089017,618819.9235281196,0.44375,0.0693504,2.3024226e-05,0.7847399829497016,79.41176470588235,55.624996,4.8916672e-06,4.6640043e-06,1.2566682e-05,28.07,78.51,14.95,5.25,30.29,6.88,Wheat,Vegetative,HEALTHY
20260724_123113,G_25_23,odm_orthophoto,25,23,1081,1300,4299907.556089017,618822.2229477807,0.53227335,0.09600055,2.9879262e-05,0.8456947996589941,86.23188405797102,46.772663,4.438608e-06,4.546495e-06,1.4398739e-05,32.21,61.64,2.26,3.38,36.71,6.85,Wheat,Vegetative,HEALTHY
20260724_123113,G_25_24,odm_orthophoto,25,24,1127,1300,4299907.556089017,618824.5223674418,0.54480726,0.115132116,2.5623567e-05,0.7723785166240409,78.38874680306905,45.519276,3.5501325e-06,3.764105e-06,1.2091594e-05,33.2,70.84,11.63,3.39,22.64,6.46,Wheat,Vegetative,HEALTHY
20260724_123113,G_25_25,odm_orthophoto,25,25,1173,1300,4299907.556089017,618826.8217871028,0.51395863,0.090083994,3.1992935e-05,0.8414322250639387,85.0383631713555,48.604137,5.1446896e-06,5.0794642e-06,1.5809454e-05,30.7,65.61,7.36,1.63,38.35,6.49,Wheat,Vegetative,HEALTHY
20260724_123113,G_25_26,odm_orthophoto,25,26,1219,1300,4299907.556089017,618829.1212067639,0.57726634,0.109983385,3.3921144e-05,0.8077578857630009,82.35294117647058,42.273365,4.192893e-06,4.5953993e-06,1.550039e-05,28.62,71.83,5.86,3.95,24.58,7.53,Wheat,Vegetative,HEALTHY
20260724_123113,G_25_27,odm_orthophoto,25,27,1265,1300,4299907.556089017,618831.420626425,0.53686875,0.113052435,2.7220598e-05,0.8273657289002557,84.82523444160273,46.313126,3.914657e-06,4.044881e-06,1.2988503e-05,31.46,72.39,3.39,1.53,31.7,6.67,Wheat,Vegetative,HEALTHY
20260724_123113,G_25_28,odm_orthophoto,25,28,1311,1300,4299907.556089017,618833.720046086,0.47501844,0.085686974,2.7996284e-05,0.9236999147485081,93.00937766410912,52.498158,5.319373e-06,5.0414556e-06,1.465184e-05,33.06,72.71,2.03,1.96,26.55,6.88,Wheat,Vegetative,HEALTHY
20260724_123113,G_25_29,odm_orthophoto,25,29,1357,1300,4299907.556089017,618836.019465747,0.56050956,0.101401635,2.9278652e-05,0.7919863597612958,80.64791133844842,43.949043,3.799355e-06,4.1743533e-06,1.355925e-05,29.96,74.18,7.44,4.48,35.62,6.73,Wheat,Vegetative,HEALTHY
20260724_123113,G_25_30,odm_orthophoto,25,30,1403,1300,4299907.556089017,618838.3188854081,0.5014363,0.08585444,2.7108861e-05,0.9006820119352089,91.04859335038363,49.85637,4.5867837e-06,4.523333e-06,1.36234e-05,26.64,73.9,0.12,2.72,31.5,7.07,Wheat,Vegetative,HEALTHY
20260724_123113,G_25_31,odm_orthophoto,25,31,1449,1300,4299907.556089017,618840.6183050692,0.44896877,0.079109274,2.5929103e-05,0.8286445012787724,84.18584825234441,55.103123,5.392769e-06,4.8854354e-06,1.4036139e-05,30.82,73.72,11.98,3.31,37.03,6.93,Wheat,Vegetative,HEALTHY
20260724_123113,G_25_32,odm_orthophoto,25,32,1495,1300,4299907.556089017,618842.9177247302,0.5076452,0.10568711,2.5352816e-05,0.8721227621483376,87.89428815004263,49.23548,4.0697e-06,3.947011e-06,1.2520923e-05,30.2,76.87,12.32,1.17,14.07,6.9,Wheat,Vegetative,HEALTHY
20260724_123113,G_25_33,odm_orthophoto,25,33,1541,1300,4299907.556089017,618845.2171443913,0.51127523,0.10558521,2.9079114e-05,0.7190963341858483,73.18840579710145,48.87248,4.646917e-06,4.5389706e-06,1.4340327e-05,31.52,68.07,7.46,5.47,38.4,6.47,Wheat,Vegetative,HEALTHY
20260724_123113,G_25_34,odm_orthophoto,25,34,1587,1300,4299907.556089017,618847.5165640523,0.5450103,0.11353436,2.9167093e-05,0.80306905370844,81.62830349531117,45.498966,4.1064736e-06,4.1900353e-06,1.3829193e-05,31.22,78.15,14.19,1.68,31.38,6.8,Wheat,Vegetative,HEALTHY
20260724_123113,G_25_35,odm_orthophoto,25,35,1633,1300,4299907.556089017,618849.8159837134,0.59618396,0.14291641,2.7536953e-05,0.8384484228473998,85.54987212276215,40.381603,2.9866094e-06,3.197509e-06,1.2165883e-05,30.96,70.49,1.97,2.91,35.34,7.0,Wheat,Vegetative,HEALTHY
20260724_123113,G_25_36,odm_orthophoto,25,36,1679,1300,4299907.556089017,618852.1154033744,0.50823796,0.10666011,2.9943838e-05,0.8252344416027281,83.75959079283888,49.176205,4.8775773e-06,4.8924308e-06,1.4859253e-05,34.31,70.62,0.11,1.78,33.07,6.74,Wheat,Vegetative,HEALTHY
20260724_123113,G_25_37,odm_orthophoto,25,37,1725,1300,4299907.556089017,618854.4148230355,0.5780109,0.124536924,3.1373784e-05,0.8695652173913043,88.87468030690538,42.19891,3.8596536e-06,4.165994e-06,1.4317966e-05,28.94,71.37,0.12,4.23,32.85,6.54,Wheat,Vegetative,HEALTHY
20260724_123113,G_25_38,odm_orthophoto,25,38,1771,1300,4299907.556089017,618856.7142426965,0.663782,0.14674878,3.6046727e-05,0.8678601875532822,88.57630008525149,33.6218,2.904839e-06,3.5961614e-06,1.492086e-05,30.09,64.31,13.11,5.67,30.03,6.94,Wheat,Vegetative,HEALTHY
20260724_123113,G_25_39,odm_orthophoto,25,39,1817,1300,4299907.556089017,618859.0136623576,0.55862397,0.11601964,3.077035e-05,0.7706734867860188,79.11338448422848,44.137604,4.023179e-06,4.1997982e-06,1.4280342e-05,30.86,70.07,4.13,2.84,39.48,6.8,Wheat,Vegetative,HEALTHY
20260724_123113,G_25_40,odm_orthophoto,25,40,1863,1300,4299907.556089017,618861.3130820188,0.55481666,0.11379463,2.6799375e-05,0.8687127024722933,88.83205456095482,44.518333,3.493782e-06,3.7077243e-06,1.24272e-05,32.48,70.76,8.99,2.92,27.88,6.86,Wheat,Vegetative,HEALTHY
20260724_123113,G_25_41,odm_orthophoto,25,41,1909,1300,4299907.556089017,618863.6125016798,0.57259065,0.10245137,3.243361e-05,0.8601875532821824,87.5532821824382,42.740936,4.0757045e-06,4.5323054e-06,1.4887323e-05,31.39,79.47,2.49,1.31,38.02,6.49,Wheat,Vegetative,HEALTHY
20260724_123113,G_25_42,odm_orthophoto,25,42,1955,1300,4299907.556089017,618865.9119213409,0.5204218,0.082386896,3.0890245e-05,0.8384484228473998,84.99573742540495,47.95782,4.798504e-06,5.052945e-06,1.5095665e-05,32.18,64.81,14.85,3.82,25.01,6.71,Wheat,Vegetative,HEALTHY
20260724_123113,G_25_43,odm_orthophoto,25,43,2001,1300,4299907.556089017,618868.2113410019,0.4442156,0.07982645,2.662982e-05,1.0,100.0,55.57844,5.605651e-06,5.2146142e-06,1.4482615e-05,28.94,76.09,1.68,5.47,27.7,6.99,Wheat,Vegetative,HEALTHY
20260724_123113,G_25_44,odm_orthophoto,25,44,2047,1300,4299907.556089017,618870.510760663,0.4372369,0.075708665,2.685488e-05,0.7169650468883205,72.16538789428814,56.27631,5.865417e-06,5.33152e-06,1.4817414e-05,30.82,76.3,5.41,2.55,29.67,7.08,Wheat,Vegetative,HEALTHY
20260724_123113,G_26_4,odm_orthophoto,26,4,207,1351,4299905.006089055,618778.5339742205,0.46844065,0.07237539,2.0540456e-05,0.9910485933503836,99.10485933503837,53.155933,3.8853364e-06,4.1967564e-06,1.0732356e-05,30.48,83.51,9.28,5.51,33.21,6.78,Wheat,Vegetative,HEALTHY
20260724_123113,G_26_5,odm_orthophoto,26,5,253,1351,4299905.006089055,618780.8333938817,0.4740639,0.06891081,2.2631908e-05,1.0,100.0,52.593613,4.1819894e-06,4.4600592e-06,1.17262e-05,31.52,68.82,7.19,0.55,32.36,6.9,Wheat,Vegetative,HEALTHY
20260724_123113,G_26_6,odm_orthophoto,26,6,299,1351,4299905.006089055,618783.1328135427,0.48321438,0.0716986,2.778305e-05,0.8533674339300937,85.93350383631714,51.678562,5.0167764e-06,5.57697e-06,1.4278176e-05,31.11,70.95,6.49,5.2,26.42,7.02,Wheat,Vegetative,HEALTHY
20260724_123113,G_26_7,odm_orthophoto,26,7,345,1351,4299905.006089055,618785.4322332038,0.465564,0.040649064,3.395145e-05,0.9676044330775788,97.05882352941177,53.4436,6.529512e-06,7.056108e-06,1.7847224e-05,30.08,63.04,9.37,2.45,30.3,7.0,Wheat,Vegetative,HEALTHY
20260724_123113,G_26_8,odm_orthophoto,26,8,391,1351,4299905.006089055,618787.7316528648,0.4529142,0.028487075,3.330067e-05,0.7378516624040921,73.99829497016198,54.708576,6.706729e-06,7.3033284e-06,1.7807508e-05,33.1,73.71,9.26,5.32,28.36,6.53,Wheat,Vegetative,HEALTHY
20260724_123113,G_26_9,odm_orthophoto,26,9,437,1351,4299905.006089055,618790.0310725259,0.4570027,0.034333497,2.817717e-05,0.8631713554987213,86.87127024722933,54.29973,5.658442e-06,5.9280433e-06,1.5051245e-05,32.76,76.86,14.43,5.28,36.03,7.08,Wheat,Vegetative,HEALTHY
20260724_123113,G_26_10,odm_orthophoto,26,10,483,1351,4299905.006089055,618792.330492187,0.4525096,0.033571742,3.704503e-05,0.9215686274509803,93.307757885763,54.749035,7.5844887e-06,8.66581e-06,1.993353e-05,29.85,68.34,5.73,4.77,32.36,7.09,Wheat,Vegetative,HEALTHY
20260724_123113,G_26_11,odm_orthophoto,26,11,529,1351,4299905.006089055,618794.629911848,0.5413094,0.08981249,3.8013026e-05,0.80306905370844,81.67092924126173,45.869057,5.8072037e-06,6.8577306e-06,1.8478831e-05,33.47,60.55,5.92,3.67,29.91,6.49,Wheat,Vegetative,HEALTHY
20260724_123113,G_26_12,odm_orthophoto,26,12,575,1351,4299905.006089055,618796.929331509,0.5887463,0.12454316,3.485022e-05,0.5341005967604433,53.49531116794544,41.12537,4.720295e-06,5.471563e-06,1.6337544e-05,29.18,77.09,13.62,1.06,40.99,6.55,Wheat,Vegetative,HEALTHY
20260724_123113,G_26_13,odm_orthophoto,26,13,621,1351,4299905.006089055,618799.2287511701,0.7422016,0.19484173,3.7345337e-05,0.7489343563512362,76.64109121909634,25.779837,2.1261144e-06,2.691671e-06,1.4574987e-05,30.95,72.88,7.36,4.48,35.23,7.01,Wheat,Vegetative,HEALTHY
20260724_123113,G_26_15,odm_orthophoto,26,15,713,1351,4299905.006089055,618803.8275904922,0.5137396,0.10522934,2.5607787e-05,0.9083546462063086,91.21909633418585,48.62604,4.0344057e-06,4.126082e-06,1.2570621e-05,29.57,68.79,6.25,1.91,34.4,6.32,Wheat,Vegetative,HEALTHY
20260724_123113,G_26_16,odm_orthophoto,26,16,759,1351,4299905.006089055,618806.1270101533,0.47450936,0.108272806,2.2689615e-05,1.0,100.0,52.549065,4.1898616e-06,4.026059e-06,1.1753312e-05,30.19,78.03,2.88,3.49,29.24,7.08,Wheat,Vegetative,HEALTHY
20260724_123113,G_26_17,odm_orthophoto,26,17,805,1351,4299905.006089055,618808.4264298143,0.5590007,0.12770908,2.9934105e-05,0.7800511508951407,80.17902813299233,44.099934,3.799891e-06,4.021509e-06,1.3778288e-05,29.64,69.6,5.04,0.83,38.99,6.42,Wheat,Vegetative,HEALTHY
20260724_123113,G_26_18,odm_orthophoto,26,18,851,1351,4299905.006089055,618810.7258494754,0.59283286,0.12410812,3.363289e-05,0.8721227621483376,88.23529411764706,40.716713,3.7736731e-06,4.280683e-06,1.4985072e-05,34.35,65.99,10.53,2.75,25.46,6.5,Wheat,Vegetative,HEALTHY
20260724_123113,G_26_19,odm_orthophoto,26,19,897,1351,4299905.006089055,618813.0252691364,0.5309392,0.094574824,3.2608503e-05,0.8554987212276215,86.99914748508098,46.90608,4.777191e-06,5.0179797e-06,1.5647143e-05,29.74,74.14,14.56,3.47,25.48,7.11,Wheat,Vegetative,HEALTHY
20260724_123113,G_26_20,odm_orthophoto,26,20,943,1351,4299905.006089055,618815.3246887975,0.40276644,0.052614182,2.0886186e-05,0.9654731457800512,96.71781756180732,59.723354,5.2910946e-06,5.005374e-06,1.2253403e-05,31.08,75.34,3.55,2.68,32.68,7.58,Wheat,Vegetative,HEALTHY
20260724_123113,G_26_21,odm_orthophoto,26,21,989,1351,4299905.006089055,618817.6241084585,0.53651595,0.10643892,2.633348e-05,0.763000852514919,77.53623188405797,46.348404,3.7610446e-06,4.0082227e-06,1.2539163e-05,30.9,71.45,3.66,5.77,33.35,6.9,Wheat,Vegetative,HEALTHY
20260724_123113,G_26_22,odm_orthophoto,26,22,1035,1351,4299905.006089055,618819.9235281196,0.4829587,0.08873144,2.8221793e-05,0.9036658141517476,90.7928388746803,51.704132,5.0800445e-06,4.9275563e-06,1.44876785e-05,27.72,78.04,5.15,3.43,34.0,7.02,Wheat,Vegetative,HEALTHY
20260724_123113,G_26_23,odm_orthophoto,26,23,1081,1351,4299905.006089055,618822.2229477807,0.55408216,0.10144935,2.7387967e-05,0.9198635976129582,93.52088661551578,44.591785,3.5334208e-06,3.990504e-06,1.2663051e-05,28.87,71.85,14.89,2.37,43.11,6.24,Wheat,Vegetative,HEALTHY
20260724_123113,G_26_24,odm_orthophoto,26,24,1127,1351,4299905.006089055,618824.5223674418,0.5728564,0.10185974,3.237425e-05,0.8341858482523444,84.65473145780051,42.714355,3.9143642e-06,4.4091607e-06,1.4706198e-05,32.23,62.26,8.52,1.67,31.19,6.57,Wheat,Vegetative,HEALTHY
20260724_123113,G_26_25,odm_orthophoto,26,25,1173,1351,4299905.006089055,618826.8217871028,0.4964079,0.086445265,3.0346724e-05,0.8137254901960784,83.07757885763,50.359215,5.2534797e-06,5.0647336e-06,1.5369473e-05,30.85,66.77,6.69,2.93,26.58,6.26,Wheat,Vegetative,HEALTHY
20260724_123113,G_26_26,odm_orthophoto,26,26,1219,1351,4299905.006089055,618829.1212067639,0.48130494,0.102045804,2.3949024e-05,0.8303495311167945,84.31372549019608,51.869507,4.2985585e-06,4.101425e-06,1.2281834e-05,30.21,63.79,1.36,1.33,32.69,6.62,Wheat,Vegetative,HEALTHY
20260724_123113,G_26_27,odm_orthophoto,26,27,1265,1351,4299905.006089055,618831.420626425,0.48721966,0.08726204,2.8040351e-05,0.8734015345268542,88.61892583120205,51.27803,5.042383e-06,4.760624e-06,1.43895295e-05,33.21,81.62,3.4,5.58,39.88,6.82,Wheat,Vegetative,HEALTHY
20260724_123113,G_26_28,odm_orthophoto,26,28,1311,1351,4299905.006089055,618833.720046086,0.5375057,0.106678985,3.0295172e-05,0.7455242966751918,76.89684569479965,46.24943,4.4264048e-06,4.392805e-06,1.4525183e-05,29.53,62.11,6.62,1.67,34.86,6.75,Wheat,Vegetative,HEALTHY
20260724_123113,G_26_29,odm_orthophoto,26,29,1357,1351,4299905.006089055,618836.019465747,0.55406576,0.10452618,2.76598e-05,0.8499573742540495,86.23188405797102,44.593422,3.6994106e-06,3.971402e-06,1.2919655e-05,35.53,72.22,3.17,1.39,34.11,6.85,Wheat,Vegetative,HEALTHY
20260724_123113,G_26_30,odm_orthophoto,26,30,1403,1351,4299905.006089055,618838.3188854081,0.47456393,0.09228219,2.7284219e-05,0.8414322250639387,85.5072463768116,52.543606,5.059765e-06,4.6466284e-06,1.4154855e-05,28.65,73.19,0.01,0.66,35.11,6.63,Wheat,Vegetative,HEALTHY
20260724_123113,G_26_31,odm_orthophoto,26,31,1449,1351,4299905.006089055,618840.6183050692,0.561301,0.1153289,3.0068102e-05,0.829923273657289,84.39897698209718,43.8699,3.80498e-06,3.944901e-06,1.3828047e-05,28.47,65.32,12.24,3.34,22.77,6.64,Wheat,Vegetative,HEALTHY
20260724_123113,G_26_32,odm_orthophoto,26,32,1495,1351,4299905.006089055,618842.9177247302,0.5318686,0.10582819,2.8863698e-05,0.7894288150042625,80.64791133844842,46.81314,4.1759836e-06,4.207086e-06,1.3797571e-05,28.63,79.53,8.18,5.23,30.17,6.85,Wheat,Vegetative,HEALTHY
20260724_123113,G_26_33,odm_orthophoto,26,33,1541,1351,4299905.006089055,618845.2171443913,0.49444702,0.09338915,2.8019433e-05,0.9893435635123614,99.4458653026428,50.5553,4.9732416e-06,4.7615968e-06,1.4313415e-05,29.4,77.24,13.21,2.62,28.99,6.24,Wheat,Vegetative,HEALTHY
20260724_123113,G_26_34,odm_orthophoto,26,34,1587,1351,4299905.006089055,618847.5165640523,0.6038604,0.12506625,2.7946706e-05,0.93307757885763,94.16027280477408,39.61396,2.9791038e-06,3.3084402e-06,1.2294964e-05,33.44,71.66,3.92,0.87,37.5,6.62,Wheat,Vegetative,HEALTHY
20260724_123113,G_26_35,odm_orthophoto,26,35,1633,1351,4299905.006089055,618849.8159837134,0.5458393,0.103950016,3.044263e-05,0.8537936913895993,87.59590792838875,45.41607,4.175636e-06,4.4665985e-06,1.4323564e-05,30.44,65.0,4.6,3.09,29.61,6.73,Wheat,Vegetative,HEALTHY
20260724_123113,G_26_36,odm_orthophoto,26,36,1679,1351,4299905.006089055,618852.1154033744,0.48799106,0.09476689,2.7009923e-05,0.9121909633418585,91.77323103154306,51.20089,4.8126135e-06,4.7964527e-06,1.38162595e-05,32.08,68.92,13.67,4.05,33.36,6.8,Wheat,Vegetative,HEALTHY
20260724_123113,G_26_37,odm_orthophoto,26,37,1725,1351,4299905.006089055,618854.4148230355,0.5741001,0.12131288,2.8966131e-05,0.9360613810741688,94.7144075021313,42.589993,3.5367784e-06,3.8144215e-06,1.3192485e-05,33.0,74.71,5.19,2.85,27.53,6.57,Wheat,Vegetative,HEALTHY
20260724_123113,G_26_38,odm_orthophoto,26,38,1771,1351,4299905.006089055,618856.7142426965,0.54647046,0.11258623,3.2296906e-05,0.9394714407502132,95.22591645353793,45.352955,4.5194356e-06,4.75156e-06,1.52855e-05,29.59,74.76,4.37,4.81,37.78,6.77,Wheat,Vegetative,HEALTHY
20260724_123113,G_26_39,odm_orthophoto,26,39,1817,1351,4299905.006089055,618859.0136623576,0.61780715,0.13174957,3.3314864e-05,0.8934356351236147,91.94373401534527,38.219284,3.3562906e-06,3.832994e-06,1.4461654e-05,32.72,71.33,4.74,1.54,29.12,6.8,Wheat,Vegetative,HEALTHY
20260724_123113,G_26_40,odm_orthophoto,26,40,1863,1351,4299905.006089055,618861.3130820188,0.48545036,0.084005475,2.4197556e-05,0.881074168797954,89.08780903665814,51.45496,4.485825e-06,4.452549e-06,1.255195e-05,29.53,71.54,12.56,1.02,42.3,6.53,Wheat,Vegetative,HEALTHY
20260724_123113,G_26_41,odm_orthophoto,26,41,1909,1351,4299905.006089055,618863.6125016798,0.45744607,0.063610114,2.7158381e-05,0.9109121909633419,92.02898550724638,54.25539,5.4459215e-06,5.4659454e-06,1.4499076e-05,30.79,70.18,6.76,1.24,27.0,6.73,Wheat,Vegetative,HEALTHY
20260724_123113,G_26_42,odm_orthophoto,26,42,1955,1351,4299905.006089055,618865.9119213409,0.5377873,0.103788555,3.0680192e-05,0.9377664109121909,93.98976982097187,46.221268,4.379931e-06,4.484273e-06,1.4607054e-05,29.9,67.19,10.44,0.77,44.62,7.01,Wheat,Vegetative,HEALTHY
20260724_123113,G_26_43,odm_orthophoto,26,43,2001,1351,4299905.006089055,618868.2113410019,0.4037459,0.059552286,2.4601995e-05,0.8844842284739983,89.00255754475704,59.625412,6.07945e-06,5.3352114e-06,1.4280451e-05,33.79,73.46,12.66,2.2,40.03,6.43,Wheat,Vegetative,HEALTHY
20260724_123113,G_27_3,odm_orthophoto,27,3,161,1402,4299902.456089093,618776.2345545595,0.4739608,0.07997954,1.9487334e-05,0.552003410059676,55.2003410059676,52.603924,3.6041388e-06,3.898944e-06,1.0100095e-05,30.48,76.75,2.17,0.66,36.71,6.89,Wheat,Vegetative,HEALTHY
20260724_123113,G_27_4,odm_orthophoto,27,4,207,1402,4299902.456089093,618778.5339742205,0.47340408,0.07519174,1.9927103e-05,0.9718670076726342,97.3998294970162,52.659595,3.6783972e-06,4.007725e-06,1.0320955e-05,33.35,61.42,9.82,1.31,28.35,6.96,Wheat,Vegetative,HEALTHY
20260724_123113,G_27_5,odm_orthophoto,27,5,253,1402,4299902.456089093,618780.8333938817,0.47438726,0.06676436,2.226975e-05,0.9160272804774083,92.07161125319693,52.56127,4.097282e-06,4.4280214e-06,1.1520769e-05,34.82,75.41,1.49,5.65,31.03,7.48,Wheat,Vegetative,HEALTHY
20260724_123113,G_27_7,odm_orthophoto,27,7,345,1402,4299902.456089093,618785.4322332038,0.48014623,0.0237462,2.6873367e-05,0.7540494458653026,75.66069906223359,51.98538,4.9458904e-06,4.6935224e-06,1.3904051e-05,30.32,72.54,0.11,5.42,35.77,6.66,Wheat,Vegetative,HEALTHY
20260724_123113,G_27_8,odm_orthophoto,27,8,391,1402,4299902.456089093,618787.7316528648,0.47268742,0.016943805,2.184724e-05,0.5481670929241261,55.02983802216539,52.73126,4.162853e-06,3.486159e-06,1.1445513e-05,29.0,82.92,7.15,4.17,28.54,6.77,Wheat,Vegetative,HEALTHY
20260724_123113,G_27_9,odm_orthophoto,27,9,437,1402,4299902.456089093,618790.0310725259,0.4419969,0.033470113,2.3435756e-05,0.9752770673486786,97.61295822676897,55.80031,4.9290047e-06,5.4704587e-06,1.2741206e-05,31.49,70.56,2.88,1.8,21.17,6.65,Wheat,Vegetative,HEALTHY
20260724_123113,G_27_10,odm_orthophoto,27,10,483,1402,4299902.456089093,618792.330492187,0.45339188,0.043982312,2.8247696e-05,1.0,100.0,54.66081,5.6459617e-06,6.416919e-06,1.506227e-05,28.53,69.12,9.27,4.5,41.94,6.76,Wheat,Vegetative,HEALTHY
20260724_123113,G_27_11,odm_orthophoto,27,11,529,1402,4299902.456089093,618794.629911848,0.4466691,0.041425772,3.4239747e-05,1.0,100.0,55.33309,7.088697e-06,8.2499955e-06,1.8502553e-05,31.07,69.58,8.12,3.01,39.9,7.08,Wheat,Vegetative,HEALTHY
20260724_123113,G_27_12,odm_orthophoto,27,12,575,1402,4299902.456089093,618796.929331509,0.4207632,0.025472935,3.8177524e-05,0.9948849104859335,99.48849104859335,57.92368,8.818636e-06,1.0428545e-05,2.1545258e-05,34.3,73.86,6.96,1.72,38.2,7.07,Wheat,Vegetative,HEALTHY
20260724_123113,G_27_13,odm_orthophoto,27,13,621,1402,4299902.456089093,618799.2287511701,0.704773,0.17649618,4.242191e-05,0.8648763853367434,87.7237851662404,29.5227,3.3081742e-06,4.068007e-06,1.7449413e-05,34.64,66.17,4.73,5.89,33.62,6.32,Wheat,Vegetative,HEALTHY
20260724_123113,G_27_14,odm_orthophoto,27,14,667,1402,4299902.456089093,618801.5281708312,0.61098677,0.15437588,3.11339e-05,0.5021312872975278,50.809889173060526,38.90132,3.2449452e-06,3.429227e-06,1.3623271e-05,29.56,80.42,8.52,5.48,32.2,7.03,Wheat,Vegetative,HEALTHY
20260724_123113,G_27_15,odm_orthophoto,27,15,713,1402,4299902.456089093,618803.8275904922,0.49052244,0.10902009,2.2418948e-05,0.9974424552429667,99.82949701619779,50.947754,3.8831477e-06,3.8000267e-06,1.1356361e-05,33.25,63.73,6.73,5.34,34.28,7.21,Wheat,Vegetative,HEALTHY
20260724_123113,G_27_16,odm_orthophoto,27,16,759,1402,4299902.456089093,618806.1270101533,0.5077637,0.11757758,2.4753226e-05,0.9053708439897699,91.38959931798807,49.223633,3.9354054e-06,3.915904e-06,1.2186752e-05,31.87,75.8,11.02,1.97,37.13,6.48,Wheat,Vegetative,HEALTHY
20260724_123113,G_27_17,odm_orthophoto,27,17,805,1402,4299902.456089093,618808.4264298143,0.5667561,0.12724932,2.8583343e-05,0.7506393861892583,76.34271099744245,43.324387,3.6033473e-06,3.8018657e-06,1.3131453e-05,29.14,76.95,8.41,4.02,23.65,6.85,Wheat,Vegetative,HEALTHY
20260724_123113,G_27_18,odm_orthophoto,27,18,851,1402,4299902.456089093,618810.7258494754,0.6459975,0.12715615,3.7731337e-05,0.7975277067348678,81.50042625745951,35.400246,3.2992964e-06,4.024564e-06,1.5876913e-05,30.55,82.23,1.95,2.55,32.12,6.69,Wheat,Vegetative,HEALTHY
20260724_123113,G_27_19,odm_orthophoto,27,19,897,1402,4299902.456089093,618813.0252691364,0.48819023,0.080967225,2.8935652e-05,0.8618925831202046,87.68115942028986,51.180977,5.089819e-06,4.9548544e-06,1.4735421e-05,27.95,68.01,4.1,1.5,37.28,6.97,Wheat,Vegetative,HEALTHY
20260724_123113,G_27_20,odm_orthophoto,27,20,943,1402,4299902.456089093,618815.3246887975,0.52017665,0.09709378,2.6836988e-05,0.9313725490196079,93.26513213981245,47.982334,4.147152e-06,4.4548433e-06,1.3093126e-05,31.45,66.89,5.37,3.54,37.24,6.93,Wheat,Vegetative,HEALTHY
20260724_123113,G_27_21,odm_orthophoto,27,21,989,1402,4299902.456089093,618817.6241084585,0.51356846,0.097959496,3.0389338e-05,0.9138959931798807,93.22250639386189,48.643154,4.803652e-06,4.883478e-06,1.4933836e-05,32.52,68.79,3.03,3.56,24.24,6.92,Wheat,Vegetative,HEALTHY
20260724_123113,G_27_22,odm_orthophoto,27,22,1035,1402,4299902.456089093,618819.9235281196,0.44810218,0.0761309,2.4923127e-05,0.9036658141517476,90.96334185848252,55.18978,5.130403e-06,4.9559085e-06,1.3438426e-05,31.02,66.04,2.34,3.45,28.89,6.75,Wheat,Vegetative,HEALTHY
20260724_123113,G_27_23,odm_orthophoto,27,23,1081,1402,4299902.456089093,618822.2229477807,0.48862815,0.09195583,2.3730458e-05,0.9560954816709293,96.33418584825235,51.137184,4.1483095e-06,4.1583667e-06,1.205872e-05,33.39,66.25,1.66,2.65,36.46,7.1,Wheat,Vegetative,HEALTHY
20260724_123113,G_27_24,odm_orthophoto,27,24,1127,1402,4299902.456089093,618824.5223674418,0.43713686,0.06706481,2.7015121e-05,0.9526854219948849,95.99317988064792,56.286312,5.8292753e-06,5.4351876e-06,1.4834692e-05,29.28,72.35,2.91,2.06,38.62,6.97,Wheat,Vegetative,HEALTHY
20260724_123113,G_27_25,odm_orthophoto,27,25,1173,1402,4299902.456089093,618826.8217871028,0.5959948,0.11820554,3.11594e-05,0.7949701619778347,81.41517476555839,40.400524,3.3868853e-06,3.7958716e-06,1.3773723e-05,29.25,69.02,5.56,1.69,37.42,6.33,Wheat,Vegetative,HEALTHY
20260724_123113,G_27_26,odm_orthophoto,27,26,1219,1402,4299902.456089093,618829.1212067639,0.52918506,0.0950889,2.8142496e-05,0.8154305200341005,82.65132139812447,47.081493,4.1880435e-06,4.2528222e-06,1.35692135e-05,32.09,71.12,2.51,2.63,31.21,6.35,Wheat,Vegetative,HEALTHY
20260724_123113,G_27_27,odm_orthophoto,27,27,1265,1402,4299902.456089093,618831.420626425,0.48666248,0.0962074,2.887219e-05,0.8542199488491049,86.70076726342711,51.333748,5.1118445e-06,4.6659025e-06,1.47362925e-05,32.59,73.27,6.94,4.57,31.62,6.9,Wheat,Vegetative,HEALTHY
20260724_123113,G_27_28,odm_orthophoto,27,28,1311,1402,4299902.456089093,618833.720046086,0.5381851,0.10975281,2.7145368e-05,0.8772378516624041,89.34356351236147,46.181488,3.773388e-06,3.8773946e-06,1.2822154e-05,30.34,72.75,7.25,1.43,33.37,6.48,Wheat,Vegetative,HEALTHY
20260724_123113,G_27_29,odm_orthophoto,27,29,1357,1402,4299902.456089093,618836.019465747,0.5264295,0.10838842,3.0478093e-05,0.8026427962489343,81.67092924126173,47.35705,4.605579e-06,4.449649e-06,1.476534e-05,29.58,80.15,11.88,0.96,32.54,6.89,Wheat,Vegetative,HEALTHY
20260724_123113,G_27_30,odm_orthophoto,27,30,1403,1402,4299902.456089093,618838.3188854081,0.52329195,0.09992331,2.9216439e-05,0.8836317135549873,90.19607843137256,47.670807,4.4885833e-06,4.374848e-06,1.4227762e-05,27.68,73.46,14.87,3.47,23.49,6.87,Wheat,Vegetative,HEALTHY
20260724_123113,G_27_31,odm_orthophoto,27,31,1449,1402,4299902.456089093,618840.6183050692,0.5378715,0.113965124,2.7169912e-05,0.8751065643648764,88.02216538789429,46.212852,3.955175e-06,3.9196357e-06,1.3012122e-05,30.1,73.53,4.47,3.12,32.07,6.74,Wheat,Vegetative,HEALTHY
20260724_123113,G_27_32,odm_orthophoto,27,32,1495,1402,4299902.456089093,618842.9177247302,0.46853393,0.089771934,2.6318736e-05,0.9305200341005968,94.3307757885763,53.146606,5.0377134e-06,4.676202e-06,1.3810957e-05,28.23,70.16,8.15,3.19,37.97,6.65,Wheat,Vegetative,HEALTHY
20260724_123113,G_27_33,odm_orthophoto,27,33,1541,1402,4299902.456089093,618845.2171443913,0.55108315,0.11996263,2.443865e-05,1.0,100.0,44.891685,3.4553648e-06,3.343291e-06,1.1601827e-05,29.13,73.38,4.84,1.08,35.47,7.12,Wheat,Vegetative,HEALTHY
20260724_123113,G_27_34,odm_orthophoto,27,34,1587,1402,4299902.456089093,618847.5165640523,0.52256465,0.10884184,2.5040134e-05,0.763000852514919,77.91986359761296,47.743534,3.8797925e-06,3.839657e-06,1.222678e-05,29.3,75.36,14.97,1.32,27.91,6.84,Wheat,Vegetative,HEALTHY
20260724_123113,G_27_35,odm_orthophoto,27,35,1633,1402,4299902.456089093,618849.8159837134,0.4828321,0.0872909,2.8604325e-05,0.875532821824382,88.6615515771526,51.716793,5.1437355e-06,5.0700824e-06,1.4678891e-05,27.59,67.21,7.52,3.67,26.22,7.15,Wheat,Vegetative,HEALTHY
20260724_123113,G_27_36,odm_orthophoto,27,36,1679,1402,4299902.456089093,618852.1154033744,0.5248348,0.09969534,2.517593e-05,0.8729752770673487,88.49104859335038,47.516518,3.776811e-06,3.8957473e-06,1.2169061e-05,31.49,74.25,3.46,0.83,40.71,7.25,Wheat,Vegetative,HEALTHY
20260724_123113,G_27_37,odm_orthophoto,27,37,1725,1402,4299902.456089093,618854.4148230355,0.49754494,0.08461283,2.6876945e-05,0.9258312020460358,94.16027280477408,50.245506,4.5741635e-06,4.749785e-06,1.3533476e-05,28.51,65.23,3.09,3.89,43.4,5.91,Wheat,Vegetative,HEALTHY
20260724_123113,G_27_38,odm_orthophoto,27,38,1771,1402,4299902.456089093,618856.7142426965,0.51003826,0.09496673,2.9155644e-05,0.8589087809036658,87.1696504688832,48.996174,4.7540607e-06,4.8563866e-06,1.4472983e-05,33.12,60.56,1.74,5.5,27.8,6.67,Wheat,Vegetative,HEALTHY
20260724_123113,G_27_39,odm_orthophoto,27,39,1817,1402,4299902.456089093,618859.0136623576,0.54360527,0.11249515,2.7986742e-05,0.9130434782608695,92.02898550724638,45.639473,3.97397e-06,4.1276494e-06,1.3303208e-05,29.68,77.9,14.17,1.49,25.42,7.3,Wheat,Vegetative,HEALTHY
20260724_123113,G_27_40,odm_orthophoto,27,40,1863,1402,4299902.456089093,618861.3130820188,0.43766698,0.0549625,2.5660804e-05,0.9467178175618073,95.2685421994885,56.2333,5.7297907e-06,5.752025e-06,1.4283733e-05,29.4,71.89,7.62,2.33,34.12,7.05,Wheat,Vegetative,HEALTHY
20260724_123113,G_27_41,odm_orthophoto,27,41,1909,1402,4299902.456089093,618863.6125016798,0.5456979,0.095975704,3.161502e-05,0.8482523444160273,86.48763853367434,45.430206,4.398692e-06,4.7375784e-06,1.4937444e-05,32.97,64.82,3.6,4.76,36.23,6.11,Wheat,Vegetative,HEALTHY
20260724_123113,G_27_42,odm_orthophoto,27,42,1955,1402,4299902.456089093,618865.9119213409,0.43588138,0.08217569,2.5273006e-05,0.9744245524296675,97.65558397271951,56.41186,5.525331e-06,4.902606e-06,1.3949994e-05,32.46,68.33,0.7,1.73,40.49,6.61,Wheat,Vegetative,HEALTHY
20260724_123113,G_27_43,odm_orthophoto,27,43,2001,1402,4299902.456089093,618868.2113410019,0.5319868,0.10793818,2.9554265e-05,0.7702472293265132,77.83461210571186,46.801323,4.329774e-06,4.503669e-06,1.4181566e-05,28.36,68.61,14.54,1.94,33.5,7.12,Wheat,Vegetative,HEALTHY
20260724_123113,G_28_3,odm_orthophoto,28,3,161,1453,4299899.906089132,618776.2345545595,0.47282827,0.07896756,1.8880824e-05,0.9352088661551577,93.52088661551578,52.717175,3.5065798e-06,3.818285e-06,9.800356e-06,32.17,75.97,13.25,1.88,29.86,6.75,Wheat,Vegetative,HEALTHY
20260724_123113,G_28_4,odm_orthophoto,28,4,207,1453,4299899.906089132,618778.5339742205,0.47291568,0.073215574,1.918923e-05,1.0,100.0,52.708435,3.563364e-06,3.893159e-06,9.959949e-06,30.9,79.04,0.25,1.89,45.59,6.63,Wheat,Vegetative,HEALTHY
20260724_123113,G_28_5,odm_orthophoto,28,5,253,1453,4299899.906089132,618780.8333938817,0.4759582,0.0686258,2.0246376e-05,1.0,100.0,52.40418,3.7141074e-06,4.038156e-06,1.0463093e-05,29.48,72.3,6.58,0.5,39.14,6.78,Wheat,Vegetative,HEALTHY
20260724_123113,G_28_6,odm_orthophoto,28,6,299,1453,4299899.906089132,618783.1328135427,0.4816001,0.068084165,2.0844836e-05,0.9910485933503836,99.31798806479112,51.83999,3.7281923e-06,4.1170574e-06,1.0676674e-05,34.63,73.56,4.22,4.6,41.55,6.87,Wheat,Vegetative,HEALTHY
20260724_123113,G_28_7,odm_orthophoto,28,7,345,1453,4299899.906089132,618785.4322332038,0.48947304,0.055205937,2.5250276e-05,0.7361466325660699,75.06393861892583,51.052696,4.5311403e-06,5.043615e-06,1.2948231e-05,30.6,71.58,12.88,2.24,32.84,7.08,Wheat,Vegetative,HEALTHY
20260724_123113,G_28_8,odm_orthophoto,28,8,391,1453,4299899.906089132,618787.7316528648,0.4631652,0.023966195,2.6235532e-05,0.7540494458653026,76.04433077578857,53.683483,5.1932698e-06,5.380074e-06,1.3938822e-05,32.34,79.58,7.7,5.95,35.65,6.68,Wheat,Vegetative,HEALTHY
20260724_123113,G_28_9,odm_orthophoto,28,9,437,1453,4299899.906089132,618790.0310725259,0.44478613,0.03259101,2.4238952e-05,1.0,100.0,55.521385,5.0444214e-06,5.6823133e-06,1.3124371e-05,28.64,77.26,14.06,3.44,30.52,6.55,Wheat,Vegetative,HEALTHY
20260724_123113,G_28_10,odm_orthophoto,28,10,483,1453,4299899.906089132,618792.330492187,0.44254994,0.041510094,2.2292048e-05,1.0,100.0,55.745007,4.6696878e-06,5.379893e-06,1.2100625e-05,32.29,66.84,1.96,0.57,39.96,7.19,Wheat,Vegetative,HEALTHY
20260724_123113,G_28_11,odm_orthophoto,28,11,529,1453,4299899.906089132,618794.629911848,0.44455007,0.05077166,2.2398272e-05,1.0,100.0,55.545,4.656875e-06,5.3833814e-06,1.21232215e-05,29.35,67.98,9.78,2.0,30.44,7.15,Wheat,Vegetative,HEALTHY
20260724_123113,G_28_12,odm_orthophoto,28,12,575,1453,4299899.906089132,618796.929331509,0.458029,0.058289655,2.548299e-05,0.9769820971867008,98.25234441602728,54.197098,5.0500335e-06,5.820915e-06,1.3544694e-05,30.21,71.8,9.29,1.67,34.7,6.62,Wheat,Vegetative,HEALTHY
20260724_123113,G_28_13,odm_orthophoto,28,13,621,1453,4299899.906089132,618799.2287511701,0.63177973,0.14487985,3.623352e-05,0.7054560954816709,71.90963341858483,36.822025,3.6768038e-06,4.1519565e-06,1.5755126e-05,30.82,69.73,4.5,3.88,44.97,7.44,Wheat,Vegetative,HEALTHY
20260724_123113,G_28_14,odm_orthophoto,28,14,667,1453,4299899.906089132,618801.5281708312,0.5206622,0.117479146,3.0004518e-05,1.0,100.0,47.93378,4.6314626e-06,4.4419944e-06,1.4633356e-05,29.86,69.65,13.91,2.06,32.37,6.88,Wheat,Vegetative,HEALTHY
20260724_123113,G_28_15,odm_orthophoto,28,15,713,1453,4299899.906089132,618803.8275904922,0.5109799,0.11812303,2.3276598e-05,1.0,100.0,48.90201,3.7283023e-06,3.6334327e-06,1.14874065e-05,30.68,69.45,9.94,1.97,33.43,6.47,Wheat,Vegetative,HEALTHY
20260724_123113,G_28_16,odm_orthophoto,28,16,759,1453,4299899.906089132,618806.1270101533,0.5659295,0.12187557,2.8517485e-05,0.8324808184143222,84.52685421994885,43.40705,3.5321123e-06,3.7538643e-06,1.3038266e-05,31.4,66.31,7.54,0.51,32.16,6.72,Wheat,Vegetative,HEALTHY
20260724_123113,G_28_17,odm_orthophoto,28,17,805,1453,4299899.906089132,618808.4264298143,0.63457745,0.136423,3.456334e-05,0.8853367433930094,89.94032395566921,36.542255,3.1136199e-06,3.6453416e-06,1.4635167e-05,31.11,74.04,1.16,5.42,26.93,7.25,Wheat,Vegetative,HEALTHY
20260724_123113,G_28_18,odm_orthophoto,28,18,851,1453,4299899.906089132,618810.7258494754,0.5324747,0.1059756,3.1614138e-05,0.8917306052855924,90.28132992327366,46.75253,4.62296e-06,4.4234675e-06,1.5161429e-05,29.22,63.44,8.33,1.05,29.86,6.58,Wheat,Vegetative,HEALTHY
20260724_123113,G_28_19,odm_orthophoto,28,19,897,1453,4299899.906089132,618813.0252691364,0.53881294,0.10791079,2.7857219e-05,0.9424552429667519,94.84228473998296,46.118706,4.118017e-06,4.147418e-06,1.3404084e-05,31.3,73.79,11.78,2.21,36.6,7.27,Wheat,Vegetative,HEALTHY
20260724_123113,G_28_20,odm_orthophoto,28,20,943,1453,4299899.906089132,618815.3246887975,0.5451048,0.1060768,2.9133376e-05,0.8090366581415175,82.77919863597613,45.48952,4.162284e-06,4.3730465e-06,1.3873761e-05,31.19,69.13,6.0,5.39,25.6,7.24,Wheat,Vegetative,HEALTHY
20260724_123113,G_28_21,odm_orthophoto,28,21,989,1453,4299899.906089132,618817.6241084585,0.47722596,0.10108267,2.770165e-05,0.8925831202046036,90.02557544757033,52.277405,5.081464e-06,4.726466e-06,1.4315709e-05,29.06,68.29,11.19,4.95,30.66,6.6,Wheat,Vegetative,HEALTHY
20260724_123113,G_28_22,odm_orthophoto,28,22,1035,1453,4299899.906089132,618819.9235281196,0.57427585,0.12043078,2.9673885e-05,0.9092071611253197,92.24211423699916,42.572414,3.6432598e-06,4.0636364e-06,1.3534901e-05,30.64,71.67,14.41,4.29,30.88,6.63,Wheat,Vegetative,HEALTHY
20260724_123113,G_28_23,odm_orthophoto,28,23,1081,1453,4299899.906089132,618822.2229477807,0.53112286,0.099812135,2.9345703e-05,0.8324808184143222,84.39897698209718,46.887714,4.4215e-06,4.515093e-06,1.420377e-05,33.26,69.1,10.13,2.6,31.32,7.12,Wheat,Vegetative,HEALTHY
20260724_123113,G_28_24,odm_orthophoto,28,24,1127,1453,4299899.906089132,618824.5223674418,0.46458876,0.07116758,2.7081845e-05,0.9735720375106565,97.69820971867009,53.541122,5.2398736e-06,5.0929857e-06,1.4267514e-05,28.58,70.98,9.0,2.57,39.13,6.84,Wheat,Vegetative,HEALTHY
20260724_123113,G_28_25,odm_orthophoto,28,25,1173,1453,4299899.906089132,618826.8217871028,0.55928695,0.11389166,2.79301e-05,0.8627450980392157,87.6385336743393,44.071304,3.5901307e-06,3.7765215e-06,1.2900479e-05,31.12,71.88,14.33,4.06,29.72,7.18,Wheat,Vegetative,HEALTHY
20260724_123113,G_28_26,odm_orthophoto,28,26,1219,1453,4299899.906089132,618829.1212067639,0.51107556,0.093330525,2.9134546e-05,0.8188405797101449,82.9923273657289,48.892445,4.723037e-06,4.596398e-06,1.4434925e-05,34.19,68.73,7.28,3.47,37.26,6.91,Wheat,Vegetative,HEALTHY
20260724_123113,G_28_27,odm_orthophoto,28,27,1265,1453,4299899.906089132,618831.420626425,0.56856024,0.11191431,3.0315205e-05,0.7945439045183291,81.75618073316284,43.143974,3.824529e-06,4.0447467e-06,1.3929963e-05,27.82,66.84,6.89,2.02,35.73,7.36,Wheat,Vegetative,HEALTHY
20260724_123113,G_28_28,odm_orthophoto,28,28,1311,1453,4299899.906089132,618833.720046086,0.5436394,0.11110326,2.7799302e-05,0.7745098039215687,79.49701619778347,45.63606,3.8442195e-06,3.871441e-06,1.3110975e-05,29.85,73.77,4.75,3.36,31.72,6.9,Wheat,Vegetative,HEALTHY
20260724_123113,G_28_29,odm_orthophoto,28,29,1357,1453,4299899.906089132,618836.019465747,0.44634065,0.082430415,2.568412e-05,0.8533674339300937,86.06138107416879,55.365932,5.3914305e-06,4.8243255e-06,1.3953136e-05,30.86,63.3,10.69,4.97,34.77,6.66,Wheat,Vegetative,HEALTHY
20260724_123113,G_28_30,odm_orthophoto,28,30,1403,1453,4299899.906089132,618838.3188854081,0.5288152,0.09589765,2.6983065e-05,0.9573742540494459,96.54731457800511,47.11848,4.0699492e-06,4.100628e-06,1.3064613e-05,27.91,69.79,11.93,1.9,32.34,6.54,Wheat,Vegetative,HEALTHY
20260724_123113,G_28_31,odm_orthophoto,28,31,1449,1453,4299899.906089132,618840.6183050692,0.55675447,0.11017324,3.0852654e-05,0.7723785166240409,79.49701619778347,44.324554,4.16505e-06,4.289796e-06,1.4449654e-05,31.39,77.87,13.97,4.99,34.53,7.37,Wheat,Vegetative,HEALTHY
20260724_123113,G_28_32,odm_orthophoto,28,32,1495,1453,4299899.906089132,618842.9177247302,0.45671022,0.088248946,2.4356388e-05,0.8861892583120204,89.55669224211424,54.32898,4.955075e-06,4.4977987e-06,1.3074165e-05,28.49,67.49,11.23,5.48,35.15,7.02,Wheat,Vegetative,HEALTHY
20260724_123113,G_28_33,odm_orthophoto,28,33,1541,1453,4299899.906089132,618845.2171443913,0.5762629,0.13002606,2.559272e-05,0.8930093776641091,90.8780903665814,42.37371,3.0947285e-06,3.1614195e-06,1.16258925e-05,30.11,75.29,7.09,3.31,45.96,6.88,Wheat,Vegetative,HEALTHY
20260724_123113,G_28_34,odm_orthophoto,28,34,1587,1453,4299899.906089132,618847.5165640523,0.5177214,0.09928999,3.096854e-05,0.8520886615515771,86.74339300937767,48.22786,4.9270825e-06,4.98927e-06,1.5250345e-05,33.66,80.18,12.5,1.62,32.73,6.5,Wheat,Vegetative,HEALTHY
20260724_123113,G_28_35,odm_orthophoto,28,35,1633,1453,4299899.906089132,618849.8159837134,0.48425877,0.0848591,2.6891184e-05,0.7647058823529411,77.8772378516624,51.574123,4.7961084e-06,4.7591693e-06,1.3760175e-05,32.21,73.78,4.21,2.99,38.71,6.77,Wheat,Vegetative,HEALTHY
20260724_123113,G_28_36,odm_orthophoto,28,36,1679,1453,4299899.906089132,618852.1154033744,0.46635857,0.07771195,2.2164086e-05,0.7958226768968457,80.81841432225065,53.364147,4.3105165e-06,4.2142915e-06,1.1698783e-05,33.87,70.17,7.17,5.93,26.65,6.99,Wheat,Vegetative,HEALTHY
20260724_123113,G_28_37,odm_orthophoto,28,37,1725,1453,4299899.906089132,618854.4148230355,0.45069435,0.06672029,2.7200515e-05,0.8951406649616368,90.153452685422,54.93057,5.55378e-06,5.50575e-06,1.4620986e-05,30.94,70.76,11.98,2.18,35.33,6.02,Wheat,Vegetative,HEALTHY
20260724_123113,G_28_38,odm_orthophoto,28,38,1771,1453,4299899.906089132,618856.7142426965,0.5295701,0.10431557,2.7130187e-05,0.8691389599317988,87.80903665814151,47.04299,4.005317e-06,4.060689e-06,1.3049026e-05,33.77,65.83,12.53,5.37,29.41,7.47,Wheat,Vegetative,HEALTHY
20260724_123113,G_28_39,odm_orthophoto,28,39,1817,1453,4299899.906089132,618859.0136623576,0.5201602,0.080644526,3.0070345e-05,0.8405797101449275,85.16624040920716,47.98398,4.735423e-06,5.038022e-06,1.4759263e-05,32.82,67.76,8.28,0.74,23.32,7.13,Wheat,Vegetative,HEALTHY
20260724_123113,G_28_40,odm_orthophoto,28,40,1863,1453,4299899.906089132,618861.3130820188,0.44097432,0.05275657,2.7244867e-05,0.7885763000852515,79.45439045183291,55.902565,5.832532e-06,5.8390883e-06,1.4914532e-05,31.55,72.72,2.51,5.07,23.01,7.09,Wheat,Vegetative,HEALTHY
20260724_123113,G_28_41,odm_orthophoto,28,41,1909,1453,4299899.906089132,618863.6125016798,0.47105604,0.091239505,2.9365036e-05,0.9872122762148338,98.9769820971867,52.894394,5.543823e-06,5.2249516e-06,1.5332578e-05,26.93,69.97,9.68,3.97,38.04,6.73,Wheat,Vegetative,HEALTHY
20260724_123113,G_28_42,odm_orthophoto,28,42,1955,1453,4299899.906089132,618865.9119213409,0.47789288,0.08900386,2.8943432e-05,0.7647058823529411,77.3231031543052,52.210712,5.2648634e-06,5.050908e-06,1.4913067e-05,29.45,70.94,0.58,1.28,34.82,6.67,Wheat,Vegetative,HEALTHY
20260724_123113,G_29_3,odm_orthophoto,29,3,161,1504,4299897.35608917,618776.2345545595,0.47005266,0.07294933,1.9368716e-05,1.0,100.0,52.994736,3.6404329e-06,4.0117607e-06,1.0096849e-05,30.77,76.25,3.59,5.38,29.91,6.73,Wheat,Vegetative,HEALTHY
20260724_123113,G_29_4,odm_orthophoto,29,4,207,1504,4299897.35608917,618778.5339742205,0.46723792,0.0674616,1.8711504e-05,1.0,100.0,53.276207,3.5554292e-06,3.922158e-06,9.792764e-06,29.87,61.87,2.18,4.35,31.9,6.86,Wheat,Vegetative,HEALTHY
20260724_123113,G_29_5,odm_orthophoto,29,5,253,1504,4299897.35608917,618780.8333938817,0.46686253,0.06142043,1.9400106e-05,1.0,100.0,53.313744,3.6916042e-06,4.06607e-06,1.01584865e-05,26.14,63.7,11.23,2.29,43.43,6.48,Wheat,Vegetative,HEALTHY
20260724_123113,G_29_6,odm_orthophoto,29,6,299,1504,4299897.35608917,618783.1328135427,0.4678852,0.06283393,1.883074e-05,1.0,100.0,53.21148,3.5685066e-06,3.9639513e-06,9.8455885e-06,30.63,69.5,1.42,5.86,35.17,6.79,Wheat,Vegetative,HEALTHY
20260724_123113,G_29_7,odm_orthophoto,29,7,345,1504,4299897.35608917,618785.4322332038,0.4608351,0.0571199,1.8645282e-05,1.0,100.0,53.91649,3.6344193e-06,4.094291e-06,9.849682e-06,33.82,75.41,12.19,5.58,30.4,6.8,Wheat,Vegetative,HEALTHY
20260724_123113,G_29_8,odm_orthophoto,29,8,391,1504,4299897.35608917,618787.7316528648,0.45302066,0.04639461,2.092434e-05,0.9884910485933504,98.9769820971867,54.69793,4.2140296e-06,4.857408e-06,1.1189028e-05,30.02,72.16,3.19,1.31,31.78,6.87,Wheat,Vegetative,HEALTHY
20260724_123113,G_29_9,odm_orthophoto,29,9,437,1504,4299897.35608917,618790.0310725259,0.45226732,0.046844915,2.1023887e-05,1.0,100.0,54.77327,4.249217e-06,4.9498285e-06,1.12574e-05,33.19,75.87,4.18,1.45,34.89,7.18,Wheat,Vegetative,HEALTHY
20260724_123113,G_29_10,odm_orthophoto,29,10,483,1504,4299897.35608917,618792.330492187,0.45938632,0.049019173,2.311676e-05,1.0,100.0,54.061363,4.5156658e-06,5.237029e-06,1.2221515e-05,31.93,67.68,8.19,0.98,28.66,6.43,Wheat,Vegetative,HEALTHY
20260724_123113,G_29_11,odm_orthophoto,29,11,529,1504,4299897.35608917,618794.629911848,0.46509883,0.058559407,2.2369371e-05,1.0,100.0,53.490112,4.2735724e-06,4.964513e-06,1.1730272e-05,28.63,74.8,10.08,4.42,32.91,6.82,Wheat,Vegetative,HEALTHY
20260724_123113,G_29_12,odm_orthophoto,29,12,575,1504,4299897.35608917,618796.929331509,0.6583968,0.13778089,3.6325044e-05,0.8815004262574595,89.55669224211424,34.16032,3.0742865e-06,3.859467e-06,1.518309e-05,30.63,69.66,1.04,1.25,43.22,6.46,Wheat,Vegetative,HEALTHY
20260724_123113,G_29_13,odm_orthophoto,29,13,621,1504,4299897.35608917,618799.2287511701,0.73162615,0.18673849,4.207273e-05,0.7263427109974424,74.50980392156863,26.837385,2.6910352e-06,3.3485362e-06,1.6715829e-05,33.6,70.79,14.3,5.1,34.31,6.87,Wheat,Vegetative,HEALTHY
20260724_123113,G_29_14,odm_orthophoto,29,14,667,1504,4299897.35608917,618801.5281708312,0.5210994,0.12495292,2.8779179e-05,1.0,100.0,47.89006,4.421909e-06,4.257268e-06,1.4015332e-05,31.03,77.79,11.97,1.3,27.58,7.13,Wheat,Vegetative,HEALTHY
20260724_123113,G_29_15,odm_orthophoto,29,15,713,1504,4299897.35608917,618803.8275904922,0.5896637,0.1371098,2.8202792e-05,0.7860187553282183,80.43478260869566,41.03363,3.1670886e-06,3.4130835e-06,1.2568325e-05,31.57,65.86,3.75,4.23,42.98,6.81,Wheat,Vegetative,HEALTHY
20260724_123113,G_29_16,odm_orthophoto,29,16,759,1504,4299897.35608917,618806.1270101533,0.5869718,0.13450542,2.8789873e-05,0.8452685421994884,85.37936913895993,41.30282,3.3741203e-06,3.6022193e-06,1.2971061e-05,31.64,81.02,14.95,1.9,40.14,7.31,Wheat,Vegetative,HEALTHY
20260724_123113,G_29_17,odm_orthophoto,29,17,805,1504,4299897.35608917,618808.4264298143,0.6198267,0.13298012,3.780514e-05,0.8231031543052003,83.63171355498721,38.017334,3.8417033e-06,4.1533112e-06,1.644394e-05,26.6,68.42,7.68,1.27,35.52,6.99,Wheat,Vegetative,HEALTHY
20260724_123113,G_29_18,odm_orthophoto,29,18,851,1504,4299897.35608917,618810.7258494754,0.52296656,0.10212088,2.9419789e-05,0.7817561807331628,80.56265984654732,47.703342,4.592018e-06,4.3879713e-06,1.439899e-05,28.62,76.17,13.61,2.81,33.78,6.73,Wheat,Vegetative,HEALTHY
20260724_123113,G_29_19,odm_orthophoto,29,19,897,1504,4299897.35608917,618813.0252691364,0.58237594,0.13209222,2.8994744e-05,0.8525149190110827,86.1466325660699,41.762405,3.4851612e-06,3.673916e-06,1.31504e-05,30.72,71.84,0.27,3.11,30.03,6.83,Wheat,Vegetative,HEALTHY
20260724_123113,G_29_20,odm_orthophoto,29,20,943,1504,4299897.35608917,618815.3246887975,0.52101547,0.12330248,2.9463561e-05,0.9181585677749361,93.05200341005968,47.898453,4.563843e-06,4.3108844e-06,1.4385402e-05,32.82,66.27,11.33,4.73,24.09,7.04,Wheat,Vegetative,HEALTHY
20260724_123113,G_29_21,odm_orthophoto,29,21,989,1504,4299897.35608917,618817.6241084585,0.64259577,0.13485824,3.6329024e-05,0.8341858482523444,84.69735720375107,35.740425,3.2855785e-06,3.9914275e-06,1.5395719e-05,27.37,74.46,1.32,3.37,32.72,6.81,Wheat,Vegetative,HEALTHY
20260724_123113,G_29_22,odm_orthophoto,29,22,1035,1504,4299897.35608917,618819.9235281196,0.56990623,0.11226229,3.0311612e-05,0.8580562659846548,86.74339300937767,43.009377,3.8691355e-06,4.204007e-06,1.397337e-05,27.24,67.99,11.54,1.85,29.01,7.29,Wheat,Vegetative,HEALTHY
20260724_123113,G_29_23,odm_orthophoto,29,23,1081,1504,4299897.35608917,618822.2229477807,0.53252566,0.10008523,3.2129756e-05,0.8542199488491049,86.70076726342711,46.747433,4.7681974e-06,4.768603e-06,1.5478554e-05,34.49,66.2,5.72,1.89,43.96,7.12,Wheat,Vegetative,HEALTHY
20260724_123113,G_29_24,odm_orthophoto,29,24,1127,1504,4299897.35608917,618824.5223674418,0.5291253,0.099076614,2.4761257e-05,0.8167092924126172,82.9070758738278,47.08747,3.6967797e-06,3.8566836e-06,1.1950792e-05,31.43,76.93,14.36,2.16,39.3,6.65,Wheat,Vegetative,HEALTHY
20260724_123113,G_29_25,odm_orthophoto,29,25,1173,1504,4299897.35608917,618826.8217871028,0.59767634,0.11040735,3.4269644e-05,0.8533674339300937,86.44501278772378,40.232365,3.8740554e-06,4.3561486e-06,1.5297715e-05,31.56,74.62,14.78,4.77,36.17,6.56,Wheat,Vegetative,HEALTHY
20260724_123113,G_29_26,odm_orthophoto,29,26,1219,1504,4299897.35608917,618829.1212067639,0.5862739,0.10811907,3.4476965e-05,0.8098891730605285,82.9070758738278,41.37261,4.047953e-06,4.493134e-06,1.5540734e-05,29.68,75.5,8.58,1.75,20.45,6.23,Wheat,Vegetative,HEALTHY
20260724_123113,G_29_27,odm_orthophoto,29,27,1265,1504,4299897.35608917,618831.420626425,0.53170645,0.10587522,2.5332445e-05,0.887468030690537,89.51406649616368,46.829353,3.7005673e-06,3.834294e-06,1.21449875e-05,29.3,74.52,1.7,0.85,32.92,7.05,Wheat,Vegetative,HEALTHY
20260724_123113,G_29_28,odm_orthophoto,29,28,1311,1504,4299897.35608917,618833.720046086,0.49563268,0.093719244,2.8690036e-05,0.9671781756180733,97.52770673486786,50.436737,4.9947544e-06,4.766615e-06,1.4558472e-05,30.64,70.97,3.76,4.17,30.59,6.48,Wheat,Vegetative,HEALTHY
20260724_123113,G_29_29,odm_orthophoto,29,29,1357,1504,4299897.35608917,618836.019465747,0.6170291,0.1270366,3.3465967e-05,0.912617220801364,92.1994884910486,38.297092,3.4221116e-06,3.857887e-06,1.4577845e-05,32.47,68.91,9.85,4.97,37.71,6.57,Wheat,Vegetative,HEALTHY
20260724_123113,G_29_30,odm_orthophoto,29,30,1403,1504,4299897.35608917,618838.3188854081,0.59408873,0.11524581,3.0928302e-05,0.8077578857630009,82.5234441602728,40.591125,3.512964e-06,3.8886187e-06,1.3822761e-05,33.62,68.67,3.89,5.54,37.54,7.1,Wheat,Vegetative,HEALTHY
20260724_123113,G_29_31,odm_orthophoto,29,31,1449,1504,4299897.35608917,618840.6183050692,0.4862855,0.09373672,2.7308404e-05,0.8533674339300937,86.82864450127877,51.37145,4.8350253e-06,4.6125733e-06,1.393817e-05,33.13,71.03,10.21,1.9,35.54,7.11,Wheat,Vegetative,HEALTHY
20260724_123113,G_29_32,odm_orthophoto,29,32,1495,1504,4299897.35608917,618842.9177247302,0.52993983,0.113246076,2.4038089e-05,0.8137254901960784,82.05456095481671,47.006016,3.552886e-06,3.5237815e-06,1.1565829e-05,29.38,76.8,1.15,4.58,30.46,6.64,Wheat,Vegetative,HEALTHY
20260724_123113,G_29_33,odm_orthophoto,29,33,1541,1504,4299897.35608917,618845.2171443913,0.49942708,0.09415931,2.6293821e-05,0.7753623188405797,78.55924978687126,50.057293,4.518938e-06,4.426234e-06,1.328386e-05,27.96,72.89,11.98,5.94,28.84,6.79,Wheat,Vegetative,HEALTHY
20260724_123113,G_29_34,odm_orthophoto,29,34,1587,1504,4299897.35608917,618847.5165640523,0.46855533,0.08058981,2.7389824e-05,0.8635976129582268,87.1696504688832,53.144466,5.245072e-06,5.0765607e-06,1.4375374e-05,28.71,78.27,9.88,1.38,44.95,7.09,Wheat,Vegetative,HEALTHY
20260724_123113,G_29_35,odm_orthophoto,29,35,1633,1504,4299897.35608917,618849.8159837134,0.49647248,0.089483865,2.4218018e-05,0.9889173060528559,99.23273657289002,50.352753,4.1270487e-06,4.112404e-06,1.21999865e-05,31.1,69.61,3.92,3.23,35.88,6.89,Wheat,Vegetative,HEALTHY
20260724_123113,G_29_36,odm_orthophoto,29,36,1679,1504,4299897.35608917,618852.1154033744,0.5120701,0.08855562,2.765553e-05,0.8495311167945439,86.91389599317988,48.792988,4.503266e-06,4.4899575e-06,1.3722114e-05,26.3,76.96,8.94,5.33,20.97,6.62,Wheat,Vegetative,HEALTHY
20260724_123113,G_29_37,odm_orthophoto,29,37,1725,1504,4299897.35608917,618854.4148230355,0.5783764,0.10123835,3.2595097e-05,0.7843137254901961,79.96589940323956,42.162357,3.9364963e-06,4.336313e-06,1.48019435e-05,28.64,72.21,12.05,5.22,39.39,7.64,Wheat,Vegetative,HEALTHY
20260724_123113,G_29_38,odm_orthophoto,29,38,1771,1504,4299897.35608917,618856.7142426965,0.47083297,0.08124844,2.3308114e-05,0.8895993179880648,90.06820119352089,52.916706,4.438722e-06,4.30121e-06,1.2208353e-05,29.38,64.42,4.58,1.01,38.69,7.14,Wheat,Vegetative,HEALTHY
20260724_123113,G_29_39,odm_orthophoto,29,39,1817,1504,4299897.35608917,618859.0136623576,0.38284963,0.029187925,2.3083452e-05,0.9134697357203752,92.02898550724638,61.71504,6.3436883e-06,6.090868e-06,1.4038485e-05,33.22,67.24,6.24,2.61,40.03,6.77,Wheat,Vegetative,HEALTHY
20260724_123113,G_29_40,odm_orthophoto,29,40,1863,1504,4299897.35608917,618861.3130820188,0.49857107,0.081183456,3.0471336e-05,0.9130434782608695,92.1994884910486,50.142895,5.259524e-06,5.225537e-06,1.5417054e-05,32.85,60.31,0.01,2.41,22.34,6.19,Wheat,Vegetative,HEALTHY
20260724_123113,G_29_41,odm_orthophoto,29,41,1909,1504,4299897.35608917,618863.6125016798,0.44266158,0.08700666,2.7807699e-05,0.8005115089514067,81.20204603580564,55.73384,5.9151635e-06,5.322806e-06,1.5184788e-05,32.89,72.72,9.73,4.09,34.64,6.75,Wheat,Vegetative,HEALTHY
20260724_123113,G_29_42,odm_orthophoto,29,42,1955,1504,4299897.35608917,618865.9119213409,0.52967227,0.11763749,2.8735936e-05,0.8427109974424553,84.5694799658994,47.032772,4.1623575e-06,4.283365e-06,1.3741353e-05,28.48,70.41,3.66,0.6,30.43,7.33,Wheat,Vegetative,HEALTHY
20260724_123113,G_30_2,odm_orthophoto,30,2,115,1555,4299894.806089208,618773.9351348984,0.47332656,0.07203348,2.0605376e-05,0.8303495311167945,83.03495311167946,52.667343,3.822701e-06,4.1367352e-06,1.069136e-05,31.28,69.37,2.58,3.33,39.8,6.94,Wheat,Vegetative,HEALTHY
20260724_123113,G_30_3,odm_orthophoto,30,3,161,1555,4299894.806089208,618776.2345545595,0.46950126,0.07045602,1.9477475e-05,1.0,100.0,53.049873,3.6680406e-06,4.0433088e-06,1.0160714e-05,32.58,72.62,10.08,0.88,35.32,7.1,Wheat,Vegetative,HEALTHY
20260724_123113,G_30_4,odm_orthophoto,30,4,207,1555,4299894.806089208,618778.5339742205,0.46499574,0.064998254,1.9035739e-05,1.0,100.0,53.500427,3.6510219e-06,4.0654804e-06,9.996442e-06,30.76,71.07,6.82,2.73,29.29,7.3,Wheat,Vegetative,HEALTHY
20260724_123113,G_30_5,odm_orthophoto,30,5,253,1555,4299894.806089208,618780.8333938817,0.4624575,0.060066957,1.8869852e-05,1.0,100.0,53.754246,3.65605e-06,4.0759737e-06,9.946172e-06,32.38,69.86,5.47,3.89,30.87,6.88,Wheat,Vegetative,HEALTHY
20260724_123113,G_30_6,odm_orthophoto,30,6,299,1555,4299894.806089208,618783.1328135427,0.45983216,0.05689639,1.8849734e-05,1.0,100.0,54.01678,3.689295e-06,4.148319e-06,9.972712e-06,31.64,64.2,11.84,4.91,34.66,6.81,Wheat,Vegetative,HEALTHY
20260724_123113,G_30_7,odm_orthophoto,30,7,345,1555,4299894.806089208,618785.4322332038,0.4591167,0.05481556,1.9475461e-05,1.0,100.0,54.08833,3.825808e-06,4.3744394e-06,1.0317814e-05,29.65,80.77,3.09,1.96,32.25,7.62,Wheat,Vegetative,HEALTHY
20260724_123113,G_30_8,odm_orthophoto,30,8,391,1555,4299894.806089208,618787.7316528648,0.45792535,0.05337651,2.055001e-05,1.0,100.0,54.207466,4.0500936e-06,4.698779e-06,1.0900305e-05,32.2,67.24,0.76,5.96,41.86,7.33,Wheat,Vegetative,HEALTHY
20260724_123113,G_30_9,odm_orthophoto,30,9,437,1555,4299894.806089208,618790.0310725259,0.458028,0.052398905,2.1397787e-05,1.0,100.0,54.197205,4.2132847e-06,4.9023547e-06,1.1346106e-05,30.47,64.08,1.99,1.03,44.23,6.33,Wheat,Vegetative,HEALTHY
20260724_123113,G_30_10,odm_orthophoto,30,10,483,1555,4299894.806089208,618792.330492187,0.46022516,0.053122118,2.1551477e-05,1.0,100.0,53.97748,4.2104994e-06,4.9201676e-06,1.13945525e-05,30.27,68.2,3.66,1.28,34.91,6.84,Wheat,Vegetative,HEALTHY
20260724_123113,G_30_11,odm_orthophoto,30,11,529,1555,4299894.806089208,618794.629911848,0.49999103,0.07129986,2.4755165e-05,0.9411764705882353,95.14066496163683,50.000893,4.0565537e-06,4.776321e-06,1.2308551e-05,31.55,77.2,10.52,0.53,29.53,6.9,Wheat,Vegetative,HEALTHY
20260724_123113,G_30_12,odm_orthophoto,30,12,575,1555,4299894.806089208,618796.929331509,0.7988959,0.22560613,4.4569235e-05,0.8627450980392157,88.7468030690537,20.11041,1.8902949e-06,2.6646303e-06,1.6747274e-05,30.68,70.09,4.95,2.7,35.61,6.68,Wheat,Vegetative,HEALTHY
20260724_123113,G_30_13,odm_orthophoto,30,13,621,1555,4299894.806089208,618799.2287511701,0.58303905,0.1504041,3.3849967e-05,0.8640238704177323,88.02216538789429,41.696095,4.108346e-06,4.157951e-06,1.5392114e-05,29.83,67.37,11.06,1.09,41.73,6.8,Wheat,Vegetative,HEALTHY
20260724_123113,G_30_14,odm_orthophoto,30,14,667,1555,4299894.806089208,618801.5281708312,0.54564387,0.13762073,2.5841677e-05,0.9816709292412618,98.38022165387895,45.43561,3.5834382e-06,3.5197675e-06,1.2197606e-05,29.64,70.74,14.98,3.7,38.73,6.38,Wheat,Vegetative,HEALTHY
20260724_123113,G_30_15,odm_orthophoto,30,15,713,1555,4299894.806089208,618803.8275904922,0.6296781,0.1558871,3.1455464e-05,0.8491048593350383,85.89087809036658,37.032192,2.9450505e-06,3.2504693e-06,1.3430563e-05,30.25,74.35,6.44,0.56,31.81,6.84,Wheat,Vegetative,HEALTHY
20260724_123113,G_30_16,odm_orthophoto,30,16,759,1555,4299894.806089208,618806.1270101533,0.5641709,0.1206493,2.846942e-05,0.840153452685422,84.91048593350384,43.58291,3.6123104e-06,3.7557659e-06,1.3102444e-05,30.87,71.59,9.95,3.75,29.67,6.99,Wheat,Vegetative,HEALTHY
20260724_123113,G_30_17,odm_orthophoto,30,17,805,1555,4299894.806089208,618808.4264298143,0.5710459,0.12024237,3.477605e-05,0.9100596760443308,91.81585677749361,42.895412,4.369427e-06,4.447938e-06,1.5961918e-05,30.83,70.7,4.04,2.05,29.66,6.94,Wheat,Vegetative,HEALTHY
20260724_123113,G_30_18,odm_orthophoto,30,18,851,1555,4299894.806089208,618810.7258494754,0.607053,0.13234256,3.0810523e-05,0.9075021312872975,91.51747655583972,39.2947,3.3287524e-06,3.6413198e-06,1.3599277e-05,32.0,72.11,1.31,2.68,39.66,6.57,Wheat,Vegetative,HEALTHY
20260724_123113,G_30_19,odm_orthophoto,30,19,897,1555,4299894.806089208,618813.0252691364,0.59160686,0.13391407,3.2850803e-05,0.7766410912190963,78.94288150042625,40.839314,3.806885e-06,3.9679294e-06,1.4757563e-05,33.71,75.66,8.58,3.5,28.38,6.59,Wheat,Vegetative,HEALTHY
20260724_123113,G_30_20,odm_orthophoto,30,20,943,1555,4299894.806089208,618815.3246887975,0.631071,0.14550573,3.756119e-05,0.8026427962489343,81.79880647911338,36.892902,3.5462542e-06,3.9791757e-06,1.6067155e-05,33.51,78.88,13.06,5.09,36.95,7.22,Wheat,Vegetative,HEALTHY
20260724_123113,G_30_21,odm_orthophoto,30,21,989,1555,4299894.806089208,618817.6241084585,0.57569164,0.12690563,2.996822e-05,0.8832054560954816,89.42881500426257,42.430836,3.57348e-06,3.8648795e-06,1.3563241e-05,31.02,67.49,13.72,2.07,30.33,7.21,Wheat,Vegetative,HEALTHY
20260724_123113,G_30_22,odm_orthophoto,30,22,1035,1555,4299894.806089208,618819.9235281196,0.5451494,0.11771291,3.2345113e-05,0.783461210571185,79.24126172208014,45.48506,4.5705897e-06,4.5302368e-06,1.5352727e-05,32.23,65.67,8.48,1.08,25.94,6.78,Wheat,Vegetative,HEALTHY
20260724_123113,G_30_23,odm_orthophoto,30,23,1081,1555,4299894.806089208,618822.2229477807,0.6087889,0.11777979,3.0941264e-05,0.8687127024722933,88.15004262574595,39.12111,3.370788e-06,3.8131084e-06,1.36849e-05,30.11,79.17,7.81,2.65,35.07,7.3,Wheat,Vegetative,HEALTHY
20260724_123113,G_30_24,odm_orthophoto,30,24,1127,1555,4299894.806089208,618824.5223674418,0.5986876,0.108645834,3.040511e-05,0.7979539641943734,82.01193520886616,40.13124,3.3702927e-06,3.868143e-06,1.3505681e-05,29.79,72.06,14.35,0.63,30.09,6.79,Wheat,Vegetative,HEALTHY
20260724_123113,G_30_25,odm_orthophoto,30,25,1173,1555,4299894.806089208,618826.8217871028,0.5383891,0.08968666,3.284146e-05,0.9560954816709293,96.58994032395567,46.16109,4.8108063e-06,5.078484e-06,1.5758413e-05,30.36,62.0,4.36,5.94,19.43,6.76,Wheat,Vegetative,HEALTHY
20260724_123113,G_30_26,odm_orthophoto,30,26,1219,1555,4299894.806089208,618829.1212067639,0.60541385,0.11553762,3.0874646e-05,0.7719522591645354,78.9002557544757,39.458614,3.2043533e-06,3.8238068e-06,1.349626e-05,32.13,68.97,3.85,0.82,39.3,6.8,Wheat,Vegetative,HEALTHY
20260724_123113,G_30_27,odm_orthophoto,30,27,1265,1555,4299894.806089208,618831.420626425,0.5780664,0.10921572,3.136647e-05,0.8294970161977835,84.35635123614664,42.19336,3.8425947e-06,4.257238e-06,1.4298469e-05,29.97,70.48,12.32,4.54,26.9,7.56,Wheat,Vegetative,HEALTHY
20260724_123113,G_30_28,odm_orthophoto,30,28,1311,1555,4299894.806089208,618833.720046086,0.5370038,0.10040185,3.0308136e-05,0.8938618925831202,90.75021312872975,46.299618,4.3734576e-06,4.5165375e-06,1.44765545e-05,29.55,69.61,9.3,5.07,35.32,7.02,Wheat,Vegetative,HEALTHY
20260724_123113,G_30_29,odm_orthophoto,30,29,1357,1555,4299894.806089208,618836.019465747,0.5660013,0.115043715,2.8553804e-05,0.9168797953964194,92.71099744245525,43.39987,3.633499e-06,3.8917306e-06,1.3151756e-05,35.83,74.95,11.46,5.49,38.36,6.69,Wheat,Vegetative,HEALTHY
20260724_123113,G_30_30,odm_orthophoto,30,30,1403,1555,4299894.806089208,618838.3188854081,0.526951,0.10488133,2.9306733e-05,0.8998294970161977,91.38959931798807,47.304897,4.464731e-06,4.5342354e-06,1.42340095e-05,30.12,73.24,14.78,5.47,37.7,7.05,Wheat,Vegetative,HEALTHY
20260724_123113,G_30_31,odm_orthophoto,30,31,1449,1555,4299894.806089208,618840.6183050692,0.5720921,0.1140769,2.9835554e-05,0.8473998294970162,85.97612958226769,42.790787,3.6751198e-06,3.9412594e-06,1.3620658e-05,30.78,77.15,14.89,1.23,33.82,7.29,Wheat,Vegetative,HEALTHY
20260724_123113,G_30_32,odm_orthophoto,30,32,1495,1555,4299894.806089208,618842.9177247302,0.5276607,0.1088656,2.5424904e-05,0.7770673486786018,78.64450127877238,47.23393,3.7987313e-06,3.837856e-06,1.22739775e-05,27.77,70.59,6.84,4.52,43.34,6.55,Wheat,Vegetative,HEALTHY
20260724_123113,G_30_33,odm_orthophoto,30,33,1541,1555,4299894.806089208,618845.2171443913,0.4801049,0.07981442,2.8529139e-05,0.8853367433930094,89.13043478260869,51.98951,5.2479018e-06,5.2127866e-06,1.47579985e-05,33.02,71.1,4.73,0.51,34.01,6.62,Wheat,Vegetative,HEALTHY
20260724_123113,G_30_34,odm_orthophoto,30,34,1587,1555,4299894.806089208,618847.5165640523,0.53990436,0.098057896,2.745216e-05,0.9254049445865302,94.54390451832907,46.009563,3.8914327e-06,4.132034e-06,1.304247e-05,32.7,74.37,0.15,2.29,20.56,6.74,Wheat,Vegetative,HEALTHY
20260724_123113,G_30_35,odm_orthophoto,30,35,1633,1555,4299894.806089208,618849.8159837134,0.570572,0.100933425,2.8938244e-05,0.7237851662404092,74.55242966751918,42.9428,3.6444064e-06,3.9891456e-06,1.3290822e-05,32.02,80.19,6.36,3.03,41.52,6.67,Wheat,Vegetative,HEALTHY
20260724_123113,G_30_36,odm_orthophoto,30,36,1679,1555,4299894.806089208,618852.1154033744,0.48139787,0.07594854,2.6733087e-05,0.9390451832907076,95.31116794543905,51.860214,4.86349e-06,4.749705e-06,1.3774851e-05,30.58,71.17,5.79,2.26,44.79,7.13,Wheat,Vegetative,HEALTHY
20260724_123113,G_30_37,odm_orthophoto,30,37,1725,1555,4299894.806089208,618854.4148230355,0.5409382,0.103644975,2.6485573e-05,0.855924978687127,86.18925831202046,45.90618,3.7308562e-06,3.8346207e-06,1.25596725e-05,32.95,75.71,9.34,4.74,39.48,6.11,Wheat,Vegetative,HEALTHY
20260724_123113,G_30_38,odm_orthophoto,30,38,1771,1555,4299894.806089208,618856.7142426965,0.46713033,0.0529937,2.6164591e-05,0.8657289002557544,87.0843989769821,53.28697,5.231181e-06,5.2914734e-06,1.395304e-05,30.57,78.26,14.53,0.85,29.91,7.0,Wheat,Vegetative,HEALTHY
20260724_123113,G_30_39,odm_orthophoto,30,39,1817,1555,4299894.806089208,618859.0136623576,0.47109836,0.052606616,2.9095878e-05,0.7745098039215687,78.38874680306905,52.890163,5.5246605e-06,5.6208964e-06,1.522369e-05,30.33,71.57,1.52,3.31,33.41,7.29,Wheat,Vegetative,HEALTHY
20260724_123113,G_30_40,odm_orthophoto,30,40,1863,1555,4299894.806089208,618861.3130820188,0.40990603,0.06504293,2.6175294e-05,0.9454390451832907,94.7144075021313,59.009396,6.342105e-06,5.6772637e-06,1.5067575e-05,31.48,64.12,7.15,2.26,38.3,6.28,Wheat,Vegetative,HEALTHY
20260724_123113,G_30_41,odm_orthophoto,30,41,1909,1555,4299894.806089208,618863.6125016798,0.52388984,0.10759063,2.9938234e-05,0.814151747655584,81.96930946291559,47.611015,4.515739e-06,4.5327515e-06,1.4495538e-05,29.26,76.69,3.81,2.25,33.85,6.41,Wheat,Vegetative,HEALTHY
20260724_123113,G_31_2,odm_orthophoto,31,2,115,1606,4299892.256089247,618773.9351348984,0.47281557,0.06795715,2.1244125e-05,1.0,100.0,52.71844,3.9489905e-06,4.314525e-06,1.1030579e-05,30.91,67.33,14.37,2.78,33.95,7.11,Wheat,Vegetative,HEALTHY
20260724_123113,G_31_3,odm_orthophoto,31,3,161,1606,4299892.256089247,618776.2345545595,0.4695715,0.06666306,2.0585441e-05,1.0,100.0,53.042854,3.8769085e-06,4.2616925e-06,1.0738924e-05,30.24,73.09,4.52,1.12,28.62,6.7,Wheat,Vegetative,HEALTHY
20260724_123113,G_31_4,odm_orthophoto,31,4,207,1606,4299892.256089247,618778.5339742205,0.4671368,0.064850084,1.9642086e-05,1.0,100.0,53.28632,3.733289e-06,4.1420276e-06,1.0280835e-05,32.8,79.28,14.84,1.24,31.68,7.09,Wheat,Vegetative,HEALTHY
20260724_123113,G_31_5,odm_orthophoto,31,5,253,1606,4299892.256089247,618780.8333938817,0.46337932,0.06082576,1.9334764e-05,1.0,100.0,53.662067,3.7307138e-06,4.1590874e-06,1.0175815e-05,34.68,74.32,1.38,3.93,31.13,6.79,Wheat,Vegetative,HEALTHY
20260724_123113,G_31_6,odm_orthophoto,31,6,299,1606,4299892.256089247,618783.1328135427,0.45816928,0.05643037,1.9214654e-05,1.0,100.0,54.18307,3.7872944e-06,4.2655897e-06,1.019236e-05,33.65,70.83,2.78,3.86,32.48,6.81,Wheat,Vegetative,HEALTHY
20260724_123113,G_31_7,odm_orthophoto,31,7,345,1606,4299892.256089247,618785.4322332038,0.45730454,0.057399362,1.9074938e-05,1.0,100.0,54.269547,3.771552e-06,4.303129e-06,1.0130043e-05,31.82,66.12,6.02,2.05,35.01,6.97,Wheat,Vegetative,HEALTHY
20260724_123113,G_31_8,odm_orthophoto,31,8,391,1606,4299892.256089247,618787.7316528648,0.4566236,0.05511791,1.9881665e-05,1.0,100.0,54.33764,3.940464e-06,4.540526e-06,1.0567879e-05,29.83,69.46,0.1,4.68,42.0,6.73,Wheat,Vegetative,HEALTHY
20260724_123113,G_31_9,odm_orthophoto,31,9,437,1606,4299892.256089247,618790.0310725259,0.45822063,0.057654,2.0175436e-05,1.0,100.0,54.17794,3.969713e-06,4.5935835e-06,1.06950565e-05,31.66,69.41,4.51,3.82,41.08,6.6,Wheat,Vegetative,HEALTHY
20260724_123113,G_31_10,odm_orthophoto,31,10,483,1606,4299892.256089247,618792.330492187,0.47383416,0.06234083,2.322169e-05,0.989769820971867,99.19011082693947,52.616585,4.272289e-06,4.8738216e-06,1.2013109e-05,29.81,75.33,7.74,4.09,35.17,6.77,Wheat,Vegetative,HEALTHY
20260724_123113,G_31_11,odm_orthophoto,31,11,529,1606,4299892.256089247,618794.629911848,0.6910388,0.16994712,3.8581158e-05,0.8537936913895993,87.1696504688832,30.896122,2.820191e-06,3.518309e-06,1.5681067e-05,33.22,75.93,12.79,3.23,29.86,6.56,Wheat,Vegetative,HEALTHY
20260724_123113,G_31_12,odm_orthophoto,31,12,575,1606,4299892.256089247,618796.929331509,0.75124854,0.21063344,4.3435026e-05,0.8520886615515771,87.97953964194375,24.875147,2.4447845e-06,3.1108796e-06,1.69237e-05,33.09,69.58,13.03,3.85,27.68,6.86,Wheat,Vegetative,HEALTHY
20260724_123113,G_31_13,odm_orthophoto,31,13,621,1606,4299892.256089247,618799.2287511701,0.5506227,0.14251259,2.8556145e-05,0.9786871270247229,98.25234441602728,44.93773,3.882819e-06,3.776423e-06,1.3401868e-05,30.14,76.99,5.68,4.96,32.5,6.86,Wheat,Vegetative,HEALTHY
20260724_123113,G_31_14,odm_orthophoto,31,14,667,1606,4299892.256089247,618801.5281708312,0.5889455,0.14507201,2.892552e-05,0.8797953964194374,89.42881500426257,41.10545,3.315202e-06,3.4439997e-06,1.2957362e-05,32.96,71.96,4.49,2.53,32.4,6.83,Wheat,Vegetative,HEALTHY
20260724_123113,G_31_15,odm_orthophoto,31,15,713,1606,4299892.256089247,618803.8275904922,0.635921,0.15403962,3.146539e-05,0.8951406649616368,90.49445865302643,36.407898,2.9043724e-06,3.3037666e-06,1.339319e-05,28.98,75.33,7.2,4.37,34.82,6.52,Wheat,Vegetative,HEALTHY
20260724_123113,G_31_16,odm_orthophoto,31,16,759,1606,4299892.256089247,618806.1270101533,0.60946465,0.1259296,3.7537655e-05,0.886615515771526,89.51406649616368,39.053535,4.019818e-06,4.27672e-06,1.653289e-05,33.64,68.73,2.1,1.82,37.74,7.07,Wheat,Vegetative,HEALTHY
20260724_123113,G_31_17,odm_orthophoto,31,17,805,1606,4299892.256089247,618808.4264298143,0.670064,0.14462273,3.6462458e-05,0.8589087809036658,87.34015345268543,32.993603,2.9827606e-06,3.5162059e-06,1.5137362e-05,28.27,64.81,0.17,5.62,29.98,7.23,Wheat,Vegetative,HEALTHY
20260724_123113,G_31_18,odm_orthophoto,31,18,851,1606,4299892.256089247,618810.7258494754,0.6473725,0.14158553,3.2806103e-05,0.8499573742540495,86.82864450127877,35.262753,2.9945072e-06,3.4151233e-06,1.3930248e-05,31.32,76.81,9.89,3.25,27.55,6.33,Wheat,Vegetative,HEALTHY
20260724_123113,G_31_19,odm_orthophoto,31,19,897,1606,4299892.256089247,618813.0252691364,0.5759818,0.12876548,3.0941494e-05,0.948849104859335,96.16368286445012,42.40182,3.7796867e-06,3.8080013e-06,1.4093893e-05,33.12,76.2,12.72,4.33,34.11,7.48,Wheat,Vegetative,HEALTHY
20260724_123113,G_31_20,odm_orthophoto,31,20,943,1606,4299892.256089247,618815.3246887975,0.61139745,0.13677806,3.2136755e-05,0.8994032395566922,91.60272804774084,38.860256,3.2683624e-06,3.653389e-06,1.3980998e-05,31.27,77.2,11.62,4.84,37.96,6.55,Wheat,Vegetative,HEALTHY
20260724_123113,G_31_21,odm_orthophoto,31,21,989,1606,4299892.256089247,618817.6241084585,0.58609986,0.12343875,3.3147986e-05,0.808610400682012,82.9070758738278,41.390015,3.909432e-06,4.1550607e-06,1.4959186e-05,33.61,70.5,1.06,2.1,35.85,6.94,Wheat,Vegetative,HEALTHY
20260724_123113,G_31_22,odm_orthophoto,31,22,1035,1606,4299892.256089247,618819.9235281196,0.5518181,0.11119216,3.272895e-05,0.8103154305200341,82.39556692242114,44.81819,4.5690244e-06,4.5786555e-06,1.5479112e-05,29.42,68.67,10.66,1.13,35.59,6.48,Wheat,Vegetative,HEALTHY
20260724_123113,G_31_23,odm_orthophoto,31,23,1081,1606,4299892.256089247,618822.2229477807,0.59004307,0.11584077,2.93598e-05,0.8955669224211423,90.83546462063086,40.995693,3.3409385e-06,3.6827864e-06,1.31278675e-05,32.15,75.96,12.74,1.43,37.89,6.69,Wheat,Vegetative,HEALTHY
20260724_123113,G_31_24,odm_orthophoto,31,24,1127,1606,4299892.256089247,618824.5223674418,0.5657911,0.097511694,3.3744054e-05,0.8448422847399829,85.5072463768116,43.420895,4.4044077e-06,4.753841e-06,1.5652879e-05,32.62,78.33,5.95,3.94,24.28,6.29,Wheat,Vegetative,HEALTHY
20260724_123113,G_31_25,odm_orthophoto,31,25,1173,1606,4299892.256089247,618826.8217871028,0.62143475,0.11748511,3.2692824e-05,0.8648763853367434,88.61892583120205,37.856525,3.3585616e-06,3.953206e-06,1.4256565e-05,25.78,73.03,2.1,1.4,29.07,6.87,Wheat,Vegetative,HEALTHY
20260724_123113,G_31_26,odm_orthophoto,31,26,1219,1606,4299892.256089247,618829.1212067639,0.60626596,0.11002838,2.916382e-05,0.819693094629156,83.67433930093776,39.373405,3.0664926e-06,3.6028573e-06,1.2788085e-05,25.28,68.39,12.89,5.25,36.64,6.76,Wheat,Vegetative,HEALTHY
20260724_123113,G_31_27,odm_orthophoto,31,27,1265,1606,4299892.256089247,618831.420626425,0.52575654,0.092018366,3.0093455e-05,0.9390451832907076,94.75703324808184,47.424347,4.5512866e-06,4.6871132e-06,1.4582825e-05,31.48,70.01,3.22,3.7,40.96,7.32,Wheat,Vegetative,HEALTHY
20260724_123113,G_31_28,odm_orthophoto,31,28,1311,1606,4299892.256089247,618833.720046086,0.58620846,0.117441505,2.8359467e-05,0.8618925831202046,87.5532821824382,41.379154,3.3287085e-06,3.6179092e-06,1.2782172e-05,32.22,68.7,5.46,0.6,25.29,6.82,Wheat,Vegetative,HEALTHY
20260724_123113,G_31_29,odm_orthophoto,31,29,1357,1606,4299892.256089247,618836.019465747,0.5564585,0.107946984,2.8250706e-05,0.7523444160272805,77.10997442455243,44.354153,3.7814527e-06,4.0003038e-06,1.3198677e-05,31.57,71.72,1.13,0.64,35.56,6.85,Wheat,Vegetative,HEALTHY
20260724_123113,G_31_30,odm_orthophoto,31,30,1403,1606,4299892.256089247,618838.3188854081,0.5017494,0.09491482,2.7640108e-05,0.8644501278772379,87.68115942028986,49.82506,4.5909155e-06,4.617451e-06,1.3804626e-05,32.56,66.41,12.25,3.14,38.61,7.06,Wheat,Vegetative,HEALTHY
20260724_123113,G_31_31,odm_orthophoto,31,31,1449,1606,4299892.256089247,618840.6183050692,0.55630624,0.11090312,2.713335e-05,0.9177323103154306,92.58312020460357,44.369377,3.5854118e-06,3.8528296e-06,1.2630159e-05,29.02,74.97,11.79,0.85,27.37,7.0,Wheat,Vegetative,HEALTHY
20260724_123113,G_31_32,odm_orthophoto,31,32,1495,1606,4299892.256089247,618842.9177247302,0.5275832,0.095479555,3.0392799e-05,0.7983802216538789,81.24467178175618,47.24168,4.6256855e-06,4.835802e-06,1.4757015e-05,30.11,75.81,3.91,3.66,27.13,6.88,Wheat,Vegetative,HEALTHY
20260724_123113,G_31_33,odm_orthophoto,31,33,1541,1606,4299892.256089247,618845.2171443913,0.49314544,0.08300375,2.7675193e-05,0.9757033248081841,98.08184143222506,50.685455,4.814228e-06,4.862022e-06,1.4039643e-05,31.07,72.22,13.89,3.39,34.54,7.37,Wheat,Vegetative,HEALTHY
20260724_123113,G_31_34,odm_orthophoto,31,34,1587,1606,4299892.256089247,618847.5165640523,0.54123944,0.1073937,2.6431931e-05,0.8746803069053708,88.83205456095482,45.876057,3.640202e-06,3.8434773e-06,1.2451138e-05,30.85,72.5,9.3,0.98,38.68,7.44,Wheat,Vegetative,HEALTHY
20260724_123113,G_31_35,odm_orthophoto,31,35,1633,1606,4299892.256089247,618849.8159837134,0.52942985,0.08939285,3.1026204e-05,0.922847399829497,93.3930093776641,47.057014,4.630804e-06,4.8447628e-06,1.497328e-05,32.88,65.47,13.39,4.37,24.95,7.33,Wheat,Vegetative,HEALTHY
20260724_123113,G_31_36,odm_orthophoto,31,36,1679,1606,4299892.256089247,618852.1154033744,0.5761523,0.11148452,2.9213892e-05,0.86615515771526,87.59590792838875,42.384766,3.5972082e-06,3.8975377e-06,1.3335509e-05,30.03,73.8,10.98,4.79,35.84,6.85,Wheat,Vegetative,HEALTHY
20260724_123113,G_31_37,odm_orthophoto,31,37,1725,1606,4299892.256089247,618854.4148230355,0.5592749,0.09153752,2.9761635e-05,0.8576300085251491,86.78601875532821,44.07251,3.904663e-06,4.308966e-06,1.3825568e-05,34.14,76.18,10.74,5.53,35.16,6.1,Wheat,Vegetative,HEALTHY
20260724_123113,G_31_38,odm_orthophoto,31,38,1771,1606,4299892.256089247,618856.7142426965,0.44885695,0.051197287,2.6057955e-05,0.9236999147485081,93.35038363171356,55.114304,5.4581337e-06,5.3611298e-06,1.414446e-05,28.67,74.09,14.6,3.76,27.33,6.96,Wheat,Vegetative,HEALTHY
20260724_123113,G_31_39,odm_orthophoto,31,39,1817,1606,4299892.256089247,618859.0136623576,0.4579479,0.07281688,2.9537221e-05,0.9676044330775788,97.14407502131287,54.205208,5.9487897e-06,5.6798613e-06,1.579496e-05,27.11,81.23,10.81,5.94,30.52,7.3,Wheat,Vegetative,HEALTHY
20260724_123113,G_31_40,odm_orthophoto,31,40,1863,1606,4299892.256089247,618861.3130820188,0.49275962,0.088840485,2.936913e-05,0.8017902813299232,81.11679454390452,50.72404,5.1431953e-06,5.008389e-06,1.4933299e-05,31.97,75.08,11.74,3.54,38.52,6.98,Wheat,Vegetative,HEALTHY
20260724_123113,G_31_41,odm_orthophoto,31,41,1909,1606,4299892.256089247,618863.6125016798,0.5078405,0.1168447,2.5209736e-05,0.896845694799659,89.89769820971867,49.21595,4.0577975e-06,3.982496e-06,1.2461324e-05,31.6,67.02,10.63,5.38,30.43,6.38,Wheat,Vegetative,HEALTHY
20260724_123113,G_32_1,odm_orthophoto,32,1,69,1657,4299889.706089284,618771.6357152374,0.4709602,0.06503955,2.1912576e-05,0.659846547314578,65.98465473145781,52.90398,4.112268e-06,4.663455e-06,1.1416689e-05,33.44,67.91,14.75,3.1,27.52,6.97,Wheat,Vegetative,HEALTHY
20260724_123113,G_32_2,odm_orthophoto,32,2,115,1657,4299889.706089284,618773.9351348984,0.4681342,0.0626839,2.194173e-05,1.0,100.0,53.186584,4.1654844e-06,4.761429e-06,1.1479627e-05,29.49,68.58,14.81,0.72,36.15,6.89,Wheat,Vegetative,HEALTHY
20260724_123113,G_32_3,odm_orthophoto,32,3,161,1657,4299889.706089284,618776.2345545595,0.4677982,0.06256062,2.0685406e-05,1.0,100.0,53.220177,3.925046e-06,4.423329e-06,1.0820387e-05,35.65,77.1,2.6,4.35,40.79,6.32,Wheat,Vegetative,HEALTHY
20260724_123113,G_32_4,odm_orthophoto,32,4,207,1657,4299889.706089284,618778.5339742205,0.4698528,0.064561136,2.0526686e-05,1.0,100.0,53.01472,3.860198e-06,4.2876386e-06,1.0702626e-05,31.43,73.64,5.0,1.51,37.07,6.96,Wheat,Vegetative,HEALTHY
20260724_123113,G_32_5,odm_orthophoto,32,5,253,1657,4299889.706089284,618780.8333938817,0.46595457,0.06095514,2.0754658e-05,1.0,100.0,53.404545,3.96528e-06,4.381496e-06,1.0883706e-05,33.02,76.52,11.55,2.05,35.35,6.75,Wheat,Vegetative,HEALTHY
20260724_123113,G_32_6,odm_orthophoto,32,6,299,1657,4299889.706089284,618783.1328135427,0.46488526,0.05855118,2.1397089e-05,1.0,100.0,53.511475,4.1011103e-06,4.5182555e-06,1.1233693e-05,32.71,61.91,12.38,2.48,30.44,6.32,Wheat,Vegetative,HEALTHY
20260724_123113,G_32_7,odm_orthophoto,32,7,345,1657,4299889.706089284,618785.4322332038,0.46299636,0.05934096,2.0854759e-05,1.0,100.0,53.700363,4.029404e-06,4.5044253e-06,1.09812e-05,28.51,69.86,5.9,4.49,35.26,6.16,Wheat,Vegetative,HEALTHY
20260724_123113,G_32_8,odm_orthophoto,32,8,391,1657,4299889.706089284,618787.7316528648,0.46009278,0.055918492,2.2202845e-05,1.0,100.0,53.990723,4.335233e-06,4.878769e-06,1.1736424e-05,34.19,67.87,8.19,5.9,28.32,6.26,Wheat,Vegetative,HEALTHY
20260724_123113,G_32_9,odm_orthophoto,32,9,437,1657,4299889.706089284,618790.0310725259,0.45781904,0.057680324,2.0666006e-05,1.0,100.0,54.218094,4.0690607e-06,4.621214e-06,1.09579405e-05,30.58,67.98,11.6,5.49,34.58,7.11,Wheat,Vegetative,HEALTHY
20260724_123113,G_32_10,odm_orthophoto,32,10,483,1657,4299889.706089284,618792.330492187,0.476786,0.06634181,2.3993995e-05,0.9774083546462063,98.08184143222506,52.3214,4.3534533e-06,4.854807e-06,1.2351726e-05,26.83,71.54,2.6,2.45,30.77,6.24,Wheat,Vegetative,HEALTHY
20260724_123113,G_32_11,odm_orthophoto,32,11,529,1657,4299889.706089284,618794.629911848,0.7084257,0.1815156,4.1056286e-05,0.9612105711849958,97.05882352941177,29.15743,2.7629321e-06,3.2979717e-06,1.6448905e-05,31.43,70.65,7.08,2.33,33.69,6.94,Wheat,Vegetative,HEALTHY
20260724_123113,G_32_12,odm_orthophoto,32,12,575,1657,4299889.706089284,618796.929331509,0.6227355,0.15832347,3.3529846e-05,0.9420289855072463,95.22591645353793,37.726448,3.3691538e-06,3.5911883e-06,1.4546178e-05,32.42,77.88,11.58,3.96,31.81,6.98,Wheat,Vegetative,HEALTHY
20260724_123113,G_32_13,odm_orthophoto,32,13,621,1657,4299889.706089284,618799.2287511701,0.5917879,0.14564356,3.0148267e-05,0.9833759590792839,98.72122762148338,40.821213,3.4195841e-06,3.559113e-06,1.3469351e-05,29.72,68.38,4.7,5.33,32.22,6.82,Wheat,Vegetative,HEALTHY
20260724_123113,G_32_14,odm_orthophoto,32,14,667,1657,4299889.706089284,618801.5281708312,0.64785147,0.15567656,3.479437e-05,0.9514066496163683,95.86530264279625,35.21485,3.052238e-06,3.5593262e-06,1.4650786e-05,32.15,78.63,12.63,2.65,30.7,7.08,Wheat,Vegetative,HEALTHY
20260724_123113,G_32_15,odm_orthophoto,32,15,713,1657,4299889.706089284,618803.8275904922,0.6444761,0.14779964,3.6732665e-05,0.855072463768116,87.7237851662404,35.552387,3.3901117e-06,3.8488765e-06,1.563481e-05,29.58,78.57,13.87,5.71,37.35,7.01,Wheat,Vegetative,HEALTHY
20260724_123113,G_32_16,odm_orthophoto,32,16,759,1657,4299889.706089284,618806.1270101533,0.5732912,0.11804426,3.399237e-05,0.8316283034953111,85.29411764705883,42.670883,4.2489833e-06,4.333812e-06,1.5580226e-05,32.12,71.72,9.0,4.84,39.46,6.42,Wheat,Vegetative,HEALTHY
20260724_123113,G_32_17,odm_orthophoto,32,17,805,1657,4299889.706089284,618808.4264298143,0.6694272,0.15557595,3.3693952e-05,0.9475703324808185,95.60954816709292,33.057278,2.7506528e-06,3.2558007e-06,1.3982351e-05,29.63,75.67,7.68,1.94,38.76,6.76,Wheat,Vegetative,HEALTHY
20260724_123113,G_32_18,odm_orthophoto,32,18,851,1657,4299889.706089284,618810.7258494754,0.6044211,0.13200215,3.189221e-05,0.9526854219948849,96.24893435635123,39.55789,3.525329e-06,3.7109912e-06,1.4156443e-05,30.13,78.6,9.23,4.95,38.48,6.97,Wheat,Vegetative,HEALTHY
20260724_123113,G_32_19,odm_orthophoto,32,19,897,1657,4299889.706089284,618813.0252691364,0.5904989,0.12634924,3.1916523e-05,0.7105711849957375,72.5916453537937,40.950108,3.6261697e-06,3.8279313e-06,1.4265399e-05,27.82,74.31,11.95,1.46,31.67,6.93,Wheat,Vegetative,HEALTHY
20260724_123113,G_32_20,odm_orthophoto,32,20,943,1657,4299889.706089284,618815.3246887975,0.5857804,0.12009896,3.062768e-05,0.8802216538789429,89.85507246376811,41.421963,3.608787e-06,3.8566086e-06,1.3818374e-05,33.36,75.98,11.91,1.55,43.41,6.25,Wheat,Vegetative,HEALTHY
20260724_123113,G_32_21,odm_orthophoto,32,21,989,1657,4299889.706089284,618817.6241084585,0.521711,0.107773565,2.9860068e-05,0.9688832054560955,97.3998294970162,47.8289,4.610558e-06,4.4041317e-06,1.4564299e-05,26.94,65.53,2.86,1.02,24.54,7.15,Wheat,Vegetative,HEALTHY
20260724_123113,G_32_22,odm_orthophoto,32,22,1035,1657,4299889.706089284,618819.9235281196,0.60876083,0.12398598,3.2133907e-05,0.8350383631713555,84.78260869565217,39.123917,3.4273846e-06,3.7522093e-06,1.4139068e-05,29.61,69.85,11.71,2.9,34.65,6.73,Wheat,Vegetative,HEALTHY
20260724_123113,G_32_23,odm_orthophoto,32,23,1081,1657,4299889.706089284,618822.2229477807,0.6659759,0.12775028,3.6455327e-05,0.8098891730605285,83.16283034953112,33.40241,3.0040642e-06,3.6573051e-06,1.5156293e-05,32.63,67.07,3.45,2.78,27.04,7.03,Wheat,Vegetative,HEALTHY
20260724_123113,G_32_24,odm_orthophoto,32,24,1127,1657,4299889.706089284,618824.5223674418,0.54862964,0.09320871,3.0856758e-05,0.928388746803069,93.52088661551578,45.137035,4.313195e-06,4.4698636e-06,1.4599175e-05,28.55,76.94,0.78,0.57,34.98,6.58,Wheat,Vegetative,HEALTHY
20260724_123113,G_32_25,odm_orthophoto,32,25,1173,1657,4299889.706089284,618826.8217871028,0.59704113,0.115840144,2.7233498e-05,0.8738277919863597,88.02216538789429,40.295887,3.0286724e-06,3.3888268e-06,1.2106785e-05,28.67,68.2,7.6,4.89,32.35,6.87,Wheat,Vegetative,HEALTHY
20260724_123113,G_32_26,odm_orthophoto,32,26,1219,1657,4299889.706089284,618829.1212067639,0.5253133,0.09085357,2.7932294e-05,0.8469735720375107,85.37936913895993,47.46867,4.2952515e-06,4.421682e-06,1.3606352e-05,27.16,75.8,5.72,5.28,22.58,6.91,Wheat,Vegetative,HEALTHY
20260724_123113,G_32_27,odm_orthophoto,32,27,1265,1657,4299889.706089284,618831.420626425,0.57179564,0.10603154,2.947777e-05,0.9104859335038363,92.1994884910486,42.820435,3.745065e-06,3.982145e-06,1.357133e-05,30.98,75.34,13.3,5.71,31.45,6.49,Wheat,Vegetative,HEALTHY
20260724_123113,G_32_28,odm_orthophoto,32,28,1311,1657,4299889.706089284,618833.720046086,0.57998645,0.11070306,2.7546757e-05,0.8959931798806479,90.75021312872975,42.001354,3.345671e-06,3.6366864e-06,1.2528218e-05,32.83,74.31,5.9,3.42,32.81,6.89,Wheat,Vegetative,HEALTHY
20260724_123113,G_32_29,odm_orthophoto,32,29,1357,1657,4299889.706089284,618836.019465747,0.49452636,0.08818911,2.708853e-05,0.9722932651321398,97.99658994032396,50.547363,4.669524e-06,4.5597003e-06,1.3699367e-05,31.08,76.18,7.79,0.89,41.93,6.86,Wheat,Vegetative,HEALTHY
20260724_123113,G_32_30,odm_orthophoto,32,30,1403,1657,4299889.706089284,618838.3188854081,0.5237421,0.09760884,2.5725529e-05,1.0,100.0,47.625793,4.0236105e-06,4.0961877e-06,1.2599072e-05,30.07,62.7,12.23,3.41,36.83,6.98,Wheat,Vegetative,HEALTHY
20260724_123113,G_32_31,odm_orthophoto,32,31,1449,1657,4299889.706089284,618840.6183050692,0.6173533,0.1241489,3.2588265e-05,0.8069053708439897,84.01534526854219,38.264668,3.3636716e-06,3.8960034e-06,1.4226815e-05,29.72,73.33,7.15,3.88,42.41,6.35,Wheat,Vegetative,HEALTHY
20260724_123113,G_32_32,odm_orthophoto,32,32,1495,1657,4299889.706089284,618842.9177247302,0.5070219,0.09403655,2.9346813e-05,0.954390451832907,96.37681159420289,49.29781,4.8457828e-06,4.8877664e-06,1.4628436e-05,30.88,70.24,3.79,1.32,38.05,7.3,Wheat,Vegetative,HEALTHY
20260724_123113,G_32_33,odm_orthophoto,32,33,1541,1657,4299889.706089284,618845.2171443913,0.54109436,0.10844085,2.6689477e-05,0.8482523444160273,85.72037510656436,45.890564,3.7885625e-06,4.009272e-06,1.2685351e-05,30.76,70.93,5.81,4.44,40.86,6.76,Wheat,Vegetative,HEALTHY
20260724_123113,G_32_34,odm_orthophoto,32,34,1587,1657,4299889.706089284,618847.5165640523,0.5769678,0.104430266,3.2079253e-05,0.8610400682011935,86.82864450127877,42.303223,3.8829703e-06,4.407655e-06,1.4576458e-05,33.0,62.91,3.29,3.12,41.33,6.85,Wheat,Vegetative,HEALTHY
20260724_123113,G_32_35,odm_orthophoto,32,35,1633,1657,4299889.706089284,618849.8159837134,0.5658091,0.1051232,3.1635143e-05,0.933930093776641,94.16027280477408,43.419094,4.069952e-06,4.483514e-06,1.4615398e-05,32.52,82.01,6.96,0.77,36.8,7.33,Wheat,Vegetative,HEALTHY
20260724_123113,G_32_36,odm_orthophoto,32,36,1679,1657,4299889.706089284,618852.1154033744,0.54624325,0.10850823,2.7573986e-05,0.8797953964194374,88.57630008525149,45.375675,3.7564819e-06,4.0070486e-06,1.2948126e-05,32.82,64.01,4.85,0.92,43.49,6.64,Wheat,Vegetative,HEALTHY
20260724_123113,G_32_37,odm_orthophoto,32,37,1725,1657,4299889.706089284,618854.4148230355,0.5465914,0.086170755,3.170748e-05,0.8832054560954816,89.59931798806478,45.34086,4.4370017e-06,4.7831313e-06,1.5006577e-05,31.59,82.8,10.7,3.27,27.77,6.43,Wheat,Vegetative,HEALTHY
20260724_123113,G_32_38,odm_orthophoto,32,38,1771,1657,4299889.706089284,618856.7142426965,0.53607756,0.083641924,3.249642e-05,0.8695652173913043,88.15004262574595,46.392242,4.7967746e-06,5.035729e-06,1.5629357e-05,31.54,74.47,3.89,1.83,29.94,6.53,Wheat,Vegetative,HEALTHY
20260724_123113,G_32_39,odm_orthophoto,32,39,1817,1657,4299889.706089284,618859.0136623576,0.43104666,0.071509115,2.7388849e-05,0.8312020460358056,83.75959079283888,56.895332,6.1247974e-06,5.617345e-06,1.5254804e-05,33.61,71.67,0.17,4.88,21.64,6.31,Wheat,Vegetative,HEALTHY
20260724_123113,G_32_40,odm_orthophoto,32,40,1863,1657,4299889.706089284,618861.3130820188,0.5234076,0.11239509,2.6255599e-05,0.9249786871270247,92.96675191815856,47.65924,3.9507236e-06,4.012932e-06,1.2702886e-05,33.91,67.17,12.44,3.12,39.58,7.18,Wheat,Vegetative,HEALTHY
20260724_123113,G_33_1,odm_orthophoto,33,1,69,1708,4299887.156089323,618771.6357152374,0.4764707,0.07305665,2.0343776e-05,0.959079283887468,95.95055413469736,52.35293,3.729656e-06,4.2590236e-06,1.0511109e-05,30.68,66.56,8.78,2.39,21.72,6.52,Wheat,Vegetative,HEALTHY
20260724_123113,G_33_2,odm_orthophoto,33,2,115,1708,4299887.156089323,618773.9351348984,0.47416943,0.068660624,2.0685558e-05,1.0,100.0,52.583057,3.829907e-06,4.3910027e-06,1.0725296e-05,30.33,73.89,0.17,2.88,34.62,6.78,Wheat,Vegetative,HEALTHY
20260724_123113,G_33_3,odm_orthophoto,33,3,161,1708,4299887.156089323,618776.2345545595,0.467557,0.059631437,2.6218013e-05,0.6155157715260017,61.93520886615516,53.244297,5.1315355e-06,6.0411935e-06,1.38712885e-05,30.76,68.77,5.96,3.44,33.76,6.45,Wheat,Vegetative,HEALTHY
20260724_123113,G_33_4,odm_orthophoto,33,4,207,1708,4299887.156089323,618778.5339742205,0.47059387,0.06638731,1.9905528e-05,0.8277919863597613,83.07757885763,52.940613,3.7326363e-06,4.247675e-06,1.0368001e-05,32.0,74.39,3.09,1.96,30.58,6.92,Wheat,Vegetative,HEALTHY
20260724_123113,G_33_5,odm_orthophoto,33,5,253,1708,4299887.156089323,618780.8333938817,0.46286112,0.0612323,1.989472e-05,1.0,100.0,53.713886,3.8470293e-06,4.334972e-06,1.0478795e-05,30.88,73.56,5.67,3.01,27.05,6.9,Wheat,Vegetative,HEALTHY
20260724_123113,G_33_6,odm_orthophoto,33,6,299,1708,4299887.156089323,618783.1328135427,0.46522942,0.06380259,2.0830379e-05,1.0,100.0,53.477062,3.988763e-06,4.415167e-06,1.0932431e-05,32.31,72.51,0.72,2.96,37.04,6.7,Wheat,Vegetative,HEALTHY
20260724_123113,G_33_7,odm_orthophoto,33,7,345,1708,4299887.156089323,618785.4322332038,0.46396437,0.060569055,2.1638018e-05,1.0,100.0,53.603565,4.1661538e-06,4.5728953e-06,1.1379052e-05,32.62,67.09,4.97,4.41,25.7,6.48,Wheat,Vegetative,HEALTHY
20260724_123113,G_33_8,odm_orthophoto,33,8,391,1708,4299887.156089323,618787.7316528648,0.45639405,0.054375935,2.2797636e-05,1.0,100.0,54.36059,4.5233146e-06,4.940358e-06,1.2122784e-05,28.22,73.57,12.53,3.58,29.91,6.86,Wheat,Vegetative,HEALTHY
20260724_123113,G_33_9,odm_orthophoto,33,9,437,1708,4299887.156089323,618790.0310725259,0.4543741,0.059203524,2.1076978e-05,1.0,100.0,54.56259,4.2125635e-06,4.6810283e-06,1.1238443e-05,28.43,68.26,7.64,1.75,35.25,6.65,Wheat,Vegetative,HEALTHY
20260724_123113,G_33_10,odm_orthophoto,33,10,483,1708,4299887.156089323,618792.330492187,0.506838,0.078894585,2.850567e-05,0.644075021312873,65.68627450980392,49.316196,4.472797e-06,4.827016e-06,1.3975059e-05,34.0,73.22,12.44,1.06,27.54,6.93,Wheat,Vegetative,HEALTHY
20260724_123113,G_33_11,odm_orthophoto,33,11,529,1708,4299887.156089323,618794.629911848,0.54143876,0.1200706,2.929073e-05,0.9279624893435635,93.73401534526855,45.856125,4.1260023e-06,3.9451706e-06,1.3889936e-05,30.35,74.31,8.83,4.62,25.45,6.48,Wheat,Vegetative,HEALTHY
20260724_123113,G_33_12,odm_orthophoto,33,12,575,1708,4299887.156089323,618796.929331509,0.546363,0.13319658,2.5732797e-05,1.0,100.0,45.3637,3.5631801e-06,3.4281618e-06,1.2141051e-05,28.88,67.82,12.15,1.02,35.6,6.73,Wheat,Vegetative,HEALTHY
20260724_123113,G_33_13,odm_orthophoto,33,13,621,1708,4299887.156089323,618799.2287511701,0.53809917,0.11493021,2.6858334e-05,0.9680306905370843,97.44245524296676,46.190083,3.8799703e-06,3.933521e-06,1.283305e-05,30.26,65.4,10.3,3.83,34.7,6.71,Wheat,Vegetative,HEALTHY
20260724_123113,G_33_14,odm_orthophoto,33,14,667,1708,4299887.156089323,618801.5281708312,0.5994818,0.13890132,3.0288445e-05,0.8985507246376812,90.66496163682865,40.05182,3.322773e-06,3.5760265e-06,1.3419267e-05,30.09,66.86,9.6,5.93,26.39,6.67,Wheat,Vegetative,HEALTHY
20260724_123113,G_33_15,odm_orthophoto,33,15,713,1708,4299887.156089323,618803.8275904922,0.59889287,0.12360784,3.7057314e-05,0.9019607843137255,92.2847399829497,40.110714,4.121041e-06,4.520471e-06,1.6473996e-05,31.48,69.28,6.18,3.98,46.05,7.09,Wheat,Vegetative,HEALTHY
20260724_123113,G_33_16,odm_orthophoto,33,16,759,1708,4299887.156089323,618806.1270101533,0.6487237,0.15907486,3.3497647e-05,0.9164535379369139,93.307757885763,35.12763,2.8960537e-06,3.3497374e-06,1.4062331e-05,33.46,69.26,4.45,2.61,36.98,7.33,Wheat,Vegetative,HEALTHY
20260724_123113,G_33_17,odm_orthophoto,33,17,805,1708,4299887.156089323,618808.4264298143,0.6824173,0.1575794,3.7101545e-05,0.8751065643648764,89.55669224211424,31.758272,2.853002e-06,3.4747725e-06,1.5220639e-05,30.29,75.56,12.37,5.65,37.0,6.75,Wheat,Vegetative,HEALTHY
20260724_123113,G_33_18,odm_orthophoto,33,18,851,1708,4299887.156089323,618810.7258494754,0.60314417,0.13406375,3.2294774e-05,0.8478260869565217,86.40238704177324,39.685585,3.546171e-06,3.7249865e-06,1.4311485e-05,30.78,81.84,7.11,4.76,37.15,6.81,Wheat,Vegetative,HEALTHY
20260724_123113,G_33_19,odm_orthophoto,33,19,897,1708,4299887.156089323,618813.0252691364,0.58750373,0.12271855,3.073152e-05,0.9782608695652174,98.67860187553282,41.249626,3.5735463e-06,3.8333515e-06,1.38177475e-05,31.82,77.61,7.92,1.84,27.77,6.86,Wheat,Vegetative,HEALTHY
20260724_123113,G_33_20,odm_orthophoto,33,20,943,1708,4299887.156089323,618815.3246887975,0.5292118,0.1050348,2.98811e-05,0.876385336743393,89.13043478260869,47.07882,4.5023744e-06,4.3859095e-06,1.4463121e-05,30.74,71.48,1.21,4.67,36.2,7.09,Wheat,Vegetative,HEALTHY
20260724_123113,G_33_21,odm_orthophoto,33,21,989,1708,4299887.156089323,618817.6241084585,0.5305575,0.10020217,2.8572407e-05,0.8333333333333334,85.1236146632566,46.94425,4.2608626e-06,4.1903027e-06,1.3785344e-05,32.37,68.24,10.69,1.89,34.73,6.64,Wheat,Vegetative,HEALTHY
20260724_123113,G_33_22,odm_orthophoto,33,22,1035,1708,4299887.156089323,618819.9235281196,0.5947407,0.12129045,2.8807252e-05,0.8034953111679455,81.88405797101449,40.525932,3.2513742e-06,3.4354714e-06,1.2854103e-05,32.49,71.25,13.85,3.74,36.97,7.08,Wheat,Vegetative,HEALTHY
20260724_123113,G_33_23,odm_orthophoto,33,23,1081,1708,4299887.156089323,618822.2229477807,0.56113464,0.098554425,3.0856914e-05,0.9509803921568627,95.73742540494459,43.886536,4.047928e-06,4.2305182e-06,1.43339485e-05,30.39,66.74,11.11,0.87,27.08,6.82,Wheat,Vegetative,HEALTHY
20260724_123113,G_33_24,odm_orthophoto,33,24,1127,1708,4299887.156089323,618824.5223674418,0.60907966,0.112701066,2.8931494e-05,0.9497016197783461,95.65217391304348,39.092033,3.1041936e-06,3.4235832e-06,1.2748334e-05,31.07,69.6,1.42,2.76,33.94,6.51,Wheat,Vegetative,HEALTHY
20260724_123113,G_33_25,odm_orthophoto,33,25,1173,1708,4299887.156089323,618826.8217871028,0.62305117,0.113677576,3.1926273e-05,0.8499573742540495,86.53026427962489,37.694885,3.2596777e-06,3.7427662e-06,1.3902141e-05,32.45,65.85,12.49,3.97,34.35,6.83,Wheat,Vegetative,HEALTHY
20260724_123113,G_33_26,odm_orthophoto,33,26,1219,1708,4299887.156089323,618829.1212067639,0.54177755,0.09005941,3.071701e-05,0.9978687127024722,99.95737425404944,45.822247,4.4225494e-06,4.5877387e-06,1.4661943e-05,25.62,67.71,3.86,2.5,42.38,7.24,Wheat,Vegetative,HEALTHY
20260724_123113,G_33_27,odm_orthophoto,33,27,1265,1708,4299887.156089323,618831.420626425,0.630106,0.12385894,3.052906e-05,0.9518329070758739,96.58994032395567,36.989403,2.964467e-06,3.426949e-06,1.31411525e-05,27.1,68.06,10.94,4.15,41.47,6.95,Wheat,Vegetative,HEALTHY
20260724_123113,G_33_28,odm_orthophoto,33,28,1311,1708,4299887.156089323,618833.720046086,0.5557393,0.10548596,3.0396697e-05,0.7745098039215687,78.68712702472294,44.42607,4.085463e-06,4.238911e-06,1.4218071e-05,30.43,69.83,1.86,5.07,35.2,6.69,Wheat,Vegetative,HEALTHY
20260724_123113,G_33_29,odm_orthophoto,33,29,1357,1708,4299887.156089323,618836.019465747,0.5021319,0.08981506,2.6571712e-05,0.8618925831202046,86.82864450127877,49.78681,4.458818e-06,4.3947243e-06,1.3316373e-05,31.73,74.18,5.1,1.28,46.59,7.35,Wheat,Vegetative,HEALTHY
20260724_123113,G_33_30,odm_orthophoto,33,30,1403,1708,4299887.156089323,618838.3188854081,0.5899458,0.123501964,2.793518e-05,0.9138959931798807,92.88150042625746,41.00542,3.1697944e-06,3.4475497e-06,1.248182e-05,30.55,71.94,3.43,4.42,22.61,6.87,Wheat,Vegetative,HEALTHY
20260724_123113,G_33_31,odm_orthophoto,33,31,1449,1708,4299887.156089323,618840.6183050692,0.49824154,0.08883611,2.761058e-05,0.8248081841432225,83.93009377664109,50.175846,4.6688115e-06,4.6713835e-06,1.387268e-05,29.44,75.63,1.94,1.37,29.26,6.51,Wheat,Vegetative,HEALTHY
20260724_123113,G_33_32,odm_orthophoto,33,32,1495,1708,4299887.156089323,618842.9177247302,0.5169699,0.09213849,2.5932923e-05,0.9578005115089514,97.3145780051151,48.30301,4.1125563e-06,4.18447e-06,1.27571575e-05,29.68,75.99,13.51,0.8,32.64,6.58,Wheat,Vegetative,HEALTHY
20260724_123113,G_33_33,odm_orthophoto,33,33,1541,1708,4299887.156089323,618845.2171443913,0.5528291,0.10098781,2.7502372e-05,0.7284739982949702,74.63768115942028,44.71709,3.7249833e-06,4.04568e-06,1.2892751e-05,32.37,63.66,4.29,2.18,34.43,7.15,Wheat,Vegetative,HEALTHY
20260724_123113,G_33_34,odm_orthophoto,33,34,1587,1708,4299887.156089323,618847.5165640523,0.4639444,0.07016159,2.7664268e-05,0.9087809036658141,91.38959931798807,53.605556,5.375985e-06,5.4364937e-06,1.4597779e-05,28.15,74.99,14.18,1.61,30.62,7.39,Wheat,Vegetative,HEALTHY
20260724_123113,G_33_35,odm_orthophoto,33,35,1633,1708,4299887.156089323,618849.8159837134,0.5161711,0.09728469,2.5787613e-05,0.9573742540494459,96.16368286445012,48.38289,4.0592777e-06,4.192632e-06,1.2655437e-05,29.02,79.68,6.74,0.56,32.11,6.6,Wheat,Vegetative,HEALTHY
20260724_123113,G_33_36,odm_orthophoto,33,36,1679,1708,4299887.156089323,618852.1154033744,0.4409824,0.053106237,2.5324105e-05,0.8981244671781756,90.57971014492753,55.90176,5.479751e-06,5.646809e-06,1.3921448e-05,30.61,67.89,0.79,5.23,29.18,6.33,Wheat,Vegetative,HEALTHY
20260724_123113,G_33_37,odm_orthophoto,33,37,1725,1708,4299887.156089323,618854.4148230355,0.5354756,0.085843004,3.1891683e-05,0.8525149190110827,86.61551577152599,46.45244,4.6890696e-06,5.041985e-06,1.5320058e-05,29.61,68.48,5.26,3.03,26.05,6.93,Wheat,Vegetative,HEALTHY
20260724_123113,G_33_38,odm_orthophoto,33,38,1771,1708,4299887.156089323,618856.7142426965,0.44470078,0.07179314,2.7403039e-05,0.9548167092924126,95.78005115089513,55.529922,5.790858e-06,5.400293e-06,1.4925582e-05,31.19,74.24,13.12,2.81,30.06,6.63,Wheat,Vegetative,HEALTHY
20260724_123113,G_33_39,odm_orthophoto,33,39,1817,1708,4299887.156089323,618859.0136623576,0.57266843,0.118411325,3.1660435e-05,0.8499573742540495,85.76300085251492,42.73316,3.8937546e-06,4.2857337e-06,1.4447629e-05,33.67,67.79,13.15,3.08,25.16,6.48,Wheat,Vegetative,HEALTHY
20260724_123113,G_33_40,odm_orthophoto,33,40,1863,1708,4299887.156089323,618861.3130820188,0.5624967,0.1364496,2.745097e-05,0.6982097186700768,70.33248081841433,43.750328,3.5596192e-06,3.7117857e-06,1.2710243e-05,30.09,78.07,5.4,5.44,42.71,6.02,Wheat,Vegetative,HEALTHY
20260724_123113,G_34_1,odm_orthophoto,34,1,69,1759,4299884.606089361,618771.6357152374,0.4920694,0.08530437,2.102013e-05,1.0,100.0,50.793064,3.6110303e-06,4.0833716e-06,1.0617941e-05,31.16,67.47,8.66,4.54,33.17,6.5,Wheat,Vegetative,HEALTHY
20260724_123113,G_34_2,odm_orthophoto,34,2,115,1759,4299884.606089361,618773.9351348984,0.48816824,0.0795666,2.2260161e-05,1.0,100.0,51.183174,3.918188e-06,4.5178235e-06,1.1338485e-05,29.46,73.47,10.57,5.92,41.23,6.57,Wheat,Vegetative,HEALTHY
20260724_123113,G_34_4,odm_orthophoto,34,4,207,1759,4299884.606089361,618778.5339742205,0.47039053,0.076115735,3.2318367e-05,0.6334185848252344,63.64023870417732,52.960945,6.5711642e-06,6.9452567e-06,1.7344708e-05,25.13,72.94,14.36,1.86,26.99,6.85,Wheat,Vegetative,HEALTHY
20260724_123113,G_34_5,odm_orthophoto,34,5,253,1759,4299884.606089361,618780.8333938817,0.46903744,0.0684706,2.0309319e-05,0.7796248934356351,78.04774083546462,53.09626,3.8281214e-06,4.367421e-06,1.05980935e-05,30.37,67.06,8.01,0.52,31.97,6.93,Wheat,Vegetative,HEALTHY
20260724_123113,G_34_6,odm_orthophoto,34,6,299,1759,4299884.606089361,618783.1328135427,0.46547356,0.069062166,2.0999341e-05,0.9343563512361467,93.43563512361467,53.45265,4.0153623e-06,4.5250686e-06,1.1015357e-05,27.51,73.02,6.22,4.82,32.96,6.7,Wheat,Vegetative,HEALTHY
20260724_123113,G_34_7,odm_orthophoto,34,7,345,1759,4299884.606089361,618785.4322332038,0.46163952,0.06591891,2.0515778e-05,1.0,100.0,53.83605,3.9849047e-06,4.4208628e-06,1.0823702e-05,32.37,62.49,12.58,5.0,33.75,7.28,Wheat,Vegetative,HEALTHY
20260724_123113,G_34_8,odm_orthophoto,34,8,391,1759,4299884.606089361,618787.7316528648,0.45126522,0.052931294,2.2416152e-05,1.0,100.0,54.873478,4.5416514e-06,4.89578e-06,1.2013952e-05,31.08,69.49,4.75,1.05,46.13,6.73,Wheat,Vegetative,HEALTHY
20260724_123113,G_34_9,odm_orthophoto,34,9,437,1759,4299884.606089361,618790.0310725259,0.44454864,0.048622232,2.335523e-05,1.0,100.0,55.54514,4.864903e-06,5.185605e-06,1.2650264e-05,28.06,74.8,8.74,4.18,41.78,6.57,Wheat,Vegetative,HEALTHY
20260724_123113,G_34_10,odm_orthophoto,34,10,483,1759,4299884.606089361,618792.330492187,0.47531736,0.05698443,3.2350024e-05,0.954390451832907,95.9079283887468,52.468266,6.0045277e-06,6.1984815e-06,1.6788366e-05,32.19,66.23,1.83,2.16,36.76,6.71,Wheat,Vegetative,HEALTHY
20260724_123113,G_34_11,odm_orthophoto,34,11,529,1759,4299884.606089361,618794.629911848,0.51201284,0.09564326,2.927612e-05,1.0,100.0,48.798717,4.7248036e-06,4.7212757e-06,1.4483888e-05,32.51,73.13,13.19,3.98,25.03,6.61,Wheat,Vegetative,HEALTHY
20260724_123113,G_34_12,odm_orthophoto,34,12,575,1759,4299884.606089361,618796.929331509,0.5358942,0.11441575,2.7179089e-05,1.0,100.0,46.41058,3.972956e-06,3.964945e-06,1.3032963e-05,31.82,64.23,11.82,0.65,39.8,6.77,Wheat,Vegetative,HEALTHY
20260724_123113,G_34_13,odm_orthophoto,34,13,621,1759,4299884.606089361,618799.2287511701,0.51683176,0.11152269,2.5567897e-05,1.0,100.0,48.316826,3.996054e-06,3.902437e-06,1.251897e-05,26.97,72.35,11.4,1.12,28.69,6.34,Wheat,Vegetative,HEALTHY
20260724_123113,G_34_14,odm_orthophoto,34,14,667,1759,4299884.606089361,618801.5281708312,0.5263033,0.120799914,2.8023387e-05,1.0,100.0,47.36967,4.2069837e-06,4.0445143e-06,1.3548446e-05,27.08,75.31,6.55,5.18,37.4,6.73,Wheat,Vegetative,HEALTHY
20260724_123113,G_34_15,odm_orthophoto,34,15,713,1759,4299884.606089361,618803.8275904922,0.54567134,0.11609551,2.811442e-05,0.9872122762148338,99.01960784313727,45.432865,3.8647736e-06,3.8993367e-06,1.3236571e-05,32.79,77.24,10.84,2.49,18.46,6.81,Wheat,Vegetative,HEALTHY
20260724_123113,G_34_16,odm_orthophoto,34,16,759,1759,4299884.606089361,618806.1270101533,0.59794825,0.1411512,3.0481113e-05,0.8691389599317988,87.97953964194375,40.205173,3.2965718e-06,3.5657683e-06,1.3457295e-05,28.14,75.4,10.0,5.81,43.12,6.08,Wheat,Vegetative,HEALTHY
20260724_123113,G_34_17,odm_orthophoto,34,17,805,1759,4299884.606089361,618808.4264298143,0.59203404,0.13173865,3.3315362e-05,0.9006820119352089,91.2617220801364,40.796597,3.8202556e-06,4.008932e-06,1.4925796e-05,28.41,63.59,9.09,3.26,43.67,6.76,Wheat,Vegetative,HEALTHY
20260724_123113,G_34_18,odm_orthophoto,34,18,851,1759,4299884.606089361,618810.7258494754,0.6122682,0.14126737,3.2154512e-05,0.8358908780903666,85.63512361466326,38.77318,3.3760093e-06,3.760633e-06,1.40945585e-05,28.92,74.67,14.14,3.95,41.17,6.73,Wheat,Vegetative,HEALTHY
20260724_123113,G_34_19,odm_orthophoto,34,19,897,1759,4299884.606089361,618813.0252691364,0.573749,0.12129858,3.0667652e-05,0.8188405797101449,83.24808184143222,42.6251,3.8372164e-06,4.077565e-06,1.4060136e-05,32.58,71.09,8.69,3.95,29.06,6.85,Wheat,Vegetative,HEALTHY
20260724_123113,G_34_20,odm_orthophoto,34,20,943,1759,4299884.606089361,618815.3246887975,0.55307573,0.11340504,3.265673e-05,0.886615515771526,90.57971014492753,44.69243,4.3505106e-06,4.3946743e-06,1.523652e-05,29.29,65.58,8.24,2.57,20.22,6.73,Wheat,Vegetative,HEALTHY
20260724_123113,G_34_21,odm_orthophoto,34,21,989,1759,4299884.606089361,618817.6241084585,0.6166772,0.13694513,3.0389754e-05,0.8333333333333334,85.0383631713555,38.33228,3.1395266e-06,3.401808e-06,1.3269783e-05,32.24,72.34,12.94,2.4,37.07,6.52,Wheat,Vegetative,HEALTHY
20260724_123113,G_34_22,odm_orthophoto,34,22,1035,1759,4299884.606089361,618819.9235281196,0.5754639,0.114395015,3.0457482e-05,0.7757885763000852,78.98550724637681,42.45361,3.7373443e-06,3.8742774e-06,1.38902005e-05,33.14,73.97,13.24,5.5,25.34,7.35,Wheat,Vegetative,HEALTHY
20260724_123113,G_34_23,odm_orthophoto,34,23,1081,1759,4299884.606089361,618822.2229477807,0.57924575,0.113138795,2.95285e-05,0.7357203751065644,74.50980392156863,42.075424,3.5801495e-06,3.745932e-06,1.3423322e-05,32.93,70.16,5.91,5.65,36.23,6.52,Wheat,Vegetative,HEALTHY
20260724_123113,G_34_24,odm_orthophoto,34,24,1127,1759,4299884.606089361,618824.5223674418,0.58928674,0.10978308,2.7165885e-05,0.9769820971867008,97.91133844842285,41.071327,3.1542895e-06,3.3972174e-06,1.2209864e-05,29.73,69.64,0.03,4.21,39.14,7.21,Wheat,Vegetative,HEALTHY
20260724_123113,G_34_25,odm_orthophoto,34,25,1173,1759,4299884.606089361,618826.8217871028,0.5547634,0.09595394,3.0421123e-05,0.9859335038363172,98.84910485933503,44.523663,4.1620033e-06,4.267096e-06,1.4302754e-05,30.0,75.37,5.12,3.18,29.08,6.7,Wheat,Vegetative,HEALTHY
20260724_123113,G_34_26,odm_orthophoto,34,26,1219,1759,4299884.606089361,618829.1212067639,0.6370731,0.11901238,3.1331347e-05,0.9386189258312021,94.16027280477408,36.29269,3.016939e-06,3.4709492e-06,1.3461067e-05,31.93,73.49,12.75,5.91,38.52,6.09,Wheat,Vegetative,HEALTHY
20260724_123113,G_34_27,odm_orthophoto,34,27,1265,1759,4299884.606089361,618831.420626425,0.606718,0.10629891,3.0198256e-05,0.9893435635123614,99.4458653026428,39.3282,3.2816295e-06,3.725965e-06,1.33480535e-05,27.35,75.79,8.66,4.98,32.61,7.27,Wheat,Vegetative,HEALTHY
20260724_123113,G_34_28,odm_orthophoto,34,28,1311,1759,4299884.606089361,618833.720046086,0.5527309,0.10119158,3.0734667e-05,0.8435635123614663,85.0383631713555,44.72691,4.1839116e-06,4.299604e-06,1.4429184e-05,34.0,67.73,8.24,5.13,46.6,6.66,Wheat,Vegetative,HEALTHY
20260724_123113,G_34_29,odm_orthophoto,34,29,1357,1759,4299884.606089361,618836.019465747,0.6035571,0.13021766,2.8552626e-05,0.8235294117647058,83.97271952259165,39.644287,3.1228817e-06,3.3733893e-06,1.2640727e-05,29.84,71.73,3.83,3.9,37.51,6.65,Wheat,Vegetative,HEALTHY
20260724_123113,G_34_30,odm_orthophoto,34,30,1403,1759,4299884.606089361,618838.3188854081,0.6009879,0.11582648,3.1739957e-05,0.7706734867860188,78.21824381926685,39.901207,3.5614448e-06,3.9764423e-06,1.4141809e-05,34.62,65.28,8.25,1.73,27.75,6.47,Wheat,Vegetative,HEALTHY
20260724_123113,G_34_31,odm_orthophoto,34,31,1449,1759,4299884.606089361,618840.6183050692,0.48957947,0.084085144,2.679923e-05,0.9471440750213129,95.31116794543905,51.042057,4.7459807e-06,4.6516247e-06,1.367939e-05,28.9,75.75,14.34,4.05,32.53,6.76,Wheat,Vegetative,HEALTHY
20260724_123113,G_34_32,odm_orthophoto,34,32,1495,1759,4299884.606089361,618842.9177247302,0.56542826,0.10461031,2.6633017e-05,0.8405797101449275,84.69735720375107,43.457176,3.4355298e-06,3.7101358e-06,1.2313483e-05,30.87,70.88,11.19,2.85,30.89,6.63,Wheat,Vegetative,HEALTHY
20260724_123113,G_34_33,odm_orthophoto,34,33,1541,1759,4299884.606089361,618845.2171443913,0.48896432,0.08036086,2.7174336e-05,0.9403239556692242,95.39641943734016,51.10357,4.8220054e-06,4.90864e-06,1.3880458e-05,28.37,71.22,3.99,1.26,37.69,7.07,Wheat,Vegetative,HEALTHY
20260724_123113,G_34_34,odm_orthophoto,34,34,1587,1759,4299884.606089361,618847.5165640523,0.5442525,0.09641314,2.8744988e-05,0.8478260869565217,86.10400682011935,45.57475,4.0314817e-06,4.4208473e-06,1.3613488e-05,28.36,71.06,10.39,2.01,23.24,6.9,Wheat,Vegetative,HEALTHY
20260724_123113,G_34_35,odm_orthophoto,34,35,1633,1759,4299884.606089361,618849.8159837134,0.52330637,0.09046274,2.7155033e-05,0.8034953111679455,81.62830349531117,47.669365,4.151339e-06,4.495685e-06,1.3203335e-05,33.08,73.35,5.74,4.64,34.1,6.62,Wheat,Vegetative,HEALTHY
20260724_123113,G_34_36,odm_orthophoto,34,36,1679,1759,4299884.606089361,618852.1154033744,0.42259225,0.04571115,2.5530997e-05,0.8742540494458653,88.15004262574595,57.740772,5.8622877e-06,5.942536e-06,1.4372964e-05,32.54,70.1,3.32,4.0,28.22,6.09,Wheat,Vegetative,HEALTHY
20260724_123113,G_34_37,odm_orthophoto,34,37,1725,1759,4299884.606089361,618854.4148230355,0.52283394,0.08496039,3.2048138e-05,0.9245524296675192,93.05200341005968,47.716606,4.952016e-06,5.2626638e-06,1.5635169e-05,33.73,79.24,5.24,2.64,26.74,6.96,Wheat,Vegetative,HEALTHY
20260724_123113,G_34_38,odm_orthophoto,34,38,1771,1759,4299884.606089361,618856.7142426965,0.5040204,0.0895271,3.0679043e-05,0.7800511508951407,78.72975277067349,49.59796,5.083794e-06,5.244528e-06,1.5310563e-05,30.36,71.95,12.86,0.55,35.74,7.1,Wheat,Vegetative,HEALTHY
20260724_123113,G_34_39,odm_orthophoto,34,39,1817,1759,4299884.606089361,618859.0136623576,0.53915775,0.12665312,2.6135154e-05,0.8533674339300937,85.72037510656436,46.084225,3.7218147e-06,3.8765975e-06,1.2433817e-05,31.4,74.46,11.64,2.49,31.04,6.77,Wheat,Vegetative,HEALTHY
20260724_123113,G_35_0,odm_orthophoto,35,0,23,1810,4299882.056089399,618769.3362955763,0.5932668,0.1492507,3.6988673e-05,0.5460358056265985,54.60358056265985,40.67332,4.235462e-06,3.9872975e-06,1.6565535e-05,31.25,73.45,5.79,0.76,24.74,6.25,Wheat,Vegetative,HEALTHY
20260724_123113,G_35_1,odm_orthophoto,35,1,69,1810,4299882.056089399,618771.6357152374,0.5817898,0.13962677,3.5148252e-05,1.0,100.0,41.821022,4.171547e-06,4.077326e-06,1.5888108e-05,31.89,74.9,13.52,4.05,33.06,6.66,Wheat,Vegetative,HEALTHY
20260724_123113,G_35_2,odm_orthophoto,35,2,115,1810,4299882.056089399,618773.9351348984,0.5339876,0.104211874,2.8202316e-05,1.0,100.0,46.601242,4.019516e-06,4.290664e-06,1.3420628e-05,32.19,66.59,12.79,5.18,34.38,6.57,Wheat,Vegetative,HEALTHY
20260724_123113,G_35_3,odm_orthophoto,35,3,161,1810,4299882.056089399,618776.2345545595,0.50172293,0.08261498,2.7116286e-05,0.9936061381074168,99.57374254049446,49.827705,4.5685106e-06,5.232858e-06,1.36076815e-05,32.14,71.29,5.17,3.73,36.45,6.98,Wheat,Vegetative,HEALTHY
20260724_123113,G_35_4,odm_orthophoto,35,4,207,1810,4299882.056089399,618778.5339742205,0.47011298,0.10333114,4.3928205e-05,0.5225916453537937,52.98380221653879,52.9887,9.192837e-06,8.740989e-06,2.383693e-05,33.26,70.81,14.02,5.85,42.77,6.3,Wheat,Vegetative,HEALTHY
20260724_123113,G_35_5,odm_orthophoto,35,5,253,1810,4299882.056089399,618780.8333938817,0.4634293,0.09791695,3.8188187e-05,0.5524296675191815,55.45609548167093,53.657066,8.257996e-06,7.863684e-06,2.0988558e-05,28.99,75.79,3.18,5.09,28.45,6.88,Wheat,Vegetative,HEALTHY
20260724_123113,G_35_6,odm_orthophoto,35,6,299,1810,4299882.056089399,618783.1328135427,0.45004365,0.057768364,2.2823966e-05,0.7050298380221653,70.67348678601876,54.995632,4.8911893e-06,5.403804e-06,1.2499557e-05,32.52,83.69,1.63,4.6,33.22,6.83,Wheat,Vegetative,HEALTHY
20260724_123113,G_35_7,odm_orthophoto,35,7,345,1810,4299882.056089399,618785.4322332038,0.45741883,0.06520111,1.7689248e-05,0.742540494458653,74.97868712702473,54.25812,3.4911561e-06,3.947436e-06,9.387725e-06,32.91,74.5,8.53,2.61,32.9,6.91,Wheat,Vegetative,HEALTHY
20260724_123113,G_35_8,odm_orthophoto,35,8,391,1810,4299882.056089399,618787.7316528648,0.4594422,0.056438852,2.3275405e-05,0.9313725490196079,93.90451832907077,54.05578,4.5525203e-06,4.848737e-06,1.23112595e-05,26.66,70.97,12.29,2.0,39.4,6.72,Wheat,Vegetative,HEALTHY
20260724_123113,G_35_9,odm_orthophoto,35,9,437,1810,4299882.056089399,618790.0310725259,0.46294641,0.057783663,2.8426823e-05,1.0,100.0,53.70536,5.542708e-06,5.8333394e-06,1.50187225e-05,27.96,67.34,11.19,1.24,26.47,6.57,Wheat,Vegetative,HEALTHY
20260724_123113,G_35_10,odm_orthophoto,35,10,483,1810,4299882.056089399,618792.330492187,0.45259,0.043113533,3.3279917e-05,1.0,100.0,54.741,6.751859e-06,6.797926e-06,1.7845712e-05,35.6,69.03,10.33,3.93,20.23,7.13,Wheat,Vegetative,HEALTHY
20260724_123113,G_35_11,odm_orthophoto,35,11,529,1810,4299882.056089399,618794.629911848,0.4303231,0.03266992,3.208832e-05,1.0,100.0,56.96769,7.0950077e-06,7.1622135e-06,1.7791646e-05,31.18,73.87,0.07,2.48,45.23,6.69,Wheat,Vegetative,HEALTHY
20260724_123113,G_35_12,odm_orthophoto,35,12,575,1810,4299882.056089399,618796.929331509,0.4279476,0.0355354,3.1212396e-05,1.0,100.0,57.205235,6.996859e-06,7.0999063e-06,1.74015e-05,30.08,69.14,14.96,3.19,21.44,6.72,Wheat,Vegetative,HEALTHY
20260724_123113,G_35_13,odm_orthophoto,35,13,621,1810,4299882.056089399,618799.2287511701,0.44620088,0.05592927,2.896545e-05,1.0,100.0,55.379913,6.195284e-06,6.2889667e-06,1.5850866e-05,28.26,79.07,11.99,1.06,24.22,7.0,Wheat,Vegetative,HEALTHY
20260724_123113,G_35_14,odm_orthophoto,35,14,667,1810,4299882.056089399,618801.5281708312,0.45663506,0.06855589,2.7953314e-05,1.0,100.0,54.336494,5.6715653e-06,5.7287953e-06,1.4989723e-05,32.74,69.68,3.51,1.88,31.4,7.54,Wheat,Vegetative,HEALTHY
20260724_123113,G_35_15,odm_orthophoto,35,15,713,1810,4299882.056089399,618803.8275904922,0.4860021,0.097593196,2.4151823e-05,1.0,100.0,51.39979,4.3049745e-06,4.1919548e-06,1.2355852e-05,32.88,79.25,4.73,1.48,29.76,6.86,Wheat,Vegetative,HEALTHY
20260724_123113,G_35_16,odm_orthophoto,35,16,759,1810,4299882.056089399,618806.1270101533,0.50470173,0.10680205,2.5814204e-05,1.0,100.0,49.529827,4.2445317e-06,4.1087087e-06,1.2849561e-05,31.83,74.91,0.4,3.66,32.69,6.4,Wheat,Vegetative,HEALTHY
20260724_123113,G_35_17,odm_orthophoto,35,17,805,1810,4299882.056089399,618808.4264298143,0.53706795,0.1171751,2.906597e-05,0.9893435635123614,99.4458653026428,46.293205,4.163032e-06,4.257863e-06,1.3852041e-05,34.05,79.11,4.9,5.23,40.72,6.56,Wheat,Vegetative,HEALTHY
20260724_123113,G_35_18,odm_orthophoto,35,18,851,1810,4299882.056089399,618810.7258494754,0.5525452,0.11902809,2.7748332e-05,0.9697357203751066,97.3998294970162,44.74548,3.7663422e-06,4.065772e-06,1.3016099e-05,31.75,69.96,12.68,2.36,32.82,6.92,Wheat,Vegetative,HEALTHY
20260724_123113,G_35_19,odm_orthophoto,35,19,897,1810,4299882.056089399,618813.0252691364,0.5206757,0.09797365,3.0515448e-05,0.8994032395566922,90.66496163682865,47.932426,4.732209e-06,4.771738e-06,1.4904426e-05,33.65,82.77,14.35,1.32,31.41,6.66,Wheat,Vegetative,HEALTHY
20260724_123113,G_35_20,odm_orthophoto,35,20,943,1810,4299882.056089399,618815.3246887975,0.62892216,0.13902242,3.4672186e-05,0.7148337595907929,73.27365728900256,37.107784,3.2945732e-06,3.737028e-06,1.4852403e-05,30.68,70.67,14.17,0.53,30.93,6.73,Wheat,Vegetative,HEALTHY
20260724_123113,G_35_21,odm_orthophoto,35,21,989,1810,4299882.056089399,618817.6241084585,0.6325687,0.14476196,3.419948e-05,0.8618925831202046,87.59590792838875,36.74313,3.213898e-06,3.6021652e-06,1.4614146e-05,31.16,68.38,11.17,3.17,31.56,6.69,Wheat,Vegetative,HEALTHY
20260724_123113,G_35_22,odm_orthophoto,35,22,1035,1810,4299882.056089399,618819.9235281196,0.5910731,0.13354424,3.2523298e-05,0.8917306052855924,91.13384484228474,40.89269,3.770744e-06,3.9683173e-06,1.4612245e-05,27.49,81.54,4.95,3.95,35.67,6.85,Wheat,Vegetative,HEALTHY
20260724_123113,G_35_23,odm_orthophoto,35,23,1081,1810,4299882.056089399,618822.2229477807,0.625097,0.12937012,3.245516e-05,0.953537936913896,96.41943734015345,37.490303,3.2010503e-06,3.6010902e-06,1.4019815e-05,32.81,65.56,7.5,1.65,31.94,6.64,Wheat,Vegetative,HEALTHY
20260724_123113,G_35_24,odm_orthophoto,35,24,1127,1810,4299882.056089399,618824.5223674418,0.56877947,0.10090679,3.1031777e-05,0.7898550724637681,79.923273657289,43.122055,3.9497277e-06,4.1520116e-06,1.4294035e-05,29.17,82.28,7.17,1.7,40.78,6.7,Wheat,Vegetative,HEALTHY
20260724_123113,G_35_25,odm_orthophoto,35,25,1173,1810,4299882.056089399,618826.8217871028,0.5738777,0.09954818,3.148594e-05,0.8699914748508099,88.36317135549872,42.612232,3.988882e-06,4.2689812e-06,1.4484584e-05,30.52,76.4,7.8,2.28,29.06,6.86,Wheat,Vegetative,HEALTHY
20260724_123113,G_35_26,odm_orthophoto,35,26,1219,1810,4299882.056089399,618829.1212067639,0.61827123,0.11966045,2.9620263e-05,0.9582267689684569,96.29156010230179,38.17288,3.044449e-06,3.4406971e-06,1.2918188e-05,31.83,66.84,4.4,2.5,35.82,6.75,Wheat,Vegetative,HEALTHY
20260724_123113,G_35_27,odm_orthophoto,35,27,1265,1810,4299882.056089399,618831.420626425,0.5508387,0.09484263,2.945898e-05,0.9548167092924126,96.12105711849958,44.91613,4.0631003e-06,4.2645315e-06,1.38831165e-05,30.27,73.31,13.98,4.68,38.38,6.89,Wheat,Vegetative,HEALTHY
20260724_123113,G_35_28,odm_orthophoto,35,28,1311,1810,4299882.056089399,618833.720046086,0.65696883,0.13114059,3.4888442e-05,0.7728047740835464,80.30690537084399,34.303116,2.9173407e-06,3.536325e-06,1.4547243e-05,29.78,75.92,13.64,4.56,34.94,7.24,Wheat,Vegetative,HEALTHY
20260724_123113,G_35_29,odm_orthophoto,35,29,1357,1810,4299882.056089399,618836.019465747,0.6220339,0.13177827,3.1257157e-05,0.8286445012787724,84.82523444160273,37.79661,3.0750139e-06,3.537975e-06,1.3494424e-05,30.17,67.07,10.65,0.74,43.96,6.55,Wheat,Vegetative,HEALTHY
20260724_123113,G_35_30,odm_orthophoto,35,30,1403,1810,4299882.056089399,618838.3188854081,0.5260744,0.09759717,3.0011783e-05,0.9637681159420289,97.14407502131287,47.39256,4.596188e-06,4.638288e-06,1.46004995e-05,33.78,77.47,7.45,3.73,39.9,7.44,Wheat,Vegetative,HEALTHY
20260724_123113,G_35_31,odm_orthophoto,35,31,1449,1810,4299882.056089399,618840.6183050692,0.555412,0.10716937,2.726764e-05,0.985080988917306,98.84910485933503,44.4588,3.6885467e-06,3.8134988e-06,1.277806e-05,31.18,73.02,9.46,3.99,26.26,6.51,Wheat,Vegetative,HEALTHY
20260724_123113,G_35_32,odm_orthophoto,35,32,1495,1810,4299882.056089399,618842.9177247302,0.5810798,0.11048537,2.9295277e-05,0.7838874680306905,79.71014492753623,41.89202,3.5893834e-06,3.9615925e-06,1.3354809e-05,33.4,69.62,0.98,2.08,25.3,7.28,Wheat,Vegetative,HEALTHY
20260724_123113,G_35_33,odm_orthophoto,35,33,1541,1810,4299882.056089399,618845.2171443913,0.52176934,0.09776947,2.7868662e-05,0.8294970161977835,84.39897698209718,47.823067,4.325502e-06,4.527351e-06,1.3615389e-05,33.16,78.21,10.95,3.6,33.54,6.76,Wheat,Vegetative,HEALTHY
20260724_123113,G_35_34,odm_orthophoto,35,34,1587,1810,4299882.056089399,618847.5165640523,0.5416064,0.10609307,2.5320642e-05,0.8900255754475703,89.38618925831202,45.839355,3.5978348e-06,3.8698813e-06,1.2038314e-05,26.23,75.05,6.43,5.82,40.2,7.23,Wheat,Vegetative,HEALTHY
20260724_123113,G_35_35,odm_orthophoto,35,35,1633,1810,4299882.056089399,618849.8159837134,0.43616968,0.05335508,2.446267e-05,0.9441602728047741,95.65217391304348,56.38303,5.393026e-06,5.532334e-06,1.3547559e-05,30.47,64.79,4.65,4.45,36.69,6.48,Wheat,Vegetative,HEALTHY
20260724_123113,G_35_36,odm_orthophoto,35,36,1679,1810,4299882.056089399,618852.1154033744,0.5458096,0.07697005,3.278438e-05,0.803921568627451,81.41517476555839,45.419037,4.592492e-06,5.1749084e-06,1.5521062e-05,28.92,70.64,6.68,2.62,30.82,6.98,Wheat,Vegetative,HEALTHY
20260724_123113,G_35_37,odm_orthophoto,35,37,1725,1810,4299882.056089399,618854.4148230355,0.4912867,0.08181521,3.0085806e-05,0.8145780051150895,82.4381926683717,50.87133,5.269742e-06,5.3559625e-06,1.5298758e-05,28.78,74.8,14.88,3.03,40.1,7.31,Wheat,Vegetative,HEALTHY
20260724_123113,G_35_38,odm_orthophoto,35,38,1771,1810,4299882.056089399,618856.7142426965,0.54938823,0.12433679,2.8028026e-05,0.921994884910486,92.62574595055413,45.061176,3.7795453e-06,4.11642e-06,1.3122542e-05,31.62,68.49,9.66,0.67,33.75,6.68,Wheat,Vegetative,HEALTHY
20260724_123113,G_35_39,odm_orthophoto,35,39,1817,1810,4299882.056089399,618859.0136623576,0.6554403,0.1590927,3.77833e-05,0.685848252344416,69.26683716965046,34.455975,3.243169e-06,4.0831246e-06,1.5838097e-05,29.33,76.77,7.93,1.88,42.02,6.17,Wheat,Vegetative,HEALTHY
20260724_123113,G_36_0,odm_orthophoto,36,0,23,1861,4299879.506089438,618769.3362955763,0.625593,0.16659373,3.4903405e-05,0.8248081841432225,82.6086956521739,37.4407,3.4900654e-06,3.407721e-06,1.5124972e-05,31.32,70.34,9.93,4.78,27.5,6.84,Wheat,Vegetative,HEALTHY
20260724_123113,G_36_1,odm_orthophoto,36,1,69,1861,4299879.506089438,618771.6357152374,0.61048394,0.16519155,3.5259378e-05,1.0,100.0,38.951607,3.7578013e-06,3.5669575e-06,1.5511387e-05,32.9,63.44,1.96,3.76,34.78,7.06,Wheat,Vegetative,HEALTHY
20260724_123113,G_36_2,odm_orthophoto,36,2,115,1861,4299879.506089438,618773.9351348984,0.62271255,0.17628089,3.8952716e-05,1.0,100.0,37.728745,3.9313386e-06,3.7332966e-06,1.6916123e-05,32.2,67.62,9.12,4.66,40.16,6.94,Wheat,Vegetative,HEALTHY
20260724_123113,G_36_3,odm_orthophoto,36,3,161,1861,4299879.506089438,618776.2345545595,0.599349,0.14838003,3.6831283e-05,1.0,100.0,40.065098,4.0762275e-06,3.9810607e-06,1.635383e-05,33.81,77.75,1.98,2.45,35.02,6.95,Wheat,Vegetative,HEALTHY
20260724_123113,G_36_4,odm_orthophoto,36,4,207,1861,4299879.506089438,618778.5339742205,0.54656917,0.11506283,3.0167153e-05,1.0,100.0,45.343082,4.0577265e-06,4.215595e-06,1.41138225e-05,33.14,72.67,10.3,3.24,35.43,6.91,Wheat,Vegetative,HEALTHY
20260724_123113,G_36_5,odm_orthophoto,36,5,253,1861,4299879.506089438,618780.8333938817,0.487554,0.09754037,3.307331e-05,0.8657289002557544,87.5532821824382,51.2446,6.286912e-06,6.2717513e-06,1.7312132e-05,29.07,77.37,1.44,4.82,34.85,7.05,Wheat,Vegetative,HEALTHY
20260724_123113,G_36_6,odm_orthophoto,36,6,299,1861,4299879.506089438,618783.1328135427,0.46934173,0.060654685,1.8350402e-05,0.9884910485933504,98.89173060528559,53.065826,3.4549644e-06,4.025691e-06,9.571924e-06,30.96,71.82,9.98,4.56,33.63,7.07,Wheat,Vegetative,HEALTHY
20260724_123113,G_36_7,odm_orthophoto,36,7,345,1861,4299879.506089438,618785.4322332038,0.45336396,0.06071873,1.6804284e-05,0.8005115089514067,80.64791133844842,54.663605,3.3756046e-06,3.921468e-06,8.977172e-06,30.29,72.66,7.14,0.94,37.81,6.96,Wheat,Vegetative,HEALTHY
20260724_123113,G_36_8,odm_orthophoto,36,8,391,1861,4299879.506089438,618787.7316528648,0.4581798,0.068994984,1.8392207e-05,0.9236999147485081,93.17988064791135,54.18202,3.6061679e-06,4.084998e-06,9.737073e-06,32.62,75.5,12.8,0.74,38.07,6.78,Wheat,Vegetative,HEALTHY
20260724_123113,G_36_9,odm_orthophoto,36,9,437,1861,4299879.506089438,618790.0310725259,0.5467946,0.11301477,2.8310313e-05,0.7604433077578857,77.45098039215686,45.32054,3.990876e-06,4.140167e-06,1.34279835e-05,32.67,69.6,13.21,4.73,27.4,6.49,Wheat,Vegetative,HEALTHY
20260724_123113,G_36_10,odm_orthophoto,36,10,483,1861,4299879.506089438,618792.330492187,0.58044535,0.13567697,3.3748875e-05,0.9978687127024722,99.9147485080989,41.955463,4.11419e-06,4.0194764e-06,1.5364256e-05,32.63,74.37,9.97,1.75,33.71,6.42,Wheat,Vegetative,HEALTHY
20260724_123113,G_36_11,odm_orthophoto,36,11,529,1861,4299879.506089438,618794.629911848,0.5162318,0.09571524,3.1282765e-05,1.0,100.0,48.376823,5.0237836e-06,5.019884e-06,1.5451802e-05,34.02,73.5,1.7,3.1,32.5,6.91,Wheat,Vegetative,HEALTHY
20260724_123113,G_36_12,odm_orthophoto,36,12,575,1861,4299879.506089438,618796.929331509,0.46555048,0.061212026,3.280851e-05,1.0,100.0,53.44495,6.4454334e-06,6.514331e-06,1.7382124e-05,33.64,77.43,6.94,4.51,30.13,6.95,Wheat,Vegetative,HEALTHY
20260724_123113,G_36_13,odm_orthophoto,36,13,621,1861,4299879.506089438,618799.2287511701,0.41896874,0.031998333,3.151157e-05,1.0,100.0,58.103127,7.3186106e-06,7.5584353e-06,1.7822995e-05,33.45,73.47,4.12,3.34,32.29,7.01,Wheat,Vegetative,HEALTHY
20260724_123113,G_36_14,odm_orthophoto,36,14,667,1861,4299879.506089438,618801.5281708312,0.40129548,0.023982696,2.9979834e-05,1.0,100.0,59.870453,7.4599875e-06,7.72251e-06,1.7453764e-05,28.56,66.96,7.45,2.65,29.17,6.28,Wheat,Vegetative,HEALTHY
20260724_123113,G_36_15,odm_orthophoto,36,15,713,1861,4299879.506089438,618803.8275904922,0.4113934,0.032691695,2.8437196e-05,1.0,100.0,58.86066,6.8607555e-06,7.014148e-06,1.6340264e-05,30.91,71.05,8.67,4.47,38.08,7.06,Wheat,Vegetative,HEALTHY
20260724_123113,G_36_16,odm_orthophoto,36,16,759,1861,4299879.506089438,618806.1270101533,0.4365966,0.05276348,2.791994e-05,1.0,100.0,56.340336,6.1456376e-06,6.1133023e-06,1.5452686e-05,29.74,68.44,7.73,3.68,29.02,6.49,Wheat,Vegetative,HEALTHY
20260724_123113,G_36_17,odm_orthophoto,36,17,805,1861,4299879.506089438,618808.4264298143,0.45212662,0.06432024,2.6079488e-05,1.0,100.0,54.78734,5.3511103e-06,5.3089193e-06,1.4044611e-05,31.09,72.23,9.53,0.65,41.41,6.72,Wheat,Vegetative,HEALTHY
20260724_123113,G_36_18,odm_orthophoto,36,18,851,1861,4299879.506089438,618810.7258494754,0.49494922,0.099113464,2.6466707e-05,1.0,100.0,50.505077,4.5323454e-06,4.473676e-06,1.3354899e-05,31.23,64.51,0.33,0.95,29.99,7.13,Wheat,Vegetative,HEALTHY
20260724_123113,G_36_19,odm_orthophoto,36,19,897,1861,4299879.506089438,618813.0252691364,0.479001,0.08673422,2.51507e-05,1.0,100.0,52.099903,4.601522e-06,4.493587e-06,1.2985383e-05,29.52,65.91,12.44,4.22,31.07,7.0,Wheat,Vegetative,HEALTHY
20260724_123113,G_36_20,odm_orthophoto,36,20,943,1861,4299879.506089438,618815.3246887975,0.5263099,0.116602995,2.5715848e-05,1.0,100.0,47.36901,3.8809667e-06,3.832815e-06,1.2453197e-05,28.17,76.86,14.28,3.15,33.1,6.29,Wheat,Vegetative,HEALTHY
20260724_123113,G_36_21,odm_orthophoto,36,21,989,1861,4299879.506089438,618817.6241084585,0.53061545,0.11141038,3.0676227e-05,0.9271099744245525,93.13725490196079,46.938454,4.595992e-06,4.574218e-06,1.48218e-05,32.42,63.5,4.74,2.51,27.24,7.19,Wheat,Vegetative,HEALTHY
20260724_123113,G_36_22,odm_orthophoto,36,22,1035,1861,4299879.506089438,618819.9235281196,0.67447317,0.14714548,3.8374994e-05,0.8393009377664109,85.46462063086105,32.552685,2.9700263e-06,3.679231e-06,1.5762183e-05,33.24,67.53,7.93,4.1,46.53,6.62,Wheat,Vegetative,HEALTHY
20260724_123113,G_36_23,odm_orthophoto,36,23,1081,1861,4299879.506089438,618822.2229477807,0.6107637,0.11992931,3.3089498e-05,0.7800511508951407,78.85763000852515,38.923626,3.5496435e-06,3.9749916e-06,1.4579877e-05,34.19,74.07,13.44,4.36,38.24,6.83,Wheat,Vegetative,HEALTHY
20260724_123113,G_36_24,odm_orthophoto,36,24,1127,1861,4299879.506089438,618824.5223674418,0.51225936,0.08486488,2.9695471e-05,0.9441602728047741,95.31116794543905,48.774063,4.7855783e-06,4.7461263e-06,1.4684455e-05,33.21,74.07,12.61,2.73,45.96,6.45,Wheat,Vegetative,HEALTHY
20260724_123113,G_36_25,odm_orthophoto,36,25,1173,1861,4299879.506089438,618826.8217871028,0.62141347,0.12122136,3.202786e-05,1.0,100.0,37.858654,3.264228e-06,3.7093967e-06,1.3940551e-05,33.99,68.4,0.06,2.75,32.92,7.08,Wheat,Vegetative,HEALTHY
20260724_123113,G_36_26,odm_orthophoto,36,26,1219,1861,4299879.506089438,618829.1212067639,0.57392895,0.110244215,2.9776706e-05,0.7489343563512362,76.21483375959079,42.607105,3.700118e-06,4.010833e-06,1.3626033e-05,28.57,71.62,2.54,3.67,34.47,7.14,Wheat,Vegetative,HEALTHY
20260724_123113,G_36_27,odm_orthophoto,36,27,1265,1861,4299879.506089438,618831.420626425,0.57277185,0.110865735,3.0400859e-05,0.943307757885763,95.65217391304348,42.722816,3.8282155e-06,4.1532526e-06,1.3962201e-05,30.2,71.12,4.48,3.16,42.46,6.89,Wheat,Vegetative,HEALTHY
20260724_123113,G_36_28,odm_orthophoto,36,28,1311,1861,4299879.506089438,618833.720046086,0.6128638,0.12735777,2.8440492e-05,0.9394714407502132,94.92753623188406,38.713623,2.9761961e-06,3.3799913e-06,1.2456657e-05,31.35,76.3,14.33,2.75,32.84,6.88,Wheat,Vegetative,HEALTHY
20260724_123113,G_36_29,odm_orthophoto,36,29,1357,1861,4299879.506089438,618836.019465747,0.5846799,0.11587814,3.1694366e-05,0.8772378516624041,89.25831202046037,41.53201,3.7881168e-06,4.0876403e-06,1.4353292e-05,27.93,68.87,6.85,2.73,34.86,6.58,Wheat,Vegetative,HEALTHY
20260724_123113,G_36_30,odm_orthophoto,36,30,1403,1861,4299879.506089438,618838.3188854081,0.5003501,0.08992145,2.606392e-05,0.9194373401534527,92.11423699914748,49.96499,4.4033472e-06,4.3762407e-06,1.3091628e-05,32.85,75.54,13.89,1.82,32.41,6.94,Wheat,Vegetative,HEALTHY
20260724_123113,G_36_31,odm_orthophoto,36,31,1449,1861,4299879.506089438,618840.6183050692,0.5612665,0.10764894,2.6654838e-05,0.8994032395566922,90.96334185848252,43.873352,3.487193e-06,3.7106938e-06,1.2372424e-05,32.11,71.64,0.12,2.61,31.23,6.88,Wheat,Vegetative,HEALTHY
20260724_123113,G_36_32,odm_orthophoto,36,32,1495,1861,4299879.506089438,618842.9177247302,0.51782686,0.102475934,2.7375261e-05,0.912617220801364,92.11423699914748,48.217316,4.281662e-06,4.305554e-06,1.3407073e-05,31.58,67.56,4.54,4.18,37.22,7.06,Wheat,Vegetative,HEALTHY
20260724_123113,G_36_33,odm_orthophoto,36,33,1541,1861,4299879.506089438,618845.2171443913,0.6380579,0.13598022,3.317069e-05,0.8832054560954816,90.19607843137256,36.19421,2.9933983e-06,3.6165088e-06,1.4050687e-05,33.05,77.94,2.49,1.42,43.91,7.02,Wheat,Vegetative,HEALTHY
20260724_123113,G_36_34,odm_orthophoto,36,34,1587,1861,4299879.506089438,618847.5165640523,0.5891791,0.109615125,3.189481e-05,0.7557544757033248,76.55583972719523,41.08209,3.642157e-06,4.209957e-06,1.4274153e-05,28.88,72.76,13.58,4.07,31.79,6.71,Wheat,Vegetative,HEALTHY
20260724_123113,G_36_35,odm_orthophoto,36,35,1633,1861,4299879.506089438,618849.8159837134,0.4468108,0.06177005,2.5552548e-05,0.9539641943734015,95.69479965899403,55.318916,5.3049266e-06,5.288121e-06,1.382277e-05,28.18,71.8,9.73,4.86,31.08,6.88,Wheat,Vegetative,HEALTHY
20260724_123113,G_36_36,odm_orthophoto,36,36,1679,1861,4299879.506089438,618852.1154033744,0.47405624,0.063131444,2.8474378e-05,0.8895993179880648,89.42881500426257,52.594376,5.3114445e-06,5.4020275e-06,1.4803287e-05,30.49,71.07,0.87,0.99,37.35,7.07,Wheat,Vegetative,HEALTHY
20260724_123113,G_36_37,odm_orthophoto,36,37,1725,1861,4299879.506089438,618854.4148230355,0.5998553,0.1239222,3.2629956e-05,0.8729752770673487,87.89428815004263,40.01447,3.6303445e-06,4.2894503e-06,1.4507399e-05,32.08,73.92,12.34,5.14,31.54,6.97,Wheat,Vegetative,HEALTHY
20260724_123113,G_36_38,odm_orthophoto,36,38,1771,1861,4299879.506089438,618856.7142426965,0.61569464,0.14929277,3.2627955e-05,0.7037510656436488,71.05711849957375,38.430534,3.255322e-06,3.8904423e-06,1.4131701e-05,28.99,77.86,7.83,1.64,34.66,7.05,Wheat,Vegetative,HEALTHY
20260724_123113,G_36_39,odm_orthophoto,36,39,1817,1861,4299879.506089438,618859.0136623576,0.5855736,0.1285574,3.5650595e-05,0.5208866155157715,52.131287297527706,41.44264,4.21638e-06,4.7841872e-06,1.6100399e-05,28.17,68.61,11.12,5.22,28.28,6.94,Wheat,Vegetative,HEALTHY
20260724_123113,G_37_0,odm_orthophoto,37,0,23,1912,4299876.956089476,618769.3362955763,0.60324377,0.14678857,3.2583896e-05,0.9279624893435635,92.924126172208,39.675625,3.6294646e-06,3.5365442e-06,1.4491161e-05,31.44,73.82,8.46,3.03,32.74,7.02,Wheat,Vegetative,HEALTHY
20260724_123113,G_37_1,odm_orthophoto,37,1,69,1912,4299876.956089476,618771.6357152374,0.6068976,0.14692181,3.140973e-05,1.0,100.0,39.31024,3.425951e-06,3.3922627e-06,1.3896231e-05,35.84,69.29,11.28,3.15,38.18,7.17,Wheat,Vegetative,HEALTHY
20260724_123113,G_37_2,odm_orthophoto,37,2,115,1912,4299876.956089476,618773.9351348984,0.6116144,0.16014223,3.156203e-05,1.0,100.0,38.83856,3.3469476e-06,3.2774487e-06,1.3867992e-05,30.71,69.08,9.9,2.64,36.33,6.4,Wheat,Vegetative,HEALTHY
20260724_123113,G_37_3,odm_orthophoto,37,3,161,1912,4299876.956089476,618776.2345545595,0.61786646,0.17009918,3.439899e-05,1.0,100.0,38.213356,3.556127e-06,3.4273814e-06,1.5022889e-05,31.76,76.45,5.58,5.97,27.62,6.52,Wheat,Vegetative,HEALTHY
20260724_123113,G_37_4,odm_orthophoto,37,4,207,1912,4299876.956089476,618778.5339742205,0.61199236,0.16877212,3.7808524e-05,1.0,100.0,38.800766,3.9872943e-06,3.8077571e-06,1.6590659e-05,29.92,72.81,9.87,2.21,43.91,6.44,Wheat,Vegetative,HEALTHY
20260724_123113,G_37_5,odm_orthophoto,37,5,253,1912,4299876.956089476,618780.8333938817,0.5920318,0.14483371,3.429711e-05,1.0,100.0,40.79682,3.9377987e-06,3.75327e-06,1.5370615e-05,33.19,72.8,2.15,5.57,41.51,6.85,Wheat,Vegetative,HEALTHY
20260724_123113,G_37_6,odm_orthophoto,37,6,299,1912,4299876.956089476,618783.1328135427,0.53577334,0.10427372,2.8104885e-05,1.0,100.0,46.422665,3.9796587e-06,4.066124e-06,1.3348287e-05,30.42,65.16,1.7,5.81,38.67,6.88,Wheat,Vegetative,HEALTHY
20260724_123113,G_37_7,odm_orthophoto,37,7,345,1912,4299876.956089476,618785.4322332038,0.48066825,0.07419266,2.158786e-05,1.0,100.0,51.933174,3.822237e-06,4.1539765e-06,1.1018413e-05,30.52,59.77,3.27,5.17,25.97,7.26,Wheat,Vegetative,HEALTHY
20260724_123113,G_37_8,odm_orthophoto,37,8,391,1912,4299876.956089476,618787.7316528648,0.5194714,0.10119152,2.6168338e-05,0.9428815004262575,94.45865302642797,48.05286,3.953399e-06,4.1354883e-06,1.267648e-05,28.55,70.25,12.31,2.48,22.77,6.43,Wheat,Vegetative,HEALTHY
20260724_123113,G_37_9,odm_orthophoto,37,9,437,1912,4299876.956089476,618790.0310725259,0.6598863,0.17901018,3.4707544e-05,0.8239556692242114,84.35635123614664,34.01137,2.9348116e-06,3.1541429e-06,1.4504415e-05,32.04,80.27,6.81,0.81,28.6,6.79,Wheat,Vegetative,HEALTHY
20260724_123113,G_37_10,odm_orthophoto,37,10,483,1912,4299876.956089476,618792.330492187,0.59905416,0.16963516,2.8558132e-05,0.870843989769821,89.00255754475704,40.094585,3.1964423e-06,3.0342342e-06,1.2716132e-05,30.76,83.17,0.01,4.1,33.38,6.44,Wheat,Vegetative,HEALTHY
20260724_123113,G_37_11,odm_orthophoto,37,11,529,1912,4299876.956089476,618794.629911848,0.56365776,0.14271449,3.2218562e-05,1.0,100.0,43.634224,4.1768208e-06,3.9382708e-06,1.49167545e-05,28.49,68.13,12.65,2.61,32.95,6.47,Wheat,Vegetative,HEALTHY
20260724_123113,G_37_12,odm_orthophoto,37,12,575,1912,4299876.956089476,618796.929331509,0.5545936,0.13705894,3.127465e-05,1.0,100.0,44.540638,4.19361e-06,3.8821518e-06,1.4618889e-05,30.29,80.95,10.67,4.61,24.08,6.72,Wheat,Vegetative,HEALTHY
20260724_123113,G_37_13,odm_orthophoto,37,13,621,1912,4299876.956089476,618799.2287511701,0.5225522,0.11261972,2.9785215e-05,1.0,100.0,47.74478,4.590711e-06,4.355385e-06,1.4519498e-05,29.24,67.86,13.05,2.41,34.14,6.37,Wheat,Vegetative,HEALTHY
20260724_123113,G_37_14,odm_orthophoto,37,14,667,1912,4299876.956089476,618801.5281708312,0.47210273,0.075291246,3.0051202e-05,1.0,100.0,52.789722,5.7457846e-06,5.8097753e-06,1.5763286e-05,30.83,69.89,10.36,1.25,31.31,6.58,Wheat,Vegetative,HEALTHY
20260724_123113,G_37_15,odm_orthophoto,37,15,713,1912,4299876.956089476,618803.8275904922,0.42692348,0.043476146,2.993536e-05,1.0,100.0,57.307648,6.7815427e-06,7.0871624e-06,1.6760465e-05,30.82,75.22,10.82,3.31,38.72,6.89,Wheat,Vegetative,HEALTHY
20260724_123113,G_37_16,odm_orthophoto,37,16,759,1912,4299876.956089476,618806.1270101533,0.3962922,0.02381325,2.8501341e-05,1.0,100.0,60.37078,7.254817e-06,7.4751047e-06,1.6755721e-05,30.28,79.98,12.77,3.93,37.73,6.7,Wheat,Vegetative,HEALTHY
20260724_123113,G_37_17,odm_orthophoto,37,17,805,1912,4299876.956089476,618808.4264298143,0.39275643,0.021876333,2.7445636e-05,1.0,100.0,60.724354,7.085237e-06,6.995268e-06,1.623421e-05,32.42,75.63,0.7,1.26,26.75,6.66,Wheat,Vegetative,HEALTHY
20260724_123113,G_37_18,odm_orthophoto,37,18,851,1912,4299876.956089476,618810.7258494754,0.39445886,0.024817286,2.5264022e-05,1.0,100.0,60.55411,6.500265e-06,6.391468e-06,1.49219695e-05,30.87,76.35,9.12,2.33,33.78,6.72,Wheat,Vegetative,HEALTHY
20260724_123113,G_37_19,odm_orthophoto,37,19,897,1912,4299876.956089476,618813.0252691364,0.4144989,0.04253007,2.3414983e-05,1.0,100.0,58.550106,5.574143e-06,5.4094803e-06,1.3379434e-05,31.07,70.39,1.19,2.94,36.05,6.59,Wheat,Vegetative,HEALTHY
20260724_123113,G_37_20,odm_orthophoto,37,20,943,1912,4299876.956089476,618815.3246887975,0.43851277,0.058403853,2.3902694e-05,1.0,100.0,56.14872,5.1488196e-06,5.008552e-06,1.3116675e-05,32.8,71.64,4.04,2.37,25.48,6.85,Wheat,Vegetative,HEALTHY
20260724_123113,G_37_21,odm_orthophoto,37,21,989,1912,4299876.956089476,618817.6241084585,0.4605489,0.08597943,2.4537883e-05,1.0,100.0,53.945114,4.810771e-06,4.5789884e-06,1.2990357e-05,29.26,75.51,2.38,3.92,40.31,6.97,Wheat,Vegetative,HEALTHY
20260724_123113,G_37_22,odm_orthophoto,37,22,1035,1912,4299876.956089476,618819.9235281196,0.5183373,0.11047998,2.6399184e-05,1.0,100.0,48.166267,4.1045278e-06,4.0629466e-06,1.29045575e-05,32.67,76.57,3.19,5.91,33.71,7.05,Wheat,Vegetative,HEALTHY
20260724_123113,G_37_23,odm_orthophoto,37,23,1081,1912,4299876.956089476,618822.2229477807,0.5061948,0.08999807,2.7375507e-05,0.9100596760443308,91.38959931798807,49.380524,4.4820245e-06,4.4697867e-06,1.3607525e-05,31.0,73.84,0.03,4.03,36.22,7.05,Wheat,Vegetative,HEALTHY
20260724_123113,G_37_24,odm_orthophoto,37,24,1127,1912,4299876.956089476,618824.5223674418,0.56482315,0.101904646,3.0222218e-05,0.840153452685422,84.91048593350384,43.517685,3.9628467e-06,4.2369365e-06,1.4037284e-05,33.3,62.33,0.55,2.3,36.32,6.99,Wheat,Vegetative,HEALTHY
20260724_123113,G_37_25,odm_orthophoto,37,25,1173,1912,4299876.956089476,618826.8217871028,0.6286481,0.12767325,3.3022952e-05,0.7216538789428815,73.1457800511509,37.13519,3.229936e-06,3.7516495e-06,1.4237977e-05,32.36,77.68,11.54,1.24,30.34,6.79,Wheat,Vegetative,HEALTHY
20260724_123113,G_37_26,odm_orthophoto,37,26,1219,1912,4299876.956089476,618829.1212067639,0.55743146,0.10729776,3.140455e-05,0.9245524296675192,93.17988064791135,44.256855,4.195031e-06,4.5256647e-06,1.4663612e-05,31.4,74.64,9.5,2.4,44.05,6.43,Wheat,Vegetative,HEALTHY
20260724_123113,G_37_27,odm_orthophoto,37,27,1265,1912,4299876.956089476,618831.420626425,0.62403125,0.13228199,3.0045889e-05,0.9445865302642796,95.14066496163683,37.596874,3.042213e-06,3.4733082e-06,1.3057834e-05,30.11,72.99,13.6,5.93,32.3,6.4,Wheat,Vegetative,HEALTHY
20260724_123113,G_37_28,odm_orthophoto,37,28,1311,1912,4299876.956089476,618833.720046086,0.5526769,0.111345604,2.6964939e-05,0.8742540494458653,88.1074168797954,44.732307,3.6941826e-06,3.902167e-06,1.2682795e-05,30.49,77.04,3.84,5.67,33.85,6.69,Wheat,Vegetative,HEALTHY
20260724_123113,G_37_29,odm_orthophoto,37,29,1357,1912,4299876.956089476,618836.019465747,0.5363287,0.110495515,2.9320805e-05,0.8512361466325661,86.1466325660699,46.367134,4.2852653e-06,4.3586865e-06,1.4059227e-05,30.86,68.49,12.39,2.82,32.05,6.06,Wheat,Vegetative,HEALTHY
20260724_123113,G_37_30,odm_orthophoto,37,30,1403,1912,4299876.956089476,618838.3188854081,0.57236606,0.117271625,2.8880135e-05,0.8567774936061381,86.35976129582268,42.763393,3.600213e-06,3.897558e-06,1.32272535e-05,31.85,71.19,2.67,5.2,40.6,7.05,Wheat,Vegetative,HEALTHY
20260724_123113,G_37_31,odm_orthophoto,37,31,1449,1912,4299876.956089476,618840.6183050692,0.5038846,0.089192845,2.7253698e-05,0.8827791986359761,88.78942881500427,49.611538,4.5254824e-06,4.575372e-06,1.3610381e-05,28.95,61.32,6.67,0.87,27.64,6.68,Wheat,Vegetative,HEALTHY
20260724_123113,G_37_32,odm_orthophoto,37,32,1495,1912,4299876.956089476,618842.9177247302,0.64364374,0.13337547,3.492614e-05,0.8367433930093776,85.80562659846548,35.635628,3.1898528e-06,3.809121e-06,1.4832328e-05,32.67,82.37,6.97,5.32,35.03,6.72,Wheat,Vegetative,HEALTHY
20260724_123113,G_37_33,odm_orthophoto,37,33,1541,1912,4299876.956089476,618845.2171443913,0.6065132,0.12833486,2.8658937e-05,0.8265132139812447,84.31372549019608,39.34868,3.0547385e-06,3.5283508e-06,1.2608024e-05,31.39,75.14,0.64,3.63,30.76,7.16,Wheat,Vegetative,HEALTHY
20260724_123113,G_37_34,odm_orthophoto,37,34,1587,1912,4299876.956089476,618847.5165640523,0.51740044,0.087875046,2.889098e-05,0.9531116794543905,96.12105711849958,48.259956,4.521704e-06,4.701986e-06,1.41523915e-05,31.12,66.71,9.14,3.07,31.97,7.24,Wheat,Vegetative,HEALTHY
20260724_123113,G_37_35,odm_orthophoto,37,35,1633,1912,4299876.956089476,618849.8159837134,0.4090864,0.038306344,2.393466e-05,1.0,100.0,59.09136,5.802807e-06,5.5629425e-06,1.37813395e-05,29.33,70.19,5.99,3.61,32.53,6.89,Wheat,Vegetative,HEALTHY
20260724_123113,G_37_36,odm_orthophoto,37,36,1679,1912,4299876.956089476,618852.1154033744,0.5544823,0.109429345,3.1086394e-05,0.7851662404092071,79.32651321398124,44.551773,4.2223833e-06,4.5363477e-06,1.458491e-05,32.58,79.59,7.21,1.59,23.54,6.58,Wheat,Vegetative,HEALTHY
20260724_123113,G_37_37,odm_orthophoto,37,37,1725,1912,4299876.956089476,618854.4148230355,0.6042423,0.14389502,3.0359786e-05,0.855924978687127,86.18925831202046,39.575768,3.2864393e-06,3.7825957e-06,1.34067095e-05,34.37,71.35,8.9,1.53,40.62,6.72,Wheat,Vegetative,HEALTHY
20260724_123113,G_37_38,odm_orthophoto,37,38,1771,1912,4299876.956089476,618856.7142426965,0.56112856,0.118741915,3.330729e-05,0.8844842284739983,88.6615515771526,43.887146,4.3482296e-06,4.8365123e-06,1.5451104e-05,32.36,78.73,8.39,0.73,29.94,6.6,Wheat,Vegetative,HEALTHY
20260724_123113,G_38_1,odm_orthophoto,38,1,69,1963,4299874.4060895145,618771.6357152374,0.55796164,0.10884206,3.1086503e-05,0.8797953964194374,88.78942881500427,44.203835,4.1327103e-06,4.1433723e-06,1.4495272e-05,32.36,79.4,3.7,4.26,36.05,6.98,Wheat,Vegetative,HEALTHY
20260724_123113,G_38_2,odm_orthophoto,38,2,115,1963,4299874.4060895145,618773.9351348984,0.5910217,0.13335131,3.2003503e-05,0.8610400682011935,86.44501278772378,40.897827,3.7121747e-06,3.7157079e-06,1.4380401e-05,30.41,75.88,13.22,5.06,34.18,6.83,Wheat,Vegetative,HEALTHY
20260724_123113,G_38_3,odm_orthophoto,38,3,161,1963,4299874.4060895145,618776.2345545595,0.6098387,0.15599729,3.0145293e-05,1.0,100.0,39.01613,3.2152252e-06,3.1770046e-06,1.3263993e-05,33.84,75.65,4.66,4.33,24.49,7.15,Wheat,Vegetative,HEALTHY
20260724_123113,G_38_4,odm_orthophoto,38,4,207,1963,4299874.4060895145,618778.5339742205,0.59527516,0.14698459,3.0168976e-05,1.0,100.0,40.472485,3.4612237e-06,3.386357e-06,1.3517894e-05,32.56,71.55,9.25,0.71,28.78,6.83,Wheat,Vegetative,HEALTHY
20260724_123113,G_38_5,odm_orthophoto,38,5,253,1963,4299874.4060895145,618780.8333938817,0.59182405,0.15171194,3.2222564e-05,1.0,100.0,40.817596,3.7153188e-06,3.6092395e-06,1.4456568e-05,28.93,70.79,13.54,3.76,33.01,6.55,Wheat,Vegetative,HEALTHY
20260724_123113,G_38_6,odm_orthophoto,38,6,299,1963,4299874.4060895145,618783.1328135427,0.5852705,0.1515902,3.2900854e-05,1.0,100.0,41.472946,3.8857215e-06,3.7275722e-06,1.4853086e-05,32.2,74.51,6.47,4.84,40.27,6.64,Wheat,Vegetative,HEALTHY
20260724_123113,G_38_7,odm_orthophoto,38,7,345,1963,4299874.4060895145,618785.4322332038,0.57301337,0.13511059,3.214722e-05,1.0,100.0,42.69866,4.0046584e-06,3.809774e-06,1.4720802e-05,29.29,70.57,1.14,2.6,32.97,6.61,Wheat,Vegetative,HEALTHY
20260724_123113,G_38_8,odm_orthophoto,38,8,391,1963,4299874.4060895145,618787.7316528648,0.6112509,0.1664423,3.438725e-05,1.0,100.0,38.874912,3.6097551e-06,3.5039363e-06,1.5072607e-05,33.8,76.95,14.25,2.85,32.28,6.73,Wheat,Vegetative,HEALTHY
20260724_123113,G_38_9,odm_orthophoto,38,9,437,1963,4299874.4060895145,618790.0310725259,0.606378,0.17401467,3.4500845e-05,0.959079283887468,96.9309462915601,39.362198,3.7683433e-06,3.6015472e-06,1.526907e-05,29.28,73.74,6.77,4.19,30.18,6.36,Wheat,Vegetative,HEALTHY
20260724_123113,G_38_10,odm_orthophoto,38,10,483,1963,4299874.4060895145,618792.330492187,0.60672116,0.17220025,3.265914e-05,0.954390451832907,96.20630861040068,39.327885,3.547085e-06,3.3673941e-06,1.4433861e-05,33.66,70.17,3.85,5.81,39.71,7.02,Wheat,Vegetative,HEALTHY
20260724_123113,G_38_11,odm_orthophoto,38,11,529,1963,4299874.4060895145,618794.629911848,0.61437243,0.14938685,3.4165874e-05,1.0,100.0,38.562756,3.5724308e-06,3.7086543e-06,1.4961481e-05,29.35,70.19,10.82,2.78,29.24,6.69,Wheat,Vegetative,HEALTHY
20260724_123113,G_38_12,odm_orthophoto,38,12,575,1963,4299874.4060895145,618796.929331509,0.56922096,0.1443611,3.1077936e-05,1.0,100.0,43.077904,3.9469687e-06,3.8159014e-06,1.4306662e-05,32.61,70.33,1.95,2.9,36.97,6.55,Wheat,Vegetative,HEALTHY
20260724_123113,G_38_13,odm_orthophoto,38,13,621,1963,4299874.4060895145,618799.2287511701,0.53688467,0.12987746,2.9071336e-05,1.0,100.0,46.311535,4.184488e-06,4.017284e-06,1.3875287e-05,35.06,70.49,12.81,5.27,27.19,6.94,Wheat,Vegetative,HEALTHY
20260724_123113,G_38_14,odm_orthophoto,38,14,667,1963,4299874.4060895145,618801.5281708312,0.5306913,0.12736855,2.8697845e-05,1.0,100.0,46.930866,4.234533e-06,4.0345817e-06,1.3800828e-05,35.17,76.2,1.72,3.62,36.3,7.05,Wheat,Vegetative,HEALTHY
20260724_123113,G_38_15,odm_orthophoto,38,15,713,1963,4299874.4060895145,618803.8275904922,0.5135989,0.11454518,2.7806202e-05,1.0,100.0,48.640106,4.425865e-06,4.2374336e-06,1.3694939e-05,33.83,63.6,5.92,2.06,28.77,6.79,Wheat,Vegetative,HEALTHY
20260724_123113,G_38_16,odm_orthophoto,38,16,759,1963,4299874.4060895145,618806.1270101533,0.4621067,0.076053694,2.6584643e-05,1.0,100.0,53.78933,5.2919377e-06,5.3139192e-06,1.4153836e-05,32.49,73.7,11.16,0.56,43.05,6.25,Wheat,Vegetative,HEALTHY
20260724_123113,G_38_17,odm_orthophoto,38,17,805,1963,4299874.4060895145,618808.4264298143,0.4095572,0.032356597,2.6310843e-05,1.0,100.0,59.044277,6.394617e-06,6.437778e-06,1.5165278e-05,32.34,72.3,0.22,3.8,30.84,6.62,Wheat,Vegetative,HEALTHY
20260724_123113,G_38_18,odm_orthophoto,38,18,851,1963,4299874.4060895145,618810.7258494754,0.39865652,0.024826068,2.5067691e-05,1.0,100.0,60.13435,6.3615826e-06,6.2579775e-06,1.47178325e-05,32.39,75.96,12.18,2.17,41.1,6.94,Wheat,Vegetative,HEALTHY
20260724_123113,G_38_19,odm_orthophoto,38,19,897,1963,4299874.4060895145,618813.0252691364,0.3854647,0.019044163,2.3344912e-05,1.0,100.0,61.453533,6.2075414e-06,5.9852428e-06,1.3989494e-05,29.25,76.54,10.67,5.33,35.47,6.61,Wheat,Vegetative,HEALTHY
20260724_123113,G_38_20,odm_orthophoto,38,20,943,1963,4299874.4060895145,618815.3246887975,0.37917772,0.019040305,2.2000033e-05,1.0,100.0,62.08223,6.0057882e-06,5.7027914e-06,1.3339417e-05,32.27,65.74,8.48,0.96,32.97,7.12,Wheat,Vegetative,HEALTHY
20260724_123113,G_38_21,odm_orthophoto,38,21,989,1963,4299874.4060895145,618817.6241084585,0.3920334,0.030758385,2.2329019e-05,1.0,100.0,60.79666,5.7960065e-06,5.549572e-06,1.3239297e-05,33.14,76.07,12.7,4.04,32.01,6.78,Wheat,Vegetative,HEALTHY
20260724_123113,G_38_22,odm_orthophoto,38,22,1035,1963,4299874.4060895145,618819.9235281196,0.411318,0.04388531,2.3168152e-05,1.0,100.0,58.8682,5.566729e-06,5.3329436e-06,1.32897385e-05,35.08,70.23,3.08,3.97,37.85,7.07,Wheat,Vegetative,HEALTHY
20260724_123113,G_38_23,odm_orthophoto,38,23,1081,1963,4299874.4060895145,618822.2229477807,0.45128113,0.069773905,2.4086983e-05,1.0,100.0,54.871887,4.9350515e-06,4.800885e-06,1.2964334e-05,32.68,71.75,8.33,4.95,32.55,6.46,Wheat,Vegetative,HEALTHY
20260724_123113,G_38_24,odm_orthophoto,38,24,1127,1963,4299874.4060895145,618824.5223674418,0.4962073,0.09057027,2.5354453e-05,1.0,100.0,50.37927,4.324882e-06,4.366865e-06,1.2776655e-05,32.58,78.23,5.94,4.77,37.09,6.25,Wheat,Vegetative,HEALTHY
20260724_123113,G_38_25,odm_orthophoto,38,25,1173,1963,4299874.4060895145,618826.8217871028,0.5146668,0.08994191,2.8398283e-05,0.9688832054560955,97.27195225916454,48.53332,4.462864e-06,4.7342737e-06,1.3929311e-05,28.33,72.29,5.83,5.63,40.16,6.85,Wheat,Vegetative,HEALTHY
20260724_123113,G_38_26,odm_orthophoto,38,26,1219,1963,4299874.4060895145,618829.1212067639,0.5715583,0.11268714,3.0481177e-05,0.8806479113384484,88.49104859335038,42.84417,3.7397797e-06,4.1425824e-06,1.3900541e-05,29.94,73.25,5.27,2.53,42.03,6.75,Wheat,Vegetative,HEALTHY
20260724_123113,G_38_27,odm_orthophoto,38,27,1265,1963,4299874.4060895145,618831.420626425,0.59098536,0.12537251,2.8368228e-05,0.8921568627450981,90.02557544757033,40.901463,3.251845e-06,3.6387569e-06,1.2708227e-05,31.14,71.88,14.44,2.8,43.16,6.61,Wheat,Vegetative,HEALTHY
20260724_123113,G_38_28,odm_orthophoto,38,28,1311,1963,4299874.4060895145,618833.720046086,0.55752116,0.11571914,3.1376014e-05,0.8712702472293266,87.80903665814151,44.247883,4.1843573e-06,4.445441e-06,1.4643426e-05,30.97,78.51,0.76,5.2,30.49,6.87,Wheat,Vegetative,HEALTHY
20260724_123113,G_38_29,odm_orthophoto,38,29,1357,1963,4299874.4060895145,618836.019465747,0.6457919,0.14274032,3.528147e-05,0.8461210571184996,86.23188405797102,35.42081,3.2116593e-06,3.7953607e-06,1.4972585e-05,29.64,66.77,3.74,1.25,30.82,6.61,Wheat,Vegetative,HEALTHY
20260724_123113,G_38_30,odm_orthophoto,38,30,1403,1963,4299874.4060895145,618838.3188854081,0.64703053,0.14221047,3.53433e-05,0.8895993179880648,90.45183290707587,35.296947,3.188669e-06,3.828883e-06,1.4970202e-05,31.27,66.52,0.44,5.92,34.64,7.14,Wheat,Vegetative,HEALTHY
20260724_123113,G_38_31,odm_orthophoto,38,31,1449,1963,4299874.4060895145,618840.6183050692,0.5907712,0.1262159,3.364075e-05,0.8836317135549873,90.57971014492753,40.922882,3.8523835e-06,4.2638067e-06,1.5066397e-05,31.72,69.66,13.03,4.59,33.82,6.83,Wheat,Vegetative,HEALTHY
20260724_123113,G_38_32,odm_orthophoto,38,32,1495,1963,4299874.4060895145,618842.9177247302,0.5843318,0.12986939,2.7492386e-05,0.8742540494458653,88.36317135549872,41.56682,3.2852622e-06,3.5859155e-06,1.2449683e-05,31.89,74.24,7.69,5.78,36.58,6.72,Wheat,Vegetative,HEALTHY
20260724_123113,G_38_33,odm_orthophoto,38,33,1541,1963,4299874.4060895145,618845.2171443913,0.5853938,0.115903504,3.1306598e-05,0.8844842284739983,89.25831202046037,41.46062,3.7213613e-06,4.1414337e-06,1.4157271e-05,35.12,68.21,12.51,0.76,30.23,7.05,Wheat,Vegetative,HEALTHY
20260724_123113,G_38_34,odm_orthophoto,38,34,1587,1963,4299874.4060895145,618847.5165640523,0.45874274,0.07290193,2.7010848e-05,1.0,100.0,54.125725,5.350914e-06,5.2114165e-06,1.4354887e-05,30.41,69.3,7.62,5.48,37.01,7.41,Wheat,Vegetative,HEALTHY
20260724_123113,G_38_35,odm_orthophoto,38,35,1633,1963,4299874.4060895145,618849.8159837134,0.46152118,0.06645392,2.806996e-05,0.8303495311167945,83.88746803069054,53.847885,5.523114e-06,5.4308257e-06,1.488015e-05,32.83,71.5,5.0,3.04,32.75,6.96,Wheat,Vegetative,HEALTHY
20260724_123113,G_38_36,odm_orthophoto,38,36,1679,1963,4299874.4060895145,618852.1154033744,0.5995114,0.13311273,2.9778033e-05,0.9467178175618073,95.09803921568627,40.048862,3.293448e-06,3.765786e-06,1.3219791e-05,29.21,68.89,0.84,2.86,39.55,6.88,Wheat,Vegetative,HEALTHY
20260724_123113,G_38_37,odm_orthophoto,38,37,1725,1963,4299874.4060895145,618854.4148230355,0.6206433,0.14102545,3.6533118e-05,0.7583120204603581,76.55583972719523,37.93567,3.6001916e-06,4.2668726e-06,1.5778383e-05,30.07,73.79,0.61,3.69,28.14,7.13,Wheat,Vegetative,HEALTHY
20260724_123113,G_39_1,odm_orthophoto,39,1,69,2014,4299871.856089552,618771.6357152374,0.71729743,0.21935685,4.123295e-05,0.7378516624040921,74.33930093776641,28.270256,2.58887e-06,2.9332116e-06,1.633373e-05,30.48,70.51,9.34,0.57,38.32,6.77,Wheat,Vegetative,HEALTHY
20260724_123113,G_39_2,odm_orthophoto,39,2,115,2014,4299871.856089552,618773.9351348984,0.6565183,0.17886174,3.7270052e-05,0.6722080136402387,68.28644501278772,34.34817,3.2220476e-06,3.385297e-06,1.5645886e-05,28.6,71.4,8.55,5.48,21.55,6.99,Wheat,Vegetative,HEALTHY
20260724_123113,G_39_3,odm_orthophoto,39,3,161,2014,4299871.856089552,618776.2345545595,0.61990726,0.15683128,3.619239e-05,0.6986359761295823,70.076726342711,38.009274,3.6835506e-06,3.7668406e-06,1.5748165e-05,30.96,71.83,10.14,1.27,37.6,6.7,Wheat,Vegetative,HEALTHY
20260724_123113,G_39_4,odm_orthophoto,39,4,207,2014,4299871.856089552,618778.5339742205,0.57289,0.12894468,2.992261e-05,0.8964194373401535,90.02557544757033,42.711002,3.7741538e-06,3.7634136e-06,1.3748717e-05,29.53,70.27,11.59,5.0,43.64,6.96,Wheat,Vegetative,HEALTHY
20260724_123113,G_39_5,odm_orthophoto,39,5,253,2014,4299871.856089552,618780.8333938817,0.56310433,0.12628497,2.841757e-05,1.0,100.0,43.689568,3.712694e-06,3.6854785e-06,1.3185541e-05,30.82,71.67,7.3,1.89,36.33,6.85,Wheat,Vegetative,HEALTHY
20260724_123113,G_39_6,odm_orthophoto,39,6,299,2014,4299871.856089552,618783.1328135427,0.56861764,0.12580225,2.967229e-05,1.0,100.0,43.138237,3.7886996e-06,3.7830275e-06,1.3679815e-05,33.06,72.21,8.09,1.06,29.92,6.24,Wheat,Vegetative,HEALTHY
20260724_123113,G_39_7,odm_orthophoto,39,7,345,2014,4299871.856089552,618785.4322332038,0.572083,0.14026457,2.9917457e-05,1.0,100.0,42.791702,3.747698e-06,3.6690149e-06,1.3720536e-05,28.44,64.75,9.58,0.69,27.89,6.72,Wheat,Vegetative,HEALTHY
20260724_123113,G_39_8,odm_orthophoto,39,8,391,2014,4299871.856089552,618787.7316528648,0.57974005,0.1535277,2.9405832e-05,1.0,100.0,42.025993,3.540725e-06,3.4456418e-06,1.3343004e-05,33.51,54.59,8.69,4.6,31.29,7.19,Wheat,Vegetative,HEALTHY
20260724_123113,G_39_9,odm_orthophoto,39,9,437,2014,4299871.856089552,618790.0310725259,0.57248473,0.15020256,2.815732e-05,1.0,100.0,42.751526,3.4984969e-06,3.3926608e-06,1.2884581e-05,34.78,66.99,14.23,2.26,27.74,6.35,Wheat,Vegetative,HEALTHY
20260724_123113,G_39_10,odm_orthophoto,39,10,483,2014,4299871.856089552,618792.330492187,0.5663534,0.14647368,2.8606522e-05,1.0,100.0,43.364662,3.6690863e-06,3.478279e-06,1.3204919e-05,29.73,70.93,11.67,5.83,44.5,6.6,Wheat,Vegetative,HEALTHY
20260724_123113,G_39_11,odm_orthophoto,39,11,529,2014,4299871.856089552,618794.629911848,0.5724524,0.13633932,3.1051823e-05,1.0,100.0,42.754757,3.856521e-06,3.9052024e-06,1.4207504e-05,30.3,72.04,10.55,5.64,41.66,6.7,Wheat,Vegetative,HEALTHY
20260724_123113,G_39_12,odm_orthophoto,39,12,575,2014,4299871.856089552,618796.929331509,0.5441368,0.1263467,2.7802413e-05,1.0,100.0,45.58632,3.896683e-06,3.8447492e-06,1.3164471e-05,29.74,70.18,1.91,2.06,34.44,6.41,Wheat,Vegetative,HEALTHY
20260724_123113,G_39_13,odm_orthophoto,39,13,621,2014,4299871.856089552,618799.2287511701,0.5186775,0.11390144,2.6427999e-05,1.0,100.0,48.13225,4.107089e-06,4.0758086e-06,1.2916723e-05,30.74,61.3,9.74,2.82,34.43,6.87,Wheat,Vegetative,HEALTHY
20260724_123113,G_39_14,odm_orthophoto,39,14,667,2014,4299871.856089552,618801.5281708312,0.5179435,0.107964076,2.7709011e-05,1.0,100.0,48.20565,4.3263412e-06,4.300051e-06,1.3563009e-05,28.89,68.28,13.2,2.56,37.58,7.22,Wheat,Vegetative,HEALTHY
20260724_123113,G_39_15,odm_orthophoto,39,15,713,2014,4299871.856089552,618803.8275904922,0.4863402,0.08929828,2.5363897e-05,1.0,100.0,51.365982,4.5032043e-06,4.499032e-06,1.2958135e-05,34.99,71.69,7.86,3.83,36.65,7.26,Wheat,Vegetative,HEALTHY
20260724_123113,G_39_16,odm_orthophoto,39,16,759,2014,4299871.856089552,618806.1270101533,0.4374461,0.05365509,2.3232697e-05,1.0,100.0,56.255386,5.0493045e-06,5.0864346e-06,1.2793815e-05,30.77,71.43,8.55,3.18,34.81,6.92,Wheat,Vegetative,HEALTHY
20260724_123113,G_39_17,odm_orthophoto,39,17,805,2014,4299871.856089552,618808.4264298143,0.4417154,0.054100063,2.3072102e-05,1.0,100.0,55.828465,4.982774e-06,5.027843e-06,1.2673748e-05,31.23,65.01,9.66,3.5,32.86,7.15,Wheat,Vegetative,HEALTHY
20260724_123113,G_39_18,odm_orthophoto,39,18,851,2014,4299871.856089552,618810.7258494754,0.47260916,0.0796712,2.1937916e-05,1.0,100.0,52.739082,4.1320463e-06,4.147424e-06,1.1444914e-05,32.36,74.48,13.04,3.92,42.26,6.86,Wheat,Vegetative,HEALTHY
20260724_123113,G_39_19,odm_orthophoto,39,19,897,2014,4299871.856089552,618813.0252691364,0.46783245,0.08027461,2.2601054e-05,1.0,100.0,53.216755,4.3557066e-06,4.3692075e-06,1.1889637e-05,30.53,76.04,5.55,4.23,31.6,6.1,Wheat,Vegetative,HEALTHY
20260724_123113,G_39_20,odm_orthophoto,39,20,943,2014,4299871.856089552,618815.3246887975,0.43886316,0.062395867,2.3039787e-05,1.0,100.0,56.113686,5.0458793e-06,4.943523e-06,1.2726081e-05,31.75,72.66,12.43,4.95,25.05,6.89,Wheat,Vegetative,HEALTHY
20260724_123113,G_39_21,odm_orthophoto,39,21,989,2014,4299871.856089552,618817.6241084585,0.38739017,0.026010249,2.253563e-05,1.0,100.0,61.260986,5.9839617e-06,5.7450243e-06,1.3496133e-05,30.91,75.6,13.81,5.52,35.17,6.92,Wheat,Vegetative,HEALTHY
20260724_123113,G_39_22,odm_orthophoto,39,22,1035,2014,4299871.856089552,618819.9235281196,0.3795683,0.020502327,2.2206554e-05,1.0,100.0,62.043167,6.049949e-06,5.861902e-06,1.3452423e-05,30.13,80.74,13.78,3.27,44.09,6.8,Wheat,Vegetative,HEALTHY
20260724_123113,G_39_23,odm_orthophoto,39,23,1081,2014,4299871.856089552,618822.2229477807,0.38728845,0.020367261,2.3026263e-05,1.0,100.0,61.271156,6.073131e-06,5.878e-06,1.3748856e-05,32.33,74.39,5.92,2.13,24.07,6.75,Wheat,Vegetative,HEALTHY
20260724_123113,G_39_24,odm_orthophoto,39,24,1127,2014,4299871.856089552,618824.5223674418,0.40733135,0.03255618,2.3456638e-05,1.0,100.0,59.266865,5.723584e-06,5.636375e-06,1.35427645e-05,30.94,80.75,10.46,3.7,30.94,6.81,Wheat,Vegetative,HEALTHY
20260724_123113,G_39_25,odm_orthophoto,39,25,1173,2014,4299871.856089552,618826.8217871028,0.4610805,0.07092299,2.6397429e-05,1.0,100.0,53.891953,5.1494785e-06,5.1751776e-06,1.3948958e-05,32.54,65.82,13.76,3.95,46.74,6.89,Wheat,Vegetative,HEALTHY
20260724_123113,G_39_26,odm_orthophoto,39,26,1219,2014,4299871.856089552,618829.1212067639,0.49514404,0.09082164,2.501976e-05,1.0,100.0,50.4856,4.2935694e-06,4.3967675e-06,1.2633773e-05,30.15,72.07,5.1,3.99,40.46,7.24,Wheat,Vegetative,HEALTHY
20260724_123113,G_39_27,odm_orthophoto,39,27,1265,2014,4299871.856089552,618831.420626425,0.5167229,0.09745985,2.717133e-05,1.0,100.0,48.32771,4.2606634e-06,4.463035e-06,1.3318096e-05,30.87,78.44,14.1,3.9,28.81,6.6,Wheat,Vegetative,HEALTHY
20260724_123113,G_39_28,odm_orthophoto,39,28,1311,2014,4299871.856089552,618833.720046086,0.54959553,0.10598823,3.0138859e-05,0.9688832054560955,97.05882352941177,45.040447,4.10852e-06,4.43673e-06,1.4155175e-05,31.56,68.75,3.46,1.68,35.76,6.79,Wheat,Vegetative,HEALTHY
20260724_123113,G_39_29,odm_orthophoto,39,29,1357,2014,4299871.856089552,618836.019465747,0.57165056,0.12061686,3.0131343e-05,0.9539641943734015,96.16368286445012,42.83494,3.7620293e-06,4.168851e-06,1.3806169e-05,32.89,81.4,0.71,4.27,32.43,6.52,Wheat,Vegetative,HEALTHY
20260724_123113,G_39_30,odm_orthophoto,39,30,1403,2014,4299871.856089552,618838.3188854081,0.56624883,0.11929075,3.222764e-05,0.9437340153452686,94.92753623188406,43.37512,4.1731187e-06,4.478703e-06,1.4916079e-05,33.43,66.59,6.48,5.07,40.98,7.06,Wheat,Vegetative,HEALTHY
20260724_123113,G_39_31,odm_orthophoto,39,31,1449,2014,4299871.856089552,618840.6183050692,0.58010244,0.13048582,3.0270034e-05,0.8482523444160273,85.5924978687127,41.989754,3.682123e-06,3.9529777e-06,1.377249e-05,31.54,75.82,5.26,0.74,29.37,6.4,Wheat,Vegetative,HEALTHY
20260724_123113,G_39_32,odm_orthophoto,39,32,1495,2014,4299871.856089552,618842.9177247302,0.6274652,0.14515662,3.087988e-05,0.8682864450127877,88.02216538789429,37.253483,3.0369838e-06,3.5135351e-06,1.33306185e-05,33.63,68.49,4.74,3.44,17.83,6.54,Wheat,Vegetative,HEALTHY
20260724_123113,G_39_33,odm_orthophoto,39,33,1541,2014,4299871.856089552,618845.2171443913,0.53131944,0.10983924,2.9660456e-05,1.0,100.0,46.868057,4.4108565e-06,4.4969474e-06,1.4298049e-05,33.12,73.43,7.74,1.25,19.53,6.61,Wheat,Vegetative,HEALTHY
20260724_123113,G_39_34,odm_orthophoto,39,34,1587,2014,4299871.856089552,618847.5165640523,0.47198766,0.08914502,2.9450895e-05,0.948849104859335,95.05541346973571,52.801235,5.5150517e-06,5.331037e-06,1.5332429e-05,29.91,77.44,5.88,0.84,33.75,6.87,Wheat,Vegetative,HEALTHY
20260724_123113,G_39_35,odm_orthophoto,39,35,1633,2014,4299871.856089552,618849.8159837134,0.58196837,0.11965203,3.1989908e-05,0.870843989769821,87.6385336743393,41.80316,3.8111295e-06,4.279824e-06,1.4474829e-05,30.27,66.14,1.82,5.27,28.38,6.82,Wheat,Vegetative,HEALTHY
20260724_123113,G_39_36,odm_orthophoto,39,36,1679,2014,4299871.856089552,618852.1154033744,0.6203691,0.14743452,3.3626104e-05,0.8073316283034954,81.88405797101449,37.963093,3.3263138e-06,3.8910207e-06,1.4535427e-05,28.75,75.0,11.17,0.99,25.06,6.91,Wheat,Vegetative,HEALTHY
20260724_123113,G_39_37,odm_orthophoto,39,37,1725,2014,4299871.856089552,618854.4148230355,0.55611634,0.120643586,3.4277444e-05,0.8955669224211423,90.06820119352089,44.388367,4.579911e-06,4.8514244e-06,1.6006203e-05,30.92,82.27,8.57,1.67,35.63,6.51,Wheat,Vegetative,HEALTHY
20260724_123113,G_40_1,odm_orthophoto,40,1,69,2065,4299869.30608959,618771.6357152374,0.6480124,0.17292033,3.8959915e-05,0.8034953111679455,80.86104006820119,35.19876,3.4394718e-06,3.595597e-06,1.6426638e-05,30.15,65.55,8.03,0.7,23.22,7.07,Wheat,Vegetative,HEALTHY
20260724_123113,G_40_2,odm_orthophoto,40,2,115,2065,4299869.30608959,618773.9351348984,0.6835997,0.19540372,4.1812495e-05,0.7838874680306905,78.77237851662404,31.64003,3.0794558e-06,3.365337e-06,1.7017534e-05,36.48,75.32,5.87,4.19,29.88,6.52,Wheat,Vegetative,HEALTHY
20260724_123113,G_40_3,odm_orthophoto,40,3,161,2065,4299869.30608959,618776.2345545595,0.65884054,0.17864518,3.859682e-05,0.8056265984654731,81.58567774936061,34.115948,3.2100438e-06,3.4330603e-06,1.6076163e-05,32.47,66.13,11.85,1.75,33.9,7.07,Wheat,Vegetative,HEALTHY
20260724_123113,G_40_4,odm_orthophoto,40,4,207,2065,4299869.30608959,618778.5339742205,0.63397664,0.15491617,3.6134294e-05,0.7612958226768969,77.02472293265133,36.602337,3.4285415e-06,3.6730069e-06,1.547377e-05,30.18,73.55,9.03,5.67,38.57,7.11,Wheat,Vegetative,HEALTHY
20260724_123113,G_40_5,odm_orthophoto,40,5,253,2065,4299869.30608959,618780.8333938817,0.62769103,0.15303285,3.372881e-05,0.7387041773231031,74.16879795396419,37.230896,3.2645478e-06,3.504774e-06,1.4507896e-05,29.19,71.71,5.86,1.45,36.72,7.2,Wheat,Vegetative,HEALTHY
20260724_123113,G_40_6,odm_orthophoto,40,6,299,2065,4299869.30608959,618783.1328135427,0.5700965,0.12768877,2.799321e-05,0.9347826086956522,93.77664109121909,42.99035,3.5670603e-06,3.5965395e-06,1.2898446e-05,31.22,64.21,2.6,2.67,27.82,6.77,Wheat,Vegetative,HEALTHY
20260724_123113,G_40_7,odm_orthophoto,40,7,345,2065,4299869.30608959,618785.4322332038,0.58049273,0.13963473,2.727208e-05,0.9616368286445013,97.3998294970162,41.950726,3.325029e-06,3.2936734e-06,1.2416014e-05,34.32,78.18,3.06,1.67,34.14,6.52,Wheat,Vegetative,HEALTHY
20260724_123113,G_40_8,odm_orthophoto,40,8,391,2065,4299869.30608959,618787.7316528648,0.55832267,0.13066117,2.7259432e-05,1.0,100.0,44.167732,3.627124e-06,3.5648202e-06,1.2713906e-05,33.14,65.2,0.68,5.0,35.95,7.12,Wheat,Vegetative,HEALTHY
20260724_123113,G_40_9,odm_orthophoto,40,9,437,2065,4299869.30608959,618790.0310725259,0.5573626,0.13009779,2.7488952e-05,1.0,100.0,44.263737,3.65553e-06,3.6209535e-06,1.2818819e-05,29.06,77.81,9.64,5.4,36.92,6.34,Wheat,Vegetative,HEALTHY
20260724_123113,G_40_10,odm_orthophoto,40,10,483,2065,4299869.30608959,618792.330492187,0.53847164,0.11657288,2.7972528e-05,1.0,100.0,46.152836,4.0149116e-06,4.026012e-06,1.3339413e-05,30.75,70.03,4.63,5.42,27.6,6.74,Wheat,Vegetative,HEALTHY
20260724_123113,G_40_11,odm_orthophoto,40,11,529,2065,4299869.30608959,618794.629911848,0.5156921,0.099253915,2.6846272e-05,1.0,100.0,48.43079,4.231012e-06,4.323344e-06,1.3180083e-05,31.25,77.59,5.91,2.02,40.97,6.84,Wheat,Vegetative,HEALTHY
20260724_123113,G_40_12,odm_orthophoto,40,12,575,2065,4299869.30608959,618796.929331509,0.52141786,0.10043001,2.668408e-05,1.0,100.0,47.858215,4.123001e-06,4.257679e-06,1.3018002e-05,31.66,77.39,12.34,5.82,28.19,5.92,Wheat,Vegetative,HEALTHY
20260724_123113,G_40_13,odm_orthophoto,40,13,621,2065,4299869.30608959,618799.2287511701,0.50038105,0.08657572,2.632823e-05,0.9867860187553282,98.80647911338448,49.961895,4.414281e-06,4.5555903e-06,1.319067e-05,32.35,69.52,7.51,0.73,30.8,6.66,Wheat,Vegetative,HEALTHY
20260724_123113,G_40_14,odm_orthophoto,40,14,667,2065,4299869.30608959,618801.5281708312,0.48361516,0.07287669,2.6312991e-05,0.8188405797101449,82.35294117647058,51.638485,4.7279304e-06,4.9315836e-06,1.349925e-05,31.7,65.62,13.16,5.72,39.57,6.64,Wheat,Vegetative,HEALTHY
20260724_123113,G_40_15,odm_orthophoto,40,15,713,2065,4299869.30608959,618803.8275904922,0.47712836,0.0654893,2.541082e-05,0.7024722932651322,70.75873827791986,52.287163,4.673224e-06,4.8764077e-06,1.3143803e-05,29.88,77.06,6.24,2.87,38.02,6.88,Wheat,Vegetative,HEALTHY
20260724_123113,G_40_16,odm_orthophoto,40,16,759,2065,4299869.30608959,618806.1270101533,0.5155844,0.07627869,2.6787946e-05,0.6888320545609549,69.6078431372549,48.44156,4.1949033e-06,4.481959e-06,1.3124531e-05,32.39,74.84,5.78,4.56,25.32,7.05,Wheat,Vegetative,HEALTHY
20260724_123113,G_40_17,odm_orthophoto,40,17,805,2065,4299869.30608959,618808.4264298143,0.5326701,0.07743192,2.7031378e-05,0.6888320545609549,69.30946291560103,46.73299,3.943359e-06,4.2405227e-06,1.2954127e-05,32.56,72.67,8.55,1.14,39.94,6.91,Wheat,Vegetative,HEALTHY
20260724_123113,G_40_18,odm_orthophoto,40,18,851,2065,4299869.30608959,618810.7258494754,0.52667964,0.08382178,2.5092868e-05,0.710997442455243,72.08013640238704,47.332035,3.7782731e-06,3.93033e-06,1.2142832e-05,33.39,65.69,6.73,5.2,26.37,6.75,Wheat,Vegetative,HEALTHY
20260724_123113,G_40_19,odm_orthophoto,40,19,897,2065,4299869.30608959,618813.0252691364,0.48957804,0.081945606,2.410688e-05,0.9595055413469735,96.20630861040068,51.0422,4.230478e-06,4.2788456e-06,1.22663705e-05,29.7,72.34,9.02,3.82,36.58,6.35,Wheat,Vegetative,HEALTHY
20260724_123113,G_40_20,odm_orthophoto,40,20,943,2065,4299869.30608959,618815.3246887975,0.48837814,0.09560425,2.1377047e-05,0.9667519181585678,97.01619778346121,51.16218,3.7609984e-06,3.7073955e-06,1.0886893e-05,28.45,73.26,1.22,3.91,36.08,6.27,Wheat,Vegetative,HEALTHY
20260724_123113,G_40_21,odm_orthophoto,40,21,989,2065,4299869.30608959,618817.6241084585,0.46140215,0.08027505,2.1215646e-05,1.0,100.0,53.859783,4.1630296e-06,4.125858e-06,1.1235131e-05,32.43,77.15,2.99,2.88,34.88,7.0,Wheat,Vegetative,HEALTHY
20260724_123113,G_40_22,odm_orthophoto,40,22,1035,2065,4299869.30608959,618819.9235281196,0.4380367,0.06563925,2.226797e-05,1.0,100.0,56.19633,4.8324973e-06,4.848418e-06,1.2255409e-05,24.93,78.72,10.01,3.72,40.52,6.75,Wheat,Vegetative,HEALTHY
20260724_123113,G_40_23,odm_orthophoto,40,23,1081,2065,4299869.30608959,618822.2229477807,0.42650285,0.052979022,2.3142378e-05,1.0,100.0,57.349716,5.2571204e-06,5.223665e-06,1.2971529e-05,30.97,69.9,13.35,0.93,31.62,6.83,Wheat,Vegetative,HEALTHY
20260724_123113,G_40_24,odm_orthophoto,40,24,1127,2065,4299869.30608959,618824.5223674418,0.40764225,0.029552892,2.3960678e-05,1.0,100.0,59.235775,5.803751e-06,5.738699e-06,1.3790958e-05,31.45,73.36,3.04,5.88,27.19,7.07,Wheat,Vegetative,HEALTHY
20260724_123113,G_40_25,odm_orthophoto,40,25,1173,2065,4299869.30608959,618826.8217871028,0.40385917,0.023657156,2.3886196e-05,1.0,100.0,59.614086,5.8739424e-06,5.785866e-06,1.3836322e-05,29.54,72.5,5.18,5.78,37.61,7.04,Wheat,Vegetative,HEALTHY
20260724_123113,G_40_26,odm_orthophoto,40,26,1219,2065,4299869.30608959,618829.1212067639,0.41448963,0.029067278,2.3195438e-05,1.0,100.0,58.551037,5.463856e-06,5.533739e-06,1.3195958e-05,33.54,76.81,8.43,5.35,32.87,6.54,Wheat,Vegetative,HEALTHY
20260724_123113,G_40_27,odm_orthophoto,40,27,1265,2065,4299869.30608959,618831.420626425,0.4545245,0.05906121,2.5076317e-05,1.0,100.0,54.547546,5.0177364e-06,5.146319e-06,1.3376815e-05,29.03,76.09,3.64,5.78,37.73,7.16,Wheat,Vegetative,HEALTHY
20260724_123113,G_40_28,odm_orthophoto,40,28,1311,2065,4299869.30608959,618833.720046086,0.48503453,0.0796809,2.6102884e-05,1.0,100.0,51.496548,4.6362647e-06,4.814994e-06,1.333754e-05,34.31,69.54,4.29,4.7,24.92,6.66,Wheat,Vegetative,HEALTHY
20260724_123113,G_40_29,odm_orthophoto,40,29,1357,2065,4299869.30608959,618836.019465747,0.49555,0.086232774,2.657664e-05,1.0,100.0,50.444996,4.5426614e-06,4.6980413e-06,1.340186e-05,30.49,67.52,2.8,1.38,35.36,6.62,Wheat,Vegetative,HEALTHY
20260724_123113,G_40_30,odm_orthophoto,40,30,1403,2065,4299869.30608959,618838.3188854081,0.5477205,0.11291591,3.1992746e-05,0.9262574595055414,93.43563512361467,45.22795,4.3893915e-06,4.6365126e-06,1.5054058e-05,30.09,74.73,14.11,3.19,39.93,6.61,Wheat,Vegetative,HEALTHY
20260724_123113,G_40_31,odm_orthophoto,40,31,1449,2065,4299869.30608959,618840.6183050692,0.5818112,0.13170989,3.1649128e-05,0.9676044330775788,97.57033248081841,41.818882,3.8049686e-06,4.1019644e-06,1.4355065e-05,30.34,69.11,0.17,5.63,29.12,6.81,Wheat,Vegetative,HEALTHY
20260724_123113,G_40_32,odm_orthophoto,40,32,1495,2065,4299869.30608959,618842.9177247302,0.59811884,0.13530546,3.3968066e-05,0.9471440750213129,95.5242966751918,40.188114,3.836911e-06,4.2221322e-06,1.5160033e-05,34.76,83.37,8.53,1.77,38.66,6.59,Wheat,Vegetative,HEALTHY
20260724_123113,G_40_33,odm_orthophoto,40,33,1541,2065,4299869.30608959,618845.2171443913,0.4866921,0.0892922,2.9635114e-05,1.0,100.0,51.33079,5.262162e-06,5.135683e-06,1.5140938e-05,31.02,81.41,7.57,5.77,38.15,6.64,Wheat,Vegetative,HEALTHY
20260724_123113,G_40_34,odm_orthophoto,40,34,1587,2065,4299869.30608959,618847.5165640523,0.5310304,0.10504292,3.0325491e-05,0.9863597612958227,98.89173060528559,46.896957,4.498263e-06,4.605988e-06,1.4607149e-05,34.11,69.22,11.12,1.89,25.44,6.92,Wheat,Vegetative,HEALTHY
20260724_123113,G_40_35,odm_orthophoto,40,35,1633,2065,4299869.30608959,618849.8159837134,0.58184373,0.13925517,3.0694693e-05,0.8009377664109122,80.86104006820119,41.815628,3.6359766e-06,3.953987e-06,1.3867907e-05,33.89,69.13,14.09,0.58,40.81,7.38,Wheat,Vegetative,HEALTHY
20260724_123113,G_40_36,odm_orthophoto,40,36,1679,2065,4299869.30608959,618852.1154033744,0.60484743,0.1445396,3.6690613e-05,0.9104859335038363,91.56010230179028,39.51526,3.9917463e-06,4.394697e-06,1.6222451e-05,29.47,77.09,12.07,5.76,32.83,6.47,Wheat,Vegetative,HEALTHY
20260724_123113,G_41_1,odm_orthophoto,41,1,69,2116,4299866.756089629,618771.6357152374,0.71646637,0.23810084,4.19081e-05,0.6568627450980392,65.98465473145781,28.353363,2.642688e-06,2.9675728e-06,1.6612614e-05,32.31,71.28,6.02,2.49,36.81,6.87,Wheat,Vegetative,HEALTHY
20260724_123113,G_41_2,odm_orthophoto,41,2,115,2116,4299866.756089629,618773.9351348984,0.7426728,0.2499509,4.4714143e-05,0.841005967604433,84.39897698209718,25.73272,2.490468e-06,2.9134835e-06,1.7395796e-05,29.48,81.34,5.63,0.83,34.8,6.6,Wheat,Vegetative,HEALTHY
20260724_123113,G_41_3,odm_orthophoto,41,3,161,2116,4299866.756089629,618776.2345545595,0.70352876,0.2159634,4.1731535e-05,0.8452685421994884,84.78260869565217,29.647123,2.888166e-06,3.1761442e-06,1.6799238e-05,30.09,71.16,4.66,3.11,36.62,6.23,Wheat,Vegetative,HEALTHY
20260724_123113,G_41_4,odm_orthophoto,41,4,207,2116,4299866.756089629,618778.5339742205,0.6565049,0.18068579,3.566476e-05,0.8154305200341005,82.05456095481671,34.349506,3.091891e-06,3.284561e-06,1.49805865e-05,30.7,73.23,10.14,3.75,32.35,6.59,Wheat,Vegetative,HEALTHY
20260724_123113,G_41_5,odm_orthophoto,41,5,253,2116,4299866.756089629,618780.8333938817,0.6518005,0.17159534,3.4652938e-05,0.8482523444160273,85.42199488491049,34.81995,3.038934e-06,3.2850057e-06,1.4590331e-05,35.34,66.36,7.73,3.68,40.03,7.18,Wheat,Vegetative,HEALTHY
20260724_123113,G_41_6,odm_orthophoto,41,6,299,2116,4299866.756089629,618783.1328135427,0.6146397,0.14663868,3.217322e-05,0.7591645353793691,76.51321398124468,38.53603,3.3324445e-06,3.5260289e-06,1.4057231e-05,29.9,74.43,5.83,2.74,33.86,7.41,Wheat,Vegetative,HEALTHY
20260724_123113,G_41_7,odm_orthophoto,41,7,345,2116,4299866.756089629,618785.4322332038,0.59789747,0.13573882,3.215858e-05,0.7365728900255755,74.55242966751918,40.210255,3.5907592e-06,3.6442268e-06,1.4310675e-05,32.99,74.83,0.85,3.1,41.38,6.46,Wheat,Vegetative,HEALTHY
20260724_123113,G_41_8,odm_orthophoto,41,8,391,2116,4299866.756089629,618787.7316528648,0.5147286,0.10076221,2.6383326e-05,0.8350383631713555,83.97271952259165,48.527138,4.1525113e-06,3.941685e-06,1.2947256e-05,28.75,75.82,7.85,5.39,30.75,6.5,Wheat,Vegetative,HEALTHY
20260724_123113,G_41_9,odm_orthophoto,41,9,437,2116,4299866.756089629,618790.0310725259,0.5291702,0.10945861,2.6442485e-05,0.7549019607843137,76.17220801364024,47.082977,3.911187e-06,3.8562544e-06,1.27256435e-05,32.17,68.26,3.84,0.5,18.92,7.24,Wheat,Vegetative,HEALTHY
20260724_123113,G_41_10,odm_orthophoto,41,10,483,2116,4299866.756089629,618792.330492187,0.53377646,0.11215578,2.5874782e-05,0.768542199488491,77.45098039215686,46.622353,3.7392642e-06,3.8952203e-06,1.2364472e-05,34.62,73.12,12.02,1.18,31.89,7.16,Wheat,Vegetative,HEALTHY
20260724_123113,G_41_11,odm_orthophoto,41,11,529,2116,4299866.756089629,618794.629911848,0.548852,0.11728073,2.6317297e-05,0.8499573742540495,85.63512361466326,45.114796,3.6224912e-06,3.86365e-06,1.2395208e-05,32.3,72.59,6.42,2.32,33.83,6.86,Wheat,Vegetative,HEALTHY
20260724_123113,G_41_12,odm_orthophoto,41,12,575,2116,4299866.756089629,618796.929331509,0.5849539,0.1304967,2.7837694e-05,0.7301790281329923,74.89343563512362,41.50461,3.3194535e-06,3.652995e-06,1.2598983e-05,30.71,75.64,11.18,0.76,30.61,6.87,Wheat,Vegetative,HEALTHY
20260724_123113,G_41_13,odm_orthophoto,41,13,621,2116,4299866.756089629,618799.2287511701,0.65277827,0.15566543,3.0611245e-05,0.7527706734867861,76.98209718670077,34.72217,2.6968069e-06,3.1730108e-06,1.2900882e-05,31.69,76.83,3.66,1.28,33.98,6.87,Wheat,Vegetative,HEALTHY
20260724_123113,G_41_14,odm_orthophoto,41,14,667,2116,4299866.756089629,618801.5281708312,0.67843926,0.1624595,3.203056e-05,0.7519181585677749,76.30008525149191,32.156075,2.523046e-06,3.0081299e-06,1.32002415e-05,31.91,76.77,6.59,2.95,30.57,6.99,Wheat,Vegetative,HEALTHY
20260724_123113,G_41_15,odm_orthophoto,41,15,713,2116,4299866.756089629,618803.8275904922,0.6452386,0.140024,3.0555293e-05,0.7357203751065644,74.8081841432225,35.476143,2.8161626e-06,3.218566e-06,1.3001592e-05,31.25,72.59,0.73,3.23,26.68,7.28,Wheat,Vegetative,HEALTHY
20260724_123113,G_41_16,odm_orthophoto,41,16,759,2116,4299866.756089629,618806.1270101533,0.6411885,0.12893388,3.0224355e-05,0.7553282182438192,76.42796248934356,35.88115,2.8172472e-06,3.193087e-06,1.2892356e-05,34.3,87.68,14.02,5.25,32.9,6.93,Wheat,Vegetative,HEALTHY
20260724_123113,G_41_17,odm_orthophoto,41,17,805,2116,4299866.756089629,618808.4264298143,0.6280352,0.1179827,2.9253213e-05,0.7557544757033248,76.93947144075022,37.19648,2.9503387e-06,3.2875882e-06,1.27017165e-05,32.39,71.71,9.53,5.76,27.54,6.85,Wheat,Vegetative,HEALTHY
20260724_123113,G_41_18,odm_orthophoto,41,18,851,2116,4299866.756089629,618810.7258494754,0.61177754,0.11324605,2.930396e-05,0.7007672634271099,70.75873827791986,38.822247,3.0724873e-06,3.4389386e-06,1.2840789e-05,29.58,80.11,5.49,0.92,44.95,6.9,Wheat,Vegetative,HEALTHY
20260724_123113,G_41_19,odm_orthophoto,41,19,897,2116,4299866.756089629,618813.0252691364,0.5663569,0.10086821,2.7606216e-05,0.7024722932651322,71.44075021312874,43.36431,3.4499894e-06,3.7071745e-06,1.2652366e-05,30.19,81.8,3.81,5.46,36.51,6.81,Wheat,Vegetative,HEALTHY
20260724_123113,G_41_20,odm_orthophoto,41,20,943,2116,4299866.756089629,618815.3246887975,0.47735238,0.07701684,2.2028655e-05,0.6862745098039216,69.43734015345268,52.264763,4.021616e-06,3.942617e-06,1.1364728e-05,30.57,79.53,9.62,3.45,40.88,6.84,Wheat,Vegetative,HEALTHY
20260724_123113,G_41_21,odm_orthophoto,41,21,989,2116,4299866.756089629,618817.6241084585,0.43433142,0.05198746,2.0404601e-05,0.8132992327365729,82.05456095481671,56.566856,4.4574404e-06,4.357573e-06,1.1259189e-05,33.42,68.32,5.44,1.48,31.38,6.81,Wheat,Vegetative,HEALTHY
20260724_123113,G_41_22,odm_orthophoto,41,22,1035,2116,4299866.756089629,618819.9235281196,0.45588985,0.0719518,2.1705842e-05,0.9011082693947144,90.7928388746803,54.41102,4.3430673e-06,4.235006e-06,1.1578579e-05,30.68,71.68,0.52,5.81,32.15,6.87,Wheat,Vegetative,HEALTHY
20260724_123113,G_41_23,odm_orthophoto,41,23,1081,2116,4299866.756089629,618822.2229477807,0.49207002,0.10204985,2.384979e-05,0.9893435635123614,99.4458653026428,50.793,4.1008575e-06,4.030277e-06,1.2051048e-05,32.59,62.85,3.11,5.08,41.31,6.54,Wheat,Vegetative,HEALTHY
20260724_123113,G_41_24,odm_orthophoto,41,24,1127,2116,4299866.756089629,618824.5223674418,0.4948627,0.10022182,2.4896084e-05,1.0,100.0,50.513733,4.262543e-06,4.2783577e-06,1.256152e-05,31.95,73.65,6.89,4.25,32.53,6.82,Wheat,Vegetative,HEALTHY
20260724_123113,G_41_25,odm_orthophoto,41,25,1173,2116,4299866.756089629,618826.8217871028,0.42836463,0.04084449,2.4240358e-05,1.0,100.0,57.163536,5.467691e-06,5.515516e-06,1.35481205e-05,32.55,65.1,8.95,2.57,31.98,6.98,Wheat,Vegetative,HEALTHY
20260724_123113,G_41_26,odm_orthophoto,41,26,1219,2116,4299866.756089629,618829.1212067639,0.40538126,0.020714214,2.3587452e-05,1.0,100.0,59.461872,5.7666693e-06,5.771159e-06,1.3629459e-05,31.55,67.0,3.79,4.0,34.43,6.35,Wheat,Vegetative,HEALTHY
20260724_123113,G_41_27,odm_orthophoto,41,27,1265,2116,4299866.756089629,618831.420626425,0.40857342,0.022864802,2.305324e-05,1.0,100.0,59.142662,5.56131e-06,5.441684e-06,1.3246014e-05,32.94,77.27,2.75,3.77,30.69,6.98,Wheat,Vegetative,HEALTHY
20260724_123113,G_41_28,odm_orthophoto,41,28,1311,2116,4299866.756089629,618833.720046086,0.4205438,0.03597292,2.2198268e-05,1.0,100.0,57.94562,5.0986087e-06,5.1681295e-06,1.2498293e-05,33.37,72.7,5.54,3.14,31.17,6.76,Wheat,Vegetative,HEALTHY
20260724_123113,G_41_29,odm_orthophoto,41,29,1357,2116,4299866.756089629,618836.019465747,0.4413925,0.055580225,2.3433502e-05,1.0,100.0,55.860744,4.92664e-06,5.112561e-06,1.2738085e-05,27.75,65.71,5.74,5.35,29.03,7.02,Wheat,Vegetative,HEALTHY
20260724_123113,G_41_30,odm_orthophoto,41,30,1403,2116,4299866.756089629,618838.3188854081,0.4760148,0.078633316,2.6138927e-05,1.0,100.0,52.39852,4.8086017e-06,5.0157437e-06,1.3521899e-05,32.38,69.26,1.26,1.4,38.37,7.01,Wheat,Vegetative,HEALTHY
20260724_123113,G_41_31,odm_orthophoto,41,31,1449,2116,4299866.756089629,618840.6183050692,0.49755746,0.09427329,2.8917348e-05,1.0,100.0,50.244255,4.896763e-06,4.968199e-06,1.4536255e-05,28.35,74.93,10.88,0.59,26.77,7.44,Wheat,Vegetative,HEALTHY
20260724_123113,G_41_32,odm_orthophoto,41,32,1495,2116,4299866.756089629,618842.9177247302,0.4934667,0.10266281,2.9992241e-05,0.9838022165387894,98.46547314578005,50.653328,5.1404595e-06,5.095878e-06,1.5138282e-05,32.24,68.82,3.01,1.12,29.47,6.99,Wheat,Vegetative,HEALTHY
20260724_123113,G_41_33,odm_orthophoto,41,33,1541,2116,4299866.756089629,618845.2171443913,0.522607,0.11091852,3.1267406e-05,1.0,100.0,47.739296,4.8123998e-06,4.8961024e-06,1.5235288e-05,30.77,79.29,14.5,4.93,38.15,6.73,Wheat,Vegetative,HEALTHY
20260724_123113,G_41_34,odm_orthophoto,41,34,1587,2116,4299866.756089629,618847.5165640523,0.58375585,0.14459959,3.3841985e-05,0.9765558397271952,97.8687127024723,41.624416,4.046031e-06,4.3274913e-06,1.5327132e-05,33.36,82.56,0.42,1.0,19.15,6.94,Wheat,Vegetative,HEALTHY
20260724_123113,G_41_35,odm_orthophoto,41,35,1633,2116,4299866.756089629,618849.8159837134,0.6329071,0.15802756,4.0518353e-05,0.8589087809036658,86.99914748508098,36.70929,3.8330504e-06,4.3573054e-06,1.733975e-05,28.92,67.51,8.93,4.96,36.16,7.27,Wheat,Vegetative,HEALTHY
20260724_123113,G_42_2,odm_orthophoto,42,2,115,2167,4299864.206089667,618773.9351348984,0.6655178,0.20068766,4.1105945e-05,0.6052855924978687,60.69906223358908,33.44822,3.3127653e-06,3.5017756e-06,1.7015322e-05,29.0,81.54,12.86,3.97,40.28,7.38,Wheat,Vegetative,HEALTHY
20260724_123113,G_42_3,odm_orthophoto,42,3,161,2167,4299864.206089667,618776.2345545595,0.65527433,0.1870907,3.989178e-05,0.7958226768968457,80.3921568627451,34.47257,3.347966e-06,3.5712956e-06,1.6645776e-05,30.75,69.93,0.87,3.12,34.48,6.35,Wheat,Vegetative,HEALTHY
20260724_123113,G_42_4,odm_orthophoto,42,4,207,2167,4299864.206089667,618778.5339742205,0.6456499,0.181354,3.7184705e-05,0.8047740835464621,80.98891730605285,35.43501,3.2532064e-06,3.4333873e-06,1.5648595e-05,29.89,66.58,2.22,1.48,25.33,6.4,Wheat,Vegetative,HEALTHY
20260724_123113,G_42_5,odm_orthophoto,42,5,253,2167,4299864.206089667,618780.8333938817,0.6386044,0.17788568,3.385227e-05,0.7945439045183291,79.88064791133846,36.13956,3.1433076e-06,3.2458602e-06,1.4427803e-05,31.18,74.65,10.37,5.78,44.98,6.44,Wheat,Vegetative,HEALTHY
20260724_123113,G_42_6,odm_orthophoto,42,6,299,2167,4299864.206089667,618783.1328135427,0.67689836,0.20028047,3.6934052e-05,0.7975277067348678,80.17902813299233,32.310165,2.8886336e-06,3.0927226e-06,1.5200441e-05,28.86,75.23,8.6,4.54,40.73,6.9,Wheat,Vegetative,HEALTHY
20260724_123113,G_42_7,odm_orthophoto,42,7,345,2167,4299864.206089667,618785.4322332038,0.7118295,0.216711,3.6325888e-05,0.7455242966751918,74.93606138107417,28.81705,2.391384e-06,2.7042063e-06,1.4500434e-05,26.01,71.41,8.52,0.62,35.11,6.14,Wheat,Vegetative,HEALTHY
20260724_123113,G_42_8,odm_orthophoto,42,8,391,2167,4299864.206089667,618787.7316528648,0.67837155,0.19456738,3.3459673e-05,0.7723785166240409,77.66410912190963,32.162846,2.5821062e-06,2.775549e-06,1.3735704e-05,29.16,65.97,8.62,3.13,31.31,6.59,Wheat,Vegetative,HEALTHY
20260724_123113,G_42_9,odm_orthophoto,42,9,437,2167,4299864.206089667,618790.0310725259,0.6578072,0.1826598,3.2631022e-05,0.7932651321398124,79.83802216538788,34.219284,2.7937836e-06,3.0406115e-06,1.3671156e-05,31.27,77.07,12.19,1.05,35.96,6.07,Wheat,Vegetative,HEALTHY
20260724_123113,G_42_10,odm_orthophoto,42,10,483,2167,4299864.206089667,618792.330492187,0.6300413,0.1650071,2.997572e-05,0.7506393861892583,75.87382779198636,36.99587,2.8946033e-06,3.207602e-06,1.2886834e-05,30.14,57.79,12.52,5.12,40.36,6.84,Wheat,Vegetative,HEALTHY
20260724_123113,G_42_11,odm_orthophoto,42,11,529,2167,4299864.206089667,618794.629911848,0.6372426,0.16402145,2.92679e-05,0.7600170502983802,76.51321398124468,36.275738,2.7831218e-06,3.180696e-06,1.25393935e-05,29.44,77.79,1.65,0.86,41.5,6.89,Wheat,Vegetative,HEALTHY
20260724_123113,G_42_12,odm_orthophoto,42,12,575,2167,4299864.206089667,618796.929331509,0.6247892,0.14775243,2.9626684e-05,0.80306905370844,81.28729752770674,37.521084,2.9609137e-06,3.405329e-06,1.2836792e-05,30.62,65.09,13.24,3.88,19.68,6.29,Wheat,Vegetative,HEALTHY
20260724_123113,G_42_13,odm_orthophoto,42,13,621,2167,4299864.206089667,618799.2287511701,0.605354,0.13615061,2.8376622e-05,0.7374254049445865,74.63768115942028,39.4646,3.0576468e-06,3.4696166e-06,1.251682e-05,31.02,71.01,6.88,3.12,36.61,7.32,Wheat,Vegetative,HEALTHY
20260724_123113,G_42_14,odm_orthophoto,42,14,667,2167,4299864.206089667,618801.5281708312,0.57816166,0.111487865,2.7204875e-05,0.7971014492753623,80.3921568627451,42.183834,3.2798366e-06,3.669778e-06,1.2348416e-05,30.77,71.1,4.82,4.59,24.66,7.14,Wheat,Vegetative,HEALTHY
20260724_123113,G_42_15,odm_orthophoto,42,15,713,2167,4299864.206089667,618803.8275904922,0.5894942,0.11079411,2.7058803e-05,0.6649616368286445,68.49957374254049,41.050575,3.1209136e-06,3.497523e-06,1.2140793e-05,29.7,75.74,11.19,2.03,30.64,7.27,Wheat,Vegetative,HEALTHY
20260724_123113,G_42_16,odm_orthophoto,42,16,759,2167,4299864.206089667,618806.1270101533,0.5441591,0.083501756,2.585584e-05,0.7480818414322251,75.66069906223359,45.584087,3.61362e-06,3.8519215e-06,1.2232509e-05,34.55,73.0,4.89,3.26,24.87,6.6,Wheat,Vegetative,HEALTHY
20260724_123113,G_42_17,odm_orthophoto,42,17,805,2167,4299864.206089667,618808.4264298143,0.54354835,0.08494287,2.5812129e-05,0.7212276214833759,73.1457800511509,45.645164,3.6355252e-06,3.825369e-06,1.2239844e-05,34.02,65.93,5.52,5.63,39.26,6.93,Wheat,Vegetative,HEALTHY
20260724_123113,G_42_18,odm_orthophoto,42,18,851,2167,4299864.206089667,618810.7258494754,0.5499304,0.09142171,2.57091e-05,0.690537084398977,70.16197783461212,45.00696,3.5330524e-06,3.66726e-06,1.2103024e-05,30.49,74.83,7.8,5.05,35.09,6.24,Wheat,Vegetative,HEALTHY
20260724_123113,G_42_19,odm_orthophoto,42,19,897,2167,4299864.206089667,618813.0252691364,0.5858341,0.107892975,2.7227152e-05,0.7046035805626598,71.44075021312874,41.41659,3.2551475e-06,3.4751918e-06,1.2331151e-05,33.36,74.93,8.73,5.02,37.52,7.2,Wheat,Vegetative,HEALTHY
20260724_123113,G_42_20,odm_orthophoto,42,20,943,2167,4299864.206089667,618815.3246887975,0.6052904,0.116197646,2.7861042e-05,0.6415174765558397,65.72890025575447,39.47096,3.0913966e-06,3.3254146e-06,1.23787e-05,31.42,77.55,9.75,1.55,37.75,6.99,Wheat,Vegetative,HEALTHY
20260724_123113,G_42_21,odm_orthophoto,42,21,989,2167,4299864.206089667,618817.6241084585,0.6140312,0.12040979,2.8881363e-05,0.6534526854219949,66.24040920716112,38.59688,3.0804201e-06,3.371567e-06,1.270785e-05,31.37,80.86,1.97,4.94,28.83,6.38,Wheat,Vegetative,HEALTHY
20260724_123113,G_42_22,odm_orthophoto,42,22,1035,2167,4299864.206089667,618819.9235281196,0.52849853,0.10807924,2.364226e-05,0.7710997442455243,77.74936061381074,47.150146,3.5432065e-06,3.6298306e-06,1.14242e-05,28.79,76.96,3.96,2.43,34.54,6.62,Wheat,Vegetative,HEALTHY
20260724_123113,G_42_23,odm_orthophoto,42,23,1081,2167,4299864.206089667,618822.2229477807,0.5661757,0.11328383,2.5700425e-05,0.6419437340153452,65.13213981244672,43.38243,3.2243581e-06,3.5280138e-06,1.17914315e-05,29.32,76.02,2.92,1.86,34.37,6.86,Wheat,Vegetative,HEALTHY
20260724_123113,G_42_24,odm_orthophoto,42,24,1127,2167,4299864.206089667,618824.5223674418,0.5334228,0.10934042,2.4421015e-05,0.6790281329923273,69.13895993179881,46.65772,3.5322694e-06,3.6586052e-06,1.1672859e-05,28.47,67.35,11.08,2.53,33.75,7.08,Wheat,Vegetative,HEALTHY
20260724_123113,G_42_25,odm_orthophoto,42,25,1173,2167,4299864.206089667,618826.8217871028,0.49213,0.09004464,2.2165992e-05,1.0,100.0,50.786995,3.8438416e-06,3.920109e-06,1.1232729e-05,30.3,70.7,9.81,1.58,35.41,7.22,Wheat,Vegetative,HEALTHY
20260724_123113,G_42_26,odm_orthophoto,42,26,1219,2167,4299864.206089667,618829.1212067639,0.45211416,0.053736877,2.3057317e-05,0.9978687127024722,99.95737425404944,54.78858,4.7254193e-06,4.834487e-06,1.2411456e-05,29.57,77.39,10.08,4.79,29.82,6.82,Wheat,Vegetative,HEALTHY
20260724_123113,G_42_27,odm_orthophoto,42,27,1265,2167,4299864.206089667,618831.420626425,0.40488538,0.018507458,2.2815788e-05,1.0,100.0,59.51146,5.5890705e-06,5.529352e-06,1.3194619e-05,28.91,76.39,0.99,4.87,35.15,6.92,Wheat,Vegetative,HEALTHY
20260724_123113,G_42_28,odm_orthophoto,42,28,1311,2167,4299864.206089667,618833.720046086,0.4031541,0.019375445,2.2460332e-05,1.0,100.0,59.684586,5.5341857e-06,5.486348e-06,1.3021243e-05,30.27,72.79,1.92,3.81,30.98,7.09,Wheat,Vegetative,HEALTHY
20260724_123113,G_42_29,odm_orthophoto,42,29,1357,2167,4299864.206089667,618836.019465747,0.392873,0.015344909,1.9881465e-05,1.0,100.0,60.7127,5.1213547e-06,5.3637846e-06,1.1748733e-05,32.67,72.98,10.94,1.56,33.34,5.94,Wheat,Vegetative,HEALTHY
20260724_123113,G_42_30,odm_orthophoto,42,30,1403,2167,4299864.206089667,618838.3188854081,0.41019896,0.029202702,2.1520782e-05,1.0,100.0,58.980106,5.134077e-06,5.4691604e-06,1.23079235e-05,31.45,70.39,11.19,5.74,38.03,6.37,Wheat,Vegetative,HEALTHY
20260724_123113,G_42_31,odm_orthophoto,42,31,1449,2167,4299864.206089667,618840.6183050692,0.47322387,0.07764426,2.6303966e-05,0.9910485933503836,99.27536231884058,52.677612,4.875217e-06,5.000946e-06,1.3643533e-05,32.36,72.68,3.36,0.62,33.43,6.7,Wheat,Vegetative,HEALTHY
20260724_123113,G_42_32,odm_orthophoto,42,32,1495,2167,4299864.206089667,618842.9177247302,0.5121341,0.11899085,2.6171572e-05,0.726768968456948,72.93265132139813,48.78659,4.152225e-06,4.071629e-06,1.2876382e-05,32.24,80.51,4.11,0.83,26.57,6.43,Wheat,Vegetative,HEALTHY
20260724_123113,G_42_33,odm_orthophoto,42,33,1541,2167,4299864.206089667,618845.2171443913,0.51132786,0.10497619,2.889941e-05,0.9927536231884058,99.48849104859335,48.867214,4.602963e-06,4.649188e-06,1.4236467e-05,28.93,70.79,3.01,0.6,42.05,6.02,Wheat,Vegetative,HEALTHY
20260724_123113,G_42_34,odm_orthophoto,42,34,1587,2167,4299864.206089667,618847.5165640523,0.53890246,0.12805057,3.154507e-05,1.0,100.0,46.109753,4.5103916e-06,4.5876504e-06,1.5025828e-05,35.86,72.11,1.75,2.0,37.82,6.85,Wheat,Vegetative,HEALTHY
20260724_123113,G_42_35,odm_orthophoto,42,35,1633,2167,4299864.206089667,618849.8159837134,0.53042924,0.12239647,3.4572262e-05,0.6116794543904518,61.16794543904518,46.957077,5.107176e-06,5.1330667e-06,1.6631768e-05,34.8,59.82,1.67,1.12,34.39,6.98,Wheat,Vegetative,HEALTHY
20260724_123113,G_43_5,odm_orthophoto,43,5,253,2218,4299861.656089705,618780.8333938817,0.6844436,0.21851103,3.820934e-05,0.5144927536231884,51.83290707587383,31.555641,2.8535858e-06,3.062633e-06,1.5590518e-05,29.98,72.12,13.46,4.19,33.11,6.66,Wheat,Vegetative,HEALTHY
20260724_123113,G_43_6,odm_orthophoto,43,6,299,2218,4299861.656089705,618783.1328135427,0.63041764,0.1693207,3.5541503e-05,0.8422847399829497,84.73998294970161,36.958237,3.430854e-06,3.4958678e-06,1.5278472e-05,31.68,72.21,11.19,3.01,27.79,6.72,Wheat,Vegetative,HEALTHY
20260724_123113,G_43_7,odm_orthophoto,43,7,345,2218,4299861.656089705,618785.4322332038,0.6464478,0.1789719,3.622929e-05,0.8192668371696504,82.6086956521739,35.35522,3.1696923e-06,3.3130698e-06,1.5246579e-05,28.25,67.08,5.91,3.75,42.33,7.16,Wheat,Vegetative,HEALTHY
20260724_123113,G_43_8,odm_orthophoto,43,8,391,2218,4299861.656089705,618787.7316528648,0.5965044,0.14555421,3.1382897e-05,0.8554987212276215,87.0843989769821,40.34956,3.4719465e-06,3.4951468e-06,1.3933282e-05,28.14,80.48,3.33,4.27,24.92,6.84,Wheat,Vegetative,HEALTHY
20260724_123113,G_43_9,odm_orthophoto,43,9,437,2218,4299861.656089705,618790.0310725259,0.6123132,0.15365542,3.277448e-05,0.8043478260869565,80.56265984654732,38.76868,3.3650986e-06,3.6938275e-06,1.4290319e-05,32.49,65.79,6.43,5.68,33.8,7.08,Wheat,Vegetative,HEALTHY
20260724_123113,G_43_10,odm_orthophoto,43,10,483,2218,4299861.656089705,618792.330492187,0.62329483,0.16265169,3.213306e-05,0.7617220801364024,76.8542199488491,37.670517,3.1473548e-06,3.5544047e-06,1.3858748e-05,29.06,77.19,1.26,3.99,27.85,6.59,Wheat,Vegetative,HEALTHY
20260724_123113,G_43_11,odm_orthophoto,43,11,529,2218,4299861.656089705,618794.629911848,0.5968614,0.14605811,2.893431e-05,0.7642796248934356,77.06734867860187,40.313858,3.2190214e-06,3.5593007e-06,1.2864108e-05,30.32,73.71,6.88,0.85,35.9,6.81,Wheat,Vegetative,HEALTHY
20260724_123113,G_43_12,odm_orthophoto,43,12,575,2218,4299861.656089705,618796.929331509,0.633531,0.1623271,2.9553124e-05,0.7092924126172208,72.42114236999147,36.646904,2.7982903e-06,3.2598994e-06,1.2649646e-05,31.84,80.36,13.11,3.98,33.83,6.53,Wheat,Vegetative,HEALTHY
20260724_123113,G_43_13,odm_orthophoto,43,13,621,2218,4299861.656089705,618799.2287511701,0.6140291,0.14566049,2.8011615e-05,0.7681159420289855,77.10997442455243,38.597088,2.932608e-06,3.3051717e-06,1.2270103e-05,31.15,76.65,3.22,3.82,34.21,7.14,Wheat,Vegetative,HEALTHY
20260724_123113,G_43_14,odm_orthophoto,43,14,667,2218,4299861.656089705,618801.5281708312,0.59665585,0.13060467,2.6709064e-05,0.7182438192668372,72.93265132139813,40.334415,3.0441468e-06,3.359363e-06,1.1947439e-05,30.73,69.67,4.03,2.93,39.48,7.04,Wheat,Vegetative,HEALTHY
20260724_123113,G_43_15,odm_orthophoto,43,15,713,2218,4299861.656089705,618803.8275904922,0.6682755,0.15571389,3.091785e-05,0.7740835464620631,78.38874680306905,33.17245,2.5084726e-06,3.0308017e-06,1.2814748e-05,26.37,70.28,5.83,4.58,27.15,6.76,Wheat,Vegetative,HEALTHY
20260724_123113,G_43_16,odm_orthophoto,43,16,759,2218,4299861.656089705,618806.1270101533,0.61704963,0.12687577,2.7887027e-05,0.6926683716965046,71.0997442455243,38.295036,2.92386e-06,3.2733917e-06,1.22198235e-05,27.22,71.51,1.9,5.44,19.68,6.74,Wheat,Vegetative,HEALTHY
20260724_123113,G_43_17,odm_orthophoto,43,17,805,2218,4299861.656089705,618808.4264298143,0.603498,0.12674731,2.7361562e-05,0.6722080136402387,68.28644501278772,39.6502,2.9911168e-06,3.2816783e-06,1.211192e-05,33.4,77.08,4.94,5.12,28.35,6.81,Wheat,Vegetative,HEALTHY
20260724_123113,G_43_18,odm_orthophoto,43,18,851,2218,4299861.656089705,618810.7258494754,0.5949376,0.12484801,2.6559264e-05,0.6837169650468883,70.54560954816709,40.506237,2.9855444e-06,3.2721557e-06,1.1838904e-05,30.98,64.59,13.42,2.87,37.16,6.76,Wheat,Vegetative,HEALTHY
20260724_123113,G_43_19,odm_orthophoto,43,19,897,2218,4299861.656089705,618813.0252691364,0.54632866,0.104137115,2.4886749e-05,0.7561807331628303,76.51321398124468,45.367134,3.4684688e-06,3.5665175e-06,1.1764307e-05,29.99,71.87,14.02,3.63,25.84,7.08,Wheat,Vegetative,HEALTHY
20260724_123113,G_43_20,odm_orthophoto,43,20,943,2218,4299861.656089705,618815.3246887975,0.6328686,0.1269779,3.076325e-05,0.7382779198635976,74.68030690537084,36.713142,2.9110458e-06,3.37292e-06,1.3165803e-05,32.04,75.22,12.82,3.43,36.86,6.83,Wheat,Vegetative,HEALTHY
20260724_123113,G_43_21,odm_orthophoto,43,21,989,2218,4299861.656089705,618817.6241084585,0.57554173,0.10125454,2.8031e-05,0.8064791133844842,81.24467178175618,42.445827,3.4273667e-06,3.768503e-06,1.2771341e-05,29.84,66.06,7.85,5.88,38.9,7.08,Wheat,Vegetative,HEALTHY
20260724_123113,G_43_22,odm_orthophoto,43,22,1035,2218,4299861.656089705,618819.9235281196,0.57300395,0.09386462,2.7557584e-05,0.7080136402387042,71.61125319693095,42.699604,3.4060804e-06,3.81521e-06,1.2592242e-05,30.61,70.75,0.16,4.69,31.88,6.89,Wheat,Vegetative,HEALTHY
20260724_123113,G_43_23,odm_orthophoto,43,23,1081,2218,4299861.656089705,618822.2229477807,0.59421104,0.09647137,2.8550592e-05,0.7144075021312873,73.31628303495312,40.578896,3.2299408e-06,3.7635175e-06,1.2747114e-05,32.02,75.66,5.43,4.76,27.85,7.06,Wheat,Vegetative,HEALTHY
20260724_123113,G_43_24,odm_orthophoto,43,24,1127,2218,4299861.656089705,618824.5223674418,0.5300705,0.0836831,2.5453726e-05,0.7962489343563512,80.26427962489343,46.99295,3.7839018e-06,4.040533e-06,1.2268752e-05,27.21,71.68,14.74,4.24,41.86,6.79,Wheat,Vegetative,HEALTHY
20260724_123113,G_43_25,odm_orthophoto,43,25,1173,2218,4299861.656089705,618826.8217871028,0.5224742,0.09327792,2.5118756e-05,0.8209718670076727,82.69394714407503,47.75258,3.848616e-06,3.9693928e-06,1.2221807e-05,32.16,60.89,11.9,2.55,37.84,7.09,Wheat,Vegetative,HEALTHY
20260724_123113,G_43_26,odm_orthophoto,43,26,1219,2218,4299861.656089705,618829.1212067639,0.5197217,0.104759976,2.3371727e-05,0.9326513213981245,93.90451832907077,48.027832,3.6124336e-06,3.6654953e-06,1.14032455e-05,31.86,61.8,2.69,1.54,31.73,6.56,Wheat,Vegetative,HEALTHY
20260724_123113,G_43_27,odm_orthophoto,43,27,1265,2218,4299861.656089705,618831.420626425,0.42602792,0.03335472,2.3170704e-05,1.0,100.0,57.39721,5.237057e-06,5.065459e-06,1.2960907e-05,30.73,76.57,10.75,3.65,41.57,6.95,Wheat,Vegetative,HEALTHY
20260724_123113,G_43_28,odm_orthophoto,43,28,1311,2218,4299861.656089705,618833.720046086,0.41154066,0.022674669,2.4422454e-05,1.0,100.0,58.845936,5.817983e-06,5.642925e-06,1.3959123e-05,31.1,70.34,5.64,4.08,38.44,6.31,Wheat,Vegetative,HEALTHY
20260724_123113,G_43_29,odm_orthophoto,43,29,1357,2218,4299861.656089705,618836.019465747,0.41217417,0.02330981,2.3928478e-05,1.0,100.0,58.782585,5.6868416e-06,5.634281e-06,1.3663311e-05,30.85,67.63,9.48,2.09,34.22,6.76,Wheat,Vegetative,HEALTHY
20260724_123113,G_43_30,odm_orthophoto,43,30,1403,2218,4299861.656089705,618838.3188854081,0.4035588,0.02141183,2.2117796e-05,1.0,100.0,59.64412,5.443893e-06,5.5651076e-06,1.2816761e-05,29.97,76.57,14.38,5.65,41.62,6.93,Wheat,Vegetative,HEALTHY
20260724_123113,G_43_31,odm_orthophoto,43,31,1449,2218,4299861.656089705,618840.6183050692,0.41129965,0.027126629,2.2015061e-05,1.0,100.0,58.870037,5.2472246e-06,5.17684e-06,1.2585841e-05,28.4,66.75,14.37,3.4,39.28,6.61,Wheat,Vegetative,HEALTHY
20260724_123113,G_43_32,odm_orthophoto,43,32,1495,2218,4299861.656089705,618842.9177247302,0.44043526,0.05123679,2.467853e-05,1.0,100.0,55.95647,5.229671e-06,5.0773606e-06,1.3456157e-05,30.2,67.72,4.71,1.79,39.68,6.8,Wheat,Vegetative,HEALTHY
20260724_123113,G_43_33,odm_orthophoto,43,33,1541,2218,4299861.656089705,618845.2171443913,0.44818494,0.058497977,2.5146026e-05,1.0,100.0,55.181503,5.1624647e-06,4.9732707e-06,1.3544787e-05,31.47,68.34,14.73,4.07,33.99,6.97,Wheat,Vegetative,HEALTHY
20260724_123113,G_43_34,odm_orthophoto,43,34,1587,2218,4299861.656089705,618847.5165640523,0.48270515,0.0910516,2.7241302e-05,0.7318840579710145,73.18840579710145,51.72949,4.8692523e-06,4.7632107e-06,1.395003e-05,31.08,65.72,1.15,3.32,33.46,6.81,Wheat,Vegetative,HEALTHY
20260724_123113,G_44_8,odm_orthophoto,44,8,391,2269,4299859.106089744,618787.7316528648,0.6070867,0.16970147,3.074935e-05,0.7668371696504689,77.28047740835464,39.29133,3.3165961e-06,3.299831e-06,1.3566737e-05,33.93,77.28,6.43,1.67,23.74,6.65,Wheat,Vegetative,HEALTHY
20260724_123113,G_44_9,odm_orthophoto,44,9,437,2269,4299859.106089744,618790.0310725259,0.6792082,0.21301162,3.4974008e-05,0.8260869565217391,82.94970161977835,32.079178,2.6858731e-06,3.0854737e-06,1.4344286e-05,31.49,81.4,14.17,5.15,36.71,6.64,Wheat,Vegetative,HEALTHY
20260724_123113,G_44_10,odm_orthophoto,44,10,483,2269,4299859.106089744,618792.330492187,0.66772777,0.20467833,3.2889002e-05,0.7860187553282183,79.32651321398124,33.227222,2.650258e-06,3.0820866e-06,1.3613627e-05,30.54,83.01,10.62,4.1,32.31,6.69,Wheat,Vegetative,HEALTHY
20260724_123113,G_44_11,odm_orthophoto,44,11,529,2269,4299859.106089744,618794.629911848,0.68477666,0.20213039,3.4761782e-05,0.773231031543052,77.70673486786018,31.522333,2.5800016e-06,3.1941227e-06,1.4167663e-05,32.72,73.25,0.77,5.11,33.24,6.65,Wheat,Vegetative,HEALTHY
20260724_123113,G_44_12,odm_orthophoto,44,12,575,2269,4299859.106089744,618796.929331509,0.6056961,0.15238687,2.8266835e-05,0.7988064791133845,80.3921568627451,39.430393,3.057945e-06,3.4029138e-06,1.248052e-05,33.22,63.8,8.73,5.3,25.89,6.69,Wheat,Vegetative,HEALTHY
20260724_123113,G_44_13,odm_orthophoto,44,13,621,2269,4299859.106089744,618799.2287511701,0.5872968,0.13271682,2.789325e-05,0.8213981244671782,82.65132139812447,41.27032,3.2395785e-06,3.5799703e-06,1.25376255e-05,30.92,72.47,9.2,2.4,41.5,6.37,Wheat,Vegetative,HEALTHY
20260724_123113,G_44_14,odm_orthophoto,44,14,667,2269,4299859.106089744,618801.5281708312,0.6156529,0.13960832,2.9639043e-05,0.7570332480818415,76.47058823529412,38.434708,3.0268893e-06,3.4752977e-06,1.2906892e-05,28.16,70.42,8.86,5.02,28.29,6.99,Wheat,Vegetative,HEALTHY
20260724_123113,G_44_15,odm_orthophoto,44,15,713,2269,4299859.106089744,618803.8275904922,0.57405573,0.116853446,2.826371e-05,0.6956521739130435,70.50298380221653,42.594425,3.4212624e-06,3.6798588e-06,1.2842812e-05,32.38,69.39,1.27,3.25,29.23,6.34,Wheat,Vegetative,HEALTHY
20260724_123113,G_44_16,odm_orthophoto,44,16,759,2269,4299859.106089744,618806.1270101533,0.5404574,0.1009724,2.5703803e-05,0.7016197783461211,71.27024722932651,45.954258,3.6112401e-06,3.743382e-06,1.2179449e-05,31.77,66.76,4.58,5.32,24.12,6.47,Wheat,Vegetative,HEALTHY
20260724_123113,G_44_17,odm_orthophoto,44,17,805,2269,4299859.106089744,618808.4264298143,0.56506944,0.11272493,2.7106791e-05,0.7783461210571185,78.17561807331627,43.493057,3.4296752e-06,3.6230927e-06,1.2465566e-05,32.8,75.25,0.26,0.78,39.42,6.74,Wheat,Vegetative,HEALTHY
20260724_123113,G_44_18,odm_orthophoto,44,18,851,2269,4299859.106089744,618810.7258494754,0.5514601,0.10862292,2.6650525e-05,0.7783461210571185,78.68712702472294,44.853992,3.6091026e-06,3.7604011e-06,1.2492902e-05,32.83,75.16,11.57,5.1,32.58,7.13,Wheat,Vegetative,HEALTHY
20260724_123113,G_44_19,odm_orthophoto,44,19,897,2269,4299859.106089744,618813.0252691364,0.5887426,0.12596872,2.7385538e-05,0.6884057971014492,70.41773231031543,41.12574,3.215832e-06,3.455362e-06,1.2344634e-05,30.04,70.8,12.67,4.16,25.97,6.82,Wheat,Vegetative,HEALTHY
20260724_123113,G_44_20,odm_orthophoto,44,20,943,2269,4299859.106089744,618815.3246887975,0.6081805,0.12467562,2.7711058e-05,0.7229326513213982,74.42455242966753,39.181946,3.030209e-06,3.2847952e-06,1.2267513e-05,33.45,72.78,12.42,5.38,27.02,7.3,Wheat,Vegetative,HEALTHY
20260724_123113,G_44_21,odm_orthophoto,44,21,989,2269,4299859.106089744,618817.6241084585,0.621627,0.1238006,2.9239021e-05,0.6986359761295823,71.05711849957375,37.837303,3.0393317e-06,3.3820452e-06,1.2785983e-05,31.62,69.78,2.63,5.22,42.89,6.73,Wheat,Vegetative,HEALTHY
20260724_123113,G_44_22,odm_orthophoto,44,22,1035,2269,4299859.106089744,618819.9235281196,0.5958855,0.11198866,2.7045546e-05,0.7570332480818415,76.98209718670077,40.41145,3.1238606e-06,3.5012422e-06,1.2139322e-05,29.29,75.13,7.74,5.09,31.86,7.07,Wheat,Vegetative,HEALTHY
20260724_123113,G_44_23,odm_orthophoto,44,23,1081,2269,4299859.106089744,618822.2229477807,0.61763257,0.11878103,2.8316545e-05,0.6675191815856778,68.45694799658995,38.236744,2.9947296e-06,3.4485843e-06,1.2433871e-05,30.73,67.95,12.67,3.17,34.54,7.22,Wheat,Vegetative,HEALTHY
20260724_123113,G_44_24,odm_orthophoto,44,24,1127,2269,4299859.106089744,618824.5223674418,0.59936774,0.11138518,2.7528022e-05,0.5993179880647911,61.46632566069906,40.063225,3.0708984e-06,3.5217217e-06,1.2247193e-05,33.63,80.38,8.47,5.28,36.42,7.21,Wheat,Vegetative,HEALTHY
20260724_123113,G_44_25,odm_orthophoto,44,25,1173,2269,4299859.106089744,618826.8217871028,0.57619625,0.10937622,2.6287533e-05,0.7092924126172208,72.46376811594203,42.380375,3.2420933e-06,3.5642943e-06,1.2004875e-05,31.15,69.6,7.67,3.98,40.34,6.91,Wheat,Vegetative,HEALTHY
20260724_123113,G_44_26,odm_orthophoto,44,26,1219,2269,4299859.106089744,618829.1212067639,0.5073439,0.09859936,2.3335268e-05,0.9032395566922421,91.17647058823529,49.26561,3.7942095e-06,3.8047258e-06,1.1572873e-05,33.07,71.95,12.48,2.89,20.26,7.03,Wheat,Vegetative,HEALTHY
20260724_123113,G_44_27,odm_orthophoto,44,27,1265,2269,4299859.106089744,618831.420626425,0.45623899,0.058327913,2.3895156e-05,1.0,100.0,54.376102,4.8167167e-06,4.741456e-06,1.278205e-05,27.4,62.83,7.85,1.09,41.4,6.6,Wheat,Vegetative,HEALTHY
20260724_123113,G_44_28,odm_orthophoto,44,28,1311,2269,4299859.106089744,618833.720046086,0.42163813,0.028199017,2.5018853e-05,1.0,100.0,57.836185,5.72139e-06,5.4120474e-06,1.4061338e-05,31.42,75.91,11.17,3.54,37.83,6.95,Wheat,Vegetative,HEALTHY
20260724_123113,G_44_29,odm_orthophoto,44,29,1357,2269,4299859.106089744,618836.019465747,0.44283587,0.046306048,2.5013334e-05,1.0,100.0,55.71641,5.270838e-06,5.040077e-06,1.360893e-05,28.92,70.52,12.95,5.06,34.37,6.77,Wheat,Vegetative,HEALTHY
20260724_123113,G_44_30,odm_orthophoto,44,30,1403,2269,4299859.106089744,618838.3188854081,0.49422857,0.09825156,2.46774e-05,1.0,100.0,50.57714,4.2497563e-06,4.1737103e-06,1.2475832e-05,32.57,71.84,12.79,3.98,32.15,6.65,Wheat,Vegetative,HEALTHY
20260724_123113,G_44_31,odm_orthophoto,44,31,1449,2269,4299859.106089744,618840.6183050692,0.4644587,0.075707674,2.3361663e-05,1.0,100.0,53.55413,4.514966e-06,4.5243933e-06,1.2302449e-05,33.05,62.29,13.25,0.56,48.52,6.01,Wheat,Vegetative,HEALTHY
20260724_123113,G_44_32,odm_orthophoto,44,32,1495,2269,4299859.106089744,618842.9177247302,0.45405474,0.06508758,2.3562585e-05,1.0,100.0,54.59453,4.752712e-06,4.6182804e-06,1.260718e-05,34.86,68.63,9.21,5.58,32.97,7.09,Wheat,Vegetative,HEALTHY
20260724_123113,G_44_33,odm_orthophoto,44,33,1541,2269,4299859.106089744,618845.2171443913,0.44046715,0.05165464,2.3569766e-05,0.8312020460358056,83.12020460358056,55.95329,4.9959585e-06,4.741741e-06,1.2852828e-05,29.33,74.0,6.65,4.19,29.66,6.49,Wheat,Vegetative,HEALTHY
20260724_123113,G_45_10,odm_orthophoto,45,10,483,2320,4299856.556089782,618792.330492187,0.55669147,0.13303661,2.7876862e-05,0.5494458653026428,55.15771526001705,44.330853,3.6674007e-06,3.80343e-06,1.296e-05,33.42,70.62,14.84,3.15,35.44,6.2,Wheat,Vegetative,HEALTHY
20260724_123113,G_45_11,odm_orthophoto,45,11,529,2320,4299856.556089782,618794.629911848,0.60859,0.1687667,3.0380521e-05,0.7770673486786018,78.00511508951406,39.141,3.192553e-06,3.5098576e-06,1.3319733e-05,29.69,71.36,2.55,3.2,32.47,6.6,Wheat,Vegetative,HEALTHY
20260724_123113,G_45_12,odm_orthophoto,45,12,575,2320,4299856.556089782,618796.929331509,0.62402797,0.17177925,3.10057e-05,0.773231031543052,78.3461210571185,37.597202,3.0309466e-06,3.4620393e-06,1.3366528e-05,31.27,77.74,0.79,2.08,32.78,7.06,Wheat,Vegetative,HEALTHY
20260724_123113,G_45_13,odm_orthophoto,45,13,621,2320,4299856.556089782,618799.2287511701,0.65279,0.18342885,3.121464e-05,0.7774936061381074,78.21824381926685,34.721,2.712071e-06,3.1844188e-06,1.3117287e-05,33.45,76.69,3.64,4.36,36.32,6.99,Wheat,Vegetative,HEALTHY
20260724_123113,G_45_14,odm_orthophoto,45,14,667,2320,4299856.556089782,618801.5281708312,0.62755316,0.1686713,2.8212633e-05,0.7156862745098039,72.37851662404093,37.244682,2.755615e-06,3.045612e-06,1.2160111e-05,32.11,66.52,3.88,3.33,30.53,6.77,Wheat,Vegetative,HEALTHY
20260724_123113,G_45_15,odm_orthophoto,45,15,713,2320,4299856.556089782,618803.8275904922,0.65891445,0.17502923,3.1099906e-05,0.8090366581415175,81.50042625745951,34.108555,2.63211e-06,3.0342003e-06,1.2999078e-05,30.74,83.77,13.74,4.74,33.52,6.91,Wheat,Vegetative,HEALTHY
20260724_123113,G_45_16,odm_orthophoto,45,16,759,2320,4299856.556089782,618806.1270101533,0.6425619,0.1679933,3.0436162e-05,0.7566069906223359,77.3231031543052,35.74381,2.7463773e-06,3.0840208e-06,1.2892091e-05,32.28,75.29,10.68,2.09,42.37,6.27,Wheat,Vegetative,HEALTHY
20260724_123113,G_45_17,odm_orthophoto,45,17,805,2320,4299856.556089782,618808.4264298143,0.64394915,0.16622595,3.090389e-05,0.6436487638533674,65.04688832054562,35.605083,2.7869914e-06,3.1567101e-06,1.3088626e-05,32.16,61.74,11.53,2.79,46.08,6.52,Wheat,Vegetative,HEALTHY
20260724_123113,G_45_18,odm_orthophoto,45,18,851,2320,4299856.556089782,618810.7258494754,0.60021734,0.14058718,2.8403456e-05,0.7719522591645354,77.53623188405797,39.978264,3.1737018e-06,3.4497666e-06,1.2641827e-05,31.4,63.33,9.52,1.23,33.09,7.45,Wheat,Vegetative,HEALTHY
20260724_123113,G_45_19,odm_orthophoto,45,19,897,2320,4299856.556089782,618813.0252691364,0.59786695,0.13337427,2.9428802e-05,0.7374254049445865,74.33930093776641,40.213306,3.2625308e-06,3.5740916e-06,1.3072456e-05,30.69,78.19,9.32,0.97,37.28,6.8,Wheat,Vegetative,HEALTHY
20260724_123113,G_45_20,odm_orthophoto,45,20,943,2320,4299856.556089782,618815.3246887975,0.56834793,0.112762295,2.7179458e-05,0.7416879795396419,75.53282182438193,43.165207,3.4689206e-06,3.6832193e-06,1.2529033e-05,30.13,70.83,13.96,5.26,35.61,7.06,Wheat,Vegetative,HEALTHY
20260724_123113,G_45_21,odm_orthophoto,45,21,989,2320,4299856.556089782,618817.6241084585,0.5695751,0.10527475,2.8206641e-05,0.7604433077578857,76.72634271099744,43.042492,3.4953032e-06,3.86886e-06,1.2897833e-05,31.11,74.48,6.16,0.54,30.2,6.5,Wheat,Vegetative,HEALTHY
20260724_123113,G_45_22,odm_orthophoto,45,22,1035,2320,4299856.556089782,618819.9235281196,0.5506263,0.09488545,2.6608279e-05,0.7450980392156863,75.53282182438193,44.93737,3.636375e-06,3.9757074e-06,1.250609e-05,28.93,65.8,10.95,5.55,39.2,7.62,Wheat,Vegetative,HEALTHY
20260724_123113,G_45_23,odm_orthophoto,45,23,1081,2320,4299856.556089782,618822.2229477807,0.5652377,0.09865299,2.6422626e-05,0.7276214833759591,75.14919011082694,43.47623,3.4201626e-06,3.8077744e-06,1.22279835e-05,27.68,65.3,14.56,3.75,38.15,6.9,Wheat,Vegetative,HEALTHY
20260724_123113,G_45_24,odm_orthophoto,45,24,1127,2320,4299856.556089782,618824.5223674418,0.56547743,0.10315069,2.671206e-05,0.7838874680306905,79.58226768968457,43.452255,3.430356e-06,3.7749137e-06,1.233466e-05,28.28,71.93,13.71,4.88,31.6,6.29,Wheat,Vegetative,HEALTHY
20260724_123113,G_45_25,odm_orthophoto,45,25,1173,2320,4299856.556089782,618826.8217871028,0.5682911,0.106793374,2.6896265e-05,0.7161125319693095,72.80477408354646,43.170887,3.4522054e-06,3.7631664e-06,1.2417914e-05,27.91,62.38,13.01,4.58,31.13,6.67,Wheat,Vegetative,HEALTHY
20260724_123113,G_45_26,odm_orthophoto,45,26,1219,2320,4299856.556089782,618829.1212067639,0.53392774,0.11627282,2.3813895e-05,0.8077578857630009,81.37254901960785,46.607227,3.472872e-06,3.5368662e-06,1.1411076e-05,28.15,70.23,2.39,3.92,32.87,7.15,Wheat,Vegetative,HEALTHY
20260724_123113,G_45_27,odm_orthophoto,45,27,1265,2320,4299856.556089782,618831.420626425,0.47701707,0.07744345,2.4002875e-05,1.0,100.0,52.298294,4.4744484e-06,4.433742e-06,1.2475682e-05,31.12,81.68,6.68,3.24,22.12,6.71,Wheat,Vegetative,HEALTHY
20260724_123113,G_45_28,odm_orthophoto,45,28,1311,2320,4299856.556089782,618833.720046086,0.43059126,0.037041944,2.670337e-05,1.0,100.0,56.940876,5.8887417e-06,5.614995e-06,1.4790233e-05,25.55,72.82,2.57,4.1,25.92,7.25,Wheat,Vegetative,HEALTHY
20260724_123113,G_45_29,odm_orthophoto,45,29,1357,2320,4299856.556089782,618836.019465747,0.48735818,0.08879097,2.6381646e-05,0.9978687127024722,99.95737425404944,51.26418,4.665517e-06,4.533321e-06,1.34597185e-05,35.01,70.71,12.82,2.88,33.06,7.34,Wheat,Vegetative,HEALTHY
20260724_123113,G_45_30,odm_orthophoto,45,30,1403,2320,4299856.556089782,618838.3188854081,0.51658624,0.118958764,2.5626596e-05,0.9914748508098892,99.48849104859335,48.341377,4.001828e-06,3.8833305e-06,1.2544311e-05,33.26,76.91,11.01,5.41,23.19,6.61,Wheat,Vegetative,HEALTHY
20260724_123113,G_45_31,odm_orthophoto,45,31,1449,2320,4299856.556089782,618840.6183050692,0.53259677,0.13000089,2.6606156e-05,0.9492753623188406,95.2685421994885,46.740322,3.897511e-06,3.811638e-06,1.2766526e-05,30.69,70.63,1.86,1.66,46.08,6.27,Wheat,Vegetative,HEALTHY
20260724_123113,G_45_32,odm_orthophoto,45,32,1495,2320,4299856.556089782,618842.9177247302,0.5069093,0.10863965,2.507318e-05,0.8525149190110827,85.72037510656436,49.30907,4.072363e-06,3.952621e-06,1.2430366e-05,32.53,72.02,8.91,1.48,36.73,6.31,Wheat,Vegetative,HEALTHY
20260724_123113,G_46_13,odm_orthophoto,46,13,621,2371,4299854.00608982,618799.2287511701,0.6296269,0.16693461,3.3225166e-05,0.5967604433077579,60.3154305200341,37.037308,3.2001458e-06,3.677437e-06,1.4275594e-05,29.66,78.45,13.38,1.2,29.47,7.1,Wheat,Vegetative,HEALTHY
20260724_123113,G_46_14,odm_orthophoto,46,14,667,2371,4299854.00608982,618801.5281708312,0.62228346,0.16278848,3.2767275e-05,0.7783461210571185,78.64450127877238,37.771652,3.2168912e-06,3.559414e-06,1.4139704e-05,29.4,67.29,10.33,4.65,30.54,6.78,Wheat,Vegetative,HEALTHY
20260724_123113,G_46_15,odm_orthophoto,46,15,713,2371,4299854.00608982,618803.8275904922,0.57219404,0.1310083,2.9071112e-05,0.7387041773231031,74.46717817561807,42.780598,3.5258756e-06,3.6771462e-06,1.3216577e-05,31.42,75.35,3.82,3.18,33.75,6.36,Wheat,Vegetative,HEALTHY
20260724_123113,G_46_16,odm_orthophoto,46,16,759,2371,4299854.00608982,618806.1270101533,0.54985756,0.12123855,2.7070993e-05,0.7800511508951407,78.38874680306905,45.014244,3.649514e-06,3.696118e-06,1.2673477e-05,29.56,84.56,12.85,5.76,31.38,7.2,Wheat,Vegetative,HEALTHY
20260724_123113,G_46_17,odm_orthophoto,46,17,805,2371,4299854.00608982,618808.4264298143,0.57727903,0.14189927,2.8164977e-05,0.722080136402387,72.89002557544757,42.2721,3.3818123e-06,3.5217024e-06,1.2770445e-05,30.84,77.71,14.55,5.01,24.72,7.06,Wheat,Vegetative,HEALTHY
20260724_123113,G_46_18,odm_orthophoto,46,18,851,2371,4299854.00608982,618810.7258494754,0.6365004,0.16746901,3.1692773e-05,0.7135549872122762,72.33589087809037,36.349957,2.93343e-06,3.2899445e-06,1.3498046e-05,34.07,75.02,4.56,2.6,33.7,6.94,Wheat,Vegetative,HEALTHY
20260724_123113,G_46_19,odm_orthophoto,46,19,897,2371,4299854.00608982,618813.0252691364,0.587154,0.13825051,2.7208e-05,0.76768968456948,77.49360613810742,41.284603,3.2113478e-06,3.391379e-06,1.2280965e-05,28.92,76.33,13.59,1.92,23.68,7.04,Wheat,Vegetative,HEALTHY
20260724_123113,G_46_20,odm_orthophoto,46,20,943,2371,4299854.00608982,618815.3246887975,0.60894686,0.1442355,2.8384393e-05,0.7357203751065644,74.63768115942028,39.105312,3.0408262e-06,3.322684e-06,1.250259e-05,31.16,77.62,5.75,3.23,31.86,7.35,Wheat,Vegetative,HEALTHY
20260724_123113,G_46_21,odm_orthophoto,46,21,989,2371,4299854.00608982,618817.6241084585,0.651468,0.15285768,3.0569354e-05,0.7860187553282183,79.62489343563513,34.853203,2.7344913e-06,3.2251523e-06,1.2924603e-05,30.64,67.4,6.36,3.04,39.94,6.61,Wheat,Vegetative,HEALTHY
20260724_123113,G_46_22,odm_orthophoto,46,22,1035,2371,4299854.00608982,618819.9235281196,0.6357621,0.13966164,2.8686647e-05,0.7259164535379369,74.76555839727195,36.42379,2.7638189e-06,3.1750778e-06,1.2326329e-05,33.83,66.53,0.17,1.5,31.22,6.74,Wheat,Vegetative,HEALTHY
20260724_123113,G_46_23,odm_orthophoto,46,23,1081,2371,4299854.00608982,618822.2229477807,0.60281134,0.13260393,2.6547028e-05,0.7817561807331628,79.24126172208014,39.718864,2.9790028e-06,3.3014294e-06,1.182828e-05,29.89,79.82,4.79,5.91,29.7,6.82,Wheat,Vegetative,HEALTHY
20260724_123113,G_46_24,odm_orthophoto,46,24,1127,2371,4299854.00608982,618824.5223674418,0.5922662,0.12878533,2.6331141e-05,0.7455242966751918,75.61807331628303,40.77338,3.0811093e-06,3.3935069e-06,1.1858422e-05,31.88,80.02,10.85,5.6,27.11,6.49,Wheat,Vegetative,HEALTHY
20260724_123113,G_46_25,odm_orthophoto,46,25,1173,2371,4299854.00608982,618826.8217871028,0.55306435,0.11139996,2.4889016e-05,0.7416879795396419,75.57544757033247,44.693565,3.4232467e-06,3.671915e-06,1.1719839e-05,28.43,71.23,7.85,1.56,32.93,6.87,Wheat,Vegetative,HEALTHY
20260724_123113,G_46_26,odm_orthophoto,46,26,1219,2371,4299854.00608982,618829.1212067639,0.5436877,0.12352601,2.3208679e-05,0.9173060528559249,93.00937766410912,45.63123,3.285559e-06,3.3717572e-06,1.102201e-05,29.35,70.96,2.49,4.22,35.37,6.59,Wheat,Vegetative,HEALTHY
20260724_123113,G_46_27,odm_orthophoto,46,27,1265,2371,4299854.00608982,618831.420626425,0.4591846,0.06475255,2.5573921e-05,1.0,100.0,54.081543,5.0910153e-06,4.9922146e-06,1.3615977e-05,30.34,76.51,10.2,2.18,31.69,6.79,Wheat,Vegetative,HEALTHY
20260724_123113,G_46_28,odm_orthophoto,46,28,1311,2371,4299854.00608982,618833.720046086,0.4540743,0.05662977,2.7835795e-05,1.0,100.0,54.592575,5.626871e-06,5.4049565e-06,1.4905851e-05,27.02,80.03,1.23,4.58,30.78,7.12,Wheat,Vegetative,HEALTHY
20260724_123113,G_46_29,odm_orthophoto,46,29,1357,2371,4299854.00608982,618836.019465747,0.5309695,0.12559074,2.8114084e-05,1.0,100.0,46.90305,4.147716e-06,3.995692e-06,1.3519409e-05,32.42,71.33,9.97,2.43,42.62,6.92,Wheat,Vegetative,HEALTHY
20260724_123113,G_46_30,odm_orthophoto,46,30,1403,2371,4299854.00608982,618838.3188854081,0.5276101,0.12334121,2.6029033e-05,0.8887468030690537,89.25831202046037,47.238987,3.888007e-06,3.8101123e-06,1.2564638e-05,29.05,71.67,10.26,5.16,25.76,6.88,Wheat,Vegetative,HEALTHY
20260724_123113,G_46_31,odm_orthophoto,46,31,1449,2371,4299854.00608982,618840.6183050692,0.49965605,0.095938936,2.3699016e-05,0.9467178175618073,94.92753623188406,50.034393,3.9839374e-06,3.9589477e-06,1.1883862e-05,28.35,69.23,8.59,4.23,38.56,6.89,Wheat,Vegetative,HEALTHY
20260724_123113,G_47_16,odm_orthophoto,47,16,759,2422,4299851.456089858,618806.1270101533,0.6096115,0.17509562,2.752874e-05,0.7084398976982097,71.73913043478261,39.03885,2.8979914e-06,3.0367735e-06,1.207452e-05,30.18,72.99,5.19,1.53,32.57,6.97,Wheat,Vegetative,HEALTHY
20260724_123113,G_47_17,odm_orthophoto,47,17,805,2422,4299851.456089858,618808.4264298143,0.6230641,0.1751922,2.980997e-05,0.8056265984654731,81.15942028985508,37.69359,2.9528514e-06,3.1999239e-06,1.2889833e-05,30.29,75.69,6.96,3.26,32.95,6.07,Wheat,Vegetative,HEALTHY
20260724_123113,G_47_18,odm_orthophoto,47,18,851,2422,4299851.456089858,618810.7258494754,0.6204044,0.16826952,2.990578e-05,0.7953964194373402,79.75277067348678,37.959557,3.016074e-06,3.3206052e-06,1.2984994e-05,31.13,75.12,10.35,1.89,25.44,6.8,Wheat,Vegetative,HEALTHY
20260724_123113,G_47_19,odm_orthophoto,47,19,897,2422,4299851.456089858,618813.0252691364,0.58357257,0.14130785,2.8235592e-05,0.815004262574595,81.96930946291559,41.642742,3.3744825e-06,3.576176e-06,1.2786655e-05,30.43,62.26,12.24,3.32,32.03,6.68,Wheat,Vegetative,HEALTHY
20260724_123113,G_47_20,odm_orthophoto,47,20,943,2422,4299851.456089858,618815.3246887975,0.5999803,0.13282607,3.068248e-05,0.7766410912190963,78.09036658141517,40.001972,3.378206e-06,3.8176613e-06,1.3606051e-05,31.0,67.84,2.99,1.74,40.17,6.59,Wheat,Vegetative,HEALTHY
20260724_123113,G_47_21,odm_orthophoto,47,21,989,2422,4299851.456089858,618817.6241084585,0.596398,0.13175483,2.904218e-05,0.7472293265132139,75.40494458653026,40.3602,3.2586765e-06,3.66191e-06,1.2939721e-05,30.62,71.16,13.08,0.88,29.88,6.11,Wheat,Vegetative,HEALTHY
20260724_123113,G_47_22,odm_orthophoto,47,22,1035,2422,4299851.456089858,618819.9235281196,0.58441657,0.12754463,2.7163554e-05,0.7745098039215687,77.70673486786018,41.558342,3.2034488e-06,3.557274e-06,1.2258249e-05,31.58,70.12,4.73,5.87,40.59,7.21,Wheat,Vegetative,HEALTHY
20260724_123113,G_47_23,odm_orthophoto,47,23,1081,2422,4299851.456089858,618822.2229477807,0.5549158,0.10913233,2.6790114e-05,0.7766410912190963,77.8772378516624,44.508423,3.6118718e-06,3.959041e-06,1.25422e-05,30.6,78.34,12.27,5.44,39.23,6.51,Wheat,Vegetative,HEALTHY
20260724_123113,G_47_24,odm_orthophoto,47,24,1127,2422,4299851.456089858,618824.5223674418,0.5640835,0.11693546,2.728004e-05,0.7225063938618926,73.1457800511509,43.59165,3.49359e-06,3.8144465e-06,1.2587235e-05,32.05,68.6,9.02,5.38,34.41,7.39,Wheat,Vegetative,HEALTHY
20260724_123113,G_47_25,odm_orthophoto,47,25,1173,2422,4299851.456089858,618826.8217871028,0.55127794,0.118990205,2.466239e-05,0.8913043478260869,90.06820119352089,44.872208,3.3927893e-06,3.589994e-06,1.1613835e-05,31.09,75.72,4.04,1.97,38.03,6.83,Wheat,Vegetative,HEALTHY
20260724_123113,G_47_26,odm_orthophoto,47,26,1219,2422,4299851.456089858,618829.1212067639,0.49309957,0.08414105,2.5520245e-05,0.9978687127024722,99.9147485080989,50.690044,4.496868e-06,4.6348573e-06,1.3003918e-05,28.12,68.32,5.91,5.15,29.65,6.47,Wheat,Vegetative,HEALTHY
20260724_123113,G_47_27,odm_orthophoto,47,27,1265,2422,4299851.456089858,618831.420626425,0.4385586,0.046526168,2.8260383e-05,1.0,100.0,56.144142,6.0343527e-06,5.894633e-06,1.5454885e-05,33.95,68.0,10.76,4.7,24.16,6.4,Wheat,Vegetative,HEALTHY
20260724_123113,G_47_28,odm_orthophoto,47,28,1311,2422,4299851.456089858,618833.720046086,0.5192315,0.10480077,2.7347143e-05,1.0,100.0,48.07685,4.422099e-06,4.256422e-06,1.3538143e-05,33.5,68.91,2.7,4.7,38.15,6.15,Wheat,Vegetative,HEALTHY
20260724_123113,G_47_29,odm_orthophoto,47,29,1357,2422,4299851.456089858,618836.019465747,0.566436,0.13870907,2.6695225e-05,0.9612105711849958,96.37681159420289,43.3564,3.4478567e-06,3.4071995e-06,1.2346549e-05,35.49,71.14,13.49,5.38,37.03,6.81,Wheat,Vegetative,HEALTHY
20260724_123113,G_47_30,odm_orthophoto,47,30,1403,2422,4299851.456089858,618838.3188854081,0.5326949,0.10229068,2.6588285e-05,0.8542199488491049,86.18925831202046,46.73051,3.8742805e-06,3.931653e-06,1.273734e-05,27.28,69.17,1.53,2.68,30.18,6.77,Wheat,Vegetative,HEALTHY
20260724_123113,G_48_18,odm_orthophoto,48,18,851,2473,4299848.906089896,618810.7258494754,0.5613165,0.13690451,2.7628004e-05,0.514919011082694,51.87553282182438,43.86835,3.6082306e-06,3.6888869e-06,1.2817872e-05,32.09,68.69,2.22,0.7,27.0,6.78,Wheat,Vegetative,HEALTHY
20260724_123113,G_48_19,odm_orthophoto,48,19,897,2473,4299848.906089896,618813.0252691364,0.5883243,0.14338964,3.0119663e-05,0.7753623188405797,77.91986359761296,41.16757,3.5000542e-06,3.820562e-06,1.3540289e-05,29.56,77.16,4.59,0.54,39.99,7.51,Wheat,Vegetative,HEALTHY
20260724_123113,G_48_20,odm_orthophoto,48,20,943,2473,4299848.906089896,618815.3246887975,0.6390851,0.17193201,3.1635915e-05,0.8077578857630009,80.90366581415175,36.091488,2.9477415e-06,3.4047484e-06,1.3493399e-05,31.97,75.58,2.35,5.97,29.83,6.19,Wheat,Vegetative,HEALTHY
20260724_123113,G_48_21,odm_orthophoto,48,21,989,2473,4299848.906089896,618817.6241084585,0.6446418,0.16838928,2.9905024e-05,0.7791986359761296,78.21824381926685,35.53582,2.7132655e-06,3.1773875e-06,1.2681921e-05,29.89,69.85,4.78,1.45,36.95,6.6,Wheat,Vegetative,HEALTHY
20260724_123113,G_48_22,odm_orthophoto,48,22,1035,2473,4299848.906089896,618819.9235281196,0.6293162,0.15894447,3.0449877e-05,0.7749360613810742,78.51662404092072,37.06838,2.9805876e-06,3.4151074e-06,1.31308825e-05,32.2,74.51,14.89,2.53,40.09,7.06,Wheat,Vegetative,HEALTHY
20260724_123113,G_48_23,odm_orthophoto,48,23,1081,2473,4299848.906089896,618822.2229477807,0.61215913,0.15433751,2.76204e-05,0.793691389599318,80.09377664109122,38.78409,2.9567e-06,3.2239468e-06,1.2163781e-05,31.36,61.09,8.06,1.55,29.48,6.52,Wheat,Vegetative,HEALTHY
20260724_123113,G_48_24,odm_orthophoto,48,24,1127,2473,4299848.906089896,618824.5223674418,0.6067193,0.15325777,2.6222457e-05,0.8610400682011935,87.80903665814151,39.328068,2.8281775e-06,3.0639383e-06,1.1569253e-05,31.11,81.05,7.19,4.04,45.58,7.01,Wheat,Vegetative,HEALTHY
20260724_123113,G_48_25,odm_orthophoto,48,25,1173,2473,4299848.906089896,618826.8217871028,0.5404924,0.11810862,2.4905557e-05,0.985080988917306,98.9769820971867,45.95076,3.6162646e-06,3.7161053e-06,1.1918379e-05,30.17,72.06,5.72,3.93,39.0,6.95,Wheat,Vegetative,HEALTHY
20260724_123113,G_48_26,odm_orthophoto,48,26,1219,2473,4299848.906089896,618829.1212067639,0.45373815,0.05914034,2.8579014e-05,1.0,100.0,54.626186,5.765409e-06,5.650166e-06,1.529215e-05,29.02,67.33,10.84,1.15,29.92,7.24,Wheat,Vegetative,HEALTHY
20260724_123113,G_48_27,odm_orthophoto,48,27,1265,2473,4299848.906089896,618831.420626425,0.46713436,0.06675077,2.8435405e-05,1.0,100.0,53.286564,5.5333185e-06,5.421885e-06,1.5012177e-05,32.49,68.77,10.18,1.76,28.46,6.43,Wheat,Vegetative,HEALTHY
20260724_123113,G_48_28,odm_orthophoto,48,28,1311,2473,4299848.906089896,618833.720046086,0.58776623,0.15481374,2.4788444e-05,0.9765558397271952,98.38022165387895,41.223377,2.9164355e-06,2.7882875e-06,1.1179486e-05,30.46,67.71,3.95,5.59,29.65,7.14,Wheat,Vegetative,HEALTHY
20260724_123113,G_48_29,odm_orthophoto,48,29,1357,2473,4299848.906089896,618836.019465747,0.58347976,0.1388613,2.5982428e-05,0.9381926683716965,94.75703324808184,41.652023,3.1447019e-06,3.2361907e-06,1.18057715e-05,28.61,72.41,9.47,1.04,26.31,6.94,Wheat,Vegetative,HEALTHY
20260724_123113,G_49_21,odm_orthophoto,49,21,989,2524,4299846.356089935,618817.6241084585,0.57467544,0.13512635,2.8698192e-05,0.5741687979539642,57.587382779198634,42.532455,3.5411776e-06,3.859699e-06,1.3107562e-05,27.48,71.33,5.15,1.66,29.22,6.5,Wheat,Vegetative,HEALTHY
20260724_123113,G_49_22,odm_orthophoto,49,22,1035,2524,4299846.356089935,618819.9235281196,0.56166995,0.12668489,2.7797247e-05,0.7791986359761296,78.13299232736573,43.833004,3.604855e-06,3.8812827e-06,1.2870911e-05,26.09,71.04,14.55,4.53,32.11,6.53,Wheat,Vegetative,HEALTHY
20260724_123113,G_49_23,odm_orthophoto,49,23,1081,2524,4299846.356089935,618822.2229477807,0.5669096,0.13905112,2.6142903e-05,0.8981244671781756,91.38959931798807,43.30904,3.3213043e-06,3.4876869e-06,1.2035876e-05,28.89,75.71,11.22,5.25,30.2,6.76,Wheat,Vegetative,HEALTHY
20260724_123113,G_49_24,odm_orthophoto,49,24,1127,2524,4299846.356089935,618824.5223674418,0.54649997,0.11922068,2.6472606e-05,1.0,100.0,45.350002,3.6902566e-06,3.824533e-06,1.2514747e-05,32.54,69.37,1.17,1.49,31.63,6.5,Wheat,Vegetative,HEALTHY
20260724_123113,G_49_25,odm_orthophoto,49,25,1173,2524,4299846.356089935,618826.8217871028,0.48086375,0.07282973,2.8695064e-05,1.0,100.0,51.913624,5.236121e-06,5.142864e-06,1.4801528e-05,31.59,71.99,2.36,4.35,34.05,6.82,Wheat,Vegetative,HEALTHY
20260724_123113,G_49_26,odm_orthophoto,49,26,1219,2524,4299846.356089935,618829.1212067639,0.44878,0.053360038,2.9568988e-05,1.0,100.0,55.122,6.082974e-06,6.019202e-06,1.5939739e-05,31.3,76.87,12.56,2.94,30.23,6.56,Wheat,Vegetative,HEALTHY
20260724_123113,G_49_27,odm_orthophoto,49,27,1265,2524,4299846.356089935,618831.420626425,0.57097465,0.14251693,2.7741653e-05,0.9407502131287298,94.07502131287298,42.902534,3.6068823e-06,3.5526737e-06,1.2854409e-05,30.91,70.09,0.91,4.23,34.67,6.96,Wheat,Vegetative,HEALTHY
20260724_123113,G_49_28,odm_orthophoto,49,28,1311,2524,4299846.356089935,618833.720046086,0.616576,0.16343617,2.6442558e-05,0.6155157715260017,61.97783461210571,38.3424,2.7533276e-06,2.8060101e-06,1.1567769e-05,30.86,71.52,5.64,3.06,39.21,6.46,Wheat,Vegetative,HEALTHY
